fieldsample_barcode	BioProject	BioSample	Metagenome	Metagenome_assembly	EUK_operon	BAC_operon	UMI_16SrRNA
MFD00001	PRJNA1071982	SAMN39864933	SRX23599598	MFD00001.fa			
MFD00002	PRJNA1071982	SAMN39864934	SRX23599599	MFD00002.fa			
MFD00003	PRJNA1071982	SAMN39864935	SRX23600276	MFD00003.fa			
MFD00004	PRJNA1071982	SAMN39864936	SRX23599633	MFD00004.fa			
MFD00005	PRJNA1071982	SAMN39864937	SRX23600014	MFD00005.fa			
MFD00006	PRJNA1071982	SAMN39864938	SRX23600062	MFD00006.fa			
MFD00007	PRJNA1071982	SAMN39864939	SRX23599812	MFD00007.fa			
MFD00008	PRJNA1071982	SAMN39864940	SRX23600376	MFD00008.fa			
MFD00009	PRJNA1071982	SAMN39864941	SRX23600401	MFD00009.fa			
MFD00010	PRJNA1071982	SAMN39864942	SRX23600212	MFD00010.fa			
MFD00011	PRJNA1071982	SAMN39864943	SRX23599600	MFD00011.fa			
MFD00012	PRJNA1071982	SAMN39864944	SRX23599611	MFD00012.fa			
MFD00013	PRJNA1071982	SAMN39864945	SRX23599622	MFD00013.fa			
MFD00014	PRJNA1071982	SAMN39864946	SRX23600231	MFD00014.fa			
MFD00015	PRJNA1071982	SAMN39864947	SRX23600242	MFD00015.fa			
MFD00016	PRJNA1071982	SAMN39864948	SRX23600253	MFD00016.fa			
MFD00017	PRJNA1071982	SAMN39864949	SRX23600447	MFD00017.fa			
MFD00018	PRJNA1071982	SAMN39864950	SRX23600458	MFD00018.fa			
MFD00019	PRJNA1071982	SAMN39864951	SRX23600469	MFD00019.fa			
MFD00020	PRJNA1071982	SAMN39864952	SRX23600265	MFD00020.fa			
MFD00021	PRJNA1071982	SAMN39864953	SRX23600277	MFD00021.fa			
MFD00022	PRJNA1071982	SAMN39864954	SRX23600288	MFD00022.fa			
MFD00023	PRJNA1071982	SAMN39864955	SRX23600482	MFD00023.fa			
MFD00024	PRJNA1071982	SAMN39864956	SRX23599900	MFD00024.fa			
MFD00025	PRJNA1071982	SAMN39864957	SRX23600290	MFD00025.fa			
MFD00026	PRJNA1071982	SAMN39864958	SRX23600301	MFD00026.fa			
MFD00027	PRJNA1071982	SAMN39864959	SRX23600312	MFD00027.fa			
MFD00028	PRJNA1071982	SAMN39864960	SRX23599912	MFD00028.fa			
MFD00029	PRJNA1071982	SAMN39864961	SRX23599923	MFD00029.fa			
MFD00030	PRJNA1071982	SAMN39864962	SRX23599934	MFD00030.fa			
MFD00031	PRJNA1071982	SAMN39864963	SRX23599634	MFD00031.fa			
MFD00032	PRJNA1071982	SAMN39864964	SRX23599645	MFD00032.fa			
MFD00033	PRJNA1071982	SAMN39864965	SRX23599656	MFD00033.fa			
MFD00034	PRJNA1071982	SAMN39864966	SRX23600326	MFD00034.fa			
MFD00035	PRJNA1071982	SAMN39864967	SRX23600337	MFD00035.fa			
MFD00036	PRJNA1071982	SAMN39864968	SRX23600348	MFD00036.fa			
MFD00037	PRJNA1071982	SAMN39864969	SRX23599668	MFD00037.fa			
MFD00038	PRJNA1071982	SAMN39864970	SRX23599679	MFD00038.fa			
MFD00039	PRJNA1071982	SAMN39864971	SRX23599690	MFD00039.fa			
MFD00040	PRJNA1071982	SAMN39864972	SRX23600003	MFD00040.fa			
MFD00041	PRJNA1071982	SAMN39864973	SRX23600015	MFD00041.fa			
MFD00042	PRJNA1071982	SAMN39864974	SRX23600026	MFD00042.fa			
MFD00044	PRJNA1071982	SAMN39864975	SRX23599703	MFD00044.fa			
MFD00045	PRJNA1071982	SAMN39864976	SRX23599714	MFD00045.fa			
MFD00046	PRJNA1071982	SAMN39864977	SRX23600027	MFD00046.fa			
MFD00048	PRJNA1071982	SAMN39864978	SRX23600038	MFD00048.fa			
MFD00049	PRJNA1071982	SAMN39864979	SRX23600049	MFD00049.fa			
MFD00050	PRJNA1071982	SAMN39864980	SRX23599726	MFD00050.fa			
MFD00051	PRJNA1071982	SAMN39864981	SRX23599737	MFD00051.fa			
MFD00052	PRJNA1071982	SAMN39864982	SRX23599748	MFD00052.fa			
MFD00053	PRJNA1071982	SAMN39864983	SRX23600063	MFD00053.fa			
MFD00054	PRJNA1071982	SAMN39864984	SRX23600074	MFD00054.fa			
MFD00055	PRJNA1071982	SAMN39864985	SRX23600085	MFD00055.fa			
MFD00056	PRJNA1071982	SAMN39864986	SRX23599762	MFD00056.fa			
MFD00057	PRJNA1071982	SAMN39864987	SRX23599773	MFD00057.fa			
MFD00058	PRJNA1071982	SAMN39864988	SRX23599784	MFD00058.fa			
MFD00059	PRJNA1071982	SAMN39864989	SRX23600100	MFD00059.fa			
MFD00060	PRJNA1071982	SAMN39864990	SRX23600111	MFD00060.fa			
MFD00061	PRJNA1071982	SAMN39864991	SRX23599790	MFD00061.fa			
MFD00062	PRJNA1071982	SAMN39864992	SRX23599801	MFD00062.fa			
MFD00063	PRJNA1071982	SAMN39864993	SRX23599813	MFD00063.fa			
MFD00064	PRJNA1071982	SAMN39864994	SRX23600127	MFD00064.fa			
MFD00065	PRJNA1071982	SAMN39864995	SRX23600138	MFD00065.fa			
MFD00066	PRJNA1071982	SAMN39864996	SRX23599817	MFD00066.fa			
MFD00067	PRJNA1071982	SAMN39864997	SRX23599828	MFD00067.fa			
MFD00068	PRJNA1071982	SAMN39864998	SRX23599839	MFD00068.fa			
MFD00069	PRJNA1071982	SAMN39864999	SRX23600152	MFD00069.fa			
MFD00070	PRJNA1071982	SAMN39865000	SRX23600163	MFD00070.fa			
MFD00071	PRJNA1071982	SAMN39865001	SRX23600354	MFD00071.fa			
MFD00072	PRJNA1071982	SAMN39865002	SRX23600365	MFD00072.fa			
MFD00073	PRJNA1071982	SAMN39865003	SRX23600377	MFD00073.fa			
MFD00074	PRJNA1071982	SAMN39865004	SRX23599850	MFD00074.fa			
MFD00075	PRJNA1071982	SAMN39865005	SRX23599861	MFD00075.fa			
MFD00076	PRJNA1071982	SAMN39865006	SRX23599872	MFD00076.fa			
MFD00077	PRJNA1071982	SAMN39865007	SRX23599952	MFD00077.fa			
MFD00078	PRJNA1071982	SAMN39865008	SRX23599963	MFD00078.fa			
MFD00079	PRJNA1071982	SAMN39865009	SRX23600177	MFD00079.fa			
MFD00080	PRJNA1071982	SAMN39865010	SRX23600188	MFD00080.fa			
MFD00081	PRJNA1071982	SAMN39865011	SRX23600496	MFD00081.fa			
MFD00082	PRJNA1071982	SAMN39865012	SRX23600390	MFD00082.fa			
MFD00083	PRJNA1071982	SAMN39865013	SRX23600402	MFD00083.fa			
MFD00084	PRJNA1071982	SAMN39865014	SRX23599875	MFD00084.fa			
MFD00085	PRJNA1071982	SAMN39865015	SRX23599886	MFD00085.fa			
MFD00086	PRJNA1071982	SAMN39865016	SRX23600193	MFD00086.fa			
MFD00087	PRJNA1071982	SAMN39865017	SRX23600504	MFD00087.fa			
MFD00088	PRJNA1071982	SAMN39865018	SRX23600515	MFD00088.fa			
MFD00089	PRJNA1071982	SAMN39865019	SRX23600526	MFD00089.fa			
MFD00090	PRJNA1071982	SAMN39865020	SRX23600420	MFD00090.fa			
MFD00091	PRJNA1071982	SAMN39865021	SRX23600431	MFD00091.fa			
MFD00092	PRJNA1071982	SAMN39865022	SRX23600201	MFD00092.fa			
MFD00093	PRJNA1071982	SAMN39865023	SRX23600213	MFD00093.fa			
MFD00094	PRJNA1071982	SAMN39865024	SRX23600224	MFD00094.fa			
MFD00095	PRJNA1071982	SAMN39865025	SRX23599977	MFD00095.fa			
MFD00096	PRJNA1071982	SAMN39865026	SRX23599988	MFD00096.fa			
MFD00097	PRJNA1071982	SAMN39865027	SRX23599989	MFD00097.fa	SRX23627392	SRX23627391	SRX23662427
MFD00098	PRJNA1071982	SAMN39865028	SRX23599990	MFD00098.fa			
MFD00099	PRJNA1071982	SAMN39865029	SRX23599991	MFD00099.fa			
MFD00100	PRJNA1071982	SAMN39865030	SRX23599992	MFD00100.fa			
MFD00101	PRJNA1071982	SAMN39865031	SRX23599993	MFD00101.fa			
MFD00102	PRJNA1071982	SAMN39865032	SRX23599994	MFD00102.fa			
MFD00103	PRJNA1071982	SAMN39865033	SRX23599601	MFD00103.fa			
MFD00104	PRJNA1071982	SAMN39865034	SRX23599602	MFD00104.fa			
MFD00105	PRJNA1071982	SAMN39865035	SRX23599603	MFD00105.fa			
MFD00106	PRJNA1071982	SAMN39865036	SRX23599604	MFD00106.fa	SRX23627454	SRX23627891	SRX23662428
MFD00107	PRJNA1071982	SAMN39865037	SRX23599605	MFD00107.fa			
MFD00108	PRJNA1071982	SAMN39865038	SRX23599606	MFD00108.fa			
MFD00109	PRJNA1071982	SAMN39865039	SRX23599607	MFD00109.fa			
MFD00110	PRJNA1071982	SAMN39865040	SRX23599608	MFD00110.fa			
MFD00111	PRJNA1071982	SAMN39865041	SRX23599609	MFD00111.fa			
MFD00112	PRJNA1071982	SAMN39865042	SRX23599610	MFD00112.fa			
MFD00113	PRJNA1071982	SAMN39865043	SRX23599612	MFD00113.fa			
MFD00114	PRJNA1071982	SAMN39865044	SRX23599613	MFD00114.fa			
MFD00115	PRJNA1071982	SAMN39865045	SRX23599614	MFD00115.fa			
MFD00116	PRJNA1071982	SAMN39865046	SRX23599615	MFD00116.fa	SRX23627484	SRX23627729	SRX23662599
MFD00117	PRJNA1071982	SAMN39865047	SRX23599616	MFD00117.fa			
MFD00118	PRJNA1071982	SAMN39865048	SRX23599617	MFD00118.fa			
MFD00119	PRJNA1071982	SAMN39865049	SRX23599618	MFD00119.fa			
MFD00120	PRJNA1071982	SAMN39865050	SRX23599619	MFD00120.fa			
MFD00121	PRJNA1071982	SAMN39865051	SRX23599620	MFD00121.fa			
MFD00122	PRJNA1071982	SAMN39865052	SRX23599621	MFD00122.fa			
MFD00123	PRJNA1071982	SAMN39865053	SRX23599623	MFD00123.fa			
MFD00124	PRJNA1071982	SAMN39865054	SRX23599624	MFD00124.fa			
MFD00125	PRJNA1071982	SAMN39865055	SRX23599625	MFD00125.fa			
MFD00126	PRJNA1071982	SAMN39865056	SRX23599626	MFD00126.fa			
MFD00127	PRJNA1071982	SAMN39865057	SRX23599627	MFD00127.fa			
MFD00128	PRJNA1071982	SAMN39865058	SRX23599628	MFD00128.fa			
MFD00129	PRJNA1071982	SAMN39865059	SRX23599629	MFD00129.fa			
MFD00130	PRJNA1071982	SAMN39865060	SRX23600228	MFD00130.fa			
MFD00131	PRJNA1071982	SAMN39865061	SRX23600229	MFD00131.fa			
MFD00132	PRJNA1071982	SAMN39865062	SRX23600230	MFD00132.fa			
MFD00133	PRJNA1071982	SAMN39865063	SRX23600232	MFD00133.fa			
MFD00134	PRJNA1071982	SAMN39865064	SRX23600233	MFD00134.fa			
MFD00135	PRJNA1071982	SAMN39865065	SRX23600234	MFD00135.fa			
MFD00136	PRJNA1071982	SAMN39865066	SRX23600235	MFD00136.fa	SRX23627998	SRX23628207	SRX23662678
MFD00137	PRJNA1071982	SAMN39865067	SRX23600236	MFD00137.fa			
MFD00138	PRJNA1071982	SAMN39865068	SRX23600237	MFD00138.fa			
MFD00141	PRJNA1071982	SAMN39865069	SRX23600238	MFD00141.fa			
MFD00142	PRJNA1071982	SAMN39865070	SRX23600239	MFD00142.fa			
MFD00143	PRJNA1071982	SAMN39865071	SRX23600240	MFD00143.fa			
MFD00144	PRJNA1071982	SAMN39865072	SRX23600241	MFD00144.fa			
MFD00145	PRJNA1071982	SAMN39865073	SRX23600243	MFD00145.fa			
MFD00146	PRJNA1071982	SAMN39865074	SRX23600244	MFD00146.fa	SRX23627868	SRX23628269	SRX23662693
MFD00147	PRJNA1071982	SAMN39865075	SRX23600245	MFD00147.fa			
MFD00148	PRJNA1071982	SAMN39865076	SRX23600246	MFD00148.fa			
MFD00149	PRJNA1071982	SAMN39865077	SRX23600247	MFD00149.fa			
MFD00150	PRJNA1071982	SAMN39865078	SRX23600248	MFD00150.fa			
MFD00151	PRJNA1071982	SAMN39865079	SRX23600249	MFD00151.fa			
MFD00152	PRJNA1071982	SAMN39865080	SRX23600250	MFD00152.fa			
MFD00153	PRJNA1071982	SAMN39865081	SRX23600251	MFD00153.fa			
MFD00154	PRJNA1071982	SAMN39865082	SRX23600252	MFD00154.fa			
MFD00155	PRJNA1071982	SAMN39865083	SRX23600254	MFD00155.fa			
MFD00156	PRJNA1071982	SAMN39865084	SRX23600255	MFD00156.fa			
MFD00157	PRJNA1071982	SAMN39865085	SRX23600256	MFD00157.fa			
MFD00158	PRJNA1071982	SAMN39865086	SRX23600440	MFD00158.fa			
MFD00159	PRJNA1071982	SAMN39865087	SRX23600441	MFD00159.fa			
MFD00160	PRJNA1071982	SAMN39865088	SRX23600442	MFD00160.fa			
MFD00161	PRJNA1071982	SAMN39865089	SRX23600443	MFD00161.fa			
MFD00162	PRJNA1071982	SAMN39865090	SRX23600444	MFD00162.fa			
MFD00163	PRJNA1071982	SAMN39865091	SRX23600445	MFD00163.fa			
MFD00164	PRJNA1071982	SAMN39865092	SRX23600446	MFD00164.fa			
MFD00165	PRJNA1071982	SAMN39865093	SRX23600448	MFD00165.fa			
MFD00166	PRJNA1071982	SAMN39865094	SRX23600449	MFD00166.fa			
MFD00198	PRJNA1071982	SAMN39865095	SRX23600450	MFD00198.fa			
MFD00199	PRJNA1071982	SAMN39865096	SRX23600451	MFD00199.fa			
MFD00200	PRJNA1071982	SAMN39865097	SRX23600452	MFD00200.fa			
MFD00201	PRJNA1071982	SAMN39865098	SRX23600453	MFD00201.fa			
MFD00202	PRJNA1071982	SAMN39865099	SRX23600454	MFD00202.fa	SRX23627404	SRX23627393	SRX23662748
MFD00203	PRJNA1071982	SAMN39865100	SRX23600455	MFD00203.fa			
MFD00204	PRJNA1071982	SAMN39865101	SRX23600456	MFD00204.fa			
MFD00205	PRJNA1071982	SAMN39865102	SRX23600457	MFD00205.fa			
MFD00206	PRJNA1071982	SAMN39865103	SRX23600459	MFD00206.fa			
MFD00207	PRJNA1071982	SAMN39865104	SRX23600460	MFD00207.fa			
MFD00208	PRJNA1071982	SAMN39865105	SRX23600461	MFD00208.fa			
MFD00209	PRJNA1071982	SAMN39865106	SRX23600462	MFD00209.fa			
MFD00210	PRJNA1071982	SAMN39865107	SRX23600463	MFD00210.fa			
MFD00211	PRJNA1071982	SAMN39865108	SRX23600464	MFD00211.fa			
MFD00212	PRJNA1071982	SAMN39865109	SRX23600465	MFD00212.fa			
MFD00215	PRJNA1071982	SAMN39865110	SRX23600466	MFD00215.fa			
MFD00216	PRJNA1071982	SAMN39865111	SRX23600467	MFD00216.fa			
MFD00217	PRJNA1071982	SAMN39865112	SRX23600468	MFD00217.fa			
MFD00220	PRJNA1071982	SAMN39865113	SRX23600470	MFD00220.fa			
MFD00221	PRJNA1071982	SAMN39865114	SRX23600471	MFD00221.fa			
MFD00222	PRJNA1071982	SAMN39865115	SRX23600257	MFD00222.fa			
MFD00223	PRJNA1071982	SAMN39865116	SRX23600258	MFD00223.fa			
MFD00224	PRJNA1071982	SAMN39865117	SRX23600259	MFD00224.fa			
MFD00226	PRJNA1071982	SAMN39865118	SRX23600260	MFD00226.fa			
MFD00227	PRJNA1071982	SAMN39865119	SRX23600261	MFD00227.fa			
MFD00246	PRJNA1071982	SAMN39865120	SRX23600262	MFD00246.fa	SRX23627558	SRX23627415	SRX23662759
MFD00247	PRJNA1071982	SAMN39865121	SRX23600263	MFD00247.fa	SRX23627580	SRX23627569	SRX23662770
MFD00248	PRJNA1071982	SAMN39865122	SRX23600264	MFD00248.fa	SRX23627602	SRX23627591	SRX23662529
MFD00249	PRJNA1071982	SAMN39865123	SRX23600266	MFD00249.fa	SRX23627880	SRX23627613	SRX23662540
MFD00250	PRJNA1071982	SAMN39865124	SRX23600267	MFD00250.fa	SRX23627903	SRX23627892	SRX23662429
MFD00251	PRJNA1071982	SAMN39865125	SRX23600268	MFD00251.fa	SRX23628117	SRX23628106	SRX23662440
MFD00252	PRJNA1071982	SAMN39865126	SRX23600269	MFD00252.fa	SRX23627627	SRX23628128	SRX23662451
MFD00253	PRJNA1071982	SAMN39865127	SRX23600270	MFD00253.fa	SRX23627649	SRX23627638	SRX23662554
MFD00254	PRJNA1071982	SAMN39865128	SRX23600271	MFD00254.fa	SRX23627443	SRX23627432	SRX23662565
MFD00255	PRJNA1071982	SAMN39865129	SRX23600272	MFD00255.fa	SRX23627662	SRX23627651	SRX23662576
MFD00256	PRJNA1071982	SAMN39865130	SRX23600273	MFD00256.fa	SRX23628132	SRX23627673	SRX23662463
MFD00257	PRJNA1071982	SAMN39865131	SRX23600274	MFD00257.fa	SRX23628154	SRX23628143	SRX23662474
MFD00258	PRJNA1071982	SAMN39865132	SRX23600275	MFD00258.fa	SRX23627696	SRX23627685	SRX23662485
MFD00259	PRJNA1071982	SAMN39865133	SRX23600278	MFD00259.fa	SRX23627718	SRX23627707	SRX23662588
MFD00260	PRJNA1071982	SAMN39865134	SRX23600279	MFD00260.fa	SRX23627741	SRX23627730	SRX23662600
MFD00261	PRJNA1071982	SAMN39865135	SRX23600280	MFD00261.fa	SRX23627923	SRX23627912	SRX23662611
MFD00262	PRJNA1071982	SAMN39865136	SRX23600281	MFD00262.fa	SRX23627753	SRX23627934	SRX23662622
MFD00263	PRJNA1071982	SAMN39865137	SRX23600282	MFD00263.fa	SRX23627775	SRX23627764	SRX23662633
MFD00264	PRJNA1071982	SAMN39865138	SRX23600283	MFD00264.fa	SRX23627473	SRX23627462	SRX23662644
MFD00265	PRJNA1071982	SAMN39865139	SRX23600284	MFD00265.fa	SRX23628172	SRX23627485	SRX23662719
MFD00266	PRJNA1071982	SAMN39865140	SRX23600285	MFD00266.fa	SRX23628194	SRX23628183	SRX23662730
MFD00267	PRJNA1071982	SAMN39865141	SRX23600286	MFD00267.fa	SRX23627960	SRX23627949	SRX23662741
MFD00268	PRJNA1071982	SAMN39865142	SRX23600287	MFD00268.fa	SRX23627498	SRX23627487	SRX23662656
MFD00269	PRJNA1071982	SAMN39865143	SRX23600472	MFD00269.fa	SRX23628196	SRX23627509	SRX23662667
MFD00270	PRJNA1071982	SAMN39865144	SRX23600473	MFD00270.fa	SRX23628219	SRX23628208	SRX23662775
MFD00271	PRJNA1071982	SAMN39865145	SRX23600474	MFD00271.fa	SRX23627793	SRX23627782	SRX23662786
MFD00272	PRJNA1071982	SAMN39865146	SRX23600475	MFD00272.fa	SRX23627815	SRX23627804	
MFD00273	PRJNA1071982	SAMN39865147	SRX23600476	MFD00273.fa	SRX23627837	SRX23627826	SRX23662797
MFD00274	PRJNA1071982	SAMN39865148	SRX23600477	MFD00274.fa	SRX23627987	SRX23627976	SRX23662808
MFD00275	PRJNA1071982	SAMN39865149	SRX23600478	MFD00275.fa	SRX23628010	SRX23627999	SRX23662819
MFD00276	PRJNA1071982	SAMN39865150	SRX23600479	MFD00276.fa	SRX23628032	SRX23628021	SRX23662830
MFD00277	PRJNA1071982	SAMN39865151	SRX23600480	MFD00277.fa	SRX23628246	SRX23628235	SRX23662493
MFD00278	PRJNA1071982	SAMN39865152	SRX23600481	MFD00278.fa	SRX23628044	SRX23628257	SRX23662504
MFD00279	PRJNA1071982	SAMN39865153	SRX23600483	MFD00279.fa	SRX23628066	SRX23628055	SRX23662515
MFD00280	PRJNA1071982	SAMN39865154	SRX23600484	MFD00280.fa	SRX23628281	SRX23628270	SRX23662682
MFD00281	PRJNA1071982	SAMN39865155	SRX23600485	MFD00281.fa	SRX23627531	SRX23627520	SRX23662694
MFD00282	PRJNA1071982	SAMN39865156	SRX23600486	MFD00282.fa	SRX23628069	SRX23627542	SRX23662705
MFD00283	PRJNA1071982	SAMN39865157	SRX23600487	MFD00283.fa	SRX23628091	SRX23628080	SRX23662708
MFD00284	PRJNA1071982	SAMN39865158	SRX23600488	MFD00284.fa	SRX23627857	SRX23627846	SRX23662709
MFD00285	PRJNA1071982	SAMN39865159	SRX23600489	MFD00285.fa	SRX23627870	SRX23627869	SRX23662710
MFD00286	PRJNA1071982	SAMN39865160	SRX23599897	MFD00286.fa	SRX23627872	SRX23627871	SRX23662743
MFD00287	PRJNA1071982	SAMN39865161	SRX23599898	MFD00287.fa	SRX23627874	SRX23627873	SRX23662744
MFD00288	PRJNA1071982	SAMN39865162	SRX23599899	MFD00288.fa	SRX23627552	SRX23627551	SRX23662745
MFD00289	PRJNA1071982	SAMN39865163	SRX23599901	MFD00289.fa	SRX23627554	SRX23627553	SRX23662746
MFD00290	PRJNA1071982	SAMN39865164	SRX23599902	MFD00290.fa	SRX23627395	SRX23627394	SRX23662747
MFD00291	PRJNA1071982	SAMN39865165	SRX23599903	MFD00291.fa	SRX23627397	SRX23627396	SRX23662749
MFD00292	PRJNA1071982	SAMN39865166	SRX23599904	MFD00292.fa	SRX23627399	SRX23627398	SRX23662750
MFD00293	PRJNA1071982	SAMN39865167	SRX23599905	MFD00293.fa	SRX23627401	SRX23627400	SRX23662751
MFD00294	PRJNA1071982	SAMN39865168	SRX23599906	MFD00294.fa	SRX23627403	SRX23627402	SRX23662752
MFD00295	PRJNA1071982	SAMN39865169	SRX23599907	MFD00295.fa	SRX23627406	SRX23627405	SRX23662753
MFD00296	PRJNA1071982	SAMN39865170	SRX23599908	MFD00296.fa	SRX23627408	SRX23627407	SRX23662754
MFD00297	PRJNA1071982	SAMN39865171	SRX23599909	MFD00297.fa	SRX23627410	SRX23627409	SRX23662755
MFD00298	PRJNA1071982	SAMN39865172	SRX23600289	MFD00298.fa	SRX23627412	SRX23627411	SRX23662756
MFD00299	PRJNA1071982	SAMN39865173	SRX23600291	MFD00299.fa	SRX23627414	SRX23627413	SRX23662757
MFD00300	PRJNA1071982	SAMN39865174	SRX23600292	MFD00300.fa	SRX23627417	SRX23627416	SRX23662758
MFD00301	PRJNA1071982	SAMN39865175	SRX23600293	MFD00301.fa	SRX23627419	SRX23627418	SRX23662760
MFD00302	PRJNA1071982	SAMN39865176	SRX23600294	MFD00302.fa	SRX23627421	SRX23627420	SRX23662761
MFD00303	PRJNA1071982	SAMN39865177	SRX23600295	MFD00303.fa	SRX23627555	SRX23627422	SRX23662762
MFD00304	PRJNA1071982	SAMN39865178	SRX23600296	MFD00304.fa	SRX23627557	SRX23627556	SRX23662763
MFD00305	PRJNA1071982	SAMN39865179	SRX23600297	MFD00305.fa	SRX23627560	SRX23627559	SRX23662764
MFD00306	PRJNA1071982	SAMN39865180	SRX23600298	MFD00306.fa	SRX23627562	SRX23627561	SRX23662765
MFD00307	PRJNA1071982	SAMN39865181	SRX23600299	MFD00307.fa	SRX23627564	SRX23627563	SRX23662766
MFD00308	PRJNA1071982	SAMN39865182	SRX23600300	MFD00308.fa	SRX23627566	SRX23627565	SRX23662767
MFD00309	PRJNA1071982	SAMN39865183	SRX23600302	MFD00309.fa	SRX23627568	SRX23627567	SRX23662768
MFD00310	PRJNA1071982	SAMN39865184	SRX23600303	MFD00310.fa	SRX23627571	SRX23627570	SRX23662769
MFD00311	PRJNA1071982	SAMN39865185	SRX23600304	MFD00311.fa	SRX23627573	SRX23627572	SRX23662771
MFD00312	PRJNA1071982	SAMN39865186	SRX23600305	MFD00312.fa	SRX23627575	SRX23627574	SRX23662772
MFD00313	PRJNA1071982	SAMN39865187	SRX23600306	MFD00313.fa	SRX23627577	SRX23627576	SRX23662773
MFD00314	PRJNA1071982	SAMN39865188	SRX23600307	MFD00314.fa	SRX23627579	SRX23627578	SRX23662774
MFD00315	PRJNA1071982	SAMN39865189	SRX23600308	MFD00315.fa	SRX23627582	SRX23627581	SRX23662523
MFD00316	PRJNA1071982	SAMN39865190	SRX23600309	MFD00316.fa	SRX23627584	SRX23627583	SRX23662524
MFD00317	PRJNA1071982	SAMN39865191	SRX23600310	MFD00317.fa	SRX23627586	SRX23627585	SRX23662525
MFD00318	PRJNA1071982	SAMN39865192	SRX23600311	MFD00318.fa	SRX23627588	SRX23627587	SRX23662526
MFD00319	PRJNA1071982	SAMN39865193	SRX23600313	MFD00319.fa	SRX23627590	SRX23627589	SRX23662527
MFD00320	PRJNA1071982	SAMN39865194	SRX23600314	MFD00320.fa	SRX23627593	SRX23627592	SRX23662528
MFD00321	PRJNA1071982	SAMN39865195	SRX23600315	MFD00321.fa	SRX23627595	SRX23627594	SRX23662530
MFD00322	PRJNA1071982	SAMN39865196	SRX23600316	MFD00322.fa	SRX23627597	SRX23627596	SRX23662531
MFD00323	PRJNA1071982	SAMN39865197	SRX23600317	MFD00323.fa	SRX23627599	SRX23627598	SRX23662532
MFD00324	PRJNA1071982	SAMN39865198	SRX23600318	MFD00324.fa	SRX23627601	SRX23627600	SRX23662533
MFD00325	PRJNA1071982	SAMN39865199	SRX23600319	MFD00325.fa	SRX23627604	SRX23627603	SRX23662534
MFD00326	PRJNA1071982	SAMN39865200	SRX23600320	MFD00326.fa	SRX23627606	SRX23627605	SRX23662535
MFD00327	PRJNA1071982	SAMN39865201	SRX23599910	MFD00327.fa	SRX23627608	SRX23627607	SRX23662536
MFD00328	PRJNA1071982	SAMN39865202	SRX23599911	MFD00328.fa	SRX23627610	SRX23627609	SRX23662537
MFD00329	PRJNA1071982	SAMN39865203	SRX23599913	MFD00329.fa	SRX23627612	SRX23627611	SRX23662538
MFD00330	PRJNA1071982	SAMN39865204	SRX23599914	MFD00330.fa	SRX23627615	SRX23627614	SRX23662539
MFD00331	PRJNA1071982	SAMN39865205	SRX23599915	MFD00331.fa	SRX23627617	SRX23627616	
MFD00332	PRJNA1071982	SAMN39865206	SRX23599916	MFD00332.fa	SRX23627875	SRX23627618	SRX23662541
MFD00333	PRJNA1071982	SAMN39865207	SRX23599917	MFD00333.fa	SRX23627877	SRX23627876	SRX23662542
MFD00334	PRJNA1071982	SAMN39865208	SRX23599918	MFD00334.fa	SRX23627879	SRX23627878	SRX23662543
MFD00335	PRJNA1071982	SAMN39865209	SRX23599919	MFD00335.fa	SRX23627882	SRX23627881	SRX23662544
MFD00336	PRJNA1071982	SAMN39865210	SRX23599920	MFD00336.fa	SRX23627884	SRX23627883	SRX23662545
MFD00337	PRJNA1071982	SAMN39865211	SRX23599921	MFD00337.fa	SRX23627886	SRX23627885	SRX23662546
MFD00338	PRJNA1071982	SAMN39865212	SRX23599922	MFD00338.fa	SRX23627888	SRX23627887	
MFD00339	PRJNA1071982	SAMN39865213	SRX23599924	MFD00339.fa	SRX23627890	SRX23627889	SRX23662547
MFD00340	PRJNA1071982	SAMN39865214	SRX23599925	MFD00340.fa	SRX23627894	SRX23627893	SRX23662548
MFD00341	PRJNA1071982	SAMN39865215	SRX23599926	MFD00341.fa	SRX23627896	SRX23627895	SRX23662549
MFD00342	PRJNA1071982	SAMN39865216	SRX23599927	MFD00342.fa	SRX23627898	SRX23627897	
MFD00343	PRJNA1071982	SAMN39865217	SRX23599928	MFD00343.fa	SRX23627900	SRX23627899	SRX23662550
MFD00344	PRJNA1071982	SAMN39865218	SRX23599929	MFD00344.fa	SRX23627902	SRX23627901	SRX23662430
MFD00345	PRJNA1071982	SAMN39865219	SRX23599930	MFD00345.fa	SRX23627905	SRX23627904	SRX23662431
MFD00346	PRJNA1071982	SAMN39865220	SRX23599931	MFD00346.fa	SRX23628099	SRX23627906	SRX23662432
MFD00347	PRJNA1071982	SAMN39865221	SRX23599932	MFD00347.fa	SRX23628101	SRX23628100	SRX23662433
MFD00348	PRJNA1071982	SAMN39865222	SRX23599933	MFD00348.fa	SRX23628103	SRX23628102	SRX23662434
MFD00349	PRJNA1071982	SAMN39865223	SRX23599935	MFD00349.fa	SRX23628105	SRX23628104	SRX23662435
MFD00350	PRJNA1071982	SAMN39865224	SRX23599936	MFD00350.fa	SRX23628108	SRX23628107	SRX23662436
MFD00351	PRJNA1071982	SAMN39865225	SRX23599937	MFD00351.fa	SRX23628110	SRX23628109	SRX23662437
MFD00352	PRJNA1071982	SAMN39865226	SRX23599938	MFD00352.fa	SRX23628112	SRX23628111	SRX23662438
MFD00353	PRJNA1071982	SAMN39865227	SRX23599939	MFD00353.fa	SRX23628114	SRX23628113	SRX23662439
MFD00354	PRJNA1071982	SAMN39865228	SRX23599940	MFD00354.fa	SRX23628116	SRX23628115	SRX23662441
MFD00355	PRJNA1071982	SAMN39865229	SRX23599941	MFD00355.fa	SRX23628119	SRX23628118	SRX23662442
MFD00356	PRJNA1071982	SAMN39865230	SRX23599630	MFD00356.fa	SRX23628121	SRX23628120	SRX23662443
MFD00357	PRJNA1071982	SAMN39865231	SRX23599631	MFD00357.fa	SRX23628123	SRX23628122	SRX23662444
MFD00358	PRJNA1071982	SAMN39865232	SRX23599632	MFD00358.fa	SRX23628125	SRX23628124	SRX23662445
MFD00359	PRJNA1071982	SAMN39865233	SRX23599635	MFD00359.fa	SRX23628127	SRX23628126	SRX23662446
MFD00360	PRJNA1071982	SAMN39865234	SRX23599636	MFD00360.fa	SRX23628130	SRX23628129	SRX23662447
MFD00361	PRJNA1071982	SAMN39865235	SRX23599637	MFD00361.fa	SRX23627620	SRX23627619	SRX23662448
MFD00362	PRJNA1071982	SAMN39865236	SRX23599638	MFD00362.fa	SRX23627622	SRX23627621	SRX23662449
MFD00363	PRJNA1071982	SAMN39865237	SRX23599639	MFD00363.fa	SRX23627624	SRX23627623	SRX23662450
MFD00364	PRJNA1071982	SAMN39865238	SRX23599640	MFD00364.fa	SRX23627626	SRX23627625	SRX23662452
MFD00365	PRJNA1071982	SAMN39865239	SRX23599641	MFD00365.fa	SRX23627629	SRX23627628	SRX23662453
MFD00366	PRJNA1071982	SAMN39865240	SRX23599642	MFD00366.fa	SRX23627631	SRX23627630	SRX23662454
MFD00367	PRJNA1071982	SAMN39865241	SRX23599643	MFD00367.fa	SRX23627633	SRX23627632	SRX23662455
MFD00368	PRJNA1071982	SAMN39865242	SRX23599644	MFD00368.fa	SRX23627635	SRX23627634	SRX23662456
MFD00369	PRJNA1071982	SAMN39865243	SRX23599646	MFD00369.fa	SRX23627637	SRX23627636	SRX23662457
MFD00370	PRJNA1071982	SAMN39865244	SRX23599647	MFD00370.fa	SRX23627640	SRX23627639	SRX23662458
MFD00371	PRJNA1071982	SAMN39865245	SRX23599648	MFD00371.fa	SRX23627642	SRX23627641	SRX23662551
MFD00372	PRJNA1071982	SAMN39865246	SRX23599649	MFD00372.fa	SRX23627644	SRX23627643	SRX23662552
MFD00373	PRJNA1071982	SAMN39865247	SRX23599650	MFD00373.fa	SRX23627646	SRX23627645	SRX23662553
MFD00374	PRJNA1071982	SAMN39865248	SRX23599651	MFD00374.fa	SRX23627648	SRX23627647	SRX23662555
MFD00375	PRJNA1071982	SAMN39865249	SRX23599652	MFD00375.fa	SRX23627423	SRX23627650	SRX23662556
MFD00376	PRJNA1071982	SAMN39865250	SRX23599653	MFD00376.fa			
MFD00377	PRJNA1071982	SAMN39865251	SRX23599654	MFD00377.fa			
MFD00378	PRJNA1071982	SAMN39865252	SRX23599655	MFD00378.fa			
MFD00379	PRJNA1071982	SAMN39865253	SRX23599657	MFD00379.fa			
MFD00380	PRJNA1071982	SAMN39865254	SRX23599658	MFD00380.fa			
MFD00381	PRJNA1071982	SAMN39865255	SRX23599659	MFD00381.fa			
MFD00382	PRJNA1071982	SAMN39865256	SRX23599660	MFD00382.fa			
MFD00383	PRJNA1071982	SAMN39865257	SRX23599661	MFD00383.fa			
MFD00384	PRJNA1071982	SAMN39865258	SRX23600321	MFD00384.fa			
MFD00385	PRJNA1071982	SAMN39865259	SRX23600322	MFD00385.fa			
MFD00386	PRJNA1071982	SAMN39865260	SRX23600323	MFD00386.fa			
MFD00387	PRJNA1071982	SAMN39865261	SRX23600324	MFD00387.fa			
MFD00388	PRJNA1071982	SAMN39865262	SRX23600325	MFD00388.fa			
MFD00389	PRJNA1071982	SAMN39865263	SRX23600327	MFD00389.fa			
MFD00390	PRJNA1071982	SAMN39865264	SRX23600328	MFD00390.fa			
MFD00391	PRJNA1071982	SAMN39865265	SRX23600329	MFD00391.fa			
MFD00392	PRJNA1071982	SAMN39865266	SRX23600330	MFD00392.fa			
MFD00393	PRJNA1071982	SAMN39865267	SRX23600331	MFD00393.fa			
MFD00394	PRJNA1071982	SAMN39865268	SRX23600332	MFD00394.fa			
MFD00395	PRJNA1071982	SAMN39865269	SRX23600333	MFD00395.fa			
MFD00396	PRJNA1071982	SAMN39865270	SRX23600334	MFD00396.fa			
MFD00397	PRJNA1071982	SAMN39865271	SRX23600335	MFD00397.fa			
MFD00399	PRJNA1071982	SAMN39865272	SRX23600336	MFD00399.fa			
MFD00400	PRJNA1071982	SAMN39865273	SRX23600338	MFD00400.fa			
MFD00401	PRJNA1071982	SAMN39865274	SRX23600339	MFD00401.fa			
MFD00402	PRJNA1071982	SAMN39865275	SRX23600340	MFD00402.fa			
MFD00403	PRJNA1071982	SAMN39865276	SRX23600341	MFD00403.fa			
MFD00404	PRJNA1071982	SAMN39865277	SRX23600342	MFD00404.fa			
MFD00405	PRJNA1071982	SAMN39865278	SRX23600343	MFD00405.fa			
MFD00406	PRJNA1071982	SAMN39865279	SRX23600344	MFD00406.fa			
MFD00407	PRJNA1071982	SAMN39865280	SRX23600345	MFD00407.fa			
MFD00408	PRJNA1071982	SAMN39865281	SRX23600346	MFD00408.fa			
MFD00409	PRJNA1071982	SAMN39865282	SRX23600347	MFD00409.fa			
MFD00410	PRJNA1071982	SAMN39865283	SRX23600349	MFD00410.fa			
MFD00411	PRJNA1071982	SAMN39865284	SRX23600350	MFD00411.fa			
MFD00412	PRJNA1071982	SAMN39865285	SRX23600351	MFD00412.fa			
MFD00413	PRJNA1071982	SAMN39865286	SRX23600352	MFD00413.fa			
MFD00414	PRJNA1071982	SAMN39865287	SRX23599662	MFD00414.fa			
MFD00415	PRJNA1071982	SAMN39865288	SRX23599663	MFD00415.fa			
MFD00416	PRJNA1071982	SAMN39865289	SRX23599664	MFD00416.fa			
MFD00417	PRJNA1071982	SAMN39865290	SRX23599665	MFD00417.fa			
MFD00418	PRJNA1071982	SAMN39865291	SRX23599666	MFD00418.fa			
MFD00419	PRJNA1071982	SAMN39865292	SRX23599667	MFD00419.fa			
MFD00420	PRJNA1071982	SAMN39865293	SRX23599669	MFD00420.fa			
MFD00421	PRJNA1071982	SAMN39865294	SRX23599670	MFD00421.fa			
MFD00422	PRJNA1071982	SAMN39865295	SRX23599671	MFD00422.fa			
MFD00423	PRJNA1071982	SAMN39865296	SRX23599672	MFD00423.fa			
MFD00424	PRJNA1071982	SAMN39865297	SRX23599673	MFD00424.fa			
MFD00425	PRJNA1071982	SAMN39865298	SRX23599674	MFD00425.fa			
MFD00426	PRJNA1071982	SAMN39865299	SRX23599675	MFD00426.fa			
MFD00427	PRJNA1071982	SAMN39865300	SRX23599676	MFD00427.fa			
MFD00428	PRJNA1071982	SAMN39865301	SRX23599677	MFD00428.fa			
MFD00429	PRJNA1071982	SAMN39865302	SRX23599678	MFD00429.fa			
MFD00430	PRJNA1071982	SAMN39865303	SRX23599680	MFD00430.fa			
MFD00431	PRJNA1071982	SAMN39865304	SRX23599681	MFD00431.fa			
MFD00432	PRJNA1071982	SAMN39865305	SRX23599682	MFD00432.fa			
MFD00433	PRJNA1071982	SAMN39865306	SRX23599683	MFD00433.fa			
MFD00434	PRJNA1071982	SAMN39865307	SRX23599684	MFD00434.fa			
MFD00435	PRJNA1071982	SAMN39865308	SRX23599685	MFD00435.fa			
MFD00436	PRJNA1071982	SAMN39865309	SRX23599686	MFD00436.fa			
MFD00437	PRJNA1071982	SAMN39865310	SRX23599687	MFD00437.fa			
MFD00438	PRJNA1071982	SAMN39865311	SRX23599688	MFD00438.fa			
MFD00439	PRJNA1071982	SAMN39865312	SRX23599689	MFD00439.fa			
MFD00440	PRJNA1071982	SAMN39865313	SRX23599691	MFD00440.fa			
MFD00441	PRJNA1071982	SAMN39865314	SRX23599692	MFD00441.fa			
MFD00442	PRJNA1071982	SAMN39865315	SRX23599995	MFD00442.fa			
MFD00443	PRJNA1071982	SAMN39865316	SRX23599996	MFD00443.fa			
MFD00444	PRJNA1071982	SAMN39865317	SRX23599997	MFD00444.fa			
MFD00445	PRJNA1071982	SAMN39865318	SRX23599998	MFD00445.fa			
MFD00446	PRJNA1071982	SAMN39865319	SRX23599999	MFD00446.fa			
MFD00447	PRJNA1071982	SAMN39865320	SRX23600000	MFD00447.fa			
MFD00448	PRJNA1071982	SAMN39865321	SRX23600001	MFD00448.fa			
MFD00449	PRJNA1071982	SAMN39865322	SRX23600002	MFD00449.fa			
MFD00450	PRJNA1071982	SAMN39865323	SRX23600004	MFD00450.fa			
MFD00451	PRJNA1071982	SAMN39865324	SRX23600005	MFD00451.fa			
MFD00452	PRJNA1071982	SAMN39865325	SRX23600006	MFD00452.fa			
MFD00453	PRJNA1071982	SAMN39865326	SRX23600007	MFD00453.fa			
MFD00454	PRJNA1071982	SAMN39865327	SRX23600008	MFD00454.fa			
MFD00455	PRJNA1071982	SAMN39865328	SRX23600009	MFD00455.fa			
MFD00456	PRJNA1071982	SAMN39865329	SRX23600010	MFD00456.fa			
MFD00458	PRJNA1071982	SAMN39865330	SRX23600011	MFD00458.fa			
MFD00459	PRJNA1071982	SAMN39865331	SRX23600012	MFD00459.fa			
MFD00460	PRJNA1071982	SAMN39865332	SRX23600013	MFD00460.fa			
MFD00461	PRJNA1071982	SAMN39865333	SRX23600016	MFD00461.fa			
MFD00462	PRJNA1071982	SAMN39865334	SRX23600017	MFD00462.fa			
MFD00463	PRJNA1071982	SAMN39865335	SRX23600018	MFD00463.fa			
MFD00464	PRJNA1071982	SAMN39865336	SRX23600019	MFD00464.fa			
MFD00465	PRJNA1071982	SAMN39865337	SRX23600020	MFD00465.fa			
MFD00466	PRJNA1071982	SAMN39865338	SRX23600021	MFD00466.fa			
MFD00467	PRJNA1071982	SAMN39865339	SRX23600022	MFD00467.fa			
MFD00468	PRJNA1071982	SAMN39865340	SRX23600023	MFD00468.fa			
MFD00469	PRJNA1071982	SAMN39865341	SRX23600024	MFD00469.fa			
MFD00470	PRJNA1071982	SAMN39865342	SRX23600025	MFD00470.fa			
MFD00471	PRJNA1071982	SAMN39865343	SRX23599693	MFD00471.fa			
MFD00472	PRJNA1071982	SAMN39865344	SRX23599694	MFD00472.fa			
MFD00473	PRJNA1071982	SAMN39865345	SRX23599695	MFD00473.fa			
MFD00474	PRJNA1071982	SAMN39865346	SRX23599696	MFD00474.fa			
MFD00475	PRJNA1071982	SAMN39865347	SRX23599697	MFD00475.fa			
MFD00476	PRJNA1071982	SAMN39865348	SRX23599698	MFD00476.fa			
MFD00477	PRJNA1071982	SAMN39865349	SRX23599699	MFD00477.fa			
MFD00478	PRJNA1071982	SAMN39865350	SRX23599700	MFD00478.fa			
MFD00479	PRJNA1071982	SAMN39865351	SRX23599701	MFD00479.fa			
MFD00480	PRJNA1071982	SAMN39865352	SRX23599702	MFD00480.fa			
MFD00481	PRJNA1071982	SAMN39865353	SRX23599704	MFD00481.fa			
MFD00482	PRJNA1071982	SAMN39865354	SRX23599705	MFD00482.fa			
MFD00483	PRJNA1071982	SAMN39865355	SRX23599706	MFD00483.fa			
MFD00484	PRJNA1071982	SAMN39865356	SRX23599707	MFD00484.fa			
MFD00485	PRJNA1071982	SAMN39865357	SRX23599708	MFD00485.fa			
MFD00486	PRJNA1071982	SAMN39865358	SRX23599709	MFD00486.fa			
MFD00487	PRJNA1071982	SAMN39865359	SRX23599710	MFD00487.fa			
MFD00488	PRJNA1071982	SAMN39865360	SRX23599711	MFD00488.fa			
MFD00489	PRJNA1071982	SAMN39865361	SRX23599712	MFD00489.fa			
MFD00490	PRJNA1071982	SAMN39865362	SRX23599713	MFD00490.fa			
MFD00491	PRJNA1071982	SAMN39865363	SRX23599715	MFD00491.fa			
MFD00492	PRJNA1071982	SAMN39865364	SRX23599716	MFD00492.fa			
MFD00493	PRJNA1071982	SAMN39865365	SRX23599717	MFD00493.fa			
MFD00494	PRJNA1071982	SAMN39865366	SRX23599718	MFD00494.fa			
MFD00495	PRJNA1071982	SAMN39865367	SRX23599719	MFD00495.fa			
MFD00496	PRJNA1071982	SAMN39865368	SRX23599720	MFD00496.fa			
MFD00497	PRJNA1071982	SAMN39865369	SRX23599721	MFD00497.fa			
MFD00498	PRJNA1071982	SAMN39865370	SRX23599722	MFD00498.fa			
MFD00499	PRJNA1071982	SAMN39865371	SRX23599723	MFD00499.fa			
MFD00500	PRJNA1071982	SAMN39865372	SRX23599724	MFD00500.fa			
MFD00501	PRJNA1071982	SAMN39865373	SRX23600028	MFD00501.fa			
MFD00502	PRJNA1071982	SAMN39865374	SRX23600029	MFD00502.fa			
MFD00503	PRJNA1071982	SAMN39865375	SRX23600030	MFD00503.fa			
MFD00504	PRJNA1071982	SAMN39865376	SRX23600031	MFD00504.fa			
MFD00505	PRJNA1071982	SAMN39865377	SRX23600032	MFD00505.fa			
MFD00506	PRJNA1071982	SAMN39865378	SRX23600033	MFD00506.fa			
MFD00507	PRJNA1071982	SAMN39865379	SRX23600034	MFD00507.fa			
MFD00508	PRJNA1071982	SAMN39865380	SRX23600035	MFD00508.fa			
MFD00509	PRJNA1071982	SAMN39865381	SRX23600036	MFD00509.fa			
MFD00510	PRJNA1071982	SAMN39865382	SRX23600037	MFD00510.fa			
MFD00511	PRJNA1071982	SAMN39865383	SRX23600039	MFD00511.fa			
MFD00512	PRJNA1071982	SAMN39865384	SRX23600040	MFD00512.fa			
MFD00513	PRJNA1071982	SAMN39865385	SRX23600041	MFD00513.fa			
MFD00514	PRJNA1071982	SAMN39865386	SRX23600042	MFD00514.fa			
MFD00515	PRJNA1071982	SAMN39865387	SRX23600043	MFD00515.fa			
MFD00516	PRJNA1071982	SAMN39865388	SRX23600044	MFD00516.fa			
MFD00517	PRJNA1071982	SAMN39865389	SRX23600045	MFD00517.fa			
MFD00518	PRJNA1071982	SAMN39865390	SRX23600046	MFD00518.fa			
MFD00519	PRJNA1071982	SAMN39865391	SRX23600047	MFD00519.fa			
MFD00520	PRJNA1071982	SAMN39865392	SRX23600048	MFD00520.fa			
MFD00521	PRJNA1071982	SAMN39865393	SRX23600050	MFD00521.fa			
MFD00522	PRJNA1071982	SAMN39865394	SRX23600051	MFD00522.fa			
MFD00523	PRJNA1071982	SAMN39865395	SRX23600052	MFD00523.fa			
MFD00524	PRJNA1071982	SAMN39865396	SRX23600053	MFD00524.fa			
MFD00525	PRJNA1071982	SAMN39865397	SRX23600054	MFD00525.fa			
MFD00526	PRJNA1071982	SAMN39865398	SRX23600055	MFD00526.fa			
MFD00527	PRJNA1071982	SAMN39865399	SRX23600056	MFD00527.fa			
MFD00528	PRJNA1071982	SAMN39865400	SRX23600057	MFD00528.fa			
MFD00529	PRJNA1071982	SAMN39865401	SRX23600058	MFD00529.fa			
MFD00530	PRJNA1071982	SAMN39865402	SRX23599725	MFD00530.fa			
MFD00531	PRJNA1071982	SAMN39865403	SRX23599727	MFD00531.fa			
MFD00532	PRJNA1071982	SAMN39865404	SRX23599728	MFD00532.fa			
MFD00533	PRJNA1071982	SAMN39865405	SRX23599729	MFD00533.fa			
MFD00534	PRJNA1071982	SAMN39865406	SRX23599730	MFD00534.fa			
MFD00535	PRJNA1071982	SAMN39865407	SRX23599731	MFD00535.fa			
MFD00536	PRJNA1071982	SAMN39865408	SRX23599732	MFD00536.fa			
MFD00537	PRJNA1071982	SAMN39865409	SRX23599733	MFD00537.fa			
MFD00538	PRJNA1071982	SAMN39865410	SRX23599734	MFD00538.fa			
MFD00539	PRJNA1071982	SAMN39865411	SRX23599735	MFD00539.fa			
MFD00540	PRJNA1071982	SAMN39865412	SRX23599736	MFD00540.fa			
MFD00541	PRJNA1071982	SAMN39865413	SRX23599738	MFD00541.fa			
MFD00542	PRJNA1071982	SAMN39865414	SRX23599739	MFD00542.fa			
MFD00543	PRJNA1071982	SAMN39865415	SRX23599740	MFD00543.fa			
MFD00544	PRJNA1071982	SAMN39865416	SRX23599741	MFD00544.fa			
MFD00545	PRJNA1071982	SAMN39865417	SRX23599742	MFD00545.fa			
MFD00546	PRJNA1071982	SAMN39865418	SRX23599743	MFD00546.fa			
MFD00547	PRJNA1071982	SAMN39865419	SRX23599744	MFD00547.fa			
MFD00548	PRJNA1071982	SAMN39865420	SRX23599745	MFD00548.fa			
MFD00549	PRJNA1071982	SAMN39865421	SRX23599746	MFD00549.fa			
MFD00550	PRJNA1071982	SAMN39865422	SRX23599747	MFD00550.fa			
MFD00551	PRJNA1071982	SAMN39865423	SRX23599749	MFD00551.fa			
MFD00552	PRJNA1071982	SAMN39865424	SRX23599750	MFD00552.fa			
MFD00553	PRJNA1071982	SAMN39865425	SRX23599751	MFD00553.fa			
MFD00554	PRJNA1071982	SAMN39865426	SRX23599752	MFD00554.fa			
MFD00555	PRJNA1071982	SAMN39865427	SRX23599753	MFD00555.fa			
MFD00556	PRJNA1071982	SAMN39865428	SRX23599754	MFD00556.fa			
MFD00557	PRJNA1071982	SAMN39865429	SRX23599755	MFD00557.fa			
MFD00558	PRJNA1071982	SAMN39865430	SRX23600059	MFD00558.fa			
MFD00559	PRJNA1071982	SAMN39865431	SRX23600060	MFD00559.fa			
MFD00560	PRJNA1071982	SAMN39865432	SRX23600061	MFD00560.fa			
MFD00561	PRJNA1071982	SAMN39865433	SRX23600064	MFD00561.fa			
MFD00562	PRJNA1071982	SAMN39865434	SRX23600065	MFD00562.fa			
MFD00563	PRJNA1071982	SAMN39865435	SRX23600066	MFD00563.fa			
MFD00564	PRJNA1071982	SAMN39865436	SRX23600067	MFD00564.fa			
MFD00565	PRJNA1071982	SAMN39865437	SRX23600068	MFD00565.fa			
MFD00566	PRJNA1071982	SAMN39865438	SRX23600069	MFD00566.fa			
MFD00567	PRJNA1071982	SAMN39865439	SRX23600070	MFD00567.fa			
MFD00568	PRJNA1071982	SAMN39865440	SRX23600071	MFD00568.fa			
MFD00569	PRJNA1071982	SAMN39865441	SRX23600072	MFD00569.fa			
MFD00570	PRJNA1071982	SAMN39865442	SRX23600073	MFD00570.fa			
MFD00571	PRJNA1071982	SAMN39865443	SRX23600075	MFD00571.fa			
MFD00572	PRJNA1071982	SAMN39865444	SRX23600076	MFD00572.fa			
MFD00573	PRJNA1071982	SAMN39865445	SRX23600077	MFD00573.fa			
MFD00574	PRJNA1071982	SAMN39865446	SRX23600078	MFD00574.fa			
MFD00575	PRJNA1071982	SAMN39865447	SRX23600079	MFD00575.fa			
MFD00576	PRJNA1071982	SAMN39865448	SRX23600080	MFD00576.fa			
MFD00577	PRJNA1071982	SAMN39865449	SRX23600081	MFD00577.fa			
MFD00578	PRJNA1071982	SAMN39865450	SRX23600082	MFD00578.fa			
MFD00579	PRJNA1071982	SAMN39865451	SRX23600083	MFD00579.fa			
MFD00580	PRJNA1071982	SAMN39865452	SRX23600084	MFD00580.fa			
MFD00581	PRJNA1071982	SAMN39865453	SRX23600086	MFD00581.fa			
MFD00582	PRJNA1071982	SAMN39865454	SRX23600087	MFD00582.fa			
MFD00583	PRJNA1071982	SAMN39865455	SRX23600088	MFD00583.fa			
MFD00584	PRJNA1071982	SAMN39865456	SRX23600089	MFD00584.fa			
MFD00585	PRJNA1071982	SAMN39865457	SRX23599756	MFD00585.fa			
MFD00586	PRJNA1071982	SAMN39865458	SRX23599757	MFD00586.fa			
MFD00587	PRJNA1071982	SAMN39865459	SRX23599758	MFD00587.fa			
MFD00588	PRJNA1071982	SAMN39865460	SRX23599759	MFD00588.fa			
MFD00589	PRJNA1071982	SAMN39865461	SRX23599760	MFD00589.fa			
MFD00590	PRJNA1071982	SAMN39865462	SRX23599761	MFD00590.fa			
MFD00591	PRJNA1071982	SAMN39865463	SRX23599763	MFD00591.fa			
MFD00592	PRJNA1071982	SAMN39865464	SRX23599764	MFD00592.fa			
MFD00593	PRJNA1071982	SAMN39865465	SRX23599765	MFD00593.fa			
MFD00594	PRJNA1071982	SAMN39865466	SRX23599766	MFD00594.fa			
MFD00595	PRJNA1071982	SAMN39865467	SRX23599767	MFD00595.fa	SRX23627425	SRX23627424	SRX23662557
MFD00596	PRJNA1071982	SAMN39865468	SRX23599768	MFD00596.fa			
MFD00597	PRJNA1071982	SAMN39865469	SRX23599769	MFD00597.fa			
MFD00598	PRJNA1071982	SAMN39865470	SRX23599770	MFD00598.fa			
MFD00599	PRJNA1071982	SAMN39865471	SRX23599771	MFD00599.fa			
MFD00600	PRJNA1071982	SAMN39865472	SRX23599772	MFD00600.fa			
MFD00601	PRJNA1071982	SAMN39865473	SRX23599774	MFD00601.fa			
MFD00603	PRJNA1071982	SAMN39865474	SRX23599775	MFD00603.fa			
MFD00605	PRJNA1071982	SAMN39865475	SRX23599776	MFD00605.fa			
MFD00606	PRJNA1071982	SAMN39865476	SRX23599777	MFD00606.fa			
MFD00607	PRJNA1071982	SAMN39865477	SRX23599778	MFD00607.fa			
MFD00608	PRJNA1071982	SAMN39865478	SRX23599779	MFD00608.fa			
MFD00609	PRJNA1071982	SAMN39865479	SRX23599780	MFD00609.fa			
MFD00610	PRJNA1071982	SAMN39865480	SRX23599781	MFD00610.fa			
MFD00611	PRJNA1071982	SAMN39865481	SRX23599782	MFD00611.fa			
MFD00612	PRJNA1071982	SAMN39865482	SRX23599783	MFD00612.fa	SRX23627427	SRX23627426	SRX23662558
MFD00613	PRJNA1071982	SAMN39865483	SRX23600090	MFD00613.fa			
MFD00614	PRJNA1071982	SAMN39865484	SRX23600091	MFD00614.fa			
MFD00615	PRJNA1071982	SAMN39865485	SRX23600092	MFD00615.fa			
MFD00617	PRJNA1071982	SAMN39865486	SRX23600093	MFD00617.fa			
MFD00618	PRJNA1071982	SAMN39865487	SRX23600094	MFD00618.fa			
MFD00619	PRJNA1071982	SAMN39865488	SRX23600095	MFD00619.fa			
MFD00620	PRJNA1071982	SAMN39865489	SRX23600096	MFD00620.fa			
MFD00621	PRJNA1071982	SAMN39865490	SRX23600097	MFD00621.fa			
MFD00622	PRJNA1071982	SAMN39865491	SRX23600098	MFD00622.fa	SRX23627429	SRX23627428	SRX23662559
MFD00623	PRJNA1071982	SAMN39865492	SRX23600099	MFD00623.fa			
MFD00624	PRJNA1071982	SAMN39865493	SRX23600101	MFD00624.fa			
MFD00625	PRJNA1071982	SAMN39865494	SRX23600102	MFD00625.fa			
MFD00626	PRJNA1071982	SAMN39865495	SRX23600103	MFD00626.fa			
MFD00627	PRJNA1071982	SAMN39865496	SRX23600104	MFD00627.fa			
MFD00628	PRJNA1071982	SAMN39865497	SRX23600105	MFD00628.fa			
MFD00629	PRJNA1071982	SAMN39865498	SRX23600106	MFD00629.fa			
MFD00630	PRJNA1071982	SAMN39865499	SRX23600107	MFD00630.fa			
MFD00631	PRJNA1071982	SAMN39865500	SRX23600108	MFD00631.fa			
MFD00632	PRJNA1071982	SAMN39865501	SRX23600109	MFD00632.fa			
MFD00634	PRJNA1071982	SAMN39865502	SRX23600110	MFD00634.fa			
MFD00635	PRJNA1071982	SAMN39865503	SRX23600112	MFD00635.fa			
MFD00636	PRJNA1071982	SAMN39865504	SRX23600113	MFD00636.fa			
MFD00637	PRJNA1071982	SAMN39865505	SRX23600114	MFD00637.fa			
MFD00638	PRJNA1071982	SAMN39865506	SRX23600115	MFD00638.fa			
MFD00639	PRJNA1071982	SAMN39865507	SRX23600116	MFD00639.fa			
MFD00640	PRJNA1071982	SAMN39865508	SRX23599785	MFD00640.fa			
MFD00641	PRJNA1071982	SAMN39865509	SRX23599786	MFD00641.fa			
MFD00642	PRJNA1071982	SAMN39865510	SRX23599787	MFD00642.fa			
MFD00643	PRJNA1071982	SAMN39865511	SRX23599788	MFD00643.fa			
MFD00644	PRJNA1071982	SAMN39865512	SRX23599789	MFD00644.fa			
MFD00645	PRJNA1071982	SAMN39865513	SRX23599791	MFD00645.fa			
MFD00646	PRJNA1071982	SAMN39865514	SRX23599792	MFD00646.fa			
MFD00647	PRJNA1071982	SAMN39865515	SRX23599793	MFD00647.fa			
MFD00648	PRJNA1071982	SAMN39865516	SRX23599794	MFD00648.fa			
MFD00649	PRJNA1071982	SAMN39865517	SRX23599795	MFD00649.fa			
MFD00650	PRJNA1071982	SAMN39865518	SRX23599796	MFD00650.fa			
MFD00651	PRJNA1071982	SAMN39865519	SRX23599797	MFD00651.fa			
MFD00652	PRJNA1071982	SAMN39865520	SRX23599798	MFD00652.fa			
MFD00653	PRJNA1071982	SAMN39865521	SRX23599799	MFD00653.fa			
MFD00654	PRJNA1071982	SAMN39865522	SRX23599800	MFD00654.fa			
MFD00655	PRJNA1071982	SAMN39865523	SRX23599802	MFD00655.fa			
MFD00656	PRJNA1071982	SAMN39865524	SRX23599803	MFD00656.fa			
MFD00657	PRJNA1071982	SAMN39865525	SRX23599804	MFD00657.fa			
MFD00659	PRJNA1071982	SAMN39865526	SRX23599805	MFD00659.fa			
MFD00660	PRJNA1071982	SAMN39865527	SRX23599806	MFD00660.fa			
MFD00661	PRJNA1071982	SAMN39865528	SRX23599807	MFD00661.fa			
MFD00662	PRJNA1071982	SAMN39865529	SRX23599808	MFD00662.fa			
MFD00663	PRJNA1071982	SAMN39865530	SRX23599809	MFD00663.fa			
MFD00664	PRJNA1071982	SAMN39874916	SRX23599810	MFD00664.fa			
MFD00665	PRJNA1071982	SAMN39865531	SRX23599811	MFD00665.fa			
MFD00666	PRJNA1071982	SAMN39865532	SRX23600117	MFD00666.fa			
MFD00667	PRJNA1071982	SAMN39865533	SRX23600118	MFD00667.fa			
MFD00668	PRJNA1071982	SAMN39865534	SRX23600119	MFD00668.fa			
MFD00669	PRJNA1071982	SAMN39865535	SRX23600120	MFD00669.fa			
MFD00670	PRJNA1071982	SAMN39865536	SRX23600121	MFD00670.fa			
MFD00671	PRJNA1071982	SAMN39865537	SRX23600122	MFD00671.fa			
MFD00672	PRJNA1071982	SAMN39865538	SRX23600123	MFD00672.fa			
MFD00673	PRJNA1071982	SAMN39865539	SRX23600124	MFD00673.fa	SRX23627431	SRX23627430	SRX23662560
MFD00674	PRJNA1071982	SAMN39865540	SRX23600125	MFD00674.fa			
MFD00675	PRJNA1071982	SAMN39865541	SRX23600126	MFD00675.fa			
MFD00676	PRJNA1071982	SAMN39865542	SRX23600128	MFD00676.fa			
MFD00677	PRJNA1071982	SAMN39865543	SRX23600129	MFD00677.fa			
MFD00678	PRJNA1071982	SAMN39865544	SRX23600130	MFD00678.fa			
MFD00679	PRJNA1071982	SAMN39865545	SRX23600131	MFD00679.fa			
MFD00680	PRJNA1071982	SAMN39865546	SRX23600132	MFD00680.fa			
MFD00681	PRJNA1071982	SAMN39865547	SRX23600133	MFD00681.fa			
MFD00682	PRJNA1071982	SAMN39865548	SRX23600134	MFD00682.fa			
MFD00683	PRJNA1071982	SAMN39865549	SRX23600135	MFD00683.fa			
MFD00684	PRJNA1071982	SAMN39865550	SRX23600136	MFD00684.fa	SRX23627434	SRX23627433	SRX23662561
MFD00685	PRJNA1071982	SAMN39865551	SRX23600137	MFD00685.fa			
MFD00686	PRJNA1071982	SAMN39865552	SRX23600139	MFD00686.fa			
MFD00687	PRJNA1071982	SAMN39865553	SRX23600140	MFD00687.fa			
MFD00688	PRJNA1071982	SAMN39865554	SRX23600141	MFD00688.fa			
MFD00689	PRJNA1071982	SAMN39865555	SRX23600142	MFD00689.fa			
MFD00690	PRJNA1071982	SAMN39865556	SRX23600143	MFD00690.fa			
MFD00691	PRJNA1071982	SAMN39865557	SRX23600144	MFD00691.fa			
MFD00692	PRJNA1071982	SAMN39865558	SRX23600145	MFD00692.fa			
MFD00693	PRJNA1071982	SAMN39865559	SRX23599814	MFD00693.fa			
MFD00694	PRJNA1071982	SAMN39865560	SRX23599815	MFD00694.fa			
MFD00695	PRJNA1071982	SAMN39865561	SRX23599816	MFD00695.fa			
MFD00696	PRJNA1071982	SAMN39865562	SRX23599818	MFD00696.fa			
MFD00697	PRJNA1071982	SAMN39865563	SRX23599819	MFD00697.fa			
MFD00698	PRJNA1071982	SAMN39865564	SRX23599820	MFD00698.fa			
MFD00699	PRJNA1071982	SAMN39865565	SRX23599821	MFD00699.fa			
MFD00700	PRJNA1071982	SAMN39865566	SRX23599822	MFD00700.fa			
MFD00701	PRJNA1071982	SAMN39865567	SRX23599823	MFD00701.fa			
MFD00702	PRJNA1071982	SAMN39865568	SRX23599824	MFD00702.fa			
MFD00703	PRJNA1071982	SAMN39865569	SRX23599825	MFD00703.fa			
MFD00704	PRJNA1071982	SAMN39865570	SRX23599826	MFD00704.fa			
MFD00705	PRJNA1071982	SAMN39865571	SRX23599827	MFD00705.fa			
MFD00706	PRJNA1071982	SAMN39865572	SRX23599829	MFD00706.fa	SRX23627436	SRX23627435	SRX23662562
MFD00707	PRJNA1071982	SAMN39865573	SRX23599830	MFD00707.fa			
MFD00708	PRJNA1071982	SAMN39865574	SRX23599831	MFD00708.fa			
MFD00709	PRJNA1071982	SAMN39865575	SRX23599832	MFD00709.fa			
MFD00710	PRJNA1071982	SAMN39865576	SRX23599833	MFD00710.fa			
MFD00711	PRJNA1071982	SAMN39865577	SRX23599834	MFD00711.fa			
MFD00712	PRJNA1071982	SAMN39865578	SRX23599835	MFD00712.fa			
MFD00713	PRJNA1071982	SAMN39865579	SRX23599836	MFD00713.fa			
MFD00714	PRJNA1071982	SAMN39865580	SRX23599837	MFD00714.fa			
MFD00715	PRJNA1071982	SAMN39865581	SRX23599838	MFD00715.fa			
MFD00716	PRJNA1071982	SAMN39865582	SRX23599840	MFD00716.fa			
MFD00717	PRJNA1071982	SAMN39865583	SRX23599841	MFD00717.fa			
MFD00718	PRJNA1071982	SAMN39865584	SRX23599842	MFD00718.fa			
MFD00719	PRJNA1071982	SAMN39865585	SRX23599843	MFD00719.fa			
MFD00720	PRJNA1071982	SAMN39865586	SRX23600146	MFD00720.fa			
MFD00721	PRJNA1071982	SAMN39865587	SRX23600147	MFD00721.fa			
MFD00722	PRJNA1071982	SAMN39865588	SRX23600148	MFD00722.fa			
MFD00723	PRJNA1071982	SAMN39865589	SRX23600149	MFD00723.fa			
MFD00724	PRJNA1071982	SAMN39865590	SRX23600150	MFD00724.fa	SRX23627438	SRX23627437	SRX23662563
MFD00725	PRJNA1071982	SAMN39865591	SRX23600151	MFD00725.fa			
MFD00726	PRJNA1071982	SAMN39865592	SRX23600153	MFD00726.fa			
MFD00727	PRJNA1071982	SAMN39865593	SRX23600154	MFD00727.fa			
MFD00728	PRJNA1071982	SAMN39865594	SRX23600155	MFD00728.fa			
MFD00729	PRJNA1071982	SAMN39865595	SRX23600156	MFD00729.fa			
MFD00730	PRJNA1071982	SAMN39865596	SRX23600157	MFD00730.fa			
MFD00731	PRJNA1071982	SAMN39865597	SRX23600158	MFD00731.fa			
MFD00732	PRJNA1071982	SAMN39865598	SRX23600159	MFD00732.fa			
MFD00733	PRJNA1071982	SAMN39865599	SRX23600160	MFD00733.fa			
MFD00734	PRJNA1071982	SAMN39865600	SRX23600161	MFD00734.fa			
MFD00735	PRJNA1071982	SAMN39865601	SRX23600162	MFD00735.fa			
MFD00736	PRJNA1071982	SAMN39865602	SRX23600164	MFD00736.fa			
MFD00737	PRJNA1071982	SAMN39865603	SRX23600165	MFD00737.fa			
MFD00738	PRJNA1071982	SAMN39865604	SRX23600166	MFD00738.fa			
MFD00739	PRJNA1071982	SAMN39865605	SRX23600167	MFD00739.fa			
MFD00740	PRJNA1071982	SAMN39865606	SRX23600168	MFD00740.fa			
MFD00741	PRJNA1071982	SAMN39865607	SRX23600169	MFD00741.fa			
MFD00742	PRJNA1071982	SAMN39865608	SRX23600170	MFD00742.fa	SRX23627440	SRX23627439	SRX23662564
MFD00743	PRJNA1071982	SAMN39865609	SRX23600171	MFD00743.fa			
MFD00744	PRJNA1071982	SAMN39865610	SRX23600172	MFD00744.fa			
MFD00745	PRJNA1071982	SAMN39865611	SRX23600353	MFD00745.fa			
MFD00746	PRJNA1071982	SAMN39865612	SRX23600355	MFD00746.fa			
MFD00747	PRJNA1071982	SAMN39865613	SRX23600356	MFD00747.fa			
MFD00748	PRJNA1071982	SAMN39865614	SRX23600357	MFD00748.fa			
MFD00749	PRJNA1071982	SAMN39865615	SRX23600358	MFD00749.fa			
MFD00750	PRJNA1071982	SAMN39865616	SRX23600359	MFD00750.fa			
MFD00751	PRJNA1071982	SAMN39865617	SRX23600360	MFD00751.fa			
MFD00752	PRJNA1071982	SAMN39865618	SRX23600361	MFD00752.fa			
MFD00753	PRJNA1071982	SAMN39865619	SRX23600362	MFD00753.fa			
MFD00754	PRJNA1071982	SAMN39865620	SRX23600363	MFD00754.fa			
MFD00755	PRJNA1071982	SAMN39865621	SRX23600364	MFD00755.fa			
MFD00756	PRJNA1071982	SAMN39865622	SRX23600366	MFD00756.fa			
MFD00757	PRJNA1071982	SAMN39865623	SRX23600367	MFD00757.fa			
MFD00758	PRJNA1071982	SAMN39865624	SRX23600368	MFD00758.fa			
MFD00759	PRJNA1071982	SAMN39865625	SRX23600369	MFD00759.fa			
MFD00760	PRJNA1071982	SAMN39865626	SRX23600370	MFD00760.fa			
MFD00761	PRJNA1071982	SAMN39865627	SRX23600371	MFD00761.fa			
MFD00762	PRJNA1071982	SAMN39865628	SRX23600372	MFD00762.fa			
MFD00763	PRJNA1071982	SAMN39865629	SRX23600373	MFD00763.fa			
MFD00764	PRJNA1071982	SAMN39865630	SRX23600374	MFD00764.fa			
MFD00765	PRJNA1071982	SAMN39865631	SRX23600375	MFD00765.fa			
MFD00766	PRJNA1071982	SAMN39865632	SRX23600378	MFD00766.fa			
MFD00767	PRJNA1071982	SAMN39865633	SRX23600379	MFD00767.fa			
MFD00768	PRJNA1071982	SAMN39865634	SRX23600380	MFD00768.fa			
MFD00769	PRJNA1071982	SAMN39865635	SRX23600381	MFD00769.fa			
MFD00770	PRJNA1071982	SAMN39865636	SRX23599844	MFD00770.fa			
MFD00771	PRJNA1071982	SAMN39865637	SRX23599845	MFD00771.fa			
MFD00772	PRJNA1071982	SAMN39865638	SRX23599846	MFD00772.fa			
MFD00773	PRJNA1071982	SAMN39865639	SRX23599847	MFD00773.fa			
MFD00774	PRJNA1071982	SAMN39865640	SRX23599848	MFD00774.fa			
MFD00775	PRJNA1071982	SAMN39865641	SRX23599849	MFD00775.fa			
MFD00776	PRJNA1071982	SAMN39865642	SRX23599851	MFD00776.fa			
MFD00777	PRJNA1071982	SAMN39865643	SRX23599852	MFD00777.fa			
MFD00778	PRJNA1071982	SAMN39865644	SRX23599853	MFD00778.fa	SRX23627442	SRX23627441	SRX23662566
MFD00804	PRJNA1071982	SAMN39865645	SRX23599854	MFD00804.fa			
MFD00805	PRJNA1071982	SAMN39865646	SRX23599855	MFD00805.fa			
MFD00806	PRJNA1071982	SAMN39865647	SRX23599856	MFD00806.fa			
MFD00807	PRJNA1071982	SAMN39865648	SRX23599857	MFD00807.fa			
MFD00808	PRJNA1071982	SAMN39865649	SRX23599858	MFD00808.fa			
MFD00819	PRJNA1071982	SAMN39865650	SRX23599859	MFD00819.fa			
MFD00820	PRJNA1071982	SAMN39865651	SRX23599860	MFD00820.fa			
MFD00821	PRJNA1071982	SAMN39865652	SRX23599862	MFD00821.fa			
MFD00822	PRJNA1071982	SAMN39865653	SRX23599863	MFD00822.fa			
MFD00823	PRJNA1071982	SAMN39865654	SRX23599864	MFD00823.fa			
MFD00851	PRJNA1071982	SAMN39865655	SRX23599865	MFD00851.fa	SRX23627445	SRX23627444	SRX23662567
MFD00852	PRJNA1071982	SAMN39865656	SRX23599866	MFD00852.fa			
MFD00853	PRJNA1071982	SAMN39874917	SRX23599867	MFD00853.fa			
MFD00854	PRJNA1071982	SAMN39865657	SRX23599868	MFD00854.fa			
MFD00855	PRJNA1071982	SAMN39865658	SRX23599869	MFD00855.fa			
MFD00856	PRJNA1071982	SAMN39865659	SRX23599870	MFD00856.fa			
MFD00857	PRJNA1071982	SAMN39865660	SRX23599871	MFD00857.fa			
MFD00858	PRJNA1071982	SAMN39865661	SRX23599942	MFD00858.fa			
MFD00859	PRJNA1071982	SAMN39865662	SRX23599943	MFD00859.fa			
MFD00860	PRJNA1071982	SAMN39865663	SRX23599944	MFD00860.fa			
MFD00861	PRJNA1071982	SAMN39865664	SRX23599945	MFD00861.fa			
MFD00862	PRJNA1071982	SAMN39865665	SRX23599946	MFD00862.fa			
MFD00863	PRJNA1071982	SAMN39865666	SRX23599947	MFD00863.fa			
MFD00864	PRJNA1071982	SAMN39865667	SRX23599948	MFD00864.fa			
MFD00865	PRJNA1071982	SAMN39865668	SRX23599949	MFD00865.fa			
MFD00866	PRJNA1071982	SAMN39865669	SRX23599950	MFD00866.fa			
MFD00867	PRJNA1071982	SAMN39865670	SRX23599951	MFD00867.fa			
MFD00868	PRJNA1071982	SAMN39865671	SRX23599953	MFD00868.fa			
MFD00869	PRJNA1071982	SAMN39865672	SRX23599954	MFD00869.fa			
MFD00870	PRJNA1071982	SAMN39865673	SRX23599955	MFD00870.fa			
MFD00871	PRJNA1071982	SAMN39865674	SRX23599956	MFD00871.fa			
MFD00872	PRJNA1071982	SAMN39865675	SRX23599957	MFD00872.fa			
MFD00873	PRJNA1071982	SAMN39865676	SRX23599958	MFD00873.fa			
MFD00874	PRJNA1071982	SAMN39865677	SRX23599959	MFD00874.fa			
MFD00875	PRJNA1071982	SAMN39865678	SRX23599960	MFD00875.fa			
MFD00876	PRJNA1071982	SAMN39865679	SRX23599961	MFD00876.fa			
MFD00877	PRJNA1071982	SAMN39865680	SRX23599962	MFD00877.fa			
MFD00878	PRJNA1071982	SAMN39865681	SRX23599964	MFD00878.fa			
MFD00879	PRJNA1071982	SAMN39865682	SRX23599965	MFD00879.fa			
MFD00880	PRJNA1071982	SAMN39865683	SRX23599966	MFD00880.fa	SRX23627447	SRX23627446	SRX23662568
MFD00881	PRJNA1071982	SAMN39865684	SRX23599967	MFD00881.fa			
MFD00882	PRJNA1071982	SAMN39865685	SRX23599968	MFD00882.fa			
MFD00883	PRJNA1071982	SAMN39865686	SRX23599969	MFD00883.fa			
MFD00884	PRJNA1071982	SAMN39865687	SRX23600173	MFD00884.fa			
MFD00886	PRJNA1071982	SAMN39865688	SRX23600174	MFD00886.fa			
MFD00887	PRJNA1071982	SAMN39865689	SRX23600175	MFD00887.fa			
MFD00888	PRJNA1071982	SAMN39865690	SRX23600176	MFD00888.fa			
MFD00889	PRJNA1071982	SAMN39865691	SRX23600178	MFD00889.fa			
MFD00890	PRJNA1071982	SAMN39865692	SRX23600179	MFD00890.fa			
MFD00891	PRJNA1071982	SAMN39865693	SRX23600180	MFD00891.fa			
MFD00892	PRJNA1071982	SAMN39865694	SRX23600181	MFD00892.fa			
MFD00893	PRJNA1071982	SAMN39865695	SRX23600182	MFD00893.fa			
MFD00894	PRJNA1071982	SAMN39865696	SRX23600183	MFD00894.fa			
MFD00895	PRJNA1071982	SAMN39865697	SRX23600184	MFD00895.fa			
MFD00896	PRJNA1071982	SAMN39865698	SRX23600185	MFD00896.fa			
MFD00897	PRJNA1071982	SAMN39865699	SRX23600186	MFD00897.fa			
MFD00898	PRJNA1071982	SAMN39865700	SRX23600187	MFD00898.fa			
MFD00899	PRJNA1071982	SAMN39865701	SRX23600189	MFD00899.fa			
MFD00900	PRJNA1071982	SAMN39865702	SRX23600190	MFD00900.fa			
MFD00901	PRJNA1071982	SAMN39865703	SRX23600191	MFD00901.fa			
MFD00902	PRJNA1071982	SAMN39865704	SRX23600192	MFD00902.fa			
MFD00903	PRJNA1071982	SAMN39865705	SRX23600490	MFD00903.fa			
MFD00904	PRJNA1071982	SAMN39865706	SRX23600491	MFD00904.fa			
MFD00905	PRJNA1071982	SAMN39865707	SRX23600492	MFD00905.fa			
MFD00906	PRJNA1071982	SAMN39865708	SRX23600493	MFD00906.fa			
MFD00907	PRJNA1071982	SAMN39865709	SRX23600494	MFD00907.fa			
MFD00908	PRJNA1071982	SAMN39865710	SRX23600495	MFD00908.fa			
MFD00909	PRJNA1071982	SAMN39865711	SRX23600497	MFD00909.fa			
MFD00910	PRJNA1071982	SAMN39865712	SRX23600498	MFD00910.fa			
MFD00911	PRJNA1071982	SAMN39865713	SRX23600382	MFD00911.fa			
MFD00912	PRJNA1071982	SAMN39865714	SRX23600383	MFD00912.fa			
MFD00913	PRJNA1071982	SAMN39865715	SRX23600384	MFD00913.fa			
MFD00914	PRJNA1071982	SAMN39865716	SRX23600385	MFD00914.fa	SRX23627449	SRX23627448	SRX23662569
MFD00915	PRJNA1071982	SAMN39865717	SRX23600386	MFD00915.fa			
MFD00916	PRJNA1071982	SAMN39865718	SRX23600387	MFD00916.fa			
MFD00917	PRJNA1071982	SAMN39865719	SRX23600388	MFD00917.fa			
MFD00918	PRJNA1071982	SAMN39865720	SRX23600389	MFD00918.fa			
MFD00919	PRJNA1071982	SAMN39865721	SRX23600391	MFD00919.fa			
MFD00920	PRJNA1071982	SAMN39865722	SRX23600392	MFD00920.fa	SRX23627451	SRX23627450	SRX23662570
MFD00921	PRJNA1071982	SAMN39865723	SRX23600393	MFD00921.fa	SRX23627453	SRX23627452	SRX23662571
MFD00922	PRJNA1071982	SAMN39865724	SRX23600394	MFD00922.fa			
MFD00923	PRJNA1071982	SAMN39865725	SRX23600395	MFD00923.fa			
MFD00924	PRJNA1071982	SAMN39865726	SRX23600396	MFD00924.fa			
MFD00925	PRJNA1071982	SAMN39865727	SRX23600397	MFD00925.fa			
MFD00926	PRJNA1071982	SAMN39865728	SRX23600398	MFD00926.fa			
MFD00927	PRJNA1071982	SAMN39865729	SRX23600399	MFD00927.fa			
MFD00928	PRJNA1071982	SAMN39865730	SRX23600400	MFD00928.fa			
MFD00929	PRJNA1071982	SAMN39865731	SRX23600403	MFD00929.fa			
MFD00930	PRJNA1071982	SAMN39865732	SRX23600404	MFD00930.fa			
MFD00931	PRJNA1071982	SAMN39865733	SRX23600405	MFD00931.fa			
MFD00933	PRJNA1071982	SAMN39865734	SRX23600406	MFD00933.fa			
MFD00934	PRJNA1071982	SAMN39865735	SRX23600407	MFD00934.fa			
MFD00935	PRJNA1071982	SAMN39865736	SRX23600408	MFD00935.fa			
MFD00936	PRJNA1071982	SAMN39865737	SRX23600409	MFD00936.fa			
MFD00937	PRJNA1071982	SAMN39865738	SRX23600410	MFD00937.fa			
MFD00938	PRJNA1071982	SAMN39865739	SRX23599873	MFD00938.fa			
MFD00939	PRJNA1071982	SAMN39865740	SRX23599874	MFD00939.fa			
MFD00940	PRJNA1071982	SAMN39865741	SRX23599876	MFD00940.fa			
MFD00941	PRJNA1071982	SAMN39865742	SRX23599877	MFD00941.fa			
MFD00942	PRJNA1071982	SAMN39874918	SRX23599878	MFD00942.fa			
MFD00943	PRJNA1071982	SAMN39865743	SRX23599879	MFD00943.fa			
MFD00944	PRJNA1071982	SAMN39865744	SRX23599880	MFD00944.fa			
MFD00945	PRJNA1071982	SAMN39865745	SRX23599881	MFD00945.fa			
MFD00946	PRJNA1071982	SAMN39865746	SRX23599882	MFD00946.fa			
MFD00947	PRJNA1071982	SAMN39865747	SRX23599883	MFD00947.fa			
MFD00948	PRJNA1071982	SAMN39865748	SRX23599884	MFD00948.fa			
MFD00949	PRJNA1071982	SAMN39865749	SRX23599885	MFD00949.fa			
MFD00950	PRJNA1071982	SAMN39865750	SRX23599887	MFD00950.fa			
MFD00951	PRJNA1071982	SAMN39865751	SRX23599888	MFD00951.fa			
MFD00952	PRJNA1071982	SAMN39865752	SRX23599889	MFD00952.fa			
MFD00953	PRJNA1071982	SAMN39865753	SRX23599890	MFD00953.fa			
MFD00954	PRJNA1071982	SAMN39865754	SRX23599891	MFD00954.fa			
MFD00955	PRJNA1071982	SAMN39865755	SRX23599892	MFD00955.fa			
MFD00956	PRJNA1071982	SAMN39865756	SRX23599893	MFD00956.fa			
MFD00957	PRJNA1071982	SAMN39865757	SRX23599894	MFD00957.fa			
MFD00958	PRJNA1071982	SAMN39865758	SRX23599895	MFD00958.fa			
MFD00959	PRJNA1071982	SAMN39865759	SRX23599896	MFD00959.fa			
MFD00960	PRJNA1071982	SAMN39865760	SRX23600194	MFD00960.fa			
MFD00961	PRJNA1071982	SAMN39865761	SRX23600195	MFD00961.fa			
MFD00962	PRJNA1071982	SAMN39865762	SRX23600196	MFD00962.fa			
MFD00963	PRJNA1071982	SAMN39865763	SRX23600197	MFD00963.fa			
MFD00964	PRJNA1071982	SAMN39865764	SRX23600198	MFD00964.fa			
MFD00965	PRJNA1071982	SAMN39865765	SRX23600499	MFD00965.fa			
MFD00966	PRJNA1071982	SAMN39865766	SRX23600500	MFD00966.fa			
MFD00967	PRJNA1071982	SAMN39865767	SRX23600501	MFD00967.fa			
MFD00968	PRJNA1071982	SAMN39865768	SRX23600502	MFD00968.fa	SRX23627653	SRX23627652	SRX23662572
MFD00969	PRJNA1071982	SAMN39865769	SRX23600503	MFD00969.fa			
MFD00970	PRJNA1071982	SAMN39865770	SRX23600505	MFD00970.fa			
MFD00971	PRJNA1071982	SAMN39865771	SRX23600506	MFD00971.fa	SRX23627655	SRX23627654	SRX23662573
MFD00972	PRJNA1071982	SAMN39865772	SRX23600507	MFD00972.fa			
MFD00974	PRJNA1071982	SAMN39865773	SRX23600508	MFD00974.fa			
MFD00975	PRJNA1071982	SAMN39865774	SRX23600509	MFD00975.fa			
MFD00976	PRJNA1071982	SAMN39865775	SRX23600510	MFD00976.fa			
MFD00977	PRJNA1071982	SAMN39865776	SRX23600511	MFD00977.fa			
MFD00978	PRJNA1071982	SAMN39865777	SRX23600512	MFD00978.fa			
MFD00979	PRJNA1071982	SAMN39865778	SRX23600513	MFD00979.fa	SRX23627657	SRX23627656	SRX23662574
MFD00980	PRJNA1071982	SAMN39865779	SRX23600514	MFD00980.fa			
MFD00981	PRJNA1071982	SAMN39865780	SRX23600516	MFD00981.fa			
MFD00982	PRJNA1071982	SAMN39865781	SRX23600517	MFD00982.fa			
MFD00984	PRJNA1071982	SAMN39865782	SRX23600518	MFD00984.fa			
MFD00986	PRJNA1071982	SAMN39865783	SRX23600519	MFD00986.fa			
MFD00987	PRJNA1071982	SAMN39865784	SRX23600520	MFD00987.fa			
MFD00988	PRJNA1071982	SAMN39865785	SRX23600521	MFD00988.fa			
MFD00989	PRJNA1071982	SAMN39865786	SRX23600522	MFD00989.fa			
MFD00991	PRJNA1071982	SAMN39865787	SRX23600523	MFD00991.fa			
MFD00992	PRJNA1071982	SAMN39865788	SRX23600524	MFD00992.fa			
MFD00993	PRJNA1071982	SAMN39865789	SRX23600525	MFD00993.fa			
MFD00994	PRJNA1071982	SAMN39865790	SRX23600527	MFD00994.fa			
MFD00995	PRJNA1071982	SAMN39865791	SRX23600411	MFD00995.fa			
MFD00996	PRJNA1071982	SAMN39865792	SRX23600412	MFD00996.fa	SRX23627659	SRX23627658	SRX23662575
MFD00997	PRJNA1071982	SAMN39865793	SRX23600413	MFD00997.fa			
MFD00998	PRJNA1071982	SAMN39865794	SRX23600414	MFD00998.fa			
MFD00999	PRJNA1071982	SAMN39865795	SRX23600415	MFD00999.fa			
MFD01000	PRJNA1071982	SAMN39865796	SRX23600416	MFD01000.fa			
MFD01001	PRJNA1071982	SAMN39865797	SRX23600417	MFD01001.fa			
MFD01002	PRJNA1071982	SAMN39865798	SRX23600418	MFD01002.fa			
MFD01003	PRJNA1071982	SAMN39865799	SRX23600419	MFD01003.fa			
MFD01004	PRJNA1071982	SAMN39865800	SRX23600421	MFD01004.fa			
MFD01005	PRJNA1071982	SAMN39865801	SRX23600422	MFD01005.fa			
MFD01006	PRJNA1071982	SAMN39865802	SRX23600423	MFD01006.fa			
MFD01007	PRJNA1071982	SAMN39865803	SRX23600424	MFD01007.fa	SRX23627661	SRX23627660	SRX23662577
MFD01008	PRJNA1071982	SAMN39865804	SRX23600425	MFD01008.fa			
MFD01009	PRJNA1071982	SAMN39865805	SRX23600426	MFD01009.fa			
MFD01010	PRJNA1071982	SAMN39865806	SRX23600427	MFD01010.fa			
MFD01011	PRJNA1071982	SAMN39865807	SRX23600428	MFD01011.fa			
MFD01012	PRJNA1071982	SAMN39865808	SRX23600429	MFD01012.fa			
MFD01013	PRJNA1071982	SAMN39865809	SRX23600430	MFD01013.fa			
MFD01014	PRJNA1071982	SAMN39865810	SRX23600432	MFD01014.fa			
MFD01015	PRJNA1071982	SAMN39865811	SRX23600433	MFD01015.fa			
MFD01016	PRJNA1071982	SAMN39865812	SRX23600434	MFD01016.fa			
MFD01017	PRJNA1071982	SAMN39865813	SRX23600435	MFD01017.fa			
MFD01018	PRJNA1071982	SAMN39865814	SRX23600436	MFD01018.fa			
MFD01019	PRJNA1071982	SAMN39865815	SRX23600437	MFD01019.fa			
MFD01020	PRJNA1071982	SAMN39865816	SRX23600438	MFD01020.fa			
MFD01021	PRJNA1071982	SAMN39865817	SRX23600439	MFD01021.fa			
MFD01022	PRJNA1071982	SAMN39865818	SRX23600199	MFD01022.fa			
MFD01023	PRJNA1071982	SAMN39865819	SRX23600200	MFD01023.fa			
MFD01024	PRJNA1071982	SAMN39865820	SRX23600202	MFD01024.fa			
MFD01025	PRJNA1071982	SAMN39865821	SRX23600203	MFD01025.fa			
MFD01026	PRJNA1071982	SAMN39865822	SRX23600204	MFD01026.fa			
MFD01027	PRJNA1071982	SAMN39865823	SRX23600205	MFD01027.fa			
MFD01029	PRJNA1071982	SAMN39865824	SRX23600206	MFD01029.fa			
MFD01030	PRJNA1071982	SAMN39865825	SRX23600207	MFD01030.fa			
MFD01031	PRJNA1071982	SAMN39865826	SRX23600208	MFD01031.fa			
MFD01032	PRJNA1071982	SAMN39865827	SRX23600209	MFD01032.fa			
MFD01033	PRJNA1071982	SAMN39865828	SRX23600210	MFD01033.fa			
MFD01034	PRJNA1071982	SAMN39865829	SRX23600211	MFD01034.fa			
MFD01035	PRJNA1071982	SAMN39865830	SRX23600214	MFD01035.fa			
MFD01036	PRJNA1071982	SAMN39865831	SRX23600215	MFD01036.fa			
MFD01037	PRJNA1071982	SAMN39865832	SRX23600216	MFD01037.fa			
MFD01038	PRJNA1071982	SAMN39865833	SRX23600217	MFD01038.fa			
MFD01039	PRJNA1071982	SAMN39865834	SRX23600218	MFD01039.fa			
MFD01040	PRJNA1071982	SAMN39865835	SRX23600219	MFD01040.fa			
MFD01041	PRJNA1071982	SAMN39865836	SRX23600220	MFD01041.fa	SRX23627664	SRX23627663	SRX23662578
MFD01042	PRJNA1071982	SAMN39865837	SRX23600221	MFD01042.fa			
MFD01043	PRJNA1071982	SAMN39865838	SRX23600222	MFD01043.fa			
MFD01044	PRJNA1071982	SAMN39865839	SRX23600223	MFD01044.fa			
MFD01045	PRJNA1071982	SAMN39865840	SRX23600225	MFD01045.fa			
MFD01046	PRJNA1071982	SAMN39865841	SRX23600226	MFD01046.fa			
MFD01047	PRJNA1071982	SAMN39865842	SRX23600227	MFD01047.fa			
MFD01048	PRJNA1071982	SAMN39865843	SRX23599970	MFD01048.fa			
MFD01049	PRJNA1071982	SAMN39865844	SRX23599971	MFD01049.fa			
MFD01050	PRJNA1071982	SAMN39865845	SRX23599972	MFD01050.fa			
MFD01051	PRJNA1071982	SAMN39865846	SRX23599973	MFD01051.fa			
MFD01052	PRJNA1071982	SAMN39865847	SRX23599974	MFD01052.fa			
MFD01053	PRJNA1071982	SAMN39865848	SRX23599975	MFD01053.fa			
MFD01054	PRJNA1071982	SAMN39865849	SRX23599976	MFD01054.fa	SRX23627666	SRX23627665	SRX23662579
MFD01055	PRJNA1071982	SAMN39865850	SRX23599978	MFD01055.fa			
MFD01056	PRJNA1071982	SAMN39865851	SRX23599979	MFD01056.fa			
MFD01057	PRJNA1071982	SAMN39865852	SRX23599980	MFD01057.fa			
MFD01058	PRJNA1071982	SAMN39865853	SRX23599981	MFD01058.fa			
MFD01059	PRJNA1071982	SAMN39865854	SRX23599982	MFD01059.fa			
MFD01060	PRJNA1071982	SAMN39865855	SRX23599983	MFD01060.fa			
MFD01061	PRJNA1071982	SAMN39865856	SRX23599984	MFD01061.fa			
MFD01062	PRJNA1071982	SAMN39865857	SRX23599985	MFD01062.fa	SRX23627668	SRX23627667	SRX23662580
MFD01063	PRJNA1071982	SAMN39865858	SRX23599986	MFD01063.fa			
MFD01064	PRJNA1071982	SAMN39865859	SRX23599987	MFD01064.fa			
MFD01065	PRJNA1071982	SAMN39865860	SRX23626504	MFD01065.fa			
MFD01066	PRJNA1071982	SAMN39865861	SRX23626505	MFD01066.fa			
MFD01067	PRJNA1071982	SAMN39865862	SRX23626560	MFD01067.fa			
MFD01068	PRJNA1071982	SAMN39865863	SRX23626584	MFD01068.fa			
MFD01069	PRJNA1071982	SAMN39865864	SRX23626611	MFD01069.fa			
MFD01070	PRJNA1071982	SAMN39865865	SRX23626638	MFD01070.fa	SRX23627670	SRX23627669	SRX23662581
MFD01071	PRJNA1071982	SAMN39865866	SRX23626665	MFD01071.fa			
MFD01072	PRJNA1071982	SAMN39865867	SRX23626944	MFD01072.fa			
MFD01073	PRJNA1071982	SAMN39865868	SRX23626971	MFD01073.fa			
MFD01074	PRJNA1071982	SAMN39865869	SRX23626984	MFD01074.fa			
MFD01075	PRJNA1071982	SAMN39865870	SRX23626506	MFD01075.fa			
MFD01076	PRJNA1071982	SAMN39865871	SRX23626517	MFD01076.fa			
MFD01077	PRJNA1071982	SAMN39865872	SRX23626528	MFD01077.fa			
MFD01078	PRJNA1071982	SAMN39865873	SRX23626764	MFD01078.fa			
MFD01079	PRJNA1071982	SAMN39865874	SRX23626775	MFD01079.fa			
MFD01080	PRJNA1071982	SAMN39865875	SRX23626995	MFD01080.fa			
MFD01081	PRJNA1071982	SAMN39865876	SRX23627006	MFD01081.fa			
MFD01082	PRJNA1071982	SAMN39865877	SRX23627017	MFD01082.fa			
MFD01083	PRJNA1071982	SAMN39865878	SRX23626538	MFD01083.fa			
MFD01085	PRJNA1071982	SAMN39865879	SRX23626549	MFD01085.fa			
MFD01086	PRJNA1071982	SAMN39865880	SRX23626561	MFD01086.fa			
MFD01088	PRJNA1071982	SAMN39865881	SRX23627202	MFD01088.fa			
MFD01089	PRJNA1071982	SAMN39865882	SRX23627213	MFD01089.fa			
MFD01090	PRJNA1071982	SAMN39865883	SRX23626789	MFD01090.fa			
MFD01091	PRJNA1071982	SAMN39865884	SRX23626800	MFD01091.fa			
MFD01092	PRJNA1071982	SAMN39865885	SRX23626811	MFD01092.fa			
MFD01093	PRJNA1071982	SAMN39865886	SRX23627030	MFD01093.fa			
MFD01094	PRJNA1071982	SAMN39865887	SRX23627041	MFD01094.fa			
MFD01095	PRJNA1071982	SAMN39865888	SRX23626562	MFD01095.fa			
MFD01096	PRJNA1071982	SAMN39865889	SRX23626573	MFD01096.fa			
MFD01097	PRJNA1071982	SAMN39865890	SRX23626585	MFD01097.fa			
MFD01099	PRJNA1071982	SAMN39865891	SRX23627228	MFD01099.fa			
MFD01100	PRJNA1071982	SAMN39865892	SRX23627239	MFD01100.fa			
MFD01101	PRJNA1071982	SAMN39865893	SRX23626816	MFD01101.fa			
MFD01102	PRJNA1071982	SAMN39865894	SRX23626827	MFD01102.fa			
MFD01103	PRJNA1071982	SAMN39865895	SRX23626838	MFD01103.fa			
MFD01104	PRJNA1071982	SAMN39865896	SRX23627058	MFD01104.fa			
MFD01105	PRJNA1071982	SAMN39865897	SRX23627069	MFD01105.fa	SRX23627672	SRX23627671	SRX23662582
MFD01106	PRJNA1071982	SAMN39865898	SRX23626589	MFD01106.fa			
MFD01107	PRJNA1071982	SAMN39865899	SRX23626600	MFD01107.fa			
MFD01108	PRJNA1071982	SAMN39865900	SRX23626612	MFD01108.fa			
MFD01109	PRJNA1071982	SAMN39865901	SRX23627255	MFD01109.fa			
MFD01110	PRJNA1071982	SAMN39865902	SRX23627266	MFD01110.fa	SRX23627675	SRX23627674	SRX23662459
MFD01111	PRJNA1071982	SAMN39865903	SRX23626843	MFD01111.fa			
MFD01112	PRJNA1071982	SAMN39865904	SRX23626854	MFD01112.fa			
MFD01113	PRJNA1071982	SAMN39865905	SRX23626865	MFD01113.fa			
MFD01114	PRJNA1071982	SAMN39865906	SRX23627085	MFD01114.fa			
MFD01115	PRJNA1071982	SAMN39865907	SRX23627096	MFD01115.fa			
MFD01116	PRJNA1071982	SAMN39865908	SRX23627107	MFD01116.fa			
MFD01117	PRJNA1071982	SAMN39865909	SRX23626627	MFD01117.fa			
MFD01118	PRJNA1071982	SAMN39865910	SRX23626639	MFD01118.fa			
MFD01119	PRJNA1071982	SAMN39865911	SRX23627282	MFD01119.fa			
MFD01120	PRJNA1071982	SAMN39865912	SRX23627293	MFD01120.fa			
MFD01121	PRJNA1071982	SAMN39865913	SRX23627304	MFD01121.fa			
MFD01122	PRJNA1071982	SAMN39865914	SRX23626880	MFD01122.fa			
MFD01124	PRJNA1071982	SAMN39865915	SRX23626891	MFD01124.fa			
MFD01125	PRJNA1071982	SAMN39865916	SRX23627112	MFD01125.fa			
MFD01126	PRJNA1071982	SAMN39865917	SRX23627123	MFD01126.fa			
MFD01128	PRJNA1071982	SAMN39865918	SRX23627134	MFD01128.fa			
MFD01129	PRJNA1071982	SAMN39865919	SRX23626654	MFD01129.fa			
MFD01130	PRJNA1071982	SAMN39865920	SRX23626666	MFD01130.fa			
MFD01131	PRJNA1071982	SAMN39865921	SRX23626901	MFD01131.fa			
MFD01132	PRJNA1071982	SAMN39865922	SRX23626912	MFD01132.fa			
MFD01133	PRJNA1071982	SAMN39865923	SRX23626923	MFD01133.fa			
MFD01134	PRJNA1071982	SAMN39865924	SRX23626682	MFD01134.fa			
MFD01136	PRJNA1071982	SAMN39865925	SRX23626693	MFD01136.fa			
MFD01137	PRJNA1071982	SAMN39865926	SRX23627308	MFD01137.fa			
MFD01138	PRJNA1071982	SAMN39865927	SRX23627319	MFD01138.fa			
MFD01139	PRJNA1071982	SAMN39865928	SRX23627330	MFD01139.fa			
MFD01140	PRJNA1071982	SAMN39865929	SRX23626933	MFD01140.fa			
MFD01141	PRJNA1071982	SAMN39865930	SRX23626945	MFD01141.fa			
MFD01142	PRJNA1071982	SAMN39865931	SRX23627139	MFD01142.fa			
MFD01143	PRJNA1071982	SAMN39865932	SRX23627150	MFD01143.fa			
MFD01144	PRJNA1071982	SAMN39866084	SRX23627161	MFD01144.fa			
MFD01145	PRJNA1071982	SAMN39866085	SRX23626710	MFD01145.fa			
MFD01146	PRJNA1071982	SAMN39866086	SRX23626721	MFD01146.fa			
MFD01147	PRJNA1071982	SAMN39866087	SRX23627336	MFD01147.fa			
MFD01148	PRJNA1071982	SAMN39866088	SRX23627347	MFD01148.fa			
MFD01149	PRJNA1071982	SAMN39866089	SRX23627358	MFD01149.fa			
MFD01150	PRJNA1071982	SAMN39866090	SRX23626960	MFD01150.fa			
MFD01151	PRJNA1071982	SAMN39866091	SRX23626972	MFD01151.fa			
MFD01152	PRJNA1071982	SAMN39866092	SRX23627166	MFD01152.fa			
MFD01153	PRJNA1071982	SAMN39866093	SRX23627177	MFD01153.fa			
MFD01154	PRJNA1071982	SAMN39866094	SRX23627188	MFD01154.fa			
MFD01155	PRJNA1071982	SAMN39866095	SRX23626737	MFD01155.fa			
MFD01156	PRJNA1071982	SAMN39866096	SRX23626748	MFD01156.fa			
MFD01157	PRJNA1071982	SAMN39866097	SRX23627363	MFD01157.fa			
MFD01158	PRJNA1071982	SAMN39866098	SRX23627374	MFD01158.fa			
MFD01159	PRJNA1071982	SAMN39866099	SRX23627385	MFD01159.fa			
MFD01160	PRJNA1071982	SAMN39866100	SRX23626983	MFD01160.fa			
MFD01161	PRJNA1071982	SAMN39866101	SRX23626985	MFD01161.fa			
MFD01163	PRJNA1071982	SAMN39866102	SRX23626986	MFD01163.fa			
MFD01165	PRJNA1071982	SAMN39866103	SRX23626987	MFD01165.fa			
MFD01166	PRJNA1071982	SAMN39866104	SRX23626988	MFD01166.fa			
MFD01167	PRJNA1071982	SAMN39866105	SRX23626989	MFD01167.fa			
MFD01169	PRJNA1071982	SAMN39866106	SRX23626990	MFD01169.fa			
MFD01170	PRJNA1071982	SAMN39874919	SRX23626991	MFD01170.fa			
MFD01171	PRJNA1071982	SAMN39866107	SRX23626992	MFD01171.fa			
MFD01172	PRJNA1071982	SAMN39866108	SRX23626993	MFD01172.fa			
MFD01174	PRJNA1071982	SAMN39866109	SRX23626994	MFD01174.fa			
MFD01175	PRJNA1071982	SAMN39866110	SRX23626507	MFD01175.fa			
MFD01176	PRJNA1071982	SAMN39866111	SRX23626508	MFD01176.fa			
MFD01177	PRJNA1071982	SAMN39866112	SRX23626509	MFD01177.fa			
MFD01179	PRJNA1071982	SAMN39866113	SRX23626510	MFD01179.fa			
MFD01180	PRJNA1071982	SAMN39866114	SRX23626511	MFD01180.fa			
MFD01181	PRJNA1071982	SAMN39866115	SRX23626512	MFD01181.fa			
MFD01182	PRJNA1071982	SAMN39866116	SRX23626513	MFD01182.fa			
MFD01183	PRJNA1071982	SAMN39866117	SRX23626514	MFD01183.fa			
MFD01184	PRJNA1071982	SAMN39866118	SRX23626515	MFD01184.fa			
MFD01185	PRJNA1071982	SAMN39866119	SRX23626516	MFD01185.fa			
MFD01186	PRJNA1071982	SAMN39866120	SRX23626518	MFD01186.fa			
MFD01187	PRJNA1071982	SAMN39866121	SRX23626519	MFD01187.fa			
MFD01188	PRJNA1071982	SAMN39866122	SRX23626520	MFD01188.fa			
MFD01189	PRJNA1071982	SAMN39866123	SRX23626521	MFD01189.fa			
MFD01190	PRJNA1071982	SAMN39866124	SRX23626522	MFD01190.fa			
MFD01191	PRJNA1071982	SAMN39866125	SRX23626523	MFD01191.fa			
MFD01192	PRJNA1071982	SAMN39866126	SRX23626524	MFD01192.fa			
MFD01193	PRJNA1071982	SAMN39866127	SRX23626525	MFD01193.fa			
MFD01194	PRJNA1071982	SAMN39866128	SRX23626526	MFD01194.fa			
MFD01195	PRJNA1071982	SAMN39866129	SRX23626527	MFD01195.fa			
MFD01196	PRJNA1071982	SAMN39866130	SRX23626529	MFD01196.fa			
MFD01197	PRJNA1071982	SAMN39866131	SRX23626530	MFD01197.fa			
MFD01198	PRJNA1071982	SAMN39866132	SRX23626531	MFD01198.fa			
MFD01199	PRJNA1071982	SAMN39866133	SRX23626532	MFD01199.fa			
MFD01200	PRJNA1071982	SAMN39866134	SRX23626758	MFD01200.fa			
MFD01201	PRJNA1071982	SAMN39866135	SRX23626759	MFD01201.fa			
MFD01202	PRJNA1071982	SAMN39866136	SRX23626760	MFD01202.fa			
MFD01203	PRJNA1071982	SAMN39866137	SRX23626761	MFD01203.fa			
MFD01204	PRJNA1071982	SAMN39866138	SRX23626762	MFD01204.fa	SRX23627677	SRX23627676	SRX23662460
MFD01205	PRJNA1071982	SAMN39866139	SRX23626763	MFD01205.fa			
MFD01206	PRJNA1071982	SAMN39866140	SRX23626765	MFD01206.fa			
MFD01207	PRJNA1071982	SAMN39866141	SRX23626766	MFD01207.fa			
MFD01208	PRJNA1071982	SAMN39866142	SRX23626767	MFD01208.fa			
MFD01209	PRJNA1071982	SAMN39866143	SRX23626768	MFD01209.fa			
MFD01210	PRJNA1071982	SAMN39866144	SRX23626769	MFD01210.fa			
MFD01212	PRJNA1071982	SAMN39866145	SRX23626770	MFD01212.fa			
MFD01213	PRJNA1071982	SAMN39866146	SRX23626771	MFD01213.fa			
MFD01214	PRJNA1071982	SAMN39866147	SRX23626772	MFD01214.fa			
MFD01215	PRJNA1071982	SAMN39866148	SRX23626773	MFD01215.fa			
MFD01216	PRJNA1071982	SAMN39866149	SRX23626774	MFD01216.fa			
MFD01217	PRJNA1071982	SAMN39866150	SRX23626776	MFD01217.fa			
MFD01219	PRJNA1071982	SAMN39866151	SRX23626777	MFD01219.fa			
MFD01221	PRJNA1071982	SAMN39866152	SRX23626778	MFD01221.fa			
MFD01222	PRJNA1071982	SAMN39866153	SRX23626779	MFD01222.fa			
MFD01223	PRJNA1071982	SAMN39866154	SRX23626780	MFD01223.fa			
MFD01224	PRJNA1071982	SAMN39866155	SRX23626781	MFD01224.fa			
MFD01225	PRJNA1071982	SAMN39866156	SRX23626782	MFD01225.fa	SRX23627679	SRX23627678	SRX23662461
MFD01226	PRJNA1071982	SAMN39866157	SRX23626783	MFD01226.fa	SRX23627681	SRX23627680	SRX23662462
MFD01227	PRJNA1071982	SAMN39866158	SRX23626784	MFD01227.fa			
MFD01228	PRJNA1071982	SAMN39866159	SRX23626785	MFD01228.fa			
MFD01229	PRJNA1071982	SAMN39866160	SRX23626996	MFD01229.fa			
MFD01230	PRJNA1071982	SAMN39866161	SRX23626997	MFD01230.fa			
MFD01231	PRJNA1071982	SAMN39866162	SRX23626998	MFD01231.fa			
MFD01232	PRJNA1071982	SAMN39866163	SRX23626999	MFD01232.fa			
MFD01233	PRJNA1071982	SAMN39866164	SRX23627000	MFD01233.fa			
MFD01234	PRJNA1071982	SAMN39866165	SRX23627001	MFD01234.fa			
MFD01235	PRJNA1071982	SAMN39866166	SRX23627002	MFD01235.fa			
MFD01236	PRJNA1071982	SAMN39866167	SRX23627003	MFD01236.fa			
MFD01237	PRJNA1071982	SAMN39866168	SRX23627004	MFD01237.fa			
MFD01238	PRJNA1071982	SAMN39866169	SRX23627005	MFD01238.fa	SRX23628131	SRX23627682	SRX23662464
MFD01239	PRJNA1071982	SAMN39866170	SRX23627007	MFD01239.fa			
MFD01240	PRJNA1071982	SAMN39866171	SRX23627008	MFD01240.fa			
MFD01241	PRJNA1071982	SAMN39866172	SRX23627009	MFD01241.fa			
MFD01242	PRJNA1071982	SAMN39866173	SRX23627010	MFD01242.fa			
MFD01243	PRJNA1071982	SAMN39866174	SRX23627011	MFD01243.fa			
MFD01244	PRJNA1071982	SAMN39866175	SRX23627012	MFD01244.fa			
MFD01245	PRJNA1071982	SAMN39866176	SRX23627013	MFD01245.fa			
MFD01246	PRJNA1071982	SAMN39866177	SRX23627014	MFD01246.fa			
MFD01247	PRJNA1071982	SAMN39866178	SRX23627015	MFD01247.fa			
MFD01248	PRJNA1071982	SAMN39866179	SRX23627016	MFD01248.fa			
MFD01249	PRJNA1071982	SAMN39866180	SRX23627018	MFD01249.fa			
MFD01250	PRJNA1071982	SAMN39866181	SRX23627019	MFD01250.fa			
MFD01251	PRJNA1071982	SAMN39866182	SRX23627020	MFD01251.fa			
MFD01252	PRJNA1071982	SAMN39866183	SRX23627021	MFD01252.fa			
MFD01253	PRJNA1071982	SAMN39866184	SRX23627022	MFD01253.fa			
MFD01254	PRJNA1071982	SAMN39866185	SRX23626533	MFD01254.fa			
MFD01255	PRJNA1071982	SAMN39866186	SRX23626534	MFD01255.fa			
MFD01256	PRJNA1071982	SAMN39866187	SRX23626535	MFD01256.fa			
MFD01257	PRJNA1071982	SAMN39866188	SRX23626536	MFD01257.fa			
MFD01258	PRJNA1071982	SAMN39866189	SRX23626537	MFD01258.fa			
MFD01259	PRJNA1071982	SAMN39866190	SRX23626539	MFD01259.fa			
MFD01260	PRJNA1071982	SAMN39866191	SRX23626540	MFD01260.fa			
MFD01261	PRJNA1071982	SAMN39866192	SRX23626541	MFD01261.fa			
MFD01262	PRJNA1071982	SAMN39866193	SRX23626542	MFD01262.fa			
MFD01263	PRJNA1071982	SAMN39866194	SRX23626543	MFD01263.fa			
MFD01264	PRJNA1071982	SAMN39866195	SRX23626544	MFD01264.fa			
MFD01265	PRJNA1071982	SAMN39866196	SRX23626545	MFD01265.fa	SRX23628134	SRX23628133	SRX23662465
MFD01266	PRJNA1071982	SAMN39866197	SRX23626546	MFD01266.fa			
MFD01267	PRJNA1071982	SAMN39866198	SRX23626547	MFD01267.fa			
MFD01268	PRJNA1071982	SAMN39866199	SRX23626548	MFD01268.fa			
MFD01269	PRJNA1071982	SAMN39866200	SRX23626550	MFD01269.fa			
MFD01270	PRJNA1071982	SAMN39866201	SRX23626551	MFD01270.fa			
MFD01271	PRJNA1071982	SAMN39866202	SRX23626552	MFD01271.fa			
MFD01272	PRJNA1071982	SAMN39866203	SRX23626553	MFD01272.fa			
MFD01273	PRJNA1071982	SAMN39866204	SRX23626554	MFD01273.fa			
MFD01274	PRJNA1071982	SAMN39866205	SRX23626555	MFD01274.fa	SRX23628136	SRX23628135	SRX23662466
MFD01275	PRJNA1071982	SAMN39866206	SRX23626556	MFD01275.fa			
MFD01276	PRJNA1071982	SAMN39866207	SRX23626557	MFD01276.fa			
MFD01277	PRJNA1071982	SAMN39866208	SRX23626558	MFD01277.fa			
MFD01278	PRJNA1071982	SAMN39866209	SRX23626559	MFD01278.fa			
MFD01279	PRJNA1071982	SAMN39866210	SRX23627192	MFD01279.fa			
MFD01280	PRJNA1071982	SAMN39866211	SRX23627193	MFD01280.fa			
MFD01281	PRJNA1071982	SAMN39866212	SRX23627194	MFD01281.fa			
MFD01282	PRJNA1071982	SAMN39866213	SRX23627195	MFD01282.fa			
MFD01283	PRJNA1071982	SAMN39866214	SRX23627196	MFD01283.fa			
MFD01284	PRJNA1071982	SAMN39866215	SRX23627197	MFD01284.fa			
MFD01285	PRJNA1071982	SAMN39866216	SRX23627198	MFD01285.fa			
MFD01286	PRJNA1071982	SAMN39866217	SRX23627199	MFD01286.fa			
MFD01287	PRJNA1071982	SAMN39866218	SRX23627200	MFD01287.fa			
MFD01288	PRJNA1071982	SAMN39866219	SRX23627201	MFD01288.fa			
MFD01289	PRJNA1071982	SAMN39866220	SRX23627203	MFD01289.fa			
MFD01290	PRJNA1071982	SAMN39866221	SRX23627204	MFD01290.fa			
MFD01291	PRJNA1071982	SAMN39866222	SRX23627205	MFD01291.fa			
MFD01292	PRJNA1071982	SAMN39866223	SRX23627206	MFD01292.fa			
MFD01293	PRJNA1071982	SAMN39866224	SRX23627207	MFD01293.fa			
MFD01294	PRJNA1071982	SAMN39866225	SRX23627208	MFD01294.fa			
MFD01295	PRJNA1071982	SAMN39866226	SRX23627209	MFD01295.fa			
MFD01296	PRJNA1071982	SAMN39866227	SRX23627210	MFD01296.fa			
MFD01297	PRJNA1071982	SAMN39866228	SRX23627211	MFD01297.fa			
MFD01298	PRJNA1071982	SAMN39866229	SRX23627212	MFD01298.fa			
MFD01299	PRJNA1071982	SAMN39866230	SRX23627214	MFD01299.fa			
MFD01300	PRJNA1071982	SAMN39866231	SRX23627215	MFD01300.fa			
MFD01301	PRJNA1071982	SAMN39866232	SRX23627216	MFD01301.fa			
MFD01302	PRJNA1071982	SAMN39866233	SRX23627217	MFD01302.fa			
MFD01303	PRJNA1071982	SAMN39866234	SRX23627218	MFD01303.fa			
MFD01304	PRJNA1071982	SAMN39866235	SRX23627219	MFD01304.fa			
MFD01305	PRJNA1071982	SAMN39866236	SRX23627220	MFD01305.fa			
MFD01306	PRJNA1071982	SAMN39866237	SRX23626786	MFD01306.fa			
MFD01307	PRJNA1071982	SAMN39866238	SRX23626787	MFD01307.fa			
MFD01308	PRJNA1071982	SAMN39866239	SRX23626788	MFD01308.fa			
MFD01309	PRJNA1071982	SAMN39866240	SRX23626790	MFD01309.fa			
MFD01310	PRJNA1071982	SAMN39866241	SRX23626791	MFD01310.fa			
MFD01311	PRJNA1071982	SAMN39866242	SRX23626792	MFD01311.fa			
MFD01312	PRJNA1071982	SAMN39866243	SRX23626793	MFD01312.fa			
MFD01313	PRJNA1071982	SAMN39866244	SRX23626794	MFD01313.fa			
MFD01314	PRJNA1071982	SAMN39866245	SRX23626795	MFD01314.fa			
MFD01315	PRJNA1071982	SAMN39866246	SRX23626796	MFD01315.fa			
MFD01316	PRJNA1071982	SAMN39866247	SRX23626797	MFD01316.fa			
MFD01317	PRJNA1071982	SAMN39866248	SRX23626798	MFD01317.fa			
MFD01318	PRJNA1071982	SAMN39866249	SRX23626799	MFD01318.fa			
MFD01319	PRJNA1071982	SAMN39866250	SRX23626801	MFD01319.fa	SRX23628138	SRX23628137	SRX23662467
MFD01320	PRJNA1071982	SAMN39866251	SRX23626802	MFD01320.fa			
MFD01321	PRJNA1071982	SAMN39866252	SRX23626803	MFD01321.fa			
MFD01323	PRJNA1071982	SAMN39866253	SRX23626804	MFD01323.fa			
MFD01324	PRJNA1071982	SAMN39866254	SRX23626805	MFD01324.fa			
MFD01325	PRJNA1071982	SAMN39866255	SRX23626806	MFD01325.fa			
MFD01326	PRJNA1071982	SAMN39866256	SRX23626807	MFD01326.fa			
MFD01327	PRJNA1071982	SAMN39866257	SRX23626808	MFD01327.fa			
MFD01328	PRJNA1071982	SAMN39866258	SRX23626809	MFD01328.fa			
MFD01329	PRJNA1071982	SAMN39866259	SRX23626810	MFD01329.fa			
MFD01330	PRJNA1071982	SAMN39866260	SRX23626812	MFD01330.fa			
MFD01331	PRJNA1071982	SAMN39866261	SRX23626813	MFD01331.fa			
MFD01332	PRJNA1071982	SAMN39866262	SRX23626814	MFD01332.fa			
MFD01333	PRJNA1071982	SAMN39866263	SRX23627023	MFD01333.fa			
MFD01334	PRJNA1071982	SAMN39866264	SRX23627024	MFD01334.fa			
MFD01335	PRJNA1071982	SAMN39866265	SRX23627025	MFD01335.fa			
MFD01336	PRJNA1071982	SAMN39866266	SRX23627026	MFD01336.fa			
MFD01337	PRJNA1071982	SAMN39866267	SRX23627027	MFD01337.fa			
MFD01338	PRJNA1071982	SAMN39866268	SRX23627028	MFD01338.fa			
MFD01339	PRJNA1071982	SAMN39866269	SRX23627029	MFD01339.fa			
MFD01340	PRJNA1071982	SAMN39866270	SRX23627031	MFD01340.fa			
MFD01341	PRJNA1071982	SAMN39866271	SRX23627032	MFD01341.fa			
MFD01342	PRJNA1071982	SAMN39866272	SRX23627033	MFD01342.fa			
MFD01343	PRJNA1071982	SAMN39866273	SRX23627034	MFD01343.fa			
MFD01344	PRJNA1071982	SAMN39866274	SRX23627035	MFD01344.fa			
MFD01345	PRJNA1071982	SAMN39866275	SRX23627036	MFD01345.fa			
MFD01346	PRJNA1071982	SAMN39866276	SRX23627037	MFD01346.fa			
MFD01347	PRJNA1071982	SAMN39866277	SRX23627038	MFD01347.fa			
MFD01348	PRJNA1071982	SAMN39866278	SRX23627039	MFD01348.fa			
MFD01349	PRJNA1071982	SAMN39866279	SRX23627040	MFD01349.fa			
MFD01350	PRJNA1071982	SAMN39866280	SRX23627042	MFD01350.fa			
MFD01352	PRJNA1071982	SAMN39866281	SRX23627043	MFD01352.fa			
MFD01353	PRJNA1071982	SAMN39866282	SRX23627044	MFD01353.fa			
MFD01354	PRJNA1071982	SAMN39866283	SRX23627045	MFD01354.fa			
MFD01355	PRJNA1071982	SAMN39866284	SRX23627046	MFD01355.fa			
MFD01356	PRJNA1071982	SAMN39866285	SRX23627047	MFD01356.fa			
MFD01357	PRJNA1071982	SAMN39866286	SRX23627048	MFD01357.fa			
MFD01358	PRJNA1071982	SAMN39866287	SRX23627049	MFD01358.fa			
MFD01359	PRJNA1071982	SAMN39866288	SRX23627050	MFD01359.fa			
MFD01360	PRJNA1071982	SAMN39866289	SRX23627051	MFD01360.fa			
MFD01361	PRJNA1071982	SAMN39866290	SRX23626563	MFD01361.fa			
MFD01362	PRJNA1071982	SAMN39866291	SRX23626564	MFD01362.fa			
MFD01363	PRJNA1071982	SAMN39866292	SRX23626565	MFD01363.fa			
MFD01364	PRJNA1071982	SAMN39866293	SRX23626566	MFD01364.fa			
MFD01365	PRJNA1071982	SAMN39866294	SRX23626567	MFD01365.fa			
MFD01366	PRJNA1071982	SAMN39866295	SRX23626568	MFD01366.fa			
MFD01367	PRJNA1071982	SAMN39866296	SRX23626569	MFD01367.fa			
MFD01368	PRJNA1071982	SAMN39866297	SRX23626570	MFD01368.fa			
MFD01369	PRJNA1071982	SAMN39866298	SRX23626571	MFD01369.fa			
MFD01370	PRJNA1071982	SAMN39866299	SRX23626572	MFD01370.fa			
MFD01371	PRJNA1071982	SAMN39866300	SRX23626574	MFD01371.fa			
MFD01372	PRJNA1071982	SAMN39866301	SRX23626575	MFD01372.fa			
MFD01373	PRJNA1071982	SAMN39866302	SRX23626576	MFD01373.fa			
MFD01374	PRJNA1071982	SAMN39866303	SRX23626577	MFD01374.fa			
MFD01375	PRJNA1071982	SAMN39866304	SRX23626578	MFD01375.fa			
MFD01376	PRJNA1071982	SAMN39866305	SRX23626579	MFD01376.fa			
MFD01377	PRJNA1071982	SAMN39866306	SRX23626580	MFD01377.fa			
MFD01378	PRJNA1071982	SAMN39866307	SRX23626581	MFD01378.fa			
MFD01379	PRJNA1071982	SAMN39866308	SRX23626582	MFD01379.fa			
MFD01380	PRJNA1071982	SAMN39866309	SRX23626583	MFD01380.fa			
MFD01381	PRJNA1071982	SAMN39866310	SRX23626586	MFD01381.fa			
MFD01382	PRJNA1071982	SAMN39866311	SRX23626587	MFD01382.fa			
MFD01383	PRJNA1071982	SAMN39866312	SRX23626588	MFD01383.fa			
MFD01384	PRJNA1071982	SAMN39866313	SRX23627221	MFD01384.fa			
MFD01385	PRJNA1071982	SAMN39866314	SRX23627222	MFD01385.fa			
MFD01386	PRJNA1071982	SAMN39866315	SRX23627223	MFD01386.fa			
MFD01387	PRJNA1071982	SAMN39866316	SRX23627224	MFD01387.fa			
MFD01388	PRJNA1071982	SAMN39866317	SRX23627225	MFD01388.fa			
MFD01389	PRJNA1071982	SAMN39866318	SRX23627226	MFD01389.fa			
MFD01390	PRJNA1071982	SAMN39866319	SRX23627227	MFD01390.fa			
MFD01391	PRJNA1071982	SAMN39866320	SRX23627229	MFD01391.fa			
MFD01392	PRJNA1071982	SAMN39866321	SRX23627230	MFD01392.fa			
MFD01393	PRJNA1071982	SAMN39866322	SRX23627231	MFD01393.fa			
MFD01394	PRJNA1071982	SAMN39866323	SRX23627232	MFD01394.fa			
MFD01395	PRJNA1071982	SAMN39866324	SRX23627233	MFD01395.fa			
MFD01396	PRJNA1071982	SAMN39866325	SRX23627234	MFD01396.fa			
MFD01397	PRJNA1071982	SAMN39866326	SRX23627235	MFD01397.fa			
MFD01398	PRJNA1071982	SAMN39866327	SRX23627236	MFD01398.fa			
MFD01399	PRJNA1071982	SAMN39866328	SRX23627237	MFD01399.fa			
MFD01400	PRJNA1071982	SAMN39866329	SRX23627238	MFD01400.fa			
MFD01401	PRJNA1071982	SAMN39866330	SRX23627240	MFD01401.fa			
MFD01402	PRJNA1071982	SAMN39866331	SRX23627241	MFD01402.fa			
MFD01403	PRJNA1071982	SAMN39866332	SRX23627242	MFD01403.fa			
MFD01404	PRJNA1071982	SAMN39866333	SRX23627243	MFD01404.fa			
MFD01405	PRJNA1071982	SAMN39866334	SRX23627244	MFD01405.fa			
MFD01406	PRJNA1071982	SAMN39866335	SRX23627245	MFD01406.fa	SRX23628140	SRX23628139	SRX23662468
MFD01407	PRJNA1071982	SAMN39866336	SRX23627246	MFD01407.fa			
MFD01408	PRJNA1071982	SAMN39866337	SRX23627247	MFD01408.fa	SRX23628142	SRX23628141	SRX23662469
MFD01409	PRJNA1071982	SAMN39866338	SRX23627248	MFD01409.fa			
MFD01410	PRJNA1071982	SAMN39866339	SRX23626815	MFD01410.fa			
MFD01412	PRJNA1071982	SAMN39866340	SRX23626817	MFD01412.fa			
MFD01414	PRJNA1071982	SAMN39866341	SRX23626818	MFD01414.fa			
MFD01415	PRJNA1071982	SAMN39866342	SRX23626819	MFD01415.fa			
MFD01416	PRJNA1071982	SAMN39866343	SRX23626820	MFD01416.fa			
MFD01417	PRJNA1071982	SAMN39866344	SRX23626821	MFD01417.fa			
MFD01418	PRJNA1071982	SAMN39866345	SRX23626822	MFD01418.fa			
MFD01419	PRJNA1071982	SAMN39866346	SRX23626823	MFD01419.fa			
MFD01420	PRJNA1071982	SAMN39866347	SRX23626824	MFD01420.fa			
MFD01421	PRJNA1071982	SAMN39866348	SRX23626825	MFD01421.fa			
MFD01422	PRJNA1071982	SAMN39866349	SRX23626826	MFD01422.fa			
MFD01423	PRJNA1071982	SAMN39866350	SRX23626828	MFD01423.fa			
MFD01424	PRJNA1071982	SAMN39866351	SRX23626829	MFD01424.fa			
MFD01425	PRJNA1071982	SAMN39866352	SRX23626830	MFD01425.fa			
MFD01426	PRJNA1071982	SAMN39866353	SRX23626831	MFD01426.fa			
MFD01427	PRJNA1071982	SAMN39866354	SRX23626832	MFD01427.fa	SRX23628145	SRX23628144	SRX23662470
MFD01428	PRJNA1071982	SAMN39866355	SRX23626833	MFD01428.fa			
MFD01429	PRJNA1071982	SAMN39874920	SRX23626834	MFD01429.fa			
MFD01430	PRJNA1071982	SAMN39866356	SRX23626835	MFD01430.fa			
MFD01431	PRJNA1071982	SAMN39866357	SRX23626836	MFD01431.fa			
MFD01432	PRJNA1071982	SAMN39866358	SRX23626837	MFD01432.fa			
MFD01433	PRJNA1071982	SAMN39866359	SRX23626839	MFD01433.fa			
MFD01434	PRJNA1071982	SAMN39866360	SRX23626840	MFD01434.fa			
MFD01435	PRJNA1071982	SAMN39866361	SRX23626841	MFD01435.fa			
MFD01436	PRJNA1071982	SAMN39866362	SRX23626842	MFD01436.fa	SRX23628147	SRX23628146	SRX23662471
MFD01437	PRJNA1071982	SAMN39866363	SRX23627052	MFD01437.fa			
MFD01438	PRJNA1071982	SAMN39866364	SRX23627053	MFD01438.fa			
MFD01439	PRJNA1071982	SAMN39866365	SRX23627054	MFD01439.fa			
MFD01440	PRJNA1071982	SAMN39866366	SRX23627055	MFD01440.fa			
MFD01441	PRJNA1071982	SAMN39866367	SRX23627056	MFD01441.fa			
MFD01442	PRJNA1071982	SAMN39866368	SRX23627057	MFD01442.fa			
MFD01443	PRJNA1071982	SAMN39866369	SRX23627059	MFD01443.fa			
MFD01444	PRJNA1071982	SAMN39866370	SRX23627060	MFD01444.fa			
MFD01445	PRJNA1071982	SAMN39866371	SRX23627061	MFD01445.fa			
MFD01446	PRJNA1071982	SAMN39866372	SRX23627062	MFD01446.fa			
MFD01447	PRJNA1071982	SAMN39866373	SRX23627063	MFD01447.fa	SRX23628149	SRX23628148	SRX23662472
MFD01448	PRJNA1071982	SAMN39866374	SRX23627064	MFD01448.fa			
MFD01449	PRJNA1071982	SAMN39866375	SRX23627065	MFD01449.fa			
MFD01450	PRJNA1071982	SAMN39866376	SRX23627066	MFD01450.fa			
MFD01451	PRJNA1071982	SAMN39866377	SRX23627067	MFD01451.fa			
MFD01452	PRJNA1071982	SAMN39866378	SRX23627068	MFD01452.fa			
MFD01453	PRJNA1071982	SAMN39866379	SRX23627070	MFD01453.fa			
MFD01454	PRJNA1071982	SAMN39866380	SRX23627071	MFD01454.fa			
MFD01455	PRJNA1071982	SAMN39866381	SRX23627072	MFD01455.fa			
MFD01456	PRJNA1071982	SAMN39866382	SRX23627073	MFD01456.fa			
MFD01457	PRJNA1071982	SAMN39866383	SRX23627074	MFD01457.fa			
MFD01458	PRJNA1071982	SAMN39866384	SRX23627075	MFD01458.fa			
MFD01459	PRJNA1071982	SAMN39866385	SRX23627076	MFD01459.fa			
MFD01460	PRJNA1071982	SAMN39866386	SRX23627077	MFD01460.fa			
MFD01461	PRJNA1071982	SAMN39866387	SRX23627078	MFD01461.fa			
MFD01462	PRJNA1071982	SAMN39866388	SRX23627079	MFD01462.fa			
MFD01463	PRJNA1071982	SAMN39866389	SRX23626590	MFD01463.fa			
MFD01464	PRJNA1071982	SAMN39866390	SRX23626591	MFD01464.fa			
MFD01465	PRJNA1071982	SAMN39866391	SRX23626592	MFD01465.fa			
MFD01466	PRJNA1071982	SAMN39866392	SRX23626593	MFD01466.fa			
MFD01467	PRJNA1071982	SAMN39866393	SRX23626594	MFD01467.fa			
MFD01468	PRJNA1071982	SAMN39866394	SRX23626595	MFD01468.fa			
MFD01469	PRJNA1071982	SAMN39866395	SRX23626596	MFD01469.fa			
MFD01470	PRJNA1071982	SAMN39866396	SRX23626597	MFD01470.fa			
MFD01471	PRJNA1071982	SAMN39866397	SRX23626598	MFD01471.fa			
MFD01472	PRJNA1071982	SAMN39866398	SRX23626599	MFD01472.fa			
MFD01473	PRJNA1071982	SAMN39866399	SRX23626601	MFD01473.fa			
MFD01474	PRJNA1071982	SAMN39866400	SRX23626602	MFD01474.fa			
MFD01475	PRJNA1071982	SAMN39866401	SRX23626603	MFD01475.fa			
MFD01476	PRJNA1071982	SAMN39866402	SRX23626604	MFD01476.fa			
MFD01477	PRJNA1071982	SAMN39866403	SRX23626605	MFD01477.fa			
MFD01478	PRJNA1071982	SAMN39866404	SRX23626606	MFD01478.fa			
MFD01479	PRJNA1071982	SAMN39866405	SRX23626607	MFD01479.fa			
MFD01480	PRJNA1071982	SAMN39866406	SRX23626608	MFD01480.fa			
MFD01481	PRJNA1071982	SAMN39866407	SRX23626609	MFD01481.fa			
MFD01482	PRJNA1071982	SAMN39866408	SRX23626610	MFD01482.fa			
MFD01483	PRJNA1071982	SAMN39866409	SRX23626613	MFD01483.fa			
MFD01484	PRJNA1071982	SAMN39866410	SRX23626614	MFD01484.fa			
MFD01485	PRJNA1071982	SAMN39866411	SRX23626615	MFD01485.fa			
MFD01486	PRJNA1071982	SAMN39866412	SRX23626616	MFD01486.fa			
MFD01487	PRJNA1071982	SAMN39866413	SRX23627249	MFD01487.fa			
MFD01488	PRJNA1071982	SAMN39866414	SRX23627250	MFD01488.fa			
MFD01489	PRJNA1071982	SAMN39866415	SRX23627251	MFD01489.fa			
MFD01490	PRJNA1071982	SAMN39866416	SRX23627252	MFD01490.fa			
MFD01491	PRJNA1071982	SAMN39866417	SRX23627253	MFD01491.fa			
MFD01492	PRJNA1071982	SAMN39866418	SRX23627254	MFD01492.fa			
MFD01493	PRJNA1071982	SAMN39866419	SRX23627256	MFD01493.fa			
MFD01494	PRJNA1071982	SAMN39866420	SRX23627257	MFD01494.fa			
MFD01495	PRJNA1071982	SAMN39866421	SRX23627258	MFD01495.fa			
MFD01496	PRJNA1071982	SAMN39866422	SRX23627259	MFD01496.fa			
MFD01497	PRJNA1071982	SAMN39866423	SRX23627260	MFD01497.fa			
MFD01498	PRJNA1071982	SAMN39866424	SRX23627261	MFD01498.fa			
MFD01499	PRJNA1071982	SAMN39866425	SRX23627262	MFD01499.fa			
MFD01500	PRJNA1071982	SAMN39866426	SRX23627263	MFD01500.fa			
MFD01501	PRJNA1071982	SAMN39866427	SRX23627264	MFD01501.fa			
MFD01502	PRJNA1071982	SAMN39866428	SRX23627265	MFD01502.fa			
MFD01503	PRJNA1071982	SAMN39866429	SRX23627267	MFD01503.fa			
MFD01504	PRJNA1071982	SAMN39866430	SRX23627268	MFD01504.fa	SRX23628151	SRX23628150	SRX23662473
MFD01505	PRJNA1071982	SAMN39866431	SRX23627269	MFD01505.fa			
MFD01506	PRJNA1071982	SAMN39866432	SRX23627270	MFD01506.fa			
MFD01507	PRJNA1071982	SAMN39866433	SRX23627271	MFD01507.fa			
MFD01508	PRJNA1071982	SAMN39866434	SRX23627272	MFD01508.fa			
MFD01509	PRJNA1071982	SAMN39866435	SRX23627273	MFD01509.fa			
MFD01510	PRJNA1071982	SAMN39866436	SRX23627274	MFD01510.fa			
MFD01511	PRJNA1071982	SAMN39866437	SRX23627275	MFD01511.fa			
MFD01512	PRJNA1071982	SAMN39866438	SRX23627276	MFD01512.fa			
MFD01513	PRJNA1071982	SAMN39866439	SRX23626844	MFD01513.fa			
MFD01514	PRJNA1071982	SAMN39866440	SRX23626845	MFD01514.fa			
MFD01515	PRJNA1071982	SAMN39866441	SRX23626846	MFD01515.fa			
MFD01516	PRJNA1071982	SAMN39866442	SRX23626847	MFD01516.fa			
MFD01517	PRJNA1071982	SAMN39866443	SRX23626848	MFD01517.fa			
MFD01518	PRJNA1071982	SAMN39866444	SRX23626849	MFD01518.fa			
MFD01519	PRJNA1071982	SAMN39866445	SRX23626850	MFD01519.fa			
MFD01520	PRJNA1071982	SAMN39866446	SRX23626851	MFD01520.fa			
MFD01521	PRJNA1071982	SAMN39866447	SRX23626852	MFD01521.fa			
MFD01522	PRJNA1071982	SAMN39866448	SRX23626853	MFD01522.fa			
MFD01523	PRJNA1071982	SAMN39866449	SRX23626855	MFD01523.fa			
MFD01524	PRJNA1071982	SAMN39866450	SRX23626856	MFD01524.fa			
MFD01525	PRJNA1071982	SAMN39866451	SRX23626857	MFD01525.fa			
MFD01526	PRJNA1071982	SAMN39866452	SRX23626858	MFD01526.fa			
MFD01527	PRJNA1071982	SAMN39866453	SRX23626859	MFD01527.fa			
MFD01528	PRJNA1071982	SAMN39866454	SRX23626860	MFD01528.fa			
MFD01529	PRJNA1071982	SAMN39866455	SRX23626861	MFD01529.fa			
MFD01530	PRJNA1071982	SAMN39866456	SRX23626862	MFD01530.fa			
MFD01531	PRJNA1071982	SAMN39866457	SRX23626863	MFD01531.fa			
MFD01532	PRJNA1071982	SAMN39866458	SRX23626864	MFD01532.fa			
MFD01533	PRJNA1071982	SAMN39866459	SRX23626866	MFD01533.fa			
MFD01534	PRJNA1071982	SAMN39866460	SRX23626867	MFD01534.fa			
MFD01535	PRJNA1071982	SAMN39866461	SRX23626868	MFD01535.fa			
MFD01536	PRJNA1071982	SAMN39866462	SRX23626869	MFD01536.fa			
MFD01537	PRJNA1071982	SAMN39866463	SRX23626870	MFD01537.fa			
MFD01538	PRJNA1071982	SAMN39866464	SRX23627080	MFD01538.fa			
MFD01539	PRJNA1071982	SAMN39866465	SRX23627081	MFD01539.fa			
MFD01540	PRJNA1071982	SAMN39866466	SRX23627082	MFD01540.fa			
MFD01541	PRJNA1071982	SAMN39866467	SRX23627083	MFD01541.fa			
MFD01542	PRJNA1071982	SAMN39866468	SRX23627084	MFD01542.fa			
MFD01543	PRJNA1071982	SAMN39866469	SRX23627086	MFD01543.fa			
MFD01544	PRJNA1071982	SAMN39866470	SRX23627087	MFD01544.fa			
MFD01545	PRJNA1071982	SAMN39866471	SRX23627088	MFD01545.fa			
MFD01546	PRJNA1071982	SAMN39866472	SRX23627089	MFD01546.fa			
MFD01547	PRJNA1071982	SAMN39866473	SRX23627090	MFD01547.fa			
MFD01548	PRJNA1071982	SAMN39866474	SRX23627091	MFD01548.fa			
MFD01549	PRJNA1071982	SAMN39866475	SRX23627092	MFD01549.fa			
MFD01550	PRJNA1071982	SAMN39866476	SRX23627093	MFD01550.fa			
MFD01551	PRJNA1071982	SAMN39866477	SRX23627094	MFD01551.fa			
MFD01552	PRJNA1071982	SAMN39866478	SRX23627095	MFD01552.fa			
MFD01553	PRJNA1071982	SAMN39866479	SRX23627097	MFD01553.fa			
MFD01554	PRJNA1071982	SAMN39866480	SRX23627098	MFD01554.fa			
MFD01555	PRJNA1071982	SAMN39866481	SRX23627099	MFD01555.fa			
MFD01556	PRJNA1071982	SAMN39866482	SRX23627100	MFD01556.fa			
MFD01557	PRJNA1071982	SAMN39866483	SRX23627101	MFD01557.fa			
MFD01558	PRJNA1071982	SAMN39866484	SRX23627102	MFD01558.fa			
MFD01559	PRJNA1071982	SAMN39866485	SRX23627103	MFD01559.fa			
MFD01560	PRJNA1071982	SAMN39866486	SRX23627104	MFD01560.fa			
MFD01561	PRJNA1071982	SAMN39866487	SRX23627105	MFD01561.fa			
MFD01562	PRJNA1071982	SAMN39866488	SRX23627106	MFD01562.fa			
MFD01563	PRJNA1071982	SAMN39866489	SRX23626617	MFD01563.fa			
MFD01564	PRJNA1071982	SAMN39866490	SRX23626618	MFD01564.fa			
MFD01565	PRJNA1071982	SAMN39866491	SRX23626619	MFD01565.fa			
MFD01566	PRJNA1071982	SAMN39866492	SRX23626620	MFD01566.fa			
MFD01567	PRJNA1071982	SAMN39866493	SRX23626621	MFD01567.fa			
MFD01568	PRJNA1071982	SAMN39866494	SRX23626622	MFD01568.fa			
MFD01569	PRJNA1071982	SAMN39866495	SRX23626623	MFD01569.fa			
MFD01570	PRJNA1071982	SAMN39866496	SRX23626624	MFD01570.fa			
MFD01571	PRJNA1071982	SAMN39866497	SRX23626625	MFD01571.fa			
MFD01572	PRJNA1071982	SAMN39866498	SRX23626626	MFD01572.fa			
MFD01573	PRJNA1071982	SAMN39866499	SRX23626628	MFD01573.fa			
MFD01574	PRJNA1071982	SAMN39866500	SRX23626629	MFD01574.fa			
MFD01575	PRJNA1071982	SAMN39866501	SRX23626630	MFD01575.fa			
MFD01576	PRJNA1071982	SAMN39866502	SRX23626631	MFD01576.fa			
MFD01577	PRJNA1071982	SAMN39866503	SRX23626632	MFD01577.fa			
MFD01578	PRJNA1071982	SAMN39866504	SRX23626633	MFD01578.fa			
MFD01579	PRJNA1071982	SAMN39866505	SRX23626634	MFD01579.fa			
MFD01580	PRJNA1071982	SAMN39866506	SRX23626635	MFD01580.fa			
MFD01581	PRJNA1071982	SAMN39866507	SRX23626636	MFD01581.fa			
MFD01582	PRJNA1071982	SAMN39866508	SRX23626637	MFD01582.fa			
MFD01583	PRJNA1071982	SAMN39866509	SRX23626640	MFD01583.fa			
MFD01584	PRJNA1071982	SAMN39866510	SRX23626641	MFD01584.fa			
MFD01585	PRJNA1071982	SAMN39866511	SRX23626642	MFD01585.fa			
MFD01586	PRJNA1071982	SAMN39866512	SRX23626643	MFD01586.fa			
MFD01587	PRJNA1071982	SAMN39866513	SRX23626644	MFD01587.fa			
MFD01588	PRJNA1071982	SAMN39866514	SRX23627277	MFD01588.fa			
MFD01589	PRJNA1071982	SAMN39866515	SRX23627278	MFD01589.fa			
MFD01590	PRJNA1071982	SAMN39866516	SRX23627279	MFD01590.fa			
MFD01591	PRJNA1071982	SAMN39866517	SRX23627280	MFD01591.fa			
MFD01592	PRJNA1071982	SAMN39866518	SRX23627281	MFD01592.fa			
MFD01593	PRJNA1071982	SAMN39866519	SRX23627283	MFD01593.fa			
MFD01594	PRJNA1071982	SAMN39866520	SRX23627284	MFD01594.fa			
MFD01595	PRJNA1071982	SAMN39866521	SRX23627285	MFD01595.fa			
MFD01596	PRJNA1071982	SAMN39866522	SRX23627286	MFD01596.fa			
MFD01597	PRJNA1071982	SAMN39866523	SRX23627287	MFD01597.fa			
MFD01598	PRJNA1071982	SAMN39866524	SRX23627288	MFD01598.fa			
MFD01599	PRJNA1071982	SAMN39866525	SRX23627289	MFD01599.fa			
MFD01600	PRJNA1071982	SAMN39866526	SRX23627290	MFD01600.fa			
MFD01601	PRJNA1071982	SAMN39866527	SRX23627291	MFD01601.fa			
MFD01603	PRJNA1071982	SAMN39866528	SRX23627292	MFD01603.fa			
MFD01604	PRJNA1071982	SAMN39866529	SRX23627294	MFD01604.fa			
MFD01605	PRJNA1071982	SAMN39866530	SRX23627295	MFD01605.fa			
MFD01606	PRJNA1071982	SAMN39866531	SRX23627296	MFD01606.fa	SRX23628153	SRX23628152	SRX23662475
MFD01607	PRJNA1071982	SAMN39866532	SRX23627297	MFD01607.fa			
MFD01608	PRJNA1071982	SAMN39866533	SRX23627298	MFD01608.fa			
MFD01609	PRJNA1071982	SAMN39866534	SRX23627299	MFD01609.fa			
MFD01610	PRJNA1071982	SAMN39866535	SRX23627300	MFD01610.fa			
MFD01611	PRJNA1071982	SAMN39866536	SRX23627301	MFD01611.fa			
MFD01612	PRJNA1071982	SAMN39866537	SRX23627302	MFD01612.fa			
MFD01613	PRJNA1071982	SAMN39866538	SRX23627303	MFD01613.fa			
MFD01614	PRJNA1071982	SAMN39866539	SRX23627305	MFD01614.fa			
MFD01615	PRJNA1071982	SAMN39866540	SRX23626871	MFD01615.fa	SRX23628156	SRX23628155	SRX23662476
MFD01616	PRJNA1071982	SAMN39866541	SRX23626872	MFD01616.fa			
MFD01617	PRJNA1071982	SAMN39866542	SRX23626873	MFD01617.fa			
MFD01618	PRJNA1071982	SAMN39866543	SRX23626874	MFD01618.fa			
MFD01619	PRJNA1071982	SAMN39866544	SRX23626875	MFD01619.fa			
MFD01620	PRJNA1071982	SAMN39866545	SRX23626876	MFD01620.fa			
MFD01621	PRJNA1071982	SAMN39866546	SRX23626877	MFD01621.fa			
MFD01622	PRJNA1071982	SAMN39866547	SRX23626878	MFD01622.fa			
MFD01623	PRJNA1071982	SAMN39866548	SRX23626879	MFD01623.fa			
MFD01624	PRJNA1071982	SAMN39866549	SRX23626881	MFD01624.fa			
MFD01625	PRJNA1071982	SAMN39866550	SRX23626882	MFD01625.fa			
MFD01626	PRJNA1071982	SAMN39866551	SRX23626883	MFD01626.fa			
MFD01627	PRJNA1071982	SAMN39866552	SRX23626884	MFD01627.fa			
MFD01628	PRJNA1071982	SAMN39866553	SRX23626885	MFD01628.fa			
MFD01629	PRJNA1071982	SAMN39866554	SRX23626886	MFD01629.fa			
MFD01630	PRJNA1071982	SAMN39866555	SRX23626887	MFD01630.fa			
MFD01631	PRJNA1071982	SAMN39866556	SRX23626888	MFD01631.fa	SRX23628158	SRX23628157	SRX23662477
MFD01632	PRJNA1071982	SAMN39866557	SRX23626889	MFD01632.fa			
MFD01633	PRJNA1071982	SAMN39866558	SRX23626890	MFD01633.fa			
MFD01634	PRJNA1071982	SAMN39866559	SRX23626892	MFD01634.fa			
MFD01635	PRJNA1071982	SAMN39866560	SRX23626893	MFD01635.fa			
MFD01636	PRJNA1071982	SAMN39866561	SRX23626894	MFD01636.fa			
MFD01637	PRJNA1071982	SAMN39866562	SRX23626895	MFD01637.fa			
MFD01638	PRJNA1071982	SAMN39866563	SRX23626896	MFD01638.fa			
MFD01639	PRJNA1071982	SAMN39866564	SRX23626897	MFD01639.fa			
MFD01640	PRJNA1071982	SAMN39866565	SRX23627108	MFD01640.fa			
MFD01641	PRJNA1071982	SAMN39866566	SRX23627109	MFD01641.fa			
MFD01642	PRJNA1071982	SAMN39866567	SRX23627110	MFD01642.fa			
MFD01643	PRJNA1071982	SAMN39874921	SRX23627111	MFD01643.fa			
MFD01644	PRJNA1071982	SAMN39866568	SRX23627113	MFD01644.fa			
MFD01645	PRJNA1071982	SAMN39866569	SRX23627114	MFD01645.fa			
MFD01646	PRJNA1071982	SAMN39866570	SRX23627115	MFD01646.fa			
MFD01647	PRJNA1071982	SAMN39866571	SRX23627116	MFD01647.fa			
MFD01648	PRJNA1071982	SAMN39866572	SRX23627117	MFD01648.fa			
MFD01649	PRJNA1071982	SAMN39866573	SRX23627118	MFD01649.fa			
MFD01650	PRJNA1071982	SAMN39866574	SRX23627119	MFD01650.fa			
MFD01651	PRJNA1071982	SAMN39866575	SRX23627120	MFD01651.fa			
MFD01652	PRJNA1071982	SAMN39866576	SRX23627121	MFD01652.fa			
MFD01653	PRJNA1071982	SAMN39866577	SRX23627122	MFD01653.fa			
MFD01654	PRJNA1071982	SAMN39866578	SRX23627124	MFD01654.fa			
MFD01655	PRJNA1071982	SAMN39866579	SRX23627125	MFD01655.fa			
MFD01656	PRJNA1071982	SAMN39866580	SRX23627126	MFD01656.fa			
MFD01657	PRJNA1071982	SAMN39866581	SRX23627127	MFD01657.fa			
MFD01658	PRJNA1071982	SAMN39866582	SRX23627128	MFD01658.fa			
MFD01659	PRJNA1071982	SAMN39866583	SRX23627129	MFD01659.fa			
MFD01660	PRJNA1071982	SAMN39866584	SRX23627130	MFD01660.fa			
MFD01661	PRJNA1071982	SAMN39866585	SRX23627131	MFD01661.fa			
MFD01662	PRJNA1071982	SAMN39866586	SRX23627132	MFD01662.fa			
MFD01663	PRJNA1071982	SAMN39866587	SRX23627133	MFD01663.fa			
MFD01664	PRJNA1071982	SAMN39866588	SRX23627135	MFD01664.fa			
MFD01665	PRJNA1071982	SAMN39866589	SRX23626645	MFD01665.fa	SRX23628160	SRX23628159	SRX23662478
MFD01666	PRJNA1071982	SAMN39866590	SRX23626646	MFD01666.fa			
MFD01667	PRJNA1071982	SAMN39866591	SRX23626647	MFD01667.fa			
MFD01668	PRJNA1071982	SAMN39866592	SRX23626648	MFD01668.fa			
MFD01669	PRJNA1071982	SAMN39866593	SRX23626649	MFD01669.fa			
MFD01670	PRJNA1071982	SAMN39866594	SRX23626650	MFD01670.fa			
MFD01671	PRJNA1071982	SAMN39866595	SRX23626651	MFD01671.fa			
MFD01672	PRJNA1071982	SAMN39866596	SRX23626652	MFD01672.fa			
MFD01673	PRJNA1071982	SAMN39866597	SRX23626653	MFD01673.fa	SRX23628162	SRX23628161	SRX23662479
MFD01674	PRJNA1071982	SAMN39866598	SRX23626655	MFD01674.fa			
MFD01675	PRJNA1071982	SAMN39866599	SRX23626656	MFD01675.fa			
MFD01676	PRJNA1071982	SAMN39866600	SRX23626657	MFD01676.fa			
MFD01677	PRJNA1071982	SAMN39866601	SRX23626658	MFD01677.fa			
MFD01678	PRJNA1071982	SAMN39866602	SRX23626659	MFD01678.fa			
MFD01679	PRJNA1071982	SAMN39866603	SRX23626660	MFD01679.fa	SRX23627684	SRX23627683	SRX23662480
MFD01680	PRJNA1071982	SAMN39866604	SRX23626661	MFD01680.fa			
MFD01681	PRJNA1071982	SAMN39866605	SRX23626662	MFD01681.fa			
MFD01682	PRJNA1071982	SAMN39866606	SRX23626663	MFD01682.fa			
MFD01683	PRJNA1071982	SAMN39866607	SRX23626664	MFD01683.fa			
MFD01684	PRJNA1071982	SAMN39866608	SRX23626667	MFD01684.fa			
MFD01685	PRJNA1071982	SAMN39866609	SRX23626668	MFD01685.fa			
MFD01686	PRJNA1071982	SAMN39866610	SRX23626669	MFD01686.fa			
MFD01687	PRJNA1071982	SAMN39866611	SRX23626670	MFD01687.fa			
MFD01688	PRJNA1071982	SAMN39866612	SRX23626671	MFD01688.fa			
MFD01689	PRJNA1071982	SAMN39866613	SRX23626672	MFD01689.fa			
MFD01690	PRJNA1071982	SAMN39866614	SRX23626673	MFD01690.fa			
MFD01691	PRJNA1071982	SAMN39866615	SRX23626898	MFD01691.fa			
MFD01692	PRJNA1071982	SAMN39866616	SRX23626899	MFD01692.fa			
MFD01693	PRJNA1071982	SAMN39866617	SRX23626900	MFD01693.fa			
MFD01694	PRJNA1071982	SAMN39866618	SRX23626902	MFD01694.fa			
MFD01695	PRJNA1071982	SAMN39866619	SRX23626903	MFD01695.fa			
MFD01696	PRJNA1071982	SAMN39866620	SRX23626904	MFD01696.fa			
MFD01698	PRJNA1071982	SAMN39866621	SRX23626905	MFD01698.fa			
MFD01699	PRJNA1071982	SAMN39866622	SRX23626906	MFD01699.fa			
MFD01700	PRJNA1071982	SAMN39866623	SRX23626907	MFD01700.fa			
MFD01701	PRJNA1071982	SAMN39866624	SRX23626908	MFD01701.fa			
MFD01702	PRJNA1071982	SAMN39866625	SRX23626909	MFD01702.fa			
MFD01703	PRJNA1071982	SAMN39866626	SRX23626910	MFD01703.fa			
MFD01704	PRJNA1071982	SAMN39866627	SRX23626911	MFD01704.fa			
MFD01705	PRJNA1071982	SAMN39866628	SRX23626913	MFD01705.fa			
MFD01706	PRJNA1071982	SAMN39866629	SRX23626914	MFD01706.fa			
MFD01707	PRJNA1071982	SAMN39866630	SRX23626915	MFD01707.fa			
MFD01708	PRJNA1071982	SAMN39866631	SRX23626916	MFD01708.fa			
MFD01709	PRJNA1071982	SAMN39866632	SRX23626917	MFD01709.fa			
MFD01710	PRJNA1071982	SAMN39866633	SRX23626918	MFD01710.fa			
MFD01711	PRJNA1071982	SAMN39866634	SRX23626919	MFD01711.fa			
MFD01712	PRJNA1071982	SAMN39866635	SRX23626920	MFD01712.fa	SRX23627687	SRX23627686	SRX23662481
MFD01713	PRJNA1071982	SAMN39866636	SRX23626921	MFD01713.fa			
MFD01714	PRJNA1071982	SAMN39866637	SRX23626922	MFD01714.fa			
MFD01715	PRJNA1071982	SAMN39866638	SRX23626924	MFD01715.fa			
MFD01716	PRJNA1071982	SAMN39866639	SRX23626925	MFD01716.fa			
MFD01717	PRJNA1071982	SAMN39866640	SRX23626674	MFD01717.fa			
MFD01718	PRJNA1071982	SAMN39866641	SRX23626675	MFD01718.fa			
MFD01719	PRJNA1071982	SAMN39866642	SRX23626676	MFD01719.fa			
MFD01720	PRJNA1071982	SAMN39866643	SRX23626677	MFD01720.fa			
MFD01721	PRJNA1071982	SAMN39866644	SRX23626678	MFD01721.fa			
MFD01722	PRJNA1071982	SAMN39866645	SRX23626679	MFD01722.fa	SRX23627689	SRX23627688	SRX23662482
MFD01723	PRJNA1071982	SAMN39866646	SRX23626680	MFD01723.fa			
MFD01725	PRJNA1071982	SAMN39866647	SRX23626681	MFD01725.fa			
MFD01726	PRJNA1071982	SAMN39866648	SRX23626683	MFD01726.fa			
MFD01727	PRJNA1071982	SAMN39866649	SRX23626684	MFD01727.fa			
MFD01728	PRJNA1071982	SAMN39866650	SRX23626685	MFD01728.fa			
MFD01729	PRJNA1071982	SAMN39866651	SRX23626686	MFD01729.fa			
MFD01730	PRJNA1071982	SAMN39866652	SRX23626687	MFD01730.fa			
MFD01731	PRJNA1071982	SAMN39866653	SRX23626688	MFD01731.fa			
MFD01732	PRJNA1071982	SAMN39866654	SRX23626689	MFD01732.fa			
MFD01733	PRJNA1071982	SAMN39866655	SRX23626690	MFD01733.fa			
MFD01734	PRJNA1071982	SAMN39866656	SRX23626691	MFD01734.fa			
MFD01735	PRJNA1071982	SAMN39866657	SRX23626692	MFD01735.fa			
MFD01736	PRJNA1071982	SAMN39866658	SRX23626694	MFD01736.fa			
MFD01737	PRJNA1071982	SAMN39866659	SRX23626695	MFD01737.fa			
MFD01738	PRJNA1071982	SAMN39866660	SRX23626696	MFD01738.fa			
MFD01739	PRJNA1071982	SAMN39866661	SRX23626697	MFD01739.fa			
MFD01740	PRJNA1071982	SAMN39866662	SRX23626698	MFD01740.fa			
MFD01741	PRJNA1071982	SAMN39866663	SRX23626699	MFD01741.fa			
MFD01742	PRJNA1071982	SAMN39866664	SRX23626700	MFD01742.fa			
MFD01743	PRJNA1071982	SAMN39866665	SRX23626701	MFD01743.fa			
MFD01744	PRJNA1071982	SAMN39866666	SRX23627306	MFD01744.fa			
MFD01745	PRJNA1071982	SAMN39866667	SRX23627307	MFD01745.fa			
MFD01746	PRJNA1071982	SAMN39866668	SRX23627309	MFD01746.fa			
MFD01747	PRJNA1071982	SAMN39866669	SRX23627310	MFD01747.fa			
MFD01748	PRJNA1071982	SAMN39866670	SRX23627311	MFD01748.fa			
MFD01749	PRJNA1071982	SAMN39866671	SRX23627312	MFD01749.fa			
MFD01750	PRJNA1071982	SAMN39866672	SRX23627313	MFD01750.fa			
MFD01751	PRJNA1071982	SAMN39866673	SRX23627314	MFD01751.fa			
MFD01752	PRJNA1071982	SAMN39866674	SRX23627315	MFD01752.fa			
MFD01753	PRJNA1071982	SAMN39866675	SRX23627316	MFD01753.fa			
MFD01754	PRJNA1071982	SAMN39866676	SRX23627317	MFD01754.fa			
MFD01755	PRJNA1071982	SAMN39866677	SRX23627318	MFD01755.fa			
MFD01756	PRJNA1071982	SAMN39866678	SRX23627320	MFD01756.fa	SRX23627691	SRX23627690	SRX23662483
MFD01757	PRJNA1071982	SAMN39866679	SRX23627321	MFD01757.fa			
MFD01758	PRJNA1071982	SAMN39866680	SRX23627322	MFD01758.fa			
MFD01759	PRJNA1071982	SAMN39866681	SRX23627323	MFD01759.fa			
MFD01760	PRJNA1071982	SAMN39866682	SRX23627324	MFD01760.fa			
MFD01761	PRJNA1071982	SAMN39866683	SRX23627325	MFD01761.fa			
MFD01762	PRJNA1071982	SAMN39866684	SRX23627326	MFD01762.fa			
MFD01763	PRJNA1071982	SAMN39866685	SRX23627327	MFD01763.fa			
MFD01764	PRJNA1071982	SAMN39866686	SRX23627328	MFD01764.fa			
MFD01765	PRJNA1071982	SAMN39866687	SRX23627329	MFD01765.fa			
MFD01766	PRJNA1071982	SAMN39866688	SRX23627331	MFD01766.fa			
MFD01767	PRJNA1071982	SAMN39866689	SRX23627332	MFD01767.fa			
MFD01768	PRJNA1071982	SAMN39866690	SRX23627333	MFD01768.fa			
MFD01769	PRJNA1071982	SAMN39866691	SRX23626926	MFD01769.fa			
MFD01770	PRJNA1071982	SAMN39866692	SRX23626927	MFD01770.fa			
MFD01771	PRJNA1071982	SAMN39866693	SRX23626928	MFD01771.fa			
MFD01772	PRJNA1071982	SAMN39866694	SRX23626929	MFD01772.fa			
MFD01773	PRJNA1071982	SAMN39866695	SRX23626930	MFD01773.fa	SRX23627693	SRX23627692	SRX23662484
MFD01774	PRJNA1071982	SAMN39866696	SRX23626931	MFD01774.fa			
MFD01775	PRJNA1071982	SAMN39866697	SRX23626932	MFD01775.fa			
MFD01776	PRJNA1071982	SAMN39866698	SRX23626934	MFD01776.fa			
MFD01777	PRJNA1071982	SAMN39866699	SRX23626935	MFD01777.fa			
MFD01778	PRJNA1071982	SAMN39866700	SRX23626936	MFD01778.fa			
MFD01779	PRJNA1071982	SAMN39866701	SRX23626937	MFD01779.fa			
MFD01780	PRJNA1071982	SAMN39866702	SRX23626938	MFD01780.fa			
MFD01781	PRJNA1071982	SAMN39866703	SRX23626939	MFD01781.fa			
MFD01782	PRJNA1071982	SAMN39866704	SRX23626940	MFD01782.fa			
MFD01783	PRJNA1071982	SAMN39866705	SRX23626941	MFD01783.fa			
MFD01784	PRJNA1071982	SAMN39866706	SRX23626942	MFD01784.fa	SRX23627695	SRX23627694	SRX23662486
MFD01785	PRJNA1071982	SAMN39866707	SRX23626943	MFD01785.fa			
MFD01786	PRJNA1071982	SAMN39866708	SRX23626946	MFD01786.fa			
MFD01787	PRJNA1071982	SAMN39866709	SRX23626947	MFD01787.fa			
MFD01788	PRJNA1071982	SAMN39866710	SRX23626948	MFD01788.fa			
MFD01789	PRJNA1071982	SAMN39866711	SRX23626949	MFD01789.fa			
MFD01790	PRJNA1071982	SAMN39866712	SRX23626950	MFD01790.fa			
MFD01791	PRJNA1071982	SAMN39866713	SRX23626951	MFD01791.fa			
MFD01792	PRJNA1071982	SAMN39866714	SRX23626952	MFD01792.fa			
MFD01793	PRJNA1071982	SAMN39866715	SRX23627136	MFD01793.fa			
MFD01794	PRJNA1071982	SAMN39866716	SRX23627137	MFD01794.fa			
MFD01796	PRJNA1071982	SAMN39866717	SRX23627138	MFD01796.fa			
MFD01797	PRJNA1071982	SAMN39866718	SRX23627140	MFD01797.fa			
MFD01798	PRJNA1071982	SAMN39866719	SRX23627141	MFD01798.fa			
MFD01799	PRJNA1071982	SAMN39866720	SRX23627142	MFD01799.fa			
MFD01800	PRJNA1071982	SAMN39866721	SRX23627143	MFD01800.fa			
MFD01801	PRJNA1071982	SAMN39866722	SRX23627144	MFD01801.fa			
MFD01802	PRJNA1071982	SAMN39866723	SRX23627145	MFD01802.fa			
MFD01803	PRJNA1071982	SAMN39866724	SRX23627146	MFD01803.fa			
MFD01804	PRJNA1071982	SAMN39866725	SRX23627147	MFD01804.fa			
MFD01805	PRJNA1071982	SAMN39866726	SRX23627148	MFD01805.fa			
MFD01806	PRJNA1071982	SAMN39866727	SRX23627149	MFD01806.fa			
MFD01807	PRJNA1071982	SAMN39866728	SRX23627151	MFD01807.fa			
MFD01808	PRJNA1071982	SAMN39866729	SRX23627152	MFD01808.fa			
MFD01809	PRJNA1071982	SAMN39866730	SRX23627153	MFD01809.fa			
MFD01810	PRJNA1071982	SAMN39866731	SRX23627154	MFD01810.fa			
MFD01811	PRJNA1071982	SAMN39866732	SRX23627155	MFD01811.fa			
MFD01812	PRJNA1071982	SAMN39866733	SRX23627156	MFD01812.fa			
MFD01814	PRJNA1071982	SAMN39866734	SRX23627157	MFD01814.fa			
MFD01815	PRJNA1071982	SAMN39866735	SRX23627158	MFD01815.fa			
MFD01816	PRJNA1071982	SAMN39866736	SRX23627159	MFD01816.fa			
MFD01817	PRJNA1071982	SAMN39866737	SRX23627160	MFD01817.fa			
MFD01818	PRJNA1071982	SAMN39866738	SRX23627162	MFD01818.fa			
MFD01819	PRJNA1071982	SAMN39874922	SRX23627163	MFD01819.fa			
MFD01820	PRJNA1071982	SAMN39866739	SRX23626702	MFD01820.fa			
MFD01821	PRJNA1071982	SAMN39866740	SRX23626703	MFD01821.fa			
MFD01822	PRJNA1071982	SAMN39866741	SRX23626704	MFD01822.fa			
MFD01823	PRJNA1071982	SAMN39866742	SRX23626705	MFD01823.fa			
MFD01824	PRJNA1071982	SAMN39866743	SRX23626706	MFD01824.fa			
MFD01825	PRJNA1071982	SAMN39866744	SRX23626707	MFD01825.fa			
MFD01826	PRJNA1071982	SAMN39866745	SRX23626708	MFD01826.fa			
MFD01827	PRJNA1071982	SAMN39866746	SRX23626709	MFD01827.fa			
MFD01828	PRJNA1071982	SAMN39866747	SRX23626711	MFD01828.fa			
MFD01829	PRJNA1071982	SAMN39866748	SRX23626712	MFD01829.fa	SRX23627698	SRX23627697	SRX23662487
MFD01830	PRJNA1071982	SAMN39866749	SRX23626713	MFD01830.fa			
MFD01831	PRJNA1071982	SAMN39866750	SRX23626714	MFD01831.fa			
MFD01832	PRJNA1071982	SAMN39866751	SRX23626715	MFD01832.fa			
MFD01833	PRJNA1071982	SAMN39866752	SRX23626716	MFD01833.fa			
MFD01834	PRJNA1071982	SAMN39866753	SRX23626717	MFD01834.fa			
MFD01835	PRJNA1071982	SAMN39866754	SRX23626718	MFD01835.fa			
MFD01836	PRJNA1071982	SAMN39866755	SRX23626719	MFD01836.fa			
MFD01837	PRJNA1071982	SAMN39866756	SRX23626720	MFD01837.fa			
MFD01838	PRJNA1071982	SAMN39866757	SRX23626722	MFD01838.fa			
MFD01839	PRJNA1071982	SAMN39866758	SRX23626723	MFD01839.fa			
MFD01840	PRJNA1071982	SAMN39866759	SRX23626724	MFD01840.fa			
MFD01841	PRJNA1071982	SAMN39866760	SRX23626725	MFD01841.fa			
MFD01842	PRJNA1071982	SAMN39866761	SRX23626726	MFD01842.fa			
MFD01843	PRJNA1071982	SAMN39866762	SRX23626727	MFD01843.fa			
MFD01844	PRJNA1071982	SAMN39866763	SRX23626728	MFD01844.fa			
MFD01845	PRJNA1071982	SAMN39866764	SRX23626729	MFD01845.fa			
MFD01846	PRJNA1071982	SAMN39866765	SRX23627334	MFD01846.fa			
MFD01847	PRJNA1071982	SAMN39866766	SRX23627335	MFD01847.fa			
MFD01848	PRJNA1071982	SAMN39866767	SRX23627337	MFD01848.fa			
MFD01849	PRJNA1071982	SAMN39866768	SRX23627338	MFD01849.fa			
MFD01850	PRJNA1071982	SAMN39866769	SRX23627339	MFD01850.fa			
MFD01851	PRJNA1071982	SAMN39866770	SRX23627340	MFD01851.fa			
MFD01852	PRJNA1071982	SAMN39866771	SRX23627341	MFD01852.fa			
MFD01853	PRJNA1071982	SAMN39866772	SRX23627342	MFD01853.fa			
MFD01854	PRJNA1071982	SAMN39866773	SRX23627343	MFD01854.fa			
MFD01855	PRJNA1071982	SAMN39866774	SRX23627344	MFD01855.fa			
MFD01856	PRJNA1071982	SAMN39866775	SRX23627345	MFD01856.fa			
MFD01857	PRJNA1071982	SAMN39866776	SRX23627346	MFD01857.fa			
MFD01858	PRJNA1071982	SAMN39866777	SRX23627348	MFD01858.fa			
MFD01859	PRJNA1071982	SAMN39866778	SRX23627349	MFD01859.fa			
MFD01860	PRJNA1071982	SAMN39866779	SRX23627350	MFD01860.fa			
MFD01861	PRJNA1071982	SAMN39866780	SRX23627351	MFD01861.fa			
MFD01862	PRJNA1071982	SAMN39866781	SRX23627352	MFD01862.fa			
MFD01863	PRJNA1071982	SAMN39866782	SRX23627353	MFD01863.fa			
MFD01864	PRJNA1071982	SAMN39866783	SRX23627354	MFD01864.fa	SRX23627700	SRX23627699	SRX23662488
MFD01865	PRJNA1071982	SAMN39866784	SRX23627355	MFD01865.fa			
MFD01866	PRJNA1071982	SAMN39866785	SRX23627356	MFD01866.fa			
MFD01867	PRJNA1071982	SAMN39866786	SRX23627357	MFD01867.fa			
MFD01868	PRJNA1071982	SAMN39878649	SRX23627359	MFD01868.fa			
MFD01869	PRJNA1071982	SAMN39866787	SRX23627360	MFD01869.fa			
MFD01870	PRJNA1071982	SAMN39866788	SRX23627361	MFD01870.fa			
MFD01871	PRJNA1071982	SAMN39866789	SRX23626953	MFD01871.fa			
MFD01872	PRJNA1071982	SAMN39866790	SRX23626954	MFD01872.fa			
MFD01873	PRJNA1071982	SAMN39866791	SRX23626955	MFD01873.fa			
MFD01874	PRJNA1071982	SAMN39866792	SRX23626956	MFD01874.fa			
MFD01875	PRJNA1071982	SAMN39866793	SRX23626957	MFD01875.fa			
MFD01876	PRJNA1071982	SAMN39866794	SRX23626958	MFD01876.fa			
MFD01877	PRJNA1071982	SAMN39866795	SRX23626959	MFD01877.fa			
MFD01878	PRJNA1071982	SAMN39866796	SRX23626961	MFD01878.fa			
MFD01879	PRJNA1071982	SAMN39866797	SRX23626962	MFD01879.fa			
MFD01880	PRJNA1071982	SAMN39866798	SRX23626963	MFD01880.fa			
MFD01881	PRJNA1071982	SAMN39866799	SRX23626964	MFD01881.fa			
MFD01882	PRJNA1071982	SAMN39866800	SRX23626965	MFD01882.fa			
MFD01883	PRJNA1071982	SAMN39866801	SRX23626966	MFD01883.fa			
MFD01884	PRJNA1071982	SAMN39866802	SRX23626967	MFD01884.fa			
MFD01885	PRJNA1071982	SAMN39866803	SRX23626968	MFD01885.fa			
MFD01886	PRJNA1071982	SAMN39866804	SRX23626969	MFD01886.fa			
MFD01887	PRJNA1071982	SAMN39866805	SRX23626970	MFD01887.fa			
MFD01888	PRJNA1071982	SAMN39866806	SRX23626973	MFD01888.fa			
MFD01889	PRJNA1071982	SAMN39866807	SRX23626974	MFD01889.fa			
MFD01890	PRJNA1071982	SAMN39866808	SRX23626975	MFD01890.fa			
MFD01891	PRJNA1071982	SAMN39866809	SRX23626976	MFD01891.fa			
MFD01892	PRJNA1071982	SAMN39866810	SRX23626977	MFD01892.fa			
MFD01893	PRJNA1071982	SAMN39866811	SRX23626978	MFD01893.fa			
MFD01894	PRJNA1071982	SAMN39866812	SRX23626979	MFD01894.fa			
MFD01895	PRJNA1071982	SAMN39866813	SRX23626980	MFD01895.fa			
MFD01896	PRJNA1071982	SAMN39866814	SRX23627164	MFD01896.fa			
MFD01897	PRJNA1071982	SAMN39866815	SRX23627165	MFD01897.fa			
MFD01898	PRJNA1071982	SAMN39866816	SRX23627167	MFD01898.fa			
MFD01899	PRJNA1071982	SAMN39866817	SRX23627168	MFD01899.fa			
MFD01900	PRJNA1071982	SAMN39866818	SRX23627169	MFD01900.fa			
MFD01901	PRJNA1071982	SAMN39866819	SRX23627170	MFD01901.fa			
MFD01902	PRJNA1071982	SAMN39866820	SRX23627171	MFD01902.fa			
MFD01903	PRJNA1071982	SAMN39866821	SRX23627172	MFD01903.fa			
MFD01904	PRJNA1071982	SAMN39866822	SRX23627173	MFD01904.fa			
MFD01905	PRJNA1071982	SAMN39866823	SRX23627174	MFD01905.fa			
MFD01906	PRJNA1071982	SAMN39866824	SRX23627175	MFD01906.fa			
MFD01907	PRJNA1071982	SAMN39866825	SRX23627176	MFD01907.fa			
MFD01908	PRJNA1071982	SAMN39866826	SRX23627178	MFD01908.fa			
MFD01909	PRJNA1071982	SAMN39866827	SRX23627179	MFD01909.fa			
MFD01910	PRJNA1071982	SAMN39866828	SRX23627180	MFD01910.fa			
MFD01911	PRJNA1071982	SAMN39866829	SRX23627181	MFD01911.fa			
MFD01912	PRJNA1071982	SAMN39866830	SRX23627182	MFD01912.fa			
MFD01913	PRJNA1071982	SAMN39866831	SRX23627183	MFD01913.fa			
MFD01914	PRJNA1071982	SAMN39866832	SRX23627184	MFD01914.fa			
MFD01915	PRJNA1071982	SAMN39866833	SRX23627185	MFD01915.fa			
MFD01916	PRJNA1071982	SAMN39866834	SRX23627186	MFD01916.fa			
MFD01917	PRJNA1071982	SAMN39866835	SRX23627187	MFD01917.fa	SRX23627702	SRX23627701	SRX23662489
MFD01918	PRJNA1071982	SAMN39866836	SRX23627189	MFD01918.fa			
MFD01919	PRJNA1071982	SAMN39866837	SRX23627190	MFD01919.fa	SRX23627704	SRX23627703	SRX23662490
MFD01920	PRJNA1071982	SAMN39866838	SRX23627191	MFD01920.fa			
MFD01921	PRJNA1071982	SAMN39866839	SRX23626730	MFD01921.fa			
MFD01922	PRJNA1071982	SAMN39866840	SRX23626731	MFD01922.fa			
MFD01923	PRJNA1071982	SAMN39866841	SRX23626732	MFD01923.fa			
MFD01924	PRJNA1071982	SAMN39866842	SRX23626733	MFD01924.fa			
MFD01925	PRJNA1071982	SAMN39866843	SRX23626734	MFD01925.fa			
MFD01926	PRJNA1071982	SAMN39866844	SRX23626735	MFD01926.fa			
MFD01927	PRJNA1071982	SAMN39866845	SRX23626736	MFD01927.fa			
MFD01928	PRJNA1071982	SAMN39866846	SRX23626738	MFD01928.fa			
MFD01929	PRJNA1071982	SAMN39866847	SRX23626739	MFD01929.fa			
MFD01930	PRJNA1071982	SAMN39866848	SRX23626740	MFD01930.fa			
MFD01931	PRJNA1071982	SAMN39866849	SRX23626741	MFD01931.fa			
MFD01932	PRJNA1071982	SAMN39866850	SRX23626742	MFD01932.fa			
MFD01933	PRJNA1071982	SAMN39866851	SRX23626743	MFD01933.fa			
MFD01934	PRJNA1071982	SAMN39866852	SRX23626744	MFD01934.fa			
MFD01935	PRJNA1071982	SAMN39866853	SRX23626745	MFD01935.fa			
MFD01936	PRJNA1071982	SAMN39866854	SRX23626746	MFD01936.fa			
MFD01937	PRJNA1071982	SAMN39866855	SRX23626747	MFD01937.fa			
MFD01938	PRJNA1071982	SAMN39866856	SRX23626749	MFD01938.fa			
MFD01939	PRJNA1071982	SAMN39866857	SRX23626750	MFD01939.fa			
MFD01940	PRJNA1071982	SAMN39866858	SRX23626751	MFD01940.fa			
MFD01941	PRJNA1071982	SAMN39866859	SRX23626752	MFD01941.fa			
MFD01942	PRJNA1071982	SAMN39866860	SRX23626753	MFD01942.fa			
MFD01943	PRJNA1071982	SAMN39866861	SRX23626754	MFD01943.fa			
MFD01944	PRJNA1071982	SAMN39866862	SRX23626755	MFD01944.fa			
MFD01945	PRJNA1071982	SAMN39866863	SRX23626756	MFD01945.fa			
MFD01946	PRJNA1071982	SAMN39866864	SRX23626757	MFD01946.fa			
MFD01947	PRJNA1071982	SAMN39866865	SRX23627362	MFD01947.fa			
MFD01948	PRJNA1071982	SAMN39866866	SRX23627364	MFD01948.fa			
MFD01949	PRJNA1071982	SAMN39866867	SRX23627365	MFD01949.fa			
MFD01950	PRJNA1071982	SAMN39866868	SRX23627366	MFD01950.fa			
MFD02008	PRJNA1071982	SAMN39866869	SRX23627367	MFD02008.fa			
MFD02015	PRJNA1071982	SAMN39866870	SRX23627368	MFD02015.fa			
MFD02016	PRJNA1071982	SAMN39866871	SRX23627369	MFD02016.fa			
MFD02019	PRJNA1071982	SAMN39866872	SRX23627370	MFD02019.fa			
MFD02021	PRJNA1071982	SAMN39866873	SRX23627371	MFD02021.fa			
MFD02022	PRJNA1071982	SAMN39866874	SRX23627372	MFD02022.fa			
MFD02024	PRJNA1071982	SAMN39866875	SRX23627373	MFD02024.fa			
MFD02026	PRJNA1071982	SAMN39866876	SRX23627375	MFD02026.fa			
MFD02030	PRJNA1071982	SAMN39866877	SRX23627376	MFD02030.fa			
MFD02032	PRJNA1071982	SAMN39866878	SRX23627377	MFD02032.fa			
MFD02036	PRJNA1071982	SAMN39866879	SRX23627378	MFD02036.fa			
MFD02046	PRJNA1071982	SAMN39866880	SRX23627379	MFD02046.fa			
MFD02051	PRJNA1071982	SAMN39866881	SRX23627380	MFD02051.fa			
MFD02053	PRJNA1071982	SAMN39866882	SRX23627381	MFD02053.fa			
MFD02054	PRJNA1071982	SAMN39866883	SRX23627382	MFD02054.fa			
MFD02057	PRJNA1071982	SAMN39866884	SRX23627383	MFD02057.fa			
MFD02058	PRJNA1071982	SAMN39866885	SRX23627384	MFD02058.fa			
MFD02059	PRJNA1071982	SAMN39866886	SRX23627386	MFD02059.fa			
MFD02065	PRJNA1071982	SAMN39866887	SRX23627387	MFD02065.fa			
MFD02067	PRJNA1071982	SAMN39866888	SRX23627388	MFD02067.fa			
MFD02121	PRJNA1071982	SAMN39866889	SRX23627389	MFD02121.fa			
MFD02122	PRJNA1071982	SAMN39866890	SRX23627390	MFD02122.fa			
MFD02123	PRJNA1071982	SAMN39866891	SRX23626981	MFD02123.fa			
MFD02124	PRJNA1071982	SAMN39866892	SRX23626982	MFD02124.fa			
MFD02125	PRJNA1071982	SAMN39866893	SRX23655067	MFD02125.fa			
MFD02126	PRJNA1071982	SAMN39866894	SRX23655068	MFD02126.fa			
MFD02127	PRJNA1071982	SAMN39866895	SRX23655403	MFD02127.fa			
MFD02128	PRJNA1071982	SAMN39866896	SRX23655174	MFD02128.fa			
MFD02130	PRJNA1071982	SAMN39866897	SRX23655660	MFD02130.fa			
MFD02131	PRJNA1071982	SAMN39866898	SRX23655774	MFD02131.fa			
MFD02132	PRJNA1071982	SAMN39866899	SRX23655713	MFD02132.fa			
MFD02133	PRJNA1071982	SAMN39866900	SRX23655882	MFD02133.fa			
MFD02134	PRJNA1071982	SAMN39866901	SRX23655965	MFD02134.fa			
MFD02135	PRJNA1071982	SAMN39866902	SRX23655530	MFD02135.fa			
MFD02136	PRJNA1071982	SAMN39866903	SRX23655069	MFD02136.fa			
MFD02137	PRJNA1071982	SAMN39866904	SRX23655080	MFD02137.fa			
MFD02138	PRJNA1071982	SAMN39866905	SRX23655091	MFD02138.fa			
MFD02139	PRJNA1071982	SAMN39866906	SRX23655102	MFD02139.fa	SRX23627706	SRX23627705	SRX23662583
MFD02140	PRJNA1071982	SAMN39866907	SRX23655113	MFD02140.fa			
MFD02141	PRJNA1071982	SAMN39866908	SRX23655348	MFD02141.fa			
MFD02142	PRJNA1071982	SAMN39866909	SRX23655359	MFD02142.fa			
MFD02143	PRJNA1071982	SAMN39866910	SRX23655370	MFD02143.fa			
MFD02144	PRJNA1071982	SAMN39866911	SRX23655381	MFD02144.fa			
MFD02145	PRJNA1071982	SAMN39866912	SRX23655392	MFD02145.fa			
MFD02146	PRJNA1071982	SAMN39866913	SRX23655404	MFD02146.fa			
MFD02147	PRJNA1071982	SAMN39866914	SRX23655562	MFD02147.fa			
MFD02148	PRJNA1071982	SAMN39866915	SRX23655573	MFD02148.fa			
MFD02149	PRJNA1071982	SAMN39866916	SRX23655125	MFD02149.fa			
MFD02150	PRJNA1071982	SAMN39866917	SRX23655136	MFD02150.fa			
MFD02151	PRJNA1071982	SAMN39866918	SRX23655147	MFD02151.fa			
MFD02152	PRJNA1071982	SAMN39866919	SRX23655589	MFD02152.fa			
MFD02153	PRJNA1071982	SAMN39866920	SRX23655600	MFD02153.fa			
MFD02154	PRJNA1071982	SAMN39866921	SRX23655152	MFD02154.fa			
MFD02155	PRJNA1071982	SAMN39866922	SRX23655163	MFD02155.fa			
MFD02156	PRJNA1071982	SAMN39866923	SRX23655175	MFD02156.fa			
MFD02157	PRJNA1071982	SAMN39866924	SRX23655186	MFD02157.fa			
MFD02158	PRJNA1071982	SAMN39866925	SRX23655197	MFD02158.fa			
MFD02159	PRJNA1071982	SAMN39866926	SRX23655208	MFD02159.fa			
MFD02160	PRJNA1071982	SAMN39866927	SRX23655219	MFD02160.fa			
MFD02161	PRJNA1071982	SAMN39866928	SRX23655230	MFD02161.fa			
MFD02162	PRJNA1071982	SAMN39866929	SRX23655616	MFD02162.fa			
MFD02163	PRJNA1071982	SAMN39866930	SRX23655627	MFD02163.fa			
MFD02164	PRJNA1071982	SAMN39866931	SRX23655638	MFD02164.fa			
MFD02165	PRJNA1071982	SAMN39866932	SRX23655649	MFD02165.fa			
MFD02166	PRJNA1071982	SAMN39866933	SRX23655661	MFD02166.fa			
MFD02167	PRJNA1071982	SAMN39866934	SRX23655241	MFD02167.fa			
MFD02168	PRJNA1071982	SAMN39866935	SRX23655252	MFD02168.fa			
MFD02169	PRJNA1071982	SAMN39866936	SRX23655263	MFD02169.fa			
MFD02170	PRJNA1071982	SAMN39866937	SRX23655274	MFD02170.fa			
MFD02171	PRJNA1071982	SAMN39866938	SRX23655285	MFD02171.fa			
MFD02172	PRJNA1071982	SAMN39866939	SRX23655411	MFD02172.fa			
MFD02173	PRJNA1071982	SAMN39866940	SRX23655422	MFD02173.fa			
MFD02174	PRJNA1071982	SAMN39866941	SRX23655433	MFD02174.fa			
MFD02175	PRJNA1071982	SAMN39866942	SRX23655763	MFD02175.fa			
MFD02176	PRJNA1071982	SAMN39866943	SRX23655775	MFD02176.fa	SRX23627709	SRX23627708	SRX23662584
MFD02177	PRJNA1071982	SAMN39866944	SRX23655786	MFD02177.fa			
MFD02178	PRJNA1071982	SAMN39866945	SRX23655797	MFD02178.fa			
MFD02179	PRJNA1071982	SAMN39866946	SRX23655808	MFD02179.fa			
MFD02180	PRJNA1071982	SAMN39866947	SRX23655676	MFD02180.fa			
MFD02181	PRJNA1071982	SAMN39866948	SRX23655687	MFD02181.fa			
MFD02182	PRJNA1071982	SAMN39866949	SRX23655812	MFD02182.fa			
MFD02183	PRJNA1071982	SAMN39866950	SRX23655823	MFD02183.fa			
MFD02184	PRJNA1071982	SAMN39866951	SRX23655834	MFD02184.fa			
MFD02185	PRJNA1071982	SAMN39866952	SRX23655702	MFD02185.fa			
MFD02186	PRJNA1071982	SAMN39866953	SRX23655714	MFD02186.fa			
MFD02187	PRJNA1071982	SAMN39866954	SRX23655434	MFD02187.fa			
MFD02188	PRJNA1071982	SAMN39866955	SRX23655445	MFD02188.fa			
MFD02189	PRJNA1071982	SAMN39866956	SRX23655456	MFD02189.fa			
MFD02190	PRJNA1071982	SAMN39866957	SRX23655844	MFD02190.fa			
MFD02191	PRJNA1071982	SAMN39866958	SRX23655855	MFD02191.fa			
MFD02192	PRJNA1071982	SAMN39866959	SRX23655866	MFD02192.fa			
MFD02193	PRJNA1071982	SAMN39866960	SRX23655734	MFD02193.fa			
MFD02194	PRJNA1071982	SAMN39866961	SRX23655745	MFD02194.fa			
MFD02195	PRJNA1071982	SAMN39866962	SRX23655871	MFD02195.fa			
MFD02196	PRJNA1071982	SAMN39866963	SRX23655883	MFD02196.fa			
MFD02197	PRJNA1071982	SAMN39866964	SRX23655894	MFD02197.fa			
MFD02198	PRJNA1071982	SAMN39866965	SRX23655905	MFD02198.fa			
MFD02199	PRJNA1071982	SAMN39866966	SRX23655916	MFD02199.fa			
MFD02200	PRJNA1071982	SAMN39866967	SRX23655927	MFD02200.fa			
MFD02201	PRJNA1071982	SAMN39866968	SRX23655938	MFD02201.fa			
MFD02202	PRJNA1071982	SAMN39866969	SRX23655949	MFD02202.fa			
MFD02203	PRJNA1071982	SAMN39866970	SRX23655470	MFD02203.fa			
MFD02204	PRJNA1071982	SAMN39866971	SRX23655481	MFD02204.fa			
MFD02205	PRJNA1071982	SAMN39866972	SRX23655954	MFD02205.fa			
MFD02206	PRJNA1071982	SAMN39866973	SRX23655966	MFD02206.fa			
MFD02207	PRJNA1071982	SAMN39866974	SRX23655977	MFD02207.fa			
MFD02208	PRJNA1071982	SAMN39866975	SRX23655300	MFD02208.fa			
MFD02209	PRJNA1071982	SAMN39866976	SRX23655311	MFD02209.fa			
MFD02210	PRJNA1071982	SAMN39866977	SRX23655492	MFD02210.fa			
MFD02211	PRJNA1071982	SAMN39866978	SRX23655503	MFD02211.fa			
MFD02212	PRJNA1071982	SAMN39866979	SRX23655514	MFD02212.fa			
MFD02213	PRJNA1071982	SAMN39866980	SRX23655327	MFD02213.fa			
MFD02214	PRJNA1071982	SAMN39866981	SRX23655338	MFD02214.fa			
MFD02215	PRJNA1071982	SAMN39866982	SRX23655519	MFD02215.fa			
MFD02216	PRJNA1071982	SAMN39866983	SRX23655531	MFD02216.fa			
MFD02217	PRJNA1071982	SAMN39866984	SRX23655542	MFD02217.fa			
MFD02218	PRJNA1071982	SAMN39866985	SRX23655546	MFD02218.fa			
MFD02219	PRJNA1071982	SAMN39866986	SRX23655547	MFD02219.fa			
MFD02220	PRJNA1071982	SAMN39866987	SRX23655548	MFD02220.fa			
MFD02221	PRJNA1071982	SAMN39866988	SRX23655549	MFD02221.fa			
MFD02222	PRJNA1071982	SAMN39866989	SRX23655550	MFD02222.fa			
MFD02223	PRJNA1071982	SAMN39866990	SRX23655551	MFD02223.fa			
MFD02224	PRJNA1071982	SAMN39866991	SRX23655552	MFD02224.fa			
MFD02225	PRJNA1071982	SAMN39866992	SRX23655553	MFD02225.fa			
MFD02226	PRJNA1071982	SAMN39866993	SRX23655070	MFD02226.fa			
MFD02227	PRJNA1071982	SAMN39866994	SRX23655071	MFD02227.fa			
MFD02228	PRJNA1071982	SAMN39866995	SRX23655072	MFD02228.fa			
MFD02229	PRJNA1071982	SAMN39866996	SRX23655073	MFD02229.fa			
MFD02230	PRJNA1071982	SAMN39866997	SRX23655074	MFD02230.fa			
MFD02231	PRJNA1071982	SAMN39866998	SRX23655075	MFD02231.fa			
MFD02232	PRJNA1071982	SAMN39866999	SRX23655076	MFD02232.fa			
MFD02233	PRJNA1071982	SAMN39867000	SRX23655077	MFD02233.fa			
MFD02234	PRJNA1071982	SAMN39867001	SRX23655078	MFD02234.fa			
MFD02235	PRJNA1071982	SAMN39867002	SRX23655079	MFD02235.fa			
MFD02236	PRJNA1071982	SAMN39867003	SRX23655081	MFD02236.fa			
MFD02237	PRJNA1071982	SAMN39867004	SRX23655082	MFD02237.fa			
MFD02238	PRJNA1071982	SAMN39867005	SRX23655083	MFD02238.fa			
MFD02239	PRJNA1071982	SAMN39867006	SRX23655084	MFD02239.fa			
MFD02240	PRJNA1071982	SAMN39867007	SRX23655085	MFD02240.fa			
MFD02241	PRJNA1071982	SAMN39867008	SRX23655086	MFD02241.fa			
MFD02242	PRJNA1071982	SAMN39867009	SRX23655087	MFD02242.fa			
MFD02243	PRJNA1071982	SAMN39867010	SRX23655088	MFD02243.fa			
MFD02244	PRJNA1071982	SAMN39867011	SRX23655089	MFD02244.fa			
MFD02245	PRJNA1071982	SAMN39867012	SRX23655090	MFD02245.fa			
MFD02246	PRJNA1071982	SAMN39867013	SRX23655092	MFD02246.fa			
MFD02247	PRJNA1071982	SAMN39867014	SRX23655093	MFD02247.fa			
MFD02248	PRJNA1071982	SAMN39867015	SRX23655094	MFD02248.fa			
MFD02249	PRJNA1071982	SAMN39867016	SRX23655095	MFD02249.fa			
MFD02250	PRJNA1071982	SAMN39867017	SRX23655096	MFD02250.fa			
MFD02251	PRJNA1071982	SAMN39867018	SRX23655097	MFD02251.fa			
MFD02252	PRJNA1071982	SAMN39867019	SRX23655098	MFD02252.fa			
MFD02253	PRJNA1071982	SAMN39867020	SRX23655099	MFD02253.fa			
MFD02254	PRJNA1071982	SAMN39867021	SRX23655100	MFD02254.fa			
MFD02255	PRJNA1071982	SAMN39867022	SRX23655101	MFD02255.fa			
MFD02256	PRJNA1071982	SAMN39867023	SRX23655103	MFD02256.fa			
MFD02257	PRJNA1071982	SAMN39867024	SRX23655104	MFD02257.fa			
MFD02258	PRJNA1071982	SAMN39867025	SRX23655105	MFD02258.fa			
MFD02259	PRJNA1071982	SAMN39867026	SRX23655106	MFD02259.fa			
MFD02260	PRJNA1071982	SAMN39867027	SRX23655107	MFD02260.fa			
MFD02261	PRJNA1071982	SAMN39867028	SRX23655108	MFD02261.fa	SRX23627711	SRX23627710	SRX23662585
MFD02262	PRJNA1071982	SAMN39867029	SRX23655109	MFD02262.fa			
MFD02263	PRJNA1071982	SAMN39867030	SRX23655110	MFD02263.fa	SRX23627713	SRX23627712	SRX23662586
MFD02264	PRJNA1071982	SAMN39867031	SRX23655111	MFD02264.fa			
MFD02265	PRJNA1071982	SAMN39867032	SRX23655112	MFD02265.fa			
MFD02266	PRJNA1071982	SAMN39867033	SRX23655114	MFD02266.fa			
MFD02267	PRJNA1071982	SAMN39867034	SRX23655115	MFD02267.fa			
MFD02268	PRJNA1071982	SAMN39867035	SRX23655116	MFD02268.fa			
MFD02269	PRJNA1071982	SAMN39867036	SRX23655117	MFD02269.fa			
MFD02270	PRJNA1071982	SAMN39867037	SRX23655118	MFD02270.fa			
MFD02271	PRJNA1071982	SAMN39867038	SRX23655119	MFD02271.fa			
MFD02272	PRJNA1071982	SAMN39867039	SRX23655120	MFD02272.fa			
MFD02273	PRJNA1071982	SAMN39867040	SRX23655121	MFD02273.fa			
MFD02274	PRJNA1071982	SAMN39867041	SRX23655122	MFD02274.fa			
MFD02275	PRJNA1071982	SAMN39867042	SRX23655123	MFD02275.fa			
MFD02276	PRJNA1071982	SAMN39867043	SRX23655349	MFD02276.fa			
MFD02277	PRJNA1071982	SAMN39867044	SRX23655350	MFD02277.fa			
MFD02278	PRJNA1071982	SAMN39867045	SRX23655351	MFD02278.fa	SRX23627715	SRX23627714	SRX23662587
MFD02279	PRJNA1071982	SAMN39867046	SRX23655352	MFD02279.fa			
MFD02280	PRJNA1071982	SAMN39867047	SRX23655353	MFD02280.fa			
MFD02281	PRJNA1071982	SAMN39867048	SRX23655354	MFD02281.fa			
MFD02282	PRJNA1071982	SAMN39867049	SRX23655355	MFD02282.fa			
MFD02283	PRJNA1071982	SAMN39867050	SRX23655356	MFD02283.fa			
MFD02284	PRJNA1071982	SAMN39867051	SRX23655357	MFD02284.fa			
MFD02285	PRJNA1071982	SAMN39867052	SRX23655358	MFD02285.fa			
MFD02286	PRJNA1071982	SAMN39867053	SRX23655360	MFD02286.fa			
MFD02287	PRJNA1071982	SAMN39867054	SRX23655361	MFD02287.fa			
MFD02288	PRJNA1071982	SAMN39867055	SRX23655362	MFD02288.fa			
MFD02289	PRJNA1071982	SAMN39867056	SRX23655363	MFD02289.fa			
MFD02290	PRJNA1071982	SAMN39867057	SRX23655364	MFD02290.fa			
MFD02292	PRJNA1071982	SAMN39867058	SRX23655365	MFD02292.fa			
MFD02293	PRJNA1071982	SAMN39867059	SRX23655366	MFD02293.fa			
MFD02294	PRJNA1071982	SAMN39867060	SRX23655367	MFD02294.fa			
MFD02295	PRJNA1071982	SAMN39867061	SRX23655368	MFD02295.fa			
MFD02296	PRJNA1071982	SAMN39867062	SRX23655369	MFD02296.fa			
MFD02297	PRJNA1071982	SAMN39867063	SRX23655371	MFD02297.fa			
MFD02298	PRJNA1071982	SAMN39867064	SRX23655372	MFD02298.fa			
MFD02299	PRJNA1071982	SAMN39867065	SRX23655373	MFD02299.fa			
MFD02300	PRJNA1071982	SAMN39867066	SRX23655374	MFD02300.fa			
MFD02301	PRJNA1071982	SAMN39867067	SRX23655375	MFD02301.fa			
MFD02302	PRJNA1071982	SAMN39867068	SRX23655376	MFD02302.fa			
MFD02303	PRJNA1071982	SAMN39867069	SRX23655377	MFD02303.fa			
MFD02304	PRJNA1071982	SAMN39867070	SRX23655378	MFD02304.fa			
MFD02305	PRJNA1071982	SAMN39867071	SRX23655379	MFD02305.fa			
MFD02306	PRJNA1071982	SAMN39867072	SRX23655380	MFD02306.fa	SRX23627717	SRX23627716	SRX23662589
MFD02307	PRJNA1071982	SAMN39867073	SRX23655382	MFD02307.fa			
MFD02308	PRJNA1071982	SAMN39867074	SRX23655383	MFD02308.fa			
MFD02309	PRJNA1071982	SAMN39867075	SRX23655384	MFD02309.fa			
MFD02310	PRJNA1071982	SAMN39867076	SRX23655385	MFD02310.fa			
MFD02311	PRJNA1071982	SAMN39867077	SRX23655386	MFD02311.fa			
MFD02312	PRJNA1071982	SAMN39867078	SRX23655387	MFD02312.fa			
MFD02313	PRJNA1071982	SAMN39867079	SRX23655388	MFD02313.fa			
MFD02314	PRJNA1071982	SAMN39867080	SRX23655389	MFD02314.fa			
MFD02315	PRJNA1071982	SAMN39867081	SRX23655390	MFD02315.fa			
MFD02316	PRJNA1071982	SAMN39867082	SRX23655391	MFD02316.fa			
MFD02317	PRJNA1071982	SAMN39867083	SRX23655393	MFD02317.fa			
MFD02318	PRJNA1071982	SAMN39867084	SRX23655394	MFD02318.fa			
MFD02319	PRJNA1071982	SAMN39867085	SRX23655395	MFD02319.fa			
MFD02320	PRJNA1071982	SAMN39867086	SRX23655396	MFD02320.fa			
MFD02321	PRJNA1071982	SAMN39867087	SRX23655397	MFD02321.fa			
MFD02322	PRJNA1071982	SAMN39867088	SRX23655398	MFD02322.fa			
MFD02324	PRJNA1071982	SAMN39867089	SRX23655399	MFD02324.fa			
MFD02325	PRJNA1071982	SAMN39867090	SRX23655400	MFD02325.fa			
MFD02326	PRJNA1071982	SAMN39867091	SRX23655401	MFD02326.fa			
MFD02327	PRJNA1071982	SAMN39867092	SRX23655402	MFD02327.fa			
MFD02328	PRJNA1071982	SAMN39867093	SRX23655405	MFD02328.fa			
MFD02329	PRJNA1071982	SAMN39867094	SRX23655406	MFD02329.fa			
MFD02330	PRJNA1071982	SAMN39867095	SRX23655554	MFD02330.fa			
MFD02331	PRJNA1071982	SAMN39867096	SRX23655555	MFD02331.fa			
MFD02332	PRJNA1071982	SAMN39867097	SRX23655556	MFD02332.fa			
MFD02333	PRJNA1071982	SAMN39867098	SRX23655557	MFD02333.fa	SRX23627720	SRX23627719	SRX23662590
MFD02334	PRJNA1071982	SAMN39867099	SRX23655558	MFD02334.fa			
MFD02335	PRJNA1071982	SAMN39867100	SRX23655559	MFD02335.fa			
MFD02336	PRJNA1071982	SAMN39867101	SRX23655560	MFD02336.fa			
MFD02337	PRJNA1071982	SAMN39867102	SRX23655561	MFD02337.fa			
MFD02338	PRJNA1071982	SAMN39867103	SRX23655563	MFD02338.fa	SRX23627722	SRX23627721	SRX23662591
MFD02339	PRJNA1071982	SAMN39867104	SRX23655564	MFD02339.fa			
MFD02340	PRJNA1071982	SAMN39867105	SRX23655565	MFD02340.fa			
MFD02341	PRJNA1071982	SAMN39867106	SRX23655566	MFD02341.fa			
MFD02342	PRJNA1071982	SAMN39867107	SRX23655567	MFD02342.fa			
MFD02343	PRJNA1071982	SAMN39867108	SRX23655568	MFD02343.fa			
MFD02344	PRJNA1071982	SAMN39867109	SRX23655569	MFD02344.fa			
MFD02345	PRJNA1071982	SAMN39867110	SRX23655570	MFD02345.fa			
MFD02346	PRJNA1071982	SAMN39867111	SRX23655571	MFD02346.fa			
MFD02347	PRJNA1071982	SAMN39867112	SRX23655572	MFD02347.fa			
MFD02348	PRJNA1071982	SAMN39867113	SRX23655574	MFD02348.fa			
MFD02349	PRJNA1071982	SAMN39867114	SRX23655575	MFD02349.fa			
MFD02350	PRJNA1071982	SAMN39867115	SRX23655576	MFD02350.fa			
MFD02351	PRJNA1071982	SAMN39867116	SRX23655577	MFD02351.fa			
MFD02352	PRJNA1071982	SAMN39867117	SRX23655578	MFD02352.fa			
MFD02353	PRJNA1071982	SAMN39867118	SRX23655579	MFD02353.fa			
MFD02354	PRJNA1071982	SAMN39867119	SRX23655580	MFD02354.fa			
MFD02355	PRJNA1071982	SAMN39867120	SRX23655581	MFD02355.fa			
MFD02356	PRJNA1071982	SAMN39867121	SRX23655582	MFD02356.fa			
MFD02357	PRJNA1071982	SAMN39867122	SRX23655124	MFD02357.fa	SRX23627724	SRX23627723	SRX23662592
MFD02358	PRJNA1071982	SAMN39867123	SRX23655126	MFD02358.fa			
MFD02359	PRJNA1071982	SAMN39867124	SRX23655127	MFD02359.fa			
MFD02360	PRJNA1071982	SAMN39867125	SRX23655128	MFD02360.fa			
MFD02361	PRJNA1071982	SAMN39867126	SRX23655129	MFD02361.fa			
MFD02362	PRJNA1071982	SAMN39867127	SRX23655130	MFD02362.fa			
MFD02363	PRJNA1071982	SAMN39867128	SRX23655131	MFD02363.fa	SRX23627726	SRX23627725	SRX23662593
MFD02364	PRJNA1071982	SAMN39867129	SRX23655132	MFD02364.fa			
MFD02365	PRJNA1071982	SAMN39867130	SRX23655133	MFD02365.fa			
MFD02366	PRJNA1071982	SAMN39867131	SRX23655134	MFD02366.fa			
MFD02367	PRJNA1071982	SAMN39867132	SRX23655135	MFD02367.fa			
MFD02368	PRJNA1071982	SAMN39867133	SRX23655137	MFD02368.fa			
MFD02369	PRJNA1071982	SAMN39867134	SRX23655138	MFD02369.fa			
MFD02370	PRJNA1071982	SAMN39867135	SRX23655139	MFD02370.fa			
MFD02371	PRJNA1071982	SAMN39867136	SRX23655140	MFD02371.fa			
MFD02372	PRJNA1071982	SAMN39867137	SRX23655141	MFD02372.fa			
MFD02373	PRJNA1071982	SAMN39867138	SRX23655142	MFD02373.fa			
MFD02374	PRJNA1071982	SAMN39867139	SRX23655143	MFD02374.fa			
MFD02375	PRJNA1071982	SAMN39867140	SRX23655144	MFD02375.fa			
MFD02376	PRJNA1071982	SAMN39867141	SRX23655145	MFD02376.fa			
MFD02377	PRJNA1071982	SAMN39867142	SRX23655146	MFD02377.fa			
MFD02378	PRJNA1071982	SAMN39867143	SRX23655148	MFD02378.fa			
MFD02379	PRJNA1071982	SAMN39867144	SRX23655149	MFD02379.fa			
MFD02380	PRJNA1071982	SAMN39867145	SRX23655150	MFD02380.fa			
MFD02381	PRJNA1071982	SAMN39867146	SRX23655151	MFD02381.fa			
MFD02382	PRJNA1071982	SAMN39867147	SRX23655583	MFD02382.fa			
MFD02383	PRJNA1071982	SAMN39867148	SRX23655584	MFD02383.fa			
MFD02384	PRJNA1071982	SAMN39867149	SRX23655585	MFD02384.fa			
MFD02385	PRJNA1071982	SAMN39867150	SRX23655586	MFD02385.fa			
MFD02386	PRJNA1071982	SAMN39867151	SRX23655587	MFD02386.fa			
MFD02387	PRJNA1071982	SAMN39867152	SRX23655588	MFD02387.fa			
MFD02388	PRJNA1071982	SAMN39867153	SRX23655590	MFD02388.fa			
MFD02389	PRJNA1071982	SAMN39867154	SRX23655591	MFD02389.fa			
MFD02390	PRJNA1071982	SAMN39867155	SRX23655592	MFD02390.fa			
MFD02391	PRJNA1071982	SAMN39867156	SRX23655593	MFD02391.fa	SRX23627728	SRX23627727	SRX23662594
MFD02392	PRJNA1071982	SAMN39867157	SRX23655594	MFD02392.fa			
MFD02393	PRJNA1071982	SAMN39867158	SRX23655595	MFD02393.fa			
MFD02394	PRJNA1071982	SAMN39867159	SRX23655596	MFD02394.fa			
MFD02395	PRJNA1071982	SAMN39867160	SRX23655597	MFD02395.fa			
MFD02396	PRJNA1071982	SAMN39867161	SRX23655598	MFD02396.fa			
MFD02397	PRJNA1071982	SAMN39867162	SRX23655599	MFD02397.fa			
MFD02398	PRJNA1071982	SAMN39867163	SRX23655601	MFD02398.fa			
MFD02399	PRJNA1071982	SAMN39867164	SRX23655602	MFD02399.fa			
MFD02400	PRJNA1071982	SAMN39867165	SRX23655603	MFD02400.fa			
MFD02401	PRJNA1071982	SAMN39867166	SRX23655604	MFD02401.fa			
MFD02402	PRJNA1071982	SAMN39867167	SRX23655605	MFD02402.fa			
MFD02403	PRJNA1071982	SAMN39867168	SRX23655606	MFD02403.fa			
MFD02404	PRJNA1071982	SAMN39867169	SRX23655607	MFD02404.fa			
MFD02405	PRJNA1071982	SAMN39867170	SRX23655608	MFD02405.fa			
MFD02406	PRJNA1071982	SAMN39867171	SRX23655609	MFD02406.fa			
MFD02407	PRJNA1071982	SAMN39867172	SRX23655610	MFD02407.fa			
MFD02408	PRJNA1071982	SAMN39867173	SRX23655153	MFD02408.fa			
MFD02409	PRJNA1071982	SAMN39867174	SRX23655154	MFD02409.fa			
MFD02410	PRJNA1071982	SAMN39867175	SRX23655155	MFD02410.fa			
MFD02411	PRJNA1071982	SAMN39867176	SRX23655156	MFD02411.fa			
MFD02412	PRJNA1071982	SAMN39867177	SRX23655157	MFD02412.fa			
MFD02413	PRJNA1071982	SAMN39867178	SRX23655158	MFD02413.fa			
MFD02414	PRJNA1071982	SAMN39867179	SRX23655159	MFD02414.fa			
MFD02415	PRJNA1071982	SAMN39867180	SRX23655160	MFD02415.fa			
MFD02416	PRJNA1071982	SAMN39867181	SRX23655161	MFD02416.fa			
MFD02417	PRJNA1071982	SAMN39874923	SRX23655162	MFD02417.fa			
MFD02418	PRJNA1071982	SAMN39867182	SRX23655164	MFD02418.fa			
MFD02419	PRJNA1071982	SAMN39867183	SRX23655165	MFD02419.fa			
MFD02420	PRJNA1071982	SAMN39867184	SRX23655166	MFD02420.fa			
MFD02421	PRJNA1071982	SAMN39867185	SRX23655167	MFD02421.fa			
MFD02422	PRJNA1071982	SAMN39867186	SRX23655168	MFD02422.fa			
MFD02423	PRJNA1071982	SAMN39867187	SRX23655169	MFD02423.fa			
MFD02424	PRJNA1071982	SAMN39867188	SRX23655170	MFD02424.fa			
MFD02425	PRJNA1071982	SAMN39867189	SRX23655171	MFD02425.fa			
MFD02426	PRJNA1071982	SAMN39867190	SRX23655172	MFD02426.fa			
MFD02427	PRJNA1071982	SAMN39867191	SRX23655173	MFD02427.fa			
MFD02428	PRJNA1071982	SAMN39867192	SRX23655176	MFD02428.fa			
MFD02429	PRJNA1071982	SAMN39867193	SRX23655177	MFD02429.fa			
MFD02430	PRJNA1071982	SAMN39867194	SRX23655178	MFD02430.fa			
MFD02431	PRJNA1071982	SAMN39867195	SRX23655179	MFD02431.fa			
MFD02432	PRJNA1071982	SAMN39867196	SRX23655180	MFD02432.fa			
MFD02433	PRJNA1071982	SAMN39867197	SRX23655181	MFD02433.fa			
MFD02434	PRJNA1071982	SAMN39867198	SRX23655182	MFD02434.fa			
MFD02435	PRJNA1071982	SAMN39867199	SRX23655183	MFD02435.fa			
MFD02436	PRJNA1071982	SAMN39867200	SRX23655184	MFD02436.fa			
MFD02437	PRJNA1071982	SAMN39867201	SRX23655185	MFD02437.fa			
MFD02438	PRJNA1071982	SAMN39867202	SRX23655187	MFD02438.fa			
MFD02439	PRJNA1071982	SAMN39867203	SRX23655188	MFD02439.fa			
MFD02440	PRJNA1071982	SAMN39867204	SRX23655189	MFD02440.fa			
MFD02441	PRJNA1071982	SAMN39867205	SRX23655190	MFD02441.fa			
MFD02442	PRJNA1071982	SAMN39867206	SRX23655191	MFD02442.fa			
MFD02443	PRJNA1071982	SAMN39867207	SRX23655192	MFD02443.fa			
MFD02444	PRJNA1071982	SAMN39867208	SRX23655193	MFD02444.fa			
MFD02445	PRJNA1071982	SAMN39867209	SRX23655194	MFD02445.fa			
MFD02446	PRJNA1071982	SAMN39867210	SRX23655195	MFD02446.fa			
MFD02447	PRJNA1071982	SAMN39867211	SRX23655196	MFD02447.fa			
MFD02448	PRJNA1071982	SAMN39867212	SRX23655198	MFD02448.fa			
MFD02449	PRJNA1071982	SAMN39867213	SRX23655199	MFD02449.fa			
MFD02450	PRJNA1071982	SAMN39867214	SRX23655200	MFD02450.fa			
MFD02451	PRJNA1071982	SAMN39867215	SRX23655201	MFD02451.fa			
MFD02452	PRJNA1071982	SAMN39867216	SRX23655202	MFD02452.fa			
MFD02453	PRJNA1071982	SAMN39867217	SRX23655203	MFD02453.fa			
MFD02454	PRJNA1071982	SAMN39867218	SRX23655204	MFD02454.fa			
MFD02455	PRJNA1071982	SAMN39867219	SRX23655205	MFD02455.fa			
MFD02456	PRJNA1071982	SAMN39867220	SRX23655206	MFD02456.fa			
MFD02457	PRJNA1071982	SAMN39867221	SRX23655207	MFD02457.fa			
MFD02458	PRJNA1071982	SAMN39867222	SRX23655209	MFD02458.fa			
MFD02459	PRJNA1071982	SAMN39867223	SRX23655210	MFD02459.fa			
MFD02460	PRJNA1071982	SAMN39867224	SRX23655211	MFD02460.fa			
MFD02461	PRJNA1071982	SAMN39867225	SRX23655212	MFD02461.fa			
MFD02462	PRJNA1071982	SAMN39867226	SRX23655213	MFD02462.fa			
MFD02463	PRJNA1071982	SAMN39867227	SRX23655214	MFD02463.fa			
MFD02464	PRJNA1071982	SAMN39867228	SRX23655215	MFD02464.fa			
MFD02465	PRJNA1071982	SAMN39867229	SRX23655216	MFD02465.fa			
MFD02466	PRJNA1071982	SAMN39867230	SRX23655217	MFD02466.fa			
MFD02467	PRJNA1071982	SAMN39867231	SRX23655218	MFD02467.fa			
MFD02468	PRJNA1071982	SAMN39874924	SRX23655220	MFD02468.fa			
MFD02469	PRJNA1071982	SAMN39867232	SRX23655221	MFD02469.fa			
MFD02470	PRJNA1071982	SAMN39867233	SRX23655222	MFD02470.fa			
MFD02471	PRJNA1071982	SAMN39867234	SRX23655223	MFD02471.fa			
MFD02472	PRJNA1071982	SAMN39867235	SRX23655224	MFD02472.fa			
MFD02473	PRJNA1071982	SAMN39867236	SRX23655225	MFD02473.fa			
MFD02474	PRJNA1071982	SAMN39867237	SRX23655226	MFD02474.fa			
MFD02475	PRJNA1071982	SAMN39867238	SRX23655227	MFD02475.fa			
MFD02476	PRJNA1071982	SAMN39867239	SRX23655228	MFD02476.fa			
MFD02477	PRJNA1071982	SAMN39867240	SRX23655229	MFD02477.fa			
MFD02478	PRJNA1071982	SAMN39867241	SRX23655231	MFD02478.fa			
MFD02479	PRJNA1071982	SAMN39867242	SRX23655232	MFD02479.fa			
MFD02480	PRJNA1071982	SAMN39867243	SRX23655233	MFD02480.fa			
MFD02481	PRJNA1071982	SAMN39867244	SRX23655234	MFD02481.fa			
MFD02482	PRJNA1071982	SAMN39867245	SRX23655235	MFD02482.fa			
MFD02483	PRJNA1071982	SAMN39867246	SRX23655611	MFD02483.fa			
MFD02484	PRJNA1071982	SAMN39867247	SRX23655612	MFD02484.fa			
MFD02485	PRJNA1071982	SAMN39867248	SRX23655613	MFD02485.fa			
MFD02486	PRJNA1071982	SAMN39867249	SRX23655614	MFD02486.fa			
MFD02488	PRJNA1071982	SAMN39867250	SRX23655615	MFD02488.fa			
MFD02489	PRJNA1071982	SAMN39867251	SRX23655617	MFD02489.fa			
MFD02490	PRJNA1071982	SAMN39867252	SRX23655618	MFD02490.fa			
MFD02491	PRJNA1071982	SAMN39867253	SRX23655619	MFD02491.fa			
MFD02492	PRJNA1071982	SAMN39867254	SRX23655620	MFD02492.fa			
MFD02493	PRJNA1071982	SAMN39867255	SRX23655621	MFD02493.fa			
MFD02494	PRJNA1071982	SAMN39867256	SRX23655622	MFD02494.fa	SRX23627732	SRX23627731	SRX23662595
MFD02495	PRJNA1071982	SAMN39867257	SRX23655623	MFD02495.fa			
MFD02496	PRJNA1071982	SAMN39867258	SRX23655624	MFD02496.fa			
MFD02497	PRJNA1071982	SAMN39867259	SRX23655625	MFD02497.fa	SRX23627734	SRX23627733	SRX23662596
MFD02498	PRJNA1071982	SAMN39867260	SRX23655626	MFD02498.fa			
MFD02499	PRJNA1071982	SAMN39867261	SRX23655628	MFD02499.fa			
MFD02500	PRJNA1071982	SAMN39867262	SRX23655629	MFD02500.fa			
MFD02501	PRJNA1071982	SAMN39867263	SRX23655630	MFD02501.fa			
MFD02502	PRJNA1071982	SAMN39867264	SRX23655631	MFD02502.fa			
MFD02503	PRJNA1071982	SAMN39867265	SRX23655632	MFD02503.fa			
MFD02504	PRJNA1071982	SAMN39867266	SRX23655633	MFD02504.fa			
MFD02505	PRJNA1071982	SAMN39867267	SRX23655634	MFD02505.fa			
MFD02506	PRJNA1071982	SAMN39867268	SRX23655635	MFD02506.fa	SRX23627736	SRX23627735	SRX23662597
MFD02507	PRJNA1071982	SAMN39874925	SRX23655636	MFD02507.fa			
MFD02508	PRJNA1071982	SAMN39867269	SRX23655637	MFD02508.fa			
MFD02509	PRJNA1071982	SAMN39874926	SRX23655639	MFD02509.fa			
MFD02510	PRJNA1071982	SAMN39867270	SRX23655640	MFD02510.fa			
MFD02511	PRJNA1071982	SAMN39867271	SRX23655641	MFD02511.fa			
MFD02512	PRJNA1071982	SAMN39867272	SRX23655642	MFD02512.fa			
MFD02513	PRJNA1071982	SAMN39867273	SRX23655643	MFD02513.fa			
MFD02514	PRJNA1071982	SAMN39867274	SRX23655644	MFD02514.fa			
MFD02515	PRJNA1071982	SAMN39867275	SRX23655645	MFD02515.fa			
MFD02516	PRJNA1071982	SAMN39867276	SRX23655646	MFD02516.fa			
MFD02517	PRJNA1071982	SAMN39867277	SRX23655647	MFD02517.fa			
MFD02518	PRJNA1071982	SAMN39867278	SRX23655648	MFD02518.fa			
MFD02519	PRJNA1071982	SAMN39867279	SRX23655650	MFD02519.fa			
MFD02520	PRJNA1071982	SAMN39867280	SRX23655651	MFD02520.fa			
MFD02521	PRJNA1071982	SAMN39867281	SRX23655652	MFD02521.fa			
MFD02522	PRJNA1071982	SAMN39867282	SRX23655653	MFD02522.fa			
MFD02523	PRJNA1071982	SAMN39867283	SRX23655654	MFD02523.fa			
MFD02524	PRJNA1071982	SAMN39867284	SRX23655655	MFD02524.fa			
MFD02525	PRJNA1071982	SAMN39867285	SRX23655656	MFD02525.fa			
MFD02526	PRJNA1071982	SAMN39874927	SRX23655657	MFD02526.fa			
MFD02527	PRJNA1071982	SAMN39867286	SRX23655658	MFD02527.fa			
MFD02528	PRJNA1071982	SAMN39867287	SRX23655659	MFD02528.fa			
MFD02529	PRJNA1071982	SAMN39867288	SRX23655662	MFD02529.fa			
MFD02530	PRJNA1071982	SAMN39867289	SRX23655663	MFD02530.fa			
MFD02531	PRJNA1071982	SAMN39867290	SRX23655664	MFD02531.fa			
MFD02532	PRJNA1071982	SAMN39867291	SRX23655665	MFD02532.fa			
MFD02533	PRJNA1071982	SAMN39867292	SRX23655666	MFD02533.fa			
MFD02534	PRJNA1071982	SAMN39867293	SRX23655236	MFD02534.fa			
MFD02535	PRJNA1071982	SAMN39867294	SRX23655237	MFD02535.fa			
MFD02536	PRJNA1071982	SAMN39867295	SRX23655238	MFD02536.fa			
MFD02537	PRJNA1071982	SAMN39867296	SRX23655239	MFD02537.fa			
MFD02538	PRJNA1071982	SAMN39867297	SRX23655240	MFD02538.fa			
MFD02539	PRJNA1071982	SAMN39867298	SRX23655242	MFD02539.fa			
MFD02540	PRJNA1071982	SAMN39867299	SRX23655243	MFD02540.fa			
MFD02541	PRJNA1071982	SAMN39867300	SRX23655244	MFD02541.fa			
MFD02542	PRJNA1071982	SAMN39867301	SRX23655245	MFD02542.fa			
MFD02543	PRJNA1071982	SAMN39874928	SRX23655246	MFD02543.fa			
MFD02544	PRJNA1071982	SAMN39867302	SRX23655247	MFD02544.fa			
MFD02545	PRJNA1071982	SAMN39867303	SRX23655248	MFD02545.fa			
MFD02546	PRJNA1071982	SAMN39867304	SRX23655249	MFD02546.fa			
MFD02547	PRJNA1071982	SAMN39867305	SRX23655250	MFD02547.fa			
MFD02548	PRJNA1071982	SAMN39867306	SRX23655251	MFD02548.fa			
MFD02549	PRJNA1071982	SAMN39867307	SRX23655253	MFD02549.fa			
MFD02551	PRJNA1071982	SAMN39867308	SRX23655254	MFD02551.fa			
MFD02552	PRJNA1071982	SAMN39874929	SRX23655255	MFD02552.fa			
MFD02553	PRJNA1071982	SAMN39867309	SRX23655256	MFD02553.fa			
MFD02554	PRJNA1071982	SAMN39867310	SRX23655257	MFD02554.fa			
MFD02555	PRJNA1071982	SAMN39867311	SRX23655258	MFD02555.fa			
MFD02556	PRJNA1071982	SAMN39867312	SRX23655259	MFD02556.fa			
MFD02557	PRJNA1071982	SAMN39874930	SRX23655260	MFD02557.fa			
MFD02558	PRJNA1071982	SAMN39867313	SRX23655261	MFD02558.fa			
MFD02559	PRJNA1071982	SAMN39867314	SRX23655262	MFD02559.fa			
MFD02560	PRJNA1071982	SAMN39867315	SRX23655264	MFD02560.fa			
MFD02561	PRJNA1071982	SAMN39867316	SRX23655265	MFD02561.fa			
MFD02562	PRJNA1071982	SAMN39867317	SRX23655266	MFD02562.fa			
MFD02563	PRJNA1071982	SAMN39874931	SRX23655267	MFD02563.fa			
MFD02564	PRJNA1071982	SAMN39867318	SRX23655268	MFD02564.fa			
MFD02565	PRJNA1071982	SAMN39867319	SRX23655269	MFD02565.fa			
MFD02566	PRJNA1071982	SAMN39867320	SRX23655270	MFD02566.fa			
MFD02567	PRJNA1071982	SAMN39867321	SRX23655271	MFD02567.fa			
MFD02569	PRJNA1071982	SAMN39867322	SRX23655272	MFD02569.fa			
MFD02570	PRJNA1071982	SAMN39867323	SRX23655273	MFD02570.fa			
MFD02571	PRJNA1071982	SAMN39867324	SRX23655275	MFD02571.fa			
MFD02572	PRJNA1071982	SAMN39867325	SRX23655276	MFD02572.fa			
MFD02573	PRJNA1071982	SAMN39867326	SRX23655277	MFD02573.fa			
MFD02574	PRJNA1071982	SAMN39867327	SRX23655278	MFD02574.fa			
MFD02575	PRJNA1071982	SAMN39867328	SRX23655279	MFD02575.fa			
MFD02576	PRJNA1071982	SAMN39867329	SRX23655280	MFD02576.fa			
MFD02577	PRJNA1071982	SAMN39867330	SRX23655281	MFD02577.fa			
MFD02578	PRJNA1071982	SAMN39867331	SRX23655282	MFD02578.fa			
MFD02579	PRJNA1071982	SAMN39867332	SRX23655283	MFD02579.fa			
MFD02580	PRJNA1071982	SAMN39867333	SRX23655284	MFD02580.fa			
MFD02581	PRJNA1071982	SAMN39867334	SRX23655286	MFD02581.fa			
MFD02582	PRJNA1071982	SAMN39867335	SRX23655287	MFD02582.fa			
MFD02583	PRJNA1071982	SAMN39867336	SRX23655288	MFD02583.fa			
MFD02584	PRJNA1071982	SAMN39867337	SRX23655289	MFD02584.fa			
MFD02586	PRJNA1071982	SAMN39867338	SRX23655290	MFD02586.fa			
MFD02587	PRJNA1071982	SAMN39867339	SRX23655291	MFD02587.fa			
MFD02588	PRJNA1071982	SAMN39867340	SRX23655407	MFD02588.fa	SRX23627738	SRX23627737	SRX23662598
MFD02589	PRJNA1071982	SAMN39867341	SRX23655408	MFD02589.fa			
MFD02590	PRJNA1071982	SAMN39867342	SRX23655409	MFD02590.fa			
MFD02591	PRJNA1071982	SAMN39867343	SRX23655410	MFD02591.fa			
MFD02592	PRJNA1071982	SAMN39867344	SRX23655412	MFD02592.fa			
MFD02593	PRJNA1071982	SAMN39867345	SRX23655413	MFD02593.fa			
MFD02594	PRJNA1071982	SAMN39867346	SRX23655414	MFD02594.fa			
MFD02595	PRJNA1071982	SAMN39867347	SRX23655415	MFD02595.fa			
MFD02596	PRJNA1071982	SAMN39867348	SRX23655416	MFD02596.fa			
MFD02597	PRJNA1071982	SAMN39867349	SRX23655417	MFD02597.fa			
MFD02598	PRJNA1071982	SAMN39867350	SRX23655418	MFD02598.fa			
MFD02599	PRJNA1071982	SAMN39867351	SRX23655419	MFD02599.fa			
MFD02600	PRJNA1071982	SAMN39867352	SRX23655420	MFD02600.fa			
MFD02671	PRJNA1071982	SAMN39867353	SRX23655421	MFD02671.fa			
MFD02672	PRJNA1071982	SAMN39867354	SRX23655423	MFD02672.fa			
MFD02673	PRJNA1071982	SAMN39867355	SRX23655424	MFD02673.fa			
MFD02674	PRJNA1071982	SAMN39867356	SRX23655425	MFD02674.fa			
MFD02675	PRJNA1071982	SAMN39867357	SRX23655426	MFD02675.fa			
MFD02676	PRJNA1071982	SAMN39867358	SRX23655427	MFD02676.fa			
MFD02677	PRJNA1071982	SAMN39867359	SRX23655428	MFD02677.fa			
MFD02678	PRJNA1071982	SAMN39867360	SRX23655429	MFD02678.fa	SRX23627740	SRX23627739	SRX23662601
MFD02679	PRJNA1071982	SAMN39867361	SRX23655430	MFD02679.fa			
MFD02680	PRJNA1071982	SAMN39867362	SRX23655431	MFD02680.fa			
MFD02681	PRJNA1071982	SAMN39867363	SRX23655432	MFD02681.fa			
MFD02682	PRJNA1071982	SAMN39867364	SRX23655753	MFD02682.fa			
MFD02683	PRJNA1071982	SAMN39867365	SRX23655754	MFD02683.fa			
MFD02684	PRJNA1071982	SAMN39867366	SRX23655755	MFD02684.fa			
MFD02685	PRJNA1071982	SAMN39867367	SRX23655756	MFD02685.fa			
MFD02686	PRJNA1071982	SAMN39867368	SRX23655757	MFD02686.fa			
MFD02687	PRJNA1071982	SAMN39867369	SRX23655758	MFD02687.fa			
MFD02688	PRJNA1071982	SAMN39867370	SRX23655759	MFD02688.fa			
MFD02689	PRJNA1071982	SAMN39867371	SRX23655760	MFD02689.fa			
MFD02690	PRJNA1071982	SAMN39867372	SRX23655761	MFD02690.fa			
MFD02691	PRJNA1071982	SAMN39867373	SRX23655762	MFD02691.fa			
MFD02692	PRJNA1071982	SAMN39867374	SRX23655764	MFD02692.fa	SRX23627743	SRX23627742	SRX23662602
MFD02693	PRJNA1071982	SAMN39867375	SRX23655765	MFD02693.fa			
MFD02694	PRJNA1071982	SAMN39867376	SRX23655766	MFD02694.fa			
MFD02695	PRJNA1071982	SAMN39867377	SRX23655767	MFD02695.fa			
MFD02696	PRJNA1071982	SAMN39867378	SRX23655768	MFD02696.fa			
MFD02697	PRJNA1071982	SAMN39867379	SRX23655769	MFD02697.fa			
MFD02698	PRJNA1071982	SAMN39867380	SRX23655770	MFD02698.fa			
MFD02699	PRJNA1071982	SAMN39867381	SRX23655771	MFD02699.fa			
MFD02700	PRJNA1071982	SAMN39867382	SRX23655772	MFD02700.fa			
MFD02701	PRJNA1071982	SAMN39867383	SRX23655773	MFD02701.fa			
MFD02702	PRJNA1071982	SAMN39867384	SRX23655776	MFD02702.fa			
MFD02703	PRJNA1071982	SAMN39867385	SRX23655777	MFD02703.fa			
MFD02704	PRJNA1071982	SAMN39867386	SRX23655778	MFD02704.fa			
MFD02705	PRJNA1071982	SAMN39867387	SRX23655779	MFD02705.fa			
MFD02706	PRJNA1071982	SAMN39867388	SRX23655780	MFD02706.fa			
MFD02707	PRJNA1071982	SAMN39867389	SRX23655781	MFD02707.fa			
MFD02708	PRJNA1071982	SAMN39867390	SRX23655782	MFD02708.fa			
MFD02709	PRJNA1071982	SAMN39867391	SRX23655783	MFD02709.fa			
MFD02710	PRJNA1071982	SAMN39867392	SRX23655784	MFD02710.fa			
MFD02711	PRJNA1071982	SAMN39867393	SRX23655785	MFD02711.fa			
MFD02712	PRJNA1071982	SAMN39867394	SRX23655787	MFD02712.fa			
MFD02713	PRJNA1071982	SAMN39867395	SRX23655788	MFD02713.fa			
MFD02714	PRJNA1071982	SAMN39867396	SRX23655789	MFD02714.fa			
MFD02715	PRJNA1071982	SAMN39867397	SRX23655790	MFD02715.fa			
MFD02716	PRJNA1071982	SAMN39867398	SRX23655791	MFD02716.fa			
MFD02717	PRJNA1071982	SAMN39867399	SRX23655792	MFD02717.fa			
MFD02718	PRJNA1071982	SAMN39867400	SRX23655793	MFD02718.fa			
MFD02719	PRJNA1071982	SAMN39867401	SRX23655794	MFD02719.fa			
MFD02720	PRJNA1071982	SAMN39867402	SRX23655795	MFD02720.fa			
MFD02721	PRJNA1071982	SAMN39867403	SRX23655796	MFD02721.fa			
MFD02722	PRJNA1071982	SAMN39867404	SRX23655798	MFD02722.fa			
MFD02723	PRJNA1071982	SAMN39867405	SRX23655799	MFD02723.fa			
MFD02724	PRJNA1071982	SAMN39867406	SRX23655800	MFD02724.fa			
MFD02725	PRJNA1071982	SAMN39867407	SRX23655801	MFD02725.fa			
MFD02726	PRJNA1071982	SAMN39867408	SRX23655802	MFD02726.fa			
MFD02727	PRJNA1071982	SAMN39867409	SRX23655803	MFD02727.fa			
MFD02728	PRJNA1071982	SAMN39867410	SRX23655804	MFD02728.fa	SRX23627745	SRX23627744	SRX23662603
MFD02729	PRJNA1071982	SAMN39867411	SRX23655805	MFD02729.fa			
MFD02730	PRJNA1071982	SAMN39867412	SRX23655806	MFD02730.fa	SRX23627907	SRX23627746	SRX23662604
MFD02731	PRJNA1071982	SAMN39867413	SRX23655807	MFD02731.fa			
MFD02732	PRJNA1071982	SAMN39867414	SRX23655809	MFD02732.fa			
MFD02733	PRJNA1071982	SAMN39867415	SRX23655667	MFD02733.fa			
MFD02734	PRJNA1071982	SAMN39867416	SRX23655668	MFD02734.fa			
MFD02735	PRJNA1071982	SAMN39867417	SRX23655669	MFD02735.fa			
MFD02736	PRJNA1071982	SAMN39867418	SRX23655670	MFD02736.fa			
MFD02737	PRJNA1071982	SAMN39867419	SRX23655671	MFD02737.fa			
MFD02738	PRJNA1071982	SAMN39867420	SRX23655672	MFD02738.fa			
MFD02739	PRJNA1071982	SAMN39867421	SRX23655673	MFD02739.fa			
MFD02740	PRJNA1071982	SAMN39867422	SRX23655674	MFD02740.fa			
MFD02741	PRJNA1071982	SAMN39867423	SRX23655675	MFD02741.fa			
MFD02742	PRJNA1071982	SAMN39867424	SRX23655677	MFD02742.fa			
MFD02743	PRJNA1071982	SAMN39867425	SRX23655678	MFD02743.fa			
MFD02744	PRJNA1071982	SAMN39867426	SRX23655679	MFD02744.fa			
MFD02745	PRJNA1071982	SAMN39867427	SRX23655680	MFD02745.fa			
MFD02746	PRJNA1071982	SAMN39867428	SRX23655681	MFD02746.fa			
MFD02747	PRJNA1071982	SAMN39867429	SRX23655682	MFD02747.fa			
MFD02748	PRJNA1071982	SAMN39867430	SRX23655683	MFD02748.fa			
MFD02749	PRJNA1071982	SAMN39867431	SRX23655684	MFD02749.fa			
MFD02750	PRJNA1071982	SAMN39867432	SRX23655685	MFD02750.fa			
MFD02751	PRJNA1071982	SAMN39867433	SRX23655686	MFD02751.fa			
MFD02752	PRJNA1071982	SAMN39867434	SRX23655688	MFD02752.fa			
MFD02753	PRJNA1071982	SAMN39867435	SRX23655689	MFD02753.fa			
MFD02754	PRJNA1071982	SAMN39867436	SRX23655690	MFD02754.fa			
MFD02755	PRJNA1071982	SAMN39867437	SRX23655691	MFD02755.fa			
MFD02756	PRJNA1071982	SAMN39867438	SRX23655692	MFD02756.fa			
MFD02757	PRJNA1071982	SAMN39867439	SRX23655693	MFD02757.fa			
MFD02758	PRJNA1071982	SAMN39867440	SRX23655694	MFD02758.fa			
MFD02759	PRJNA1071982	SAMN39867441	SRX23655695	MFD02759.fa			
MFD02760	PRJNA1071982	SAMN39867442	SRX23655810	MFD02760.fa			
MFD02761	PRJNA1071982	SAMN39867443	SRX23655811	MFD02761.fa			
MFD02762	PRJNA1071982	SAMN39867444	SRX23655813	MFD02762.fa			
MFD02763	PRJNA1071982	SAMN39867445	SRX23655814	MFD02763.fa			
MFD02764	PRJNA1071982	SAMN39867446	SRX23655815	MFD02764.fa			
MFD02765	PRJNA1071982	SAMN39867447	SRX23655816	MFD02765.fa			
MFD02766	PRJNA1071982	SAMN39867448	SRX23655817	MFD02766.fa			
MFD02767	PRJNA1071982	SAMN39867449	SRX23655818	MFD02767.fa			
MFD02768	PRJNA1071982	SAMN39867450	SRX23655819	MFD02768.fa			
MFD02769	PRJNA1071982	SAMN39867451	SRX23655820	MFD02769.fa			
MFD02770	PRJNA1071982	SAMN39867452	SRX23655821	MFD02770.fa			
MFD02771	PRJNA1071982	SAMN39867453	SRX23655822	MFD02771.fa			
MFD02773	PRJNA1071982	SAMN39867454	SRX23655824	MFD02773.fa			
MFD02774	PRJNA1071982	SAMN39867455	SRX23655825	MFD02774.fa			
MFD02775	PRJNA1071982	SAMN39867456	SRX23655826	MFD02775.fa			
MFD02776	PRJNA1071982	SAMN39867457	SRX23655827	MFD02776.fa			
MFD02777	PRJNA1071982	SAMN39867458	SRX23655828	MFD02777.fa			
MFD02778	PRJNA1071982	SAMN39867459	SRX23655829	MFD02778.fa			
MFD02779	PRJNA1071982	SAMN39867460	SRX23655830	MFD02779.fa			
MFD02780	PRJNA1071982	SAMN39867461	SRX23655831	MFD02780.fa			
MFD02781	PRJNA1071982	SAMN39867462	SRX23655832	MFD02781.fa			
MFD02782	PRJNA1071982	SAMN39867463	SRX23655833	MFD02782.fa			
MFD02783	PRJNA1071982	SAMN39867464	SRX23655835	MFD02783.fa			
MFD02784	PRJNA1071982	SAMN39867465	SRX23655836	MFD02784.fa			
MFD02785	PRJNA1071982	SAMN39867466	SRX23655837	MFD02785.fa			
MFD02786	PRJNA1071982	SAMN39867467	SRX23655838	MFD02786.fa			
MFD02787	PRJNA1071982	SAMN39867468	SRX23655696	MFD02787.fa			
MFD02788	PRJNA1071982	SAMN39867469	SRX23655697	MFD02788.fa			
MFD02789	PRJNA1071982	SAMN39867470	SRX23655698	MFD02789.fa			
MFD02790	PRJNA1071982	SAMN39867471	SRX23655699	MFD02790.fa			
MFD02791	PRJNA1071982	SAMN39867472	SRX23655700	MFD02791.fa			
MFD02792	PRJNA1071982	SAMN39867473	SRX23655701	MFD02792.fa			
MFD02793	PRJNA1071982	SAMN39867474	SRX23655703	MFD02793.fa			
MFD02794	PRJNA1071982	SAMN39867475	SRX23655704	MFD02794.fa			
MFD02795	PRJNA1071982	SAMN39867476	SRX23655705	MFD02795.fa			
MFD02796	PRJNA1071982	SAMN39867477	SRX23655706	MFD02796.fa			
MFD02797	PRJNA1071982	SAMN39867478	SRX23655707	MFD02797.fa			
MFD02798	PRJNA1071982	SAMN39867479	SRX23655708	MFD02798.fa			
MFD02799	PRJNA1071982	SAMN39867480	SRX23655709	MFD02799.fa			
MFD02800	PRJNA1071982	SAMN39867481	SRX23655710	MFD02800.fa			
MFD02801	PRJNA1071982	SAMN39867482	SRX23655711	MFD02801.fa			
MFD02802	PRJNA1071982	SAMN39867483	SRX23655712	MFD02802.fa			
MFD02803	PRJNA1071982	SAMN39867484	SRX23655715	MFD02803.fa			
MFD02804	PRJNA1071982	SAMN39867485	SRX23655716	MFD02804.fa			
MFD02805	PRJNA1071982	SAMN39867486	SRX23655717	MFD02805.fa			
MFD02806	PRJNA1071982	SAMN39867487	SRX23655718	MFD02806.fa			
MFD02807	PRJNA1071982	SAMN39867488	SRX23655719	MFD02807.fa			
MFD02808	PRJNA1071982	SAMN39867489	SRX23655720	MFD02808.fa			
MFD02809	PRJNA1071982	SAMN39867490	SRX23655721	MFD02809.fa			
MFD02810	PRJNA1071982	SAMN39867491	SRX23655722	MFD02810.fa			
MFD02811	PRJNA1071982	SAMN39867492	SRX23655723	MFD02811.fa			
MFD02812	PRJNA1071982	SAMN39867493	SRX23655724	MFD02812.fa			
MFD02813	PRJNA1071982	SAMN39867494	SRX23655435	MFD02813.fa			
MFD02814	PRJNA1071982	SAMN39867495	SRX23655436	MFD02814.fa			
MFD02815	PRJNA1071982	SAMN39867496	SRX23655437	MFD02815.fa			
MFD02816	PRJNA1071982	SAMN39867497	SRX23655438	MFD02816.fa			
MFD02817	PRJNA1071982	SAMN39867498	SRX23655439	MFD02817.fa			
MFD02818	PRJNA1071982	SAMN39867499	SRX23655440	MFD02818.fa			
MFD02819	PRJNA1071982	SAMN39867500	SRX23655441	MFD02819.fa			
MFD02820	PRJNA1071982	SAMN39867501	SRX23655442	MFD02820.fa			
MFD02821	PRJNA1071982	SAMN39867502	SRX23655443	MFD02821.fa			
MFD02823	PRJNA1071982	SAMN39867503	SRX23655444	MFD02823.fa			
MFD02824	PRJNA1071982	SAMN39867504	SRX23655446	MFD02824.fa			
MFD02825	PRJNA1071982	SAMN39867505	SRX23655447	MFD02825.fa			
MFD02826	PRJNA1071982	SAMN39867506	SRX23655448	MFD02826.fa			
MFD02827	PRJNA1071982	SAMN39867507	SRX23655449	MFD02827.fa			
MFD02829	PRJNA1071982	SAMN39867508	SRX23655450	MFD02829.fa			
MFD02830	PRJNA1071982	SAMN39867509	SRX23655451	MFD02830.fa			
MFD02832	PRJNA1071982	SAMN39867510	SRX23655452	MFD02832.fa	SRX23627909	SRX23627908	
MFD02834	PRJNA1071982	SAMN39867511	SRX23655453	MFD02834.fa			
MFD02835	PRJNA1071982	SAMN39867512	SRX23655454	MFD02835.fa			
MFD02839	PRJNA1071982	SAMN39867513	SRX23655455	MFD02839.fa			
MFD02840	PRJNA1071982	SAMN39867514	SRX23655457	MFD02840.fa			
MFD02841	PRJNA1071982	SAMN39867515	SRX23655458	MFD02841.fa			
MFD02842	PRJNA1071982	SAMN39867516	SRX23655459	MFD02842.fa			
MFD02845	PRJNA1071982	SAMN39867517	SRX23655460	MFD02845.fa			
MFD02846	PRJNA1071982	SAMN39867518	SRX23655461	MFD02846.fa			
MFD02847	PRJNA1071982	SAMN39867519	SRX23655839	MFD02847.fa			
MFD02848	PRJNA1071982	SAMN39867520	SRX23655840	MFD02848.fa			
MFD02849	PRJNA1071982	SAMN39867521	SRX23655841	MFD02849.fa			
MFD02850	PRJNA1071982	SAMN39867522	SRX23655842	MFD02850.fa			
MFD02851	PRJNA1071982	SAMN39867523	SRX23655843	MFD02851.fa	SRX23627911	SRX23627910	SRX23662605
MFD02852	PRJNA1071982	SAMN39867524	SRX23655845	MFD02852.fa			
MFD02853	PRJNA1071982	SAMN39867525	SRX23655846	MFD02853.fa			
MFD02854	PRJNA1071982	SAMN39867526	SRX23655847	MFD02854.fa			
MFD02855	PRJNA1071982	SAMN39867527	SRX23655848	MFD02855.fa			
MFD02856	PRJNA1071982	SAMN39867528	SRX23655849	MFD02856.fa			
MFD02857	PRJNA1071982	SAMN39867529	SRX23655850	MFD02857.fa			
MFD02858	PRJNA1071982	SAMN39867530	SRX23655851	MFD02858.fa			
MFD02859	PRJNA1071982	SAMN39867531	SRX23655852	MFD02859.fa			
MFD02860	PRJNA1071982	SAMN39867532	SRX23655853	MFD02860.fa			
MFD02861	PRJNA1071982	SAMN39867533	SRX23655854	MFD02861.fa			
MFD02862	PRJNA1071982	SAMN39867534	SRX23655856	MFD02862.fa			
MFD02863	PRJNA1071982	SAMN39867535	SRX23655857	MFD02863.fa			
MFD02864	PRJNA1071982	SAMN39867536	SRX23655858	MFD02864.fa			
MFD02865	PRJNA1071982	SAMN39867537	SRX23655859	MFD02865.fa			
MFD02866	PRJNA1071982	SAMN39867538	SRX23655860	MFD02866.fa			
MFD02867	PRJNA1071982	SAMN39867539	SRX23655861	MFD02867.fa			
MFD02868	PRJNA1071982	SAMN39867540	SRX23655862	MFD02868.fa			
MFD02869	PRJNA1071982	SAMN39867541	SRX23655863	MFD02869.fa			
MFD02874	PRJNA1071982	SAMN39867542	SRX23655864	MFD02874.fa			
MFD02875	PRJNA1071982	SAMN39867543	SRX23655865	MFD02875.fa			
MFD02876	PRJNA1071982	SAMN39867544	SRX23655867	MFD02876.fa			
MFD02877	PRJNA1071982	SAMN39867545	SRX23655725	MFD02877.fa			
MFD02878	PRJNA1071982	SAMN39867546	SRX23655726	MFD02878.fa			
MFD02879	PRJNA1071982	SAMN39867547	SRX23655727	MFD02879.fa			
MFD02880	PRJNA1071982	SAMN39867548	SRX23655728	MFD02880.fa			
MFD02881	PRJNA1071982	SAMN39867549	SRX23655729	MFD02881.fa			
MFD02882	PRJNA1071982	SAMN39867550	SRX23655730	MFD02882.fa			
MFD02883	PRJNA1071982	SAMN39867551	SRX23655731	MFD02883.fa			
MFD02884	PRJNA1071982	SAMN39867552	SRX23655732	MFD02884.fa			
MFD02885	PRJNA1071982	SAMN39867553	SRX23655733	MFD02885.fa			
MFD02886	PRJNA1071982	SAMN39867554	SRX23655735	MFD02886.fa			
MFD02887	PRJNA1071982	SAMN39867555	SRX23655736	MFD02887.fa			
MFD02888	PRJNA1071982	SAMN39867556	SRX23655737	MFD02888.fa			
MFD02889	PRJNA1071982	SAMN39867557	SRX23655738	MFD02889.fa	SRX23627914	SRX23627913	SRX23662606
MFD02890	PRJNA1071982	SAMN39867558	SRX23655739	MFD02890.fa			
MFD02891	PRJNA1071982	SAMN39867559	SRX23655740	MFD02891.fa			
MFD02892	PRJNA1071982	SAMN39867560	SRX23655741	MFD02892.fa			
MFD02893	PRJNA1071982	SAMN39867561	SRX23655742	MFD02893.fa			
MFD02894	PRJNA1071982	SAMN39867562	SRX23655743	MFD02894.fa			
MFD02895	PRJNA1071982	SAMN39867563	SRX23655744	MFD02895.fa			
MFD02896	PRJNA1071982	SAMN39867564	SRX23655746	MFD02896.fa			
MFD02897	PRJNA1071982	SAMN39867565	SRX23655747	MFD02897.fa			
MFD02898	PRJNA1071982	SAMN39867566	SRX23655748	MFD02898.fa			
MFD02899	PRJNA1071982	SAMN39867567	SRX23655749	MFD02899.fa			
MFD02900	PRJNA1071982	SAMN39874932	SRX23655750	MFD02900.fa			
MFD02901	PRJNA1071982	SAMN39867568	SRX23655751	MFD02901.fa			
MFD02902	PRJNA1071982	SAMN39867569	SRX23655752	MFD02902.fa			
MFD02903	PRJNA1071982	SAMN39867570	SRX23655868	MFD02903.fa			
MFD02904	PRJNA1071982	SAMN39867571	SRX23655869	MFD02904.fa			
MFD02905	PRJNA1071982	SAMN39867572	SRX23655870	MFD02905.fa			
MFD02906	PRJNA1071982	SAMN39867573	SRX23655872	MFD02906.fa			
MFD02907	PRJNA1071982	SAMN39867574	SRX23655873	MFD02907.fa			
MFD02908	PRJNA1071982	SAMN39874933	SRX23655874	MFD02908.fa			
MFD02909	PRJNA1071982	SAMN39867575	SRX23655875	MFD02909.fa			
MFD02910	PRJNA1071982	SAMN39867576	SRX23655876	MFD02910.fa			
MFD02911	PRJNA1071982	SAMN39867577	SRX23655877	MFD02911.fa			
MFD02912	PRJNA1071982	SAMN39867578	SRX23655878	MFD02912.fa			
MFD02913	PRJNA1071982	SAMN39867579	SRX23655879	MFD02913.fa	SRX23627916	SRX23627915	SRX23662607
MFD02914	PRJNA1071982	SAMN39867580	SRX23655880	MFD02914.fa			
MFD02915	PRJNA1071982	SAMN39867581	SRX23655881	MFD02915.fa			
MFD02916	PRJNA1071982	SAMN39867582	SRX23655884	MFD02916.fa			
MFD02917	PRJNA1071982	SAMN39867583	SRX23655885	MFD02917.fa			
MFD02918	PRJNA1071982	SAMN39867584	SRX23655886	MFD02918.fa			
MFD02919	PRJNA1071982	SAMN39867585	SRX23655887	MFD02919.fa			
MFD02920	PRJNA1071982	SAMN39867586	SRX23655888	MFD02920.fa			
MFD02921	PRJNA1071982	SAMN39867587	SRX23655889	MFD02921.fa			
MFD02922	PRJNA1071982	SAMN39867588	SRX23655890	MFD02922.fa			
MFD02923	PRJNA1071982	SAMN39867589	SRX23655891	MFD02923.fa			
MFD02924	PRJNA1071982	SAMN39867590	SRX23655892	MFD02924.fa			
MFD02925	PRJNA1071982	SAMN39867591	SRX23655893	MFD02925.fa			
MFD02926	PRJNA1071982	SAMN39867592	SRX23655895	MFD02926.fa			
MFD02927	PRJNA1071982	SAMN39867593	SRX23655896	MFD02927.fa			
MFD02928	PRJNA1071982	SAMN39867594	SRX23655897	MFD02928.fa			
MFD02929	PRJNA1071982	SAMN39867595	SRX23655898	MFD02929.fa			
MFD02930	PRJNA1071982	SAMN39867596	SRX23655899	MFD02930.fa			
MFD02931	PRJNA1071982	SAMN39867597	SRX23655900	MFD02931.fa			
MFD02932	PRJNA1071982	SAMN39867598	SRX23655901	MFD02932.fa			
MFD02933	PRJNA1071982	SAMN39867599	SRX23655902	MFD02933.fa			
MFD02934	PRJNA1071982	SAMN39867600	SRX23655903	MFD02934.fa			
MFD02935	PRJNA1071982	SAMN39867601	SRX23655904	MFD02935.fa			
MFD02936	PRJNA1071982	SAMN39867602	SRX23655906	MFD02936.fa			
MFD02937	PRJNA1071982	SAMN39867603	SRX23655907	MFD02937.fa			
MFD02938	PRJNA1071982	SAMN39867604	SRX23655908	MFD02938.fa			
MFD02939	PRJNA1071982	SAMN39867605	SRX23655909	MFD02939.fa			
MFD02940	PRJNA1071982	SAMN39867606	SRX23655910	MFD02940.fa			
MFD02941	PRJNA1071982	SAMN39867607	SRX23655911	MFD02941.fa			
MFD02942	PRJNA1071982	SAMN39867608	SRX23655912	MFD02942.fa			
MFD02943	PRJNA1071982	SAMN39867609	SRX23655913	MFD02943.fa			
MFD02944	PRJNA1071982	SAMN39867610	SRX23655914	MFD02944.fa			
MFD02945	PRJNA1071982	SAMN39867611	SRX23655915	MFD02945.fa			
MFD02946	PRJNA1071982	SAMN39867612	SRX23655917	MFD02946.fa			
MFD02947	PRJNA1071982	SAMN39867613	SRX23655918	MFD02947.fa			
MFD02948	PRJNA1071982	SAMN39867614	SRX23655919	MFD02948.fa			
MFD02949	PRJNA1071982	SAMN39867615	SRX23655920	MFD02949.fa			
MFD02950	PRJNA1071982	SAMN39867616	SRX23655921	MFD02950.fa			
MFD02951	PRJNA1071982	SAMN39867617	SRX23655922	MFD02951.fa			
MFD02952	PRJNA1071982	SAMN39867618	SRX23655923	MFD02952.fa			
MFD02953	PRJNA1071982	SAMN39867619	SRX23655924	MFD02953.fa			
MFD02954	PRJNA1071982	SAMN39867620	SRX23655925	MFD02954.fa			
MFD02955	PRJNA1071982	SAMN39867621	SRX23655926	MFD02955.fa			
MFD02956	PRJNA1071982	SAMN39867622	SRX23655928	MFD02956.fa			
MFD02957	PRJNA1071982	SAMN39867623	SRX23655929	MFD02957.fa			
MFD02958	PRJNA1071982	SAMN39867624	SRX23655930	MFD02958.fa			
MFD02959	PRJNA1071982	SAMN39867625	SRX23655931	MFD02959.fa			
MFD02960	PRJNA1071982	SAMN39867626	SRX23655932	MFD02960.fa			
MFD02961	PRJNA1071982	SAMN39867627	SRX23655933	MFD02961.fa			
MFD02962	PRJNA1071982	SAMN39867628	SRX23655934	MFD02962.fa			
MFD02963	PRJNA1071982	SAMN39867629	SRX23655935	MFD02963.fa			
MFD02964	PRJNA1071982	SAMN39867630	SRX23655936	MFD02964.fa			
MFD02965	PRJNA1071982	SAMN39867631	SRX23655937	MFD02965.fa			
MFD02966	PRJNA1071982	SAMN39867632	SRX23655939	MFD02966.fa			
MFD02967	PRJNA1071982	SAMN39867633	SRX23655940	MFD02967.fa			
MFD02968	PRJNA1071982	SAMN39867634	SRX23655941	MFD02968.fa			
MFD02969	PRJNA1071982	SAMN39867635	SRX23655942	MFD02969.fa			
MFD02970	PRJNA1071982	SAMN39867636	SRX23655943	MFD02970.fa			
MFD02971	PRJNA1071982	SAMN39867637	SRX23655944	MFD02971.fa			
MFD02972	PRJNA1071982	SAMN39867638	SRX23655945	MFD02972.fa			
MFD02973	PRJNA1071982	SAMN39867639	SRX23655946	MFD02973.fa			
MFD02974	PRJNA1071982	SAMN39867640	SRX23655947	MFD02974.fa			
MFD02975	PRJNA1071982	SAMN39867641	SRX23655948	MFD02975.fa			
MFD02976	PRJNA1071982	SAMN39867642	SRX23655950	MFD02976.fa			
MFD02977	PRJNA1071982	SAMN39867643	SRX23655951	MFD02977.fa	SRX23627918	SRX23627917	SRX23662608
MFD02978	PRJNA1071982	SAMN39867644	SRX23655462	MFD02978.fa			
MFD02979	PRJNA1071982	SAMN39867645	SRX23655463	MFD02979.fa			
MFD02980	PRJNA1071982	SAMN39867646	SRX23655464	MFD02980.fa			
MFD02981	PRJNA1071982	SAMN39867647	SRX23655465	MFD02981.fa			
MFD02982	PRJNA1071982	SAMN39867648	SRX23655466	MFD02982.fa			
MFD02983	PRJNA1071982	SAMN39867649	SRX23655467	MFD02983.fa	SRX23627920	SRX23627919	SRX23662609
MFD02984	PRJNA1071982	SAMN39867650	SRX23655468	MFD02984.fa			
MFD02985	PRJNA1071982	SAMN39867651	SRX23655469	MFD02985.fa			
MFD02986	PRJNA1071982	SAMN39867652	SRX23655471	MFD02986.fa			
MFD02987	PRJNA1071982	SAMN39867653	SRX23655472	MFD02987.fa			
MFD02988	PRJNA1071982	SAMN39867654	SRX23655473	MFD02988.fa			
MFD02989	PRJNA1071982	SAMN39867655	SRX23655474	MFD02989.fa			
MFD02990	PRJNA1071982	SAMN39867656	SRX23655475	MFD02990.fa	SRX23627922	SRX23627921	SRX23662610
MFD02991	PRJNA1071982	SAMN39867657	SRX23655476	MFD02991.fa			
MFD02992	PRJNA1071982	SAMN39867658	SRX23655477	MFD02992.fa			
MFD02993	PRJNA1071982	SAMN39867659	SRX23655478	MFD02993.fa			
MFD02994	PRJNA1071982	SAMN39867660	SRX23655479	MFD02994.fa			
MFD02995	PRJNA1071982	SAMN39867661	SRX23655480	MFD02995.fa			
MFD02996	PRJNA1071982	SAMN39867662	SRX23655482	MFD02996.fa			
MFD02997	PRJNA1071982	SAMN39867663	SRX23655483	MFD02997.fa			
MFD02998	PRJNA1071982	SAMN39867664	SRX23655484	MFD02998.fa			
MFD02999	PRJNA1071982	SAMN39867665	SRX23655485	MFD02999.fa			
MFD03000	PRJNA1071982	SAMN39867666	SRX23655486	MFD03000.fa			
MFD03001	PRJNA1071982	SAMN39867667	SRX23655487	MFD03001.fa			
MFD03002	PRJNA1071982	SAMN39867668	SRX23655488	MFD03002.fa			
MFD03003	PRJNA1071982	SAMN39867669	SRX23655489	MFD03003.fa			
MFD03004	PRJNA1071982	SAMN39867670	SRX23655952	MFD03004.fa			
MFD03005	PRJNA1071982	SAMN39867671	SRX23655953	MFD03005.fa			
MFD03006	PRJNA1071982	SAMN39867672	SRX23655955	MFD03006.fa			
MFD03007	PRJNA1071982	SAMN39867673	SRX23655956	MFD03007.fa			
MFD03008	PRJNA1071982	SAMN39867674	SRX23655957	MFD03008.fa			
MFD03009	PRJNA1071982	SAMN39867675	SRX23655958	MFD03009.fa			
MFD03010	PRJNA1071982	SAMN39867676	SRX23655959	MFD03010.fa			
MFD03011	PRJNA1071982	SAMN39867677	SRX23655960	MFD03011.fa			
MFD03012	PRJNA1071982	SAMN39867678	SRX23655961	MFD03012.fa			
MFD03013	PRJNA1071982	SAMN39867679	SRX23655962	MFD03013.fa			
MFD03014	PRJNA1071982	SAMN39867680	SRX23655963	MFD03014.fa			
MFD03015	PRJNA1071982	SAMN39867681	SRX23655964	MFD03015.fa			
MFD03016	PRJNA1071982	SAMN39867682	SRX23655967	MFD03016.fa			
MFD03017	PRJNA1071982	SAMN39867683	SRX23655968	MFD03017.fa			
MFD03018	PRJNA1071982	SAMN39867684	SRX23655969	MFD03018.fa			
MFD03019	PRJNA1071982	SAMN39867685	SRX23655970	MFD03019.fa			
MFD03020	PRJNA1071982	SAMN39867686	SRX23655971	MFD03020.fa	SRX23627925	SRX23627924	SRX23662612
MFD03021	PRJNA1071982	SAMN39867687	SRX23655972	MFD03021.fa			
MFD03022	PRJNA1071982	SAMN39867688	SRX23655973	MFD03022.fa			
MFD03023	PRJNA1071982	SAMN39867689	SRX23655974	MFD03023.fa			
MFD03024	PRJNA1071982	SAMN39867690	SRX23655975	MFD03024.fa			
MFD03025	PRJNA1071982	SAMN39867691	SRX23655976	MFD03025.fa			
MFD03026	PRJNA1071982	SAMN39867692	SRX23655978	MFD03026.fa			
MFD03027	PRJNA1071982	SAMN39867693	SRX23655979	MFD03027.fa			
MFD03028	PRJNA1071982	SAMN39867694	SRX23655292	MFD03028.fa			
MFD03029	PRJNA1071982	SAMN39867695	SRX23655293	MFD03029.fa			
MFD03030	PRJNA1071982	SAMN39867696	SRX23655294	MFD03030.fa	SRX23627927	SRX23627926	SRX23662613
MFD03031	PRJNA1071982	SAMN39867697	SRX23655295	MFD03031.fa			
MFD03032	PRJNA1071982	SAMN39867698	SRX23655296	MFD03032.fa			
MFD03033	PRJNA1071982	SAMN39867699	SRX23655297	MFD03033.fa			
MFD03034	PRJNA1071982	SAMN39867700	SRX23655298	MFD03034.fa			
MFD03035	PRJNA1071982	SAMN39867701	SRX23655299	MFD03035.fa			
MFD03036	PRJNA1071982	SAMN39867702	SRX23655301	MFD03036.fa			
MFD03037	PRJNA1071982	SAMN39867703	SRX23655302	MFD03037.fa			
MFD03038	PRJNA1071982	SAMN39867704	SRX23655303	MFD03038.fa			
MFD03039	PRJNA1071982	SAMN39867705	SRX23655304	MFD03039.fa			
MFD03040	PRJNA1071982	SAMN39867706	SRX23655305	MFD03040.fa			
MFD03041	PRJNA1071982	SAMN39867707	SRX23655306	MFD03041.fa			
MFD03042	PRJNA1071982	SAMN39867708	SRX23655307	MFD03042.fa			
MFD03043	PRJNA1071982	SAMN39867709	SRX23655308	MFD03043.fa			
MFD03044	PRJNA1071982	SAMN39867710	SRX23655309	MFD03044.fa			
MFD03045	PRJNA1071982	SAMN39867711	SRX23655310	MFD03045.fa			
MFD03046	PRJNA1071982	SAMN39867712	SRX23655312	MFD03046.fa			
MFD03047	PRJNA1071982	SAMN39867713	SRX23655313	MFD03047.fa			
MFD03048	PRJNA1071982	SAMN39867714	SRX23655314	MFD03048.fa			
MFD03049	PRJNA1071982	SAMN39867715	SRX23655315	MFD03049.fa			
MFD03050	PRJNA1071982	SAMN39867716	SRX23655316	MFD03050.fa			
MFD03051	PRJNA1071982	SAMN39867717	SRX23655317	MFD03051.fa			
MFD03052	PRJNA1071982	SAMN39867718	SRX23655318	MFD03052.fa			
MFD03053	PRJNA1071982	SAMN39867719	SRX23655319	MFD03053.fa			
MFD03054	PRJNA1071982	SAMN39867720	SRX23655490	MFD03054.fa			
MFD03055	PRJNA1071982	SAMN39867721	SRX23655491	MFD03055.fa			
MFD03056	PRJNA1071982	SAMN39867722	SRX23655493	MFD03056.fa			
MFD03057	PRJNA1071982	SAMN39867723	SRX23655494	MFD03057.fa			
MFD03058	PRJNA1071982	SAMN39867724	SRX23655495	MFD03058.fa			
MFD03059	PRJNA1071982	SAMN39867725	SRX23655496	MFD03059.fa			
MFD03060	PRJNA1071982	SAMN39867726	SRX23655497	MFD03060.fa			
MFD03061	PRJNA1071982	SAMN39867727	SRX23655498	MFD03061.fa			
MFD03062	PRJNA1071982	SAMN39867728	SRX23655499	MFD03062.fa			
MFD03063	PRJNA1071982	SAMN39867729	SRX23655500	MFD03063.fa			
MFD03064	PRJNA1071982	SAMN39867730	SRX23655501	MFD03064.fa			
MFD03065	PRJNA1071982	SAMN39867731	SRX23655502	MFD03065.fa			
MFD03066	PRJNA1071982	SAMN39867732	SRX23655504	MFD03066.fa			
MFD03067	PRJNA1071982	SAMN39867733	SRX23655505	MFD03067.fa			
MFD03069	PRJNA1071982	SAMN39867734	SRX23655506	MFD03069.fa			
MFD03070	PRJNA1071982	SAMN39867735	SRX23655507	MFD03070.fa			
MFD03071	PRJNA1071982	SAMN39867736	SRX23655508	MFD03071.fa			
MFD03072	PRJNA1071982	SAMN39867737	SRX23655509	MFD03072.fa			
MFD03073	PRJNA1071982	SAMN39867738	SRX23655510	MFD03073.fa			
MFD03074	PRJNA1071982	SAMN39867739	SRX23655511	MFD03074.fa			
MFD03075	PRJNA1071982	SAMN39867740	SRX23655512	MFD03075.fa			
MFD03076	PRJNA1071982	SAMN39867741	SRX23655513	MFD03076.fa			
MFD03077	PRJNA1071982	SAMN39867742	SRX23655515	MFD03077.fa			
MFD03078	PRJNA1071982	SAMN39867743	SRX23655516	MFD03078.fa			
MFD03079	PRJNA1071982	SAMN39867744	SRX23655517	MFD03079.fa			
MFD03080	PRJNA1071982	SAMN39867745	SRX23655320	MFD03080.fa			
MFD03081	PRJNA1071982	SAMN39867746	SRX23655321	MFD03081.fa			
MFD03082	PRJNA1071982	SAMN39867747	SRX23655322	MFD03082.fa			
MFD03083	PRJNA1071982	SAMN39867748	SRX23655323	MFD03083.fa			
MFD03084	PRJNA1071982	SAMN39867749	SRX23655324	MFD03084.fa			
MFD03085	PRJNA1071982	SAMN39867750	SRX23655325	MFD03085.fa			
MFD03086	PRJNA1071982	SAMN39867751	SRX23655326	MFD03086.fa			
MFD03087	PRJNA1071982	SAMN39867752	SRX23655328	MFD03087.fa			
MFD03088	PRJNA1071982	SAMN39867753	SRX23655329	MFD03088.fa			
MFD03089	PRJNA1071982	SAMN39867754	SRX23655330	MFD03089.fa			
MFD03090	PRJNA1071982	SAMN39867755	SRX23655331	MFD03090.fa			
MFD03091	PRJNA1071982	SAMN39867756	SRX23655332	MFD03091.fa			
MFD03092	PRJNA1071982	SAMN39867757	SRX23655333	MFD03092.fa			
MFD03093	PRJNA1071982	SAMN39867758	SRX23655334	MFD03093.fa			
MFD03094	PRJNA1071982	SAMN39867759	SRX23655335	MFD03094.fa			
MFD03095	PRJNA1071982	SAMN39867760	SRX23655336	MFD03095.fa			
MFD03096	PRJNA1071982	SAMN39867761	SRX23655337	MFD03096.fa			
MFD03097	PRJNA1071982	SAMN39867762	SRX23655339	MFD03097.fa			
MFD03098	PRJNA1071982	SAMN39867763	SRX23655340	MFD03098.fa			
MFD03099	PRJNA1071982	SAMN39867764	SRX23655341	MFD03099.fa			
MFD03101	PRJNA1071982	SAMN39867765	SRX23655342	MFD03101.fa			
MFD03102	PRJNA1071982	SAMN39867766	SRX23655343	MFD03102.fa			
MFD03107	PRJNA1071982	SAMN39867767	SRX23655344	MFD03107.fa			
MFD03114	PRJNA1071982	SAMN39867768	SRX23655345	MFD03114.fa			
MFD03115	PRJNA1071982	SAMN39867769	SRX23655346	MFD03115.fa			
MFD03231	PRJNA1071982	SAMN39867770	SRX23655347	MFD03231.fa			
MFD03232	PRJNA1071982	SAMN39867771	SRX23655518	MFD03232.fa			
MFD03233	PRJNA1071982	SAMN39867772	SRX23655520	MFD03233.fa	SRX23627929	SRX23627928	
MFD03234	PRJNA1071982	SAMN39867773	SRX23655521	MFD03234.fa	SRX23627931	SRX23627930	
MFD03235	PRJNA1071982	SAMN39867774	SRX23655522	MFD03235.fa			
MFD03236	PRJNA1071982	SAMN39867775	SRX23655523	MFD03236.fa	SRX23627933	SRX23627932	
MFD03237	PRJNA1071982	SAMN39867776	SRX23655524	MFD03237.fa			
MFD03245	PRJNA1071982	SAMN39867777	SRX23655525	MFD03245.fa			
MFD03246	PRJNA1071982	SAMN39867778	SRX23655526	MFD03246.fa			
MFD03247	PRJNA1071982	SAMN39867779	SRX23655527	MFD03247.fa			
MFD03248	PRJNA1071982	SAMN39867780	SRX23655528	MFD03248.fa			
MFD03249	PRJNA1071982	SAMN39867781	SRX23655529	MFD03249.fa			
MFD03250	PRJNA1071982	SAMN39867782	SRX23655532	MFD03250.fa			
MFD03251	PRJNA1071982	SAMN39867783	SRX23655533	MFD03251.fa			
MFD03252	PRJNA1071982	SAMN39867784	SRX23655534	MFD03252.fa			
MFD03253	PRJNA1071982	SAMN39867785	SRX23655535	MFD03253.fa			
MFD03254	PRJNA1071982	SAMN39867786	SRX23655536	MFD03254.fa			
MFD03255	PRJNA1071982	SAMN39867787	SRX23655537	MFD03255.fa			
MFD03256	PRJNA1071982	SAMN39867788	SRX23655538	MFD03256.fa			
MFD03257	PRJNA1071982	SAMN39867789	SRX23655539	MFD03257.fa			
MFD03258	PRJNA1071982	SAMN39867790	SRX23655540	MFD03258.fa			
MFD03259	PRJNA1071982	SAMN39867791	SRX23655541	MFD03259.fa			
MFD03260	PRJNA1071982	SAMN39867792	SRX23655543	MFD03260.fa			
MFD03261	PRJNA1071982	SAMN39867793	SRX23655544	MFD03261.fa	SRX23627936	SRX23627935	
MFD03262	PRJNA1071982	SAMN39867794	SRX23655545	MFD03262.fa	SRX23627938	SRX23627937	
MFD03263	PRJNA1071982	SAMN39867795	SRX23663770	MFD03263.fa			
MFD03264	PRJNA1071982	SAMN39867796	SRX23663771	MFD03264.fa			
MFD03265	PRJNA1071982	SAMN39867797	SRX23663885	MFD03265.fa			
MFD03266	PRJNA1071982	SAMN39867798	SRX23664367	MFD03266.fa			
MFD03267	PRJNA1071982	SAMN39867799	SRX23663964	MFD03267.fa			
MFD03268	PRJNA1071982	SAMN39867800	SRX23664448	MFD03268.fa			
MFD03269	PRJNA1071982	SAMN39867801	SRX23664243	MFD03269.fa			
MFD03270	PRJNA1071982	SAMN39867802	SRX23664263	MFD03270.fa			
MFD03271	PRJNA1071982	SAMN39867803	SRX23664573	MFD03271.fa			
MFD03272	PRJNA1071982	SAMN39867804	SRX23664188	MFD03272.fa	SRX23627748	SRX23627747	
MFD03273	PRJNA1071982	SAMN39867805	SRX23663772	MFD03273.fa			
MFD03274	PRJNA1071982	SAMN39867806	SRX23663783	MFD03274.fa			
MFD03275	PRJNA1071982	SAMN39867807	SRX23663794	MFD03275.fa			
MFD03276	PRJNA1071982	SAMN39867808	SRX23663980	MFD03276.fa			
MFD03278	PRJNA1071982	SAMN39867809	SRX23663991	MFD03278.fa			
MFD03279	PRJNA1071982	SAMN39867810	SRX23664290	MFD03279.fa			
MFD03280	PRJNA1071982	SAMN39867811	SRX23664301	MFD03280.fa			
MFD03281	PRJNA1071982	SAMN39867812	SRX23664312	MFD03281.fa			
MFD03282	PRJNA1071982	SAMN39867813	SRX23663863	MFD03282.fa			
MFD03283	PRJNA1071982	SAMN39867814	SRX23663874	MFD03283.fa			
MFD03284	PRJNA1071982	SAMN39867815	SRX23663886	MFD03284.fa			
MFD03285	PRJNA1071982	SAMN39867816	SRX23664326	MFD03285.fa			
MFD03286	PRJNA1071982	SAMN39867817	SRX23664337	MFD03286.fa			
MFD03287	PRJNA1071982	SAMN39867818	SRX23663890	MFD03287.fa			
MFD03288	PRJNA1071982	SAMN39867819	SRX23663901	MFD03288.fa			
MFD03289	PRJNA1071982	SAMN39867820	SRX23663912	MFD03289.fa			
MFD03290	PRJNA1071982	SAMN39867821	SRX23664007	MFD03290.fa			
MFD03291	PRJNA1071982	SAMN39867822	SRX23664018	MFD03291.fa			
MFD03292	PRJNA1071982	SAMN39867823	SRX23664345	MFD03292.fa			
MFD03293	PRJNA1071982	SAMN39867824	SRX23664356	MFD03293.fa			
MFD03294	PRJNA1071982	SAMN39867825	SRX23664368	MFD03294.fa			
MFD03295	PRJNA1071982	SAMN39867826	SRX23663921	MFD03295.fa			
MFD03296	PRJNA1071982	SAMN39867827	SRX23663932	MFD03296.fa			
MFD03297	PRJNA1071982	SAMN39867828	SRX23663943	MFD03297.fa			
MFD03298	PRJNA1071982	SAMN39867829	SRX23664039	MFD03298.fa			
MFD03299	PRJNA1071982	SAMN39867830	SRX23664050	MFD03299.fa			
MFD03300	PRJNA1071982	SAMN39867831	SRX23664378	MFD03300.fa			
MFD03301	PRJNA1071982	SAMN39867832	SRX23664389	MFD03301.fa			
MFD03302	PRJNA1071982	SAMN39867833	SRX23664400	MFD03302.fa			
MFD03303	PRJNA1071982	SAMN39867834	SRX23663953	MFD03303.fa			
MFD03304	PRJNA1071982	SAMN39867835	SRX23663965	MFD03304.fa			
MFD03305	PRJNA1071982	SAMN39867836	SRX23664405	MFD03305.fa			
MFD03306	PRJNA1071982	SAMN39867837	SRX23664416	MFD03306.fa			
MFD03307	PRJNA1071982	SAMN39867838	SRX23664427	MFD03307.fa			
MFD03308	PRJNA1071982	SAMN39867839	SRX23664065	MFD03308.fa			
MFD03309	PRJNA1071982	SAMN39867840	SRX23664076	MFD03309.fa			
MFD03310	PRJNA1071982	SAMN39867841	SRX23664201	MFD03310.fa			
MFD03311	PRJNA1071982	SAMN39867842	SRX23664212	MFD03311.fa			
MFD03312	PRJNA1071982	SAMN39867843	SRX23664223	MFD03312.fa			
MFD03313	PRJNA1071982	SAMN39867844	SRX23664437	MFD03313.fa			
MFD03314	PRJNA1071982	SAMN39867845	SRX23664449	MFD03314.fa			
MFD03315	PRJNA1071982	SAMN39867846	SRX23664460	MFD03315.fa			
MFD03316	PRJNA1071982	SAMN39867847	SRX23664471	MFD03316.fa			
MFD03317	PRJNA1071982	SAMN39867848	SRX23664482	MFD03317.fa			
MFD03318	PRJNA1071982	SAMN39867849	SRX23664493	MFD03318.fa			
MFD03319	PRJNA1071982	SAMN39867850	SRX23664504	MFD03319.fa			
MFD03320	PRJNA1071982	SAMN39867851	SRX23664086	MFD03320.fa			
MFD03321	PRJNA1071982	SAMN39867852	SRX23664097	MFD03321.fa			
MFD03322	PRJNA1071982	SAMN39867853	SRX23664108	MFD03322.fa			
MFD03323	PRJNA1071982	SAMN39867854	SRX23664232	MFD03323.fa			
MFD03324	PRJNA1071982	SAMN39867855	SRX23664244	MFD03324.fa			
MFD03325	PRJNA1071982	SAMN39867856	SRX23664255	MFD03325.fa			
MFD03326	PRJNA1071982	SAMN39867857	SRX23663750	MFD03326.fa			
MFD03327	PRJNA1071982	SAMN39867858	SRX23663761	MFD03327.fa			
MFD03328	PRJNA1071982	SAMN39867859	SRX23664116	MFD03328.fa			
MFD03329	PRJNA1071982	SAMN39867860	SRX23664127	MFD03329.fa			
MFD03330	PRJNA1071982	SAMN39867861	SRX23664138	MFD03330.fa			
MFD03331	PRJNA1071982	SAMN39867862	SRX23664518	MFD03331.fa			
MFD03332	PRJNA1071982	SAMN39867863	SRX23664529	MFD03332.fa			
MFD03333	PRJNA1071982	SAMN39867864	SRX23664540	MFD03333.fa			
MFD03334	PRJNA1071982	SAMN39867865	SRX23664264	MFD03334.fa			
MFD03335	PRJNA1071982	SAMN39867866	SRX23664275	MFD03335.fa			
MFD03336	PRJNA1071982	SAMN39867867	SRX23664286	MFD03336.fa			
MFD03337	PRJNA1071982	SAMN39867868	SRX23663807	MFD03337.fa			
MFD03338	PRJNA1071982	SAMN39867869	SRX23663818	MFD03338.fa			
MFD03339	PRJNA1071982	SAMN39867870	SRX23664546	MFD03339.fa			
MFD03340	PRJNA1071982	SAMN39867871	SRX23664557	MFD03340.fa			
MFD03341	PRJNA1071982	SAMN39867872	SRX23664568	MFD03341.fa			
MFD03342	PRJNA1071982	SAMN39867873	SRX23664151	MFD03342.fa			
MFD03343	PRJNA1071982	SAMN39867874	SRX23664162	MFD03343.fa			
MFD03344	PRJNA1071982	SAMN39867875	SRX23664574	MFD03344.fa			
MFD03345	PRJNA1071982	SAMN39867876	SRX23664585	MFD03345.fa			
MFD03346	PRJNA1071982	SAMN39867877	SRX23664596	MFD03346.fa			
MFD03347	PRJNA1071982	SAMN39867878	SRX23663834	MFD03347.fa			
MFD03348	PRJNA1071982	SAMN39867879	SRX23663845	MFD03348.fa			
MFD03349	PRJNA1071982	SAMN39867880	SRX23664601	MFD03349.fa			
MFD03350	PRJNA1071982	SAMN39867881	SRX23664612	MFD03350.fa			
MFD03351	PRJNA1071982	SAMN39867882	SRX23664623	MFD03351.fa			
MFD03352	PRJNA1071982	SAMN39867883	SRX23664178	MFD03352.fa			
MFD03353	PRJNA1071982	SAMN39867884	SRX23664187	MFD03353.fa			
MFD03354	PRJNA1071982	SAMN39867885	SRX23664189	MFD03354.fa			
MFD03355	PRJNA1071982	SAMN39867886	SRX23664190	MFD03355.fa			
MFD03356	PRJNA1071982	SAMN39867887	SRX23664191	MFD03356.fa			
MFD03357	PRJNA1071982	SAMN39867888	SRX23664192	MFD03357.fa			
MFD03358	PRJNA1071982	SAMN39867889	SRX23664193	MFD03358.fa			
MFD03359	PRJNA1071982	SAMN39867890	SRX23664194	MFD03359.fa			
MFD03360	PRJNA1071982	SAMN39867891	SRX23664195	MFD03360.fa			
MFD03361	PRJNA1071982	SAMN39867892	SRX23664196	MFD03361.fa			
MFD03362	PRJNA1071982	SAMN39867893	SRX23664197	MFD03362.fa			
MFD03363	PRJNA1071982	SAMN39867894	SRX23664198	MFD03363.fa			
MFD03365	PRJNA1071982	SAMN39867895	SRX23663773	MFD03365.fa			
MFD03382	PRJNA1071982	SAMN39867896	SRX23663774	MFD03382.fa			
MFD03383	PRJNA1071982	SAMN39867897	SRX23663775	MFD03383.fa			
MFD03384	PRJNA1071982	SAMN39867898	SRX23663776	MFD03384.fa			
MFD03388	PRJNA1071982	SAMN39867899	SRX23663777	MFD03388.fa			
MFD03389	PRJNA1071982	SAMN39867900	SRX23663778	MFD03389.fa			
MFD03390	PRJNA1071982	SAMN39867901	SRX23663779	MFD03390.fa			
MFD03391	PRJNA1071982	SAMN39867902	SRX23663780	MFD03391.fa			
MFD03392	PRJNA1071982	SAMN39867903	SRX23663781	MFD03392.fa			
MFD03393	PRJNA1071982	SAMN39867904	SRX23663782	MFD03393.fa			
MFD03394	PRJNA1071982	SAMN39867905	SRX23663784	MFD03394.fa			
MFD03395	PRJNA1071982	SAMN39867906	SRX23663785	MFD03395.fa			
MFD03396	PRJNA1071982	SAMN39867907	SRX23663786	MFD03396.fa			
MFD03398	PRJNA1071982	SAMN39867908	SRX23663787	MFD03398.fa			
MFD03399	PRJNA1071982	SAMN39867909	SRX23663788	MFD03399.fa			
MFD03400	PRJNA1071982	SAMN39867910	SRX23663789	MFD03400.fa			
MFD03401	PRJNA1071982	SAMN39867911	SRX23663790	MFD03401.fa			
MFD03402	PRJNA1071982	SAMN39867912	SRX23663791	MFD03402.fa			
MFD03403	PRJNA1071982	SAMN39867913	SRX23663792	MFD03403.fa			
MFD03404	PRJNA1071982	SAMN39867914	SRX23663793	MFD03404.fa			
MFD03405	PRJNA1071982	SAMN39867915	SRX23663795	MFD03405.fa			
MFD03406	PRJNA1071982	SAMN39867916	SRX23663796	MFD03406.fa			
MFD03407	PRJNA1071982	SAMN39867917	SRX23663797	MFD03407.fa			
MFD03408	PRJNA1071982	SAMN39867918	SRX23663973	MFD03408.fa			
MFD03409	PRJNA1071982	SAMN39867919	SRX23663974	MFD03409.fa			
MFD03410	PRJNA1071982	SAMN39867920	SRX23663975	MFD03410.fa			
MFD03411	PRJNA1071982	SAMN39867921	SRX23663976	MFD03411.fa			
MFD03412	PRJNA1071982	SAMN39867922	SRX23663977	MFD03412.fa			
MFD03413	PRJNA1071982	SAMN39867923	SRX23663978	MFD03413.fa			
MFD03414	PRJNA1071982	SAMN39867924	SRX23663979	MFD03414.fa			
MFD03415	PRJNA1071982	SAMN39867925	SRX23663981	MFD03415.fa			
MFD03416	PRJNA1071982	SAMN39867926	SRX23663982	MFD03416.fa			
MFD03417	PRJNA1071982	SAMN39867927	SRX23663983	MFD03417.fa			
MFD03420	PRJNA1071982	SAMN39867928	SRX23663984	MFD03420.fa			
MFD03421	PRJNA1071982	SAMN39867929	SRX23663985	MFD03421.fa			
MFD03422	PRJNA1071982	SAMN39867930	SRX23663986	MFD03422.fa			
MFD03432	PRJNA1071982	SAMN39867931	SRX23663987	MFD03432.fa			
MFD03435	PRJNA1071982	SAMN39867932	SRX23663988	MFD03435.fa			
MFD03438	PRJNA1071982	SAMN39867933	SRX23663989	MFD03438.fa			
MFD03439	PRJNA1071982	SAMN39867934	SRX23663990	MFD03439.fa			
MFD03442	PRJNA1071982	SAMN39867935	SRX23663992	MFD03442.fa			
MFD03443	PRJNA1071982	SAMN39867936	SRX23663993	MFD03443.fa			
MFD03445	PRJNA1071982	SAMN39867937	SRX23663994	MFD03445.fa			
MFD03448	PRJNA1071982	SAMN39867938	SRX23663995	MFD03448.fa			
MFD03466	PRJNA1071982	SAMN39867939	SRX23663996	MFD03466.fa			
MFD03474	PRJNA1071982	SAMN39867940	SRX23663997	MFD03474.fa			
MFD03496	PRJNA1071982	SAMN39867941	SRX23663998	MFD03496.fa			
MFD03500	PRJNA1071982	SAMN39867942	SRX23663999	MFD03500.fa			
MFD03501	PRJNA1071982	SAMN39867943	SRX23664288	MFD03501.fa			
MFD03531	PRJNA1071982	SAMN39867944	SRX23664289	MFD03531.fa			
MFD03532	PRJNA1071982	SAMN39867945	SRX23664291	MFD03532.fa			
MFD03533	PRJNA1071982	SAMN39867946	SRX23664292	MFD03533.fa			
MFD03534	PRJNA1071982	SAMN39867947	SRX23664293	MFD03534.fa			
MFD03535	PRJNA1071982	SAMN39867948	SRX23664294	MFD03535.fa			
MFD03536	PRJNA1071982	SAMN39867949	SRX23664295	MFD03536.fa			
MFD03537	PRJNA1071982	SAMN39867950	SRX23664296	MFD03537.fa			
MFD03538	PRJNA1071982	SAMN39867951	SRX23664297	MFD03538.fa			
MFD03539	PRJNA1071982	SAMN39867952	SRX23664298	MFD03539.fa			
MFD03540	PRJNA1071982	SAMN39867953	SRX23664299	MFD03540.fa			
MFD03542	PRJNA1071982	SAMN39867954	SRX23664300	MFD03542.fa			
MFD03543	PRJNA1071982	SAMN39867955	SRX23664302	MFD03543.fa			
MFD03544	PRJNA1071982	SAMN39867956	SRX23664303	MFD03544.fa			
MFD03545	PRJNA1071982	SAMN39867957	SRX23664304	MFD03545.fa			
MFD03546	PRJNA1071982	SAMN39867958	SRX23664305	MFD03546.fa			
MFD03547	PRJNA1071982	SAMN39867959	SRX23664306	MFD03547.fa			
MFD03548	PRJNA1071982	SAMN39867960	SRX23664307	MFD03548.fa			
MFD03549	PRJNA1071982	SAMN39867961	SRX23664308	MFD03549.fa			
MFD03550	PRJNA1071982	SAMN39867962	SRX23664309	MFD03550.fa			
MFD03551	PRJNA1071982	SAMN39867963	SRX23664310	MFD03551.fa			
MFD03553	PRJNA1071982	SAMN39867964	SRX23664311	MFD03553.fa			
MFD03554	PRJNA1071982	SAMN39867965	SRX23664313	MFD03554.fa			
MFD03556	PRJNA1071982	SAMN39867966	SRX23664314	MFD03556.fa			
MFD03558	PRJNA1071982	SAMN39867967	SRX23664315	MFD03558.fa			
MFD03559	PRJNA1071982	SAMN39867968	SRX23663856	MFD03559.fa			
MFD03563	PRJNA1071982	SAMN39867969	SRX23663857	MFD03563.fa			
MFD03565	PRJNA1071982	SAMN39867970	SRX23663858	MFD03565.fa			
MFD03566	PRJNA1071982	SAMN39867971	SRX23663859	MFD03566.fa			
MFD03567	PRJNA1071982	SAMN39867972	SRX23663860	MFD03567.fa			
MFD03568	PRJNA1071982	SAMN39867973	SRX23663861	MFD03568.fa			
MFD03569	PRJNA1071982	SAMN39867974	SRX23663862	MFD03569.fa			
MFD03570	PRJNA1071982	SAMN39867975	SRX23663864	MFD03570.fa			
MFD03571	PRJNA1071982	SAMN39867976	SRX23663865	MFD03571.fa			
MFD03572	PRJNA1071982	SAMN39867977	SRX23663866	MFD03572.fa			
MFD03573	PRJNA1071982	SAMN39867978	SRX23663867	MFD03573.fa			
MFD03574	PRJNA1071982	SAMN39867979	SRX23663868	MFD03574.fa			
MFD03575	PRJNA1071982	SAMN39867980	SRX23663869	MFD03575.fa			
MFD03576	PRJNA1071982	SAMN39867981	SRX23663870	MFD03576.fa			
MFD03577	PRJNA1071982	SAMN39867982	SRX23663871	MFD03577.fa			
MFD03579	PRJNA1071982	SAMN39867983	SRX23663872	MFD03579.fa			
MFD03580	PRJNA1071982	SAMN39867984	SRX23663873	MFD03580.fa			
MFD03581	PRJNA1071982	SAMN39867985	SRX23663875	MFD03581.fa			
MFD03582	PRJNA1071982	SAMN39867986	SRX23663876	MFD03582.fa			
MFD03583	PRJNA1071982	SAMN39867987	SRX23663877	MFD03583.fa			
MFD03584	PRJNA1071982	SAMN39867988	SRX23663878	MFD03584.fa			
MFD03585	PRJNA1071982	SAMN39867989	SRX23663879	MFD03585.fa			
MFD03588	PRJNA1071982	SAMN39867990	SRX23663880	MFD03588.fa			
MFD03589	PRJNA1071982	SAMN39867991	SRX23663881	MFD03589.fa			
MFD03590	PRJNA1071982	SAMN39867992	SRX23663882	MFD03590.fa			
MFD03591	PRJNA1071982	SAMN39867993	SRX23663883	MFD03591.fa			
MFD03592	PRJNA1071982	SAMN39867994	SRX23663884	MFD03592.fa			
MFD03593	PRJNA1071982	SAMN39867995	SRX23664316	MFD03593.fa			
MFD03594	PRJNA1071982	SAMN39867996	SRX23664317	MFD03594.fa			
MFD03595	PRJNA1071982	SAMN39867997	SRX23664318	MFD03595.fa			
MFD03596	PRJNA1071982	SAMN39867998	SRX23664319	MFD03596.fa			
MFD03598	PRJNA1071982	SAMN39867999	SRX23664320	MFD03598.fa			
MFD03599	PRJNA1071982	SAMN39868000	SRX23664321	MFD03599.fa			
MFD03600	PRJNA1071982	SAMN39868001	SRX23664322	MFD03600.fa			
MFD03601	PRJNA1071982	SAMN39868002	SRX23664323	MFD03601.fa			
MFD03602	PRJNA1071982	SAMN39868003	SRX23664324	MFD03602.fa	SRX23627750	SRX23627749	SRX23662614
MFD03603	PRJNA1071982	SAMN39868004	SRX23664325	MFD03603.fa			
MFD03604	PRJNA1071982	SAMN39868005	SRX23664327	MFD03604.fa			
MFD03605	PRJNA1071982	SAMN39868006	SRX23664328	MFD03605.fa			
MFD03606	PRJNA1071982	SAMN39868007	SRX23664329	MFD03606.fa			
MFD03607	PRJNA1071982	SAMN39868008	SRX23664330	MFD03607.fa			
MFD03608	PRJNA1071982	SAMN39868009	SRX23664331	MFD03608.fa			
MFD03609	PRJNA1071982	SAMN39868010	SRX23664332	MFD03609.fa			
MFD03610	PRJNA1071982	SAMN39868011	SRX23664333	MFD03610.fa			
MFD03611	PRJNA1071982	SAMN39868012	SRX23664334	MFD03611.fa			
MFD03612	PRJNA1071982	SAMN39868013	SRX23664335	MFD03612.fa			
MFD03613	PRJNA1071982	SAMN39868014	SRX23664336	MFD03613.fa			
MFD03614	PRJNA1071982	SAMN39868015	SRX23664338	MFD03614.fa			
MFD03615	PRJNA1071982	SAMN39868016	SRX23664339	MFD03615.fa			
MFD03616	PRJNA1071982	SAMN39868017	SRX23664340	MFD03616.fa			
MFD03617	PRJNA1071982	SAMN39868018	SRX23664341	MFD03617.fa			
MFD03618	PRJNA1071982	SAMN39868019	SRX23664342	MFD03618.fa			
MFD03621	PRJNA1071982	SAMN39868020	SRX23664343	MFD03621.fa			
MFD03622	PRJNA1071982	SAMN39868021	SRX23664344	MFD03622.fa			
MFD03623	PRJNA1071982	SAMN39868022	SRX23663887	MFD03623.fa			
MFD03624	PRJNA1071982	SAMN39868023	SRX23663888	MFD03624.fa			
MFD03625	PRJNA1071982	SAMN39868024	SRX23663889	MFD03625.fa			
MFD03626	PRJNA1071982	SAMN39868025	SRX23663891	MFD03626.fa			
MFD03627	PRJNA1071982	SAMN39868026	SRX23663892	MFD03627.fa			
MFD03628	PRJNA1071982	SAMN39868027	SRX23663893	MFD03628.fa			
MFD03629	PRJNA1071982	SAMN39868028	SRX23663894	MFD03629.fa			
MFD03631	PRJNA1071982	SAMN39868029	SRX23663895	MFD03631.fa			
MFD03632	PRJNA1071982	SAMN39868030	SRX23663896	MFD03632.fa			
MFD03633	PRJNA1071982	SAMN39868031	SRX23663897	MFD03633.fa			
MFD03634	PRJNA1071982	SAMN39868032	SRX23663898	MFD03634.fa			
MFD03635	PRJNA1071982	SAMN39868033	SRX23663899	MFD03635.fa			
MFD03636	PRJNA1071982	SAMN39868034	SRX23663900	MFD03636.fa	SRX23627752	SRX23627751	SRX23662615
MFD03637	PRJNA1071982	SAMN39868035	SRX23663902	MFD03637.fa			
MFD03638	PRJNA1071982	SAMN39868036	SRX23663903	MFD03638.fa			
MFD03639	PRJNA1071982	SAMN39868037	SRX23663904	MFD03639.fa			
MFD03640	PRJNA1071982	SAMN39868038	SRX23663905	MFD03640.fa	SRX23627755	SRX23627754	SRX23662616
MFD03641	PRJNA1071982	SAMN39868039	SRX23663906	MFD03641.fa			
MFD03642	PRJNA1071982	SAMN39868040	SRX23663907	MFD03642.fa			
MFD03645	PRJNA1071982	SAMN39868041	SRX23663908	MFD03645.fa			
MFD03647	PRJNA1071982	SAMN39868042	SRX23663909	MFD03647.fa	SRX23627757	SRX23627756	SRX23662617
MFD03648	PRJNA1071982	SAMN39868043	SRX23663910	MFD03648.fa			
MFD03649	PRJNA1071982	SAMN39868044	SRX23663911	MFD03649.fa			
MFD03650	PRJNA1071982	SAMN39868045	SRX23663913	MFD03650.fa			
MFD03651	PRJNA1071982	SAMN39868046	SRX23663914	MFD03651.fa			
MFD03653	PRJNA1071982	SAMN39868047	SRX23663915	MFD03653.fa			
MFD03654	PRJNA1071982	SAMN39868048	SRX23664000	MFD03654.fa			
MFD03655	PRJNA1071982	SAMN39868049	SRX23664001	MFD03655.fa			
MFD03656	PRJNA1071982	SAMN39868050	SRX23664002	MFD03656.fa			
MFD03657	PRJNA1071982	SAMN39868051	SRX23664003	MFD03657.fa			
MFD03658	PRJNA1071982	SAMN39874934	SRX23664004	MFD03658.fa			
MFD03659	PRJNA1071982	SAMN39868052	SRX23664005	MFD03659.fa			
MFD03660	PRJNA1071982	SAMN39868053	SRX23664006	MFD03660.fa			
MFD03661	PRJNA1071982	SAMN39868054	SRX23664008	MFD03661.fa			
MFD03662	PRJNA1071982	SAMN39868055	SRX23664009	MFD03662.fa			
MFD03663	PRJNA1071982	SAMN39868056	SRX23664010	MFD03663.fa			
MFD03664	PRJNA1071982	SAMN39868057	SRX23664011	MFD03664.fa			
MFD03665	PRJNA1071982	SAMN39868058	SRX23664012	MFD03665.fa			
MFD03666	PRJNA1071982	SAMN39868059	SRX23664013	MFD03666.fa			
MFD03667	PRJNA1071982	SAMN39868060	SRX23664014	MFD03667.fa			
MFD03668	PRJNA1071982	SAMN39868061	SRX23664015	MFD03668.fa			
MFD03669	PRJNA1071982	SAMN39868062	SRX23664016	MFD03669.fa			
MFD03670	PRJNA1071982	SAMN39868063	SRX23664017	MFD03670.fa			
MFD03671	PRJNA1071982	SAMN39868064	SRX23664019	MFD03671.fa			
MFD03674	PRJNA1071982	SAMN39868065	SRX23664020	MFD03674.fa			
MFD03675	PRJNA1071982	SAMN39868066	SRX23664021	MFD03675.fa			
MFD03676	PRJNA1071982	SAMN39868067	SRX23664022	MFD03676.fa			
MFD03677	PRJNA1071982	SAMN39868068	SRX23664023	MFD03677.fa			
MFD03678	PRJNA1071982	SAMN39868069	SRX23664024	MFD03678.fa			
MFD03681	PRJNA1071982	SAMN39868070	SRX23664025	MFD03681.fa			
MFD03682	PRJNA1071982	SAMN39868071	SRX23664026	MFD03682.fa			
MFD03683	PRJNA1071982	SAMN39868072	SRX23664027	MFD03683.fa			
MFD03684	PRJNA1071982	SAMN39868073	SRX23664028	MFD03684.fa			
MFD03685	PRJNA1071982	SAMN39868074	SRX23664346	MFD03685.fa			
MFD03686	PRJNA1071982	SAMN39868075	SRX23664347	MFD03686.fa			
MFD03687	PRJNA1071982	SAMN39868076	SRX23664348	MFD03687.fa			
MFD03688	PRJNA1071982	SAMN39868077	SRX23664349	MFD03688.fa			
MFD03689	PRJNA1071982	SAMN39868078	SRX23664350	MFD03689.fa			
MFD03691	PRJNA1071982	SAMN39868079	SRX23664351	MFD03691.fa			
MFD03692	PRJNA1071982	SAMN39868080	SRX23664352	MFD03692.fa			
MFD03693	PRJNA1071982	SAMN39868081	SRX23664353	MFD03693.fa			
MFD03694	PRJNA1071982	SAMN39868082	SRX23664354	MFD03694.fa			
MFD03695	PRJNA1071982	SAMN39868083	SRX23664355	MFD03695.fa			
MFD03696	PRJNA1071982	SAMN39868084	SRX23664357	MFD03696.fa			
MFD03697	PRJNA1071982	SAMN39868085	SRX23664358	MFD03697.fa	SRX23627759	SRX23627758	SRX23662618
MFD03698	PRJNA1071982	SAMN39868086	SRX23664359	MFD03698.fa			
MFD03699	PRJNA1071982	SAMN39868087	SRX23664360	MFD03699.fa			
MFD03700	PRJNA1071982	SAMN39868088	SRX23664361	MFD03700.fa			
MFD03701	PRJNA1071982	SAMN39868089	SRX23664362	MFD03701.fa			
MFD03702	PRJNA1071982	SAMN39868090	SRX23664363	MFD03702.fa			
MFD03704	PRJNA1071982	SAMN39868091	SRX23664364	MFD03704.fa			
MFD03707	PRJNA1071982	SAMN39868092	SRX23664365	MFD03707.fa			
MFD03708	PRJNA1071982	SAMN39868093	SRX23664366	MFD03708.fa			
MFD03709	PRJNA1071982	SAMN39868094	SRX23664369	MFD03709.fa			
MFD03710	PRJNA1071982	SAMN39868095	SRX23664370	MFD03710.fa			
MFD03712	PRJNA1071982	SAMN39868096	SRX23664371	MFD03712.fa	SRX23627761	SRX23627760	
MFD03713	PRJNA1071982	SAMN39868097	SRX23664372	MFD03713.fa			
MFD03714	PRJNA1071982	SAMN39868098	SRX23664373	MFD03714.fa			
MFD03715	PRJNA1071982	SAMN39868099	SRX23663916	MFD03715.fa			
MFD03716	PRJNA1071982	SAMN39868100	SRX23663917	MFD03716.fa			
MFD03718	PRJNA1071982	SAMN39868101	SRX23663918	MFD03718.fa	SRX23627763	SRX23627762	SRX23662619
MFD03719	PRJNA1071982	SAMN39868102	SRX23663919	MFD03719.fa			
MFD03720	PRJNA1071982	SAMN39868103	SRX23663920	MFD03720.fa			
MFD03721	PRJNA1071982	SAMN39868104	SRX23663922	MFD03721.fa			
MFD03723	PRJNA1071982	SAMN39868105	SRX23663923	MFD03723.fa			
MFD03725	PRJNA1071982	SAMN39868106	SRX23663924	MFD03725.fa			
MFD03726	PRJNA1071982	SAMN39868107	SRX23663925	MFD03726.fa			
MFD03727	PRJNA1071982	SAMN39868108	SRX23663926	MFD03727.fa			
MFD03728	PRJNA1071982	SAMN39868109	SRX23663927	MFD03728.fa			
MFD03729	PRJNA1071982	SAMN39868110	SRX23663928	MFD03729.fa			
MFD03730	PRJNA1071982	SAMN39868111	SRX23663929	MFD03730.fa			
MFD03731	PRJNA1071982	SAMN39868112	SRX23663930	MFD03731.fa			
MFD03732	PRJNA1071982	SAMN39868113	SRX23663931	MFD03732.fa			
MFD03733	PRJNA1071982	SAMN39868114	SRX23663933	MFD03733.fa			
MFD03734	PRJNA1071982	SAMN39868115	SRX23663934	MFD03734.fa			
MFD03735	PRJNA1071982	SAMN39868116	SRX23663935	MFD03735.fa			
MFD03738	PRJNA1071982	SAMN39868117	SRX23663936	MFD03738.fa			
MFD03739	PRJNA1071982	SAMN39868118	SRX23663937	MFD03739.fa			
MFD03740	PRJNA1071982	SAMN39868119	SRX23663938	MFD03740.fa			
MFD03741	PRJNA1071982	SAMN39868120	SRX23663939	MFD03741.fa			
MFD03742	PRJNA1071982	SAMN39868121	SRX23663940	MFD03742.fa			
MFD03743	PRJNA1071982	SAMN39868122	SRX23663941	MFD03743.fa			
MFD03744	PRJNA1071982	SAMN39868123	SRX23663942	MFD03744.fa			
MFD03745	PRJNA1071982	SAMN39868124	SRX23664029	MFD03745.fa			
MFD03746	PRJNA1071982	SAMN39868125	SRX23664030	MFD03746.fa			
MFD03747	PRJNA1071982	SAMN39868126	SRX23664031	MFD03747.fa			
MFD03748	PRJNA1071982	SAMN39868127	SRX23664032	MFD03748.fa			
MFD03749	PRJNA1071982	SAMN39868128	SRX23664033	MFD03749.fa			
MFD03750	PRJNA1071982	SAMN39868129	SRX23664034	MFD03750.fa			
MFD03751	PRJNA1071982	SAMN39868130	SRX23664035	MFD03751.fa			
MFD03752	PRJNA1071982	SAMN39868131	SRX23664036	MFD03752.fa			
MFD03753	PRJNA1071982	SAMN39868132	SRX23664037	MFD03753.fa			
MFD03754	PRJNA1071982	SAMN39868133	SRX23664038	MFD03754.fa			
MFD03755	PRJNA1071982	SAMN39868134	SRX23664040	MFD03755.fa			
MFD03756	PRJNA1071982	SAMN39868135	SRX23664041	MFD03756.fa			
MFD03758	PRJNA1071982	SAMN39868136	SRX23664042	MFD03758.fa			
MFD03759	PRJNA1071982	SAMN39868137	SRX23664043	MFD03759.fa			
MFD03760	PRJNA1071982	SAMN39868138	SRX23664044	MFD03760.fa			
MFD03761	PRJNA1071982	SAMN39868139	SRX23664045	MFD03761.fa			
MFD03762	PRJNA1071982	SAMN39868140	SRX23664046	MFD03762.fa			
MFD03763	PRJNA1071982	SAMN39868141	SRX23664047	MFD03763.fa			
MFD03764	PRJNA1071982	SAMN39868142	SRX23664048	MFD03764.fa			
MFD03765	PRJNA1071982	SAMN39868143	SRX23664049	MFD03765.fa			
MFD03766	PRJNA1071982	SAMN39868144	SRX23664051	MFD03766.fa			
MFD03767	PRJNA1071982	SAMN39868145	SRX23664052	MFD03767.fa			
MFD03768	PRJNA1071982	SAMN39868146	SRX23664053	MFD03768.fa			
MFD03769	PRJNA1071982	SAMN39868147	SRX23664054	MFD03769.fa			
MFD03770	PRJNA1071982	SAMN39868148	SRX23664055	MFD03770.fa			
MFD03771	PRJNA1071982	SAMN39868149	SRX23664056	MFD03771.fa			
MFD03772	PRJNA1071982	SAMN39868150	SRX23664374	MFD03772.fa			
MFD03773	PRJNA1071982	SAMN39868151	SRX23664375	MFD03773.fa			
MFD03774	PRJNA1071982	SAMN39868152	SRX23664376	MFD03774.fa			
MFD03775	PRJNA1071982	SAMN39868153	SRX23664377	MFD03775.fa			
MFD03776	PRJNA1071982	SAMN39868154	SRX23664379	MFD03776.fa			
MFD03777	PRJNA1071982	SAMN39868155	SRX23664380	MFD03777.fa			
MFD03778	PRJNA1071982	SAMN39868156	SRX23664381	MFD03778.fa			
MFD03779	PRJNA1071982	SAMN39868157	SRX23664382	MFD03779.fa			
MFD03780	PRJNA1071982	SAMN39868158	SRX23664383	MFD03780.fa			
MFD03781	PRJNA1071982	SAMN39868159	SRX23664384	MFD03781.fa			
MFD03782	PRJNA1071982	SAMN39868160	SRX23664385	MFD03782.fa			
MFD03783	PRJNA1071982	SAMN39868161	SRX23664386	MFD03783.fa	SRX23627766	SRX23627765	SRX23662620
MFD03784	PRJNA1071982	SAMN39868162	SRX23664387	MFD03784.fa			
MFD03785	PRJNA1071982	SAMN39868163	SRX23664388	MFD03785.fa			
MFD03786	PRJNA1071982	SAMN39868164	SRX23664390	MFD03786.fa			
MFD03787	PRJNA1071982	SAMN39868165	SRX23664391	MFD03787.fa			
MFD03788	PRJNA1071982	SAMN39868166	SRX23664392	MFD03788.fa			
MFD03789	PRJNA1071982	SAMN39868167	SRX23664393	MFD03789.fa			
MFD03790	PRJNA1071982	SAMN39868168	SRX23664394	MFD03790.fa			
MFD03791	PRJNA1071982	SAMN39868169	SRX23664395	MFD03791.fa			
MFD03792	PRJNA1071982	SAMN39868170	SRX23664396	MFD03792.fa			
MFD03793	PRJNA1071982	SAMN39868171	SRX23664397	MFD03793.fa			
MFD03794	PRJNA1071982	SAMN39868172	SRX23664398	MFD03794.fa			
MFD03795	PRJNA1071982	SAMN39868173	SRX23664399	MFD03795.fa			
MFD03796	PRJNA1071982	SAMN39868174	SRX23664401	MFD03796.fa			
MFD03797	PRJNA1071982	SAMN39868175	SRX23663944	MFD03797.fa			
MFD03798	PRJNA1071982	SAMN39868176	SRX23663945	MFD03798.fa			
MFD03799	PRJNA1071982	SAMN39868177	SRX23663946	MFD03799.fa			
MFD03800	PRJNA1071982	SAMN39868178	SRX23663947	MFD03800.fa			
MFD03801	PRJNA1071982	SAMN39868179	SRX23663948	MFD03801.fa			
MFD03802	PRJNA1071982	SAMN39868180	SRX23663949	MFD03802.fa			
MFD03803	PRJNA1071982	SAMN39868181	SRX23663950	MFD03803.fa			
MFD03804	PRJNA1071982	SAMN39868182	SRX23663951	MFD03804.fa			
MFD03805	PRJNA1071982	SAMN39868183	SRX23663952	MFD03805.fa			
MFD03806	PRJNA1071982	SAMN39868184	SRX23663954	MFD03806.fa			
MFD03807	PRJNA1071982	SAMN39868185	SRX23663955	MFD03807.fa	SRX23627768	SRX23627767	SRX23662621
MFD03808	PRJNA1071982	SAMN39868186	SRX23663956	MFD03808.fa			
MFD03809	PRJNA1071982	SAMN39868187	SRX23663957	MFD03809.fa			
MFD03810	PRJNA1071982	SAMN39868188	SRX23663958	MFD03810.fa			
MFD03811	PRJNA1071982	SAMN39868189	SRX23663959	MFD03811.fa			
MFD03812	PRJNA1071982	SAMN39868190	SRX23663960	MFD03812.fa			
MFD03813	PRJNA1071982	SAMN39868191	SRX23663961	MFD03813.fa			
MFD03814	PRJNA1071982	SAMN39868192	SRX23663962	MFD03814.fa			
MFD03815	PRJNA1071982	SAMN39868193	SRX23663963	MFD03815.fa			
MFD03816	PRJNA1071982	SAMN39868194	SRX23663966	MFD03816.fa			
MFD03817	PRJNA1071982	SAMN39868195	SRX23663967	MFD03817.fa			
MFD03818	PRJNA1071982	SAMN39868196	SRX23663968	MFD03818.fa			
MFD03819	PRJNA1071982	SAMN39868197	SRX23663969	MFD03819.fa			
MFD03820	PRJNA1071982	SAMN39868198	SRX23663970	MFD03820.fa			
MFD03821	PRJNA1071982	SAMN39868199	SRX23663971	MFD03821.fa	SRX23627770	SRX23627769	SRX23662623
MFD03822	PRJNA1071982	SAMN39868200	SRX23663972	MFD03822.fa			
MFD03823	PRJNA1071982	SAMN39868201	SRX23664402	MFD03823.fa			
MFD03824	PRJNA1071982	SAMN39868202	SRX23664403	MFD03824.fa			
MFD03826	PRJNA1071982	SAMN39868203	SRX23664404	MFD03826.fa			
MFD03827	PRJNA1071982	SAMN39868204	SRX23664406	MFD03827.fa			
MFD03828	PRJNA1071982	SAMN39868205	SRX23664407	MFD03828.fa			
MFD03829	PRJNA1071982	SAMN39868206	SRX23664408	MFD03829.fa			
MFD03830	PRJNA1071982	SAMN39868207	SRX23664409	MFD03830.fa			
MFD03831	PRJNA1071982	SAMN39868208	SRX23664410	MFD03831.fa			
MFD03832	PRJNA1071982	SAMN39868209	SRX23664411	MFD03832.fa			
MFD03833	PRJNA1071982	SAMN39868210	SRX23664412	MFD03833.fa			
MFD03834	PRJNA1071982	SAMN39868211	SRX23664413	MFD03834.fa			
MFD03835	PRJNA1071982	SAMN39868212	SRX23664414	MFD03835.fa			
MFD03836	PRJNA1071982	SAMN39868213	SRX23664415	MFD03836.fa			
MFD03837	PRJNA1071982	SAMN39868214	SRX23664417	MFD03837.fa			
MFD03838	PRJNA1071982	SAMN39868215	SRX23664418	MFD03838.fa			
MFD03839	PRJNA1071982	SAMN39868216	SRX23664419	MFD03839.fa			
MFD03840	PRJNA1071982	SAMN39868217	SRX23664420	MFD03840.fa			
MFD03841	PRJNA1071982	SAMN39868218	SRX23664421	MFD03841.fa			
MFD03842	PRJNA1071982	SAMN39868219	SRX23664422	MFD03842.fa			
MFD03843	PRJNA1071982	SAMN39868220	SRX23664423	MFD03843.fa			
MFD03844	PRJNA1071982	SAMN39868221	SRX23664424	MFD03844.fa			
MFD03845	PRJNA1071982	SAMN39868222	SRX23664425	MFD03845.fa			
MFD03846	PRJNA1071982	SAMN39868223	SRX23664426	MFD03846.fa			
MFD03847	PRJNA1071982	SAMN39868224	SRX23664428	MFD03847.fa			
MFD03848	PRJNA1071982	SAMN39868225	SRX23664429	MFD03848.fa			
MFD03849	PRJNA1071982	SAMN39868226	SRX23664057	MFD03849.fa			
MFD03850	PRJNA1071982	SAMN39868227	SRX23664058	MFD03850.fa			
MFD03851	PRJNA1071982	SAMN39868228	SRX23664059	MFD03851.fa			
MFD03852	PRJNA1071982	SAMN39868229	SRX23664060	MFD03852.fa			
MFD03853	PRJNA1071982	SAMN39868230	SRX23664061	MFD03853.fa			
MFD03854	PRJNA1071982	SAMN39868231	SRX23664062	MFD03854.fa			
MFD03855	PRJNA1071982	SAMN39868232	SRX23664063	MFD03855.fa			
MFD03856	PRJNA1071982	SAMN39868233	SRX23664064	MFD03856.fa			
MFD03857	PRJNA1071982	SAMN39868234	SRX23664066	MFD03857.fa			
MFD03858	PRJNA1071982	SAMN39868235	SRX23664067	MFD03858.fa			
MFD03859	PRJNA1071982	SAMN39868236	SRX23664068	MFD03859.fa			
MFD03860	PRJNA1071982	SAMN39868237	SRX23664069	MFD03860.fa			
MFD03861	PRJNA1071982	SAMN39868238	SRX23664070	MFD03861.fa			
MFD03862	PRJNA1071982	SAMN39868239	SRX23664071	MFD03862.fa			
MFD03863	PRJNA1071982	SAMN39868240	SRX23664072	MFD03863.fa			
MFD03864	PRJNA1071982	SAMN39868241	SRX23664073	MFD03864.fa			
MFD03865	PRJNA1071982	SAMN39868242	SRX23664074	MFD03865.fa			
MFD03866	PRJNA1071982	SAMN39868243	SRX23664075	MFD03866.fa			
MFD03867	PRJNA1071982	SAMN39868244	SRX23664077	MFD03867.fa			
MFD03868	PRJNA1071982	SAMN39868245	SRX23664078	MFD03868.fa			
MFD03870	PRJNA1071982	SAMN39868246	SRX23664079	MFD03870.fa			
MFD03871	PRJNA1071982	SAMN39868247	SRX23664080	MFD03871.fa			
MFD03872	PRJNA1071982	SAMN39868248	SRX23664081	MFD03872.fa			
MFD03873	PRJNA1071982	SAMN39868249	SRX23664082	MFD03873.fa			
MFD03874	PRJNA1071982	SAMN39868250	SRX23664083	MFD03874.fa			
MFD03875	PRJNA1071982	SAMN39868251	SRX23664084	MFD03875.fa			
MFD03876	PRJNA1071982	SAMN39868252	SRX23664199	MFD03876.fa			
MFD03877	PRJNA1071982	SAMN39868253	SRX23664200	MFD03877.fa			
MFD03878	PRJNA1071982	SAMN39868254	SRX23664202	MFD03878.fa			
MFD03879	PRJNA1071982	SAMN39868255	SRX23664203	MFD03879.fa			
MFD03880	PRJNA1071982	SAMN39868256	SRX23664204	MFD03880.fa			
MFD03881	PRJNA1071982	SAMN39868257	SRX23664205	MFD03881.fa			
MFD03882	PRJNA1071982	SAMN39868258	SRX23664206	MFD03882.fa			
MFD03883	PRJNA1071982	SAMN39868259	SRX23664207	MFD03883.fa			
MFD03884	PRJNA1071982	SAMN39868260	SRX23664208	MFD03884.fa			
MFD03885	PRJNA1071982	SAMN39868261	SRX23664209	MFD03885.fa			
MFD03886	PRJNA1071982	SAMN39868262	SRX23664210	MFD03886.fa			
MFD03887	PRJNA1071982	SAMN39868263	SRX23664211	MFD03887.fa			
MFD03888	PRJNA1071982	SAMN39868264	SRX23664213	MFD03888.fa			
MFD03889	PRJNA1071982	SAMN39868265	SRX23664214	MFD03889.fa			
MFD03890	PRJNA1071982	SAMN39868266	SRX23664215	MFD03890.fa			
MFD03891	PRJNA1071982	SAMN39868267	SRX23664216	MFD03891.fa			
MFD03892	PRJNA1071982	SAMN39868268	SRX23664217	MFD03892.fa			
MFD03893	PRJNA1071982	SAMN39868269	SRX23664218	MFD03893.fa			
MFD03894	PRJNA1071982	SAMN39868270	SRX23664219	MFD03894.fa			
MFD03895	PRJNA1071982	SAMN39868271	SRX23664220	MFD03895.fa			
MFD03896	PRJNA1071982	SAMN39868272	SRX23664221	MFD03896.fa			
MFD03897	PRJNA1071982	SAMN39868273	SRX23664222	MFD03897.fa			
MFD03899	PRJNA1071982	SAMN39868274	SRX23664224	MFD03899.fa			
MFD03900	PRJNA1071982	SAMN39868275	SRX23664225	MFD03900.fa			
MFD03901	PRJNA1071982	SAMN39868276	SRX23664226	MFD03901.fa			
MFD03902	PRJNA1071982	SAMN39868277	SRX23664430	MFD03902.fa			
MFD03903	PRJNA1071982	SAMN39868278	SRX23664431	MFD03903.fa			
MFD03904	PRJNA1071982	SAMN39868279	SRX23664432	MFD03904.fa			
MFD03905	PRJNA1071982	SAMN39868280	SRX23664433	MFD03905.fa			
MFD03906	PRJNA1071982	SAMN39868281	SRX23664434	MFD03906.fa			
MFD03907	PRJNA1071982	SAMN39868282	SRX23664435	MFD03907.fa			
MFD03908	PRJNA1071982	SAMN39868283	SRX23664436	MFD03908.fa			
MFD03909	PRJNA1071982	SAMN39868284	SRX23664438	MFD03909.fa			
MFD03910	PRJNA1071982	SAMN39868285	SRX23664439	MFD03910.fa			
MFD03911	PRJNA1071982	SAMN39868286	SRX23664440	MFD03911.fa			
MFD03912	PRJNA1071982	SAMN39868287	SRX23664441	MFD03912.fa			
MFD03913	PRJNA1071982	SAMN39868288	SRX23664442	MFD03913.fa			
MFD03914	PRJNA1071982	SAMN39868289	SRX23664443	MFD03914.fa			
MFD03915	PRJNA1071982	SAMN39868290	SRX23664444	MFD03915.fa			
MFD03916	PRJNA1071982	SAMN39868291	SRX23664445	MFD03916.fa			
MFD03917	PRJNA1071982	SAMN39868292	SRX23664446	MFD03917.fa			
MFD03918	PRJNA1071982	SAMN39868293	SRX23664447	MFD03918.fa			
MFD03919	PRJNA1071982	SAMN39868294	SRX23664450	MFD03919.fa			
MFD03920	PRJNA1071982	SAMN39868295	SRX23664451	MFD03920.fa			
MFD03921	PRJNA1071982	SAMN39868296	SRX23664452	MFD03921.fa			
MFD03922	PRJNA1071982	SAMN39868297	SRX23664453	MFD03922.fa			
MFD03923	PRJNA1071982	SAMN39868298	SRX23664454	MFD03923.fa			
MFD03924	PRJNA1071982	SAMN39868299	SRX23664455	MFD03924.fa			
MFD03925	PRJNA1071982	SAMN39868300	SRX23664456	MFD03925.fa			
MFD03926	PRJNA1071982	SAMN39868301	SRX23664457	MFD03926.fa			
MFD03927	PRJNA1071982	SAMN39868302	SRX23664458	MFD03927.fa			
MFD03928	PRJNA1071982	SAMN39868303	SRX23664459	MFD03928.fa			
MFD03929	PRJNA1071982	SAMN39868304	SRX23664461	MFD03929.fa			
MFD03930	PRJNA1071982	SAMN39868305	SRX23664462	MFD03930.fa			
MFD03931	PRJNA1071982	SAMN39868306	SRX23664463	MFD03931.fa			
MFD03932	PRJNA1071982	SAMN39868307	SRX23664464	MFD03932.fa			
MFD03933	PRJNA1071982	SAMN39868308	SRX23664465	MFD03933.fa	SRX23627772	SRX23627771	SRX23662624
MFD03934	PRJNA1071982	SAMN39868309	SRX23664466	MFD03934.fa			
MFD03935	PRJNA1071982	SAMN39868310	SRX23664467	MFD03935.fa			
MFD03936	PRJNA1071982	SAMN39868311	SRX23664468	MFD03936.fa			
MFD03937	PRJNA1071982	SAMN39868312	SRX23664469	MFD03937.fa			
MFD03938	PRJNA1071982	SAMN39868313	SRX23664470	MFD03938.fa			
MFD03939	PRJNA1071982	SAMN39868314	SRX23664472	MFD03939.fa			
MFD03940	PRJNA1071982	SAMN39868315	SRX23664473	MFD03940.fa			
MFD03941	PRJNA1071982	SAMN39868316	SRX23664474	MFD03941.fa			
MFD03942	PRJNA1071982	SAMN39868317	SRX23664475	MFD03942.fa			
MFD03943	PRJNA1071982	SAMN39868318	SRX23664476	MFD03943.fa			
MFD03944	PRJNA1071982	SAMN39868319	SRX23664477	MFD03944.fa			
MFD03945	PRJNA1071982	SAMN39868320	SRX23664478	MFD03945.fa			
MFD03946	PRJNA1071982	SAMN39868321	SRX23664479	MFD03946.fa			
MFD03947	PRJNA1071982	SAMN39868322	SRX23664480	MFD03947.fa			
MFD03948	PRJNA1071982	SAMN39868323	SRX23664481	MFD03948.fa			
MFD03949	PRJNA1071982	SAMN39868324	SRX23664483	MFD03949.fa			
MFD03950	PRJNA1071982	SAMN39868325	SRX23664484	MFD03950.fa			
MFD03951	PRJNA1071982	SAMN39868326	SRX23664485	MFD03951.fa	SRX23627774	SRX23627773	SRX23662625
MFD03952	PRJNA1071982	SAMN39868327	SRX23664486	MFD03952.fa			
MFD03953	PRJNA1071982	SAMN39868328	SRX23664487	MFD03953.fa			
MFD03955	PRJNA1071982	SAMN39868329	SRX23664488	MFD03955.fa			
MFD03956	PRJNA1071982	SAMN39868330	SRX23664489	MFD03956.fa			
MFD03959	PRJNA1071982	SAMN39868331	SRX23664490	MFD03959.fa			
MFD03960	PRJNA1071982	SAMN39868332	SRX23664491	MFD03960.fa			
MFD03961	PRJNA1071982	SAMN39868333	SRX23664492	MFD03961.fa			
MFD03962	PRJNA1071982	SAMN39868334	SRX23664494	MFD03962.fa			
MFD03964	PRJNA1071982	SAMN39868335	SRX23664495	MFD03964.fa			
MFD03965	PRJNA1071982	SAMN39868336	SRX23664496	MFD03965.fa			
MFD03966	PRJNA1071982	SAMN39868337	SRX23664497	MFD03966.fa			
MFD03967	PRJNA1071982	SAMN39868338	SRX23664498	MFD03967.fa			
MFD03968	PRJNA1071982	SAMN39868339	SRX23664499	MFD03968.fa			
MFD03969	PRJNA1071982	SAMN39868340	SRX23664500	MFD03969.fa			
MFD03970	PRJNA1071982	SAMN39868341	SRX23664501	MFD03970.fa			
MFD03971	PRJNA1071982	SAMN39868342	SRX23664502	MFD03971.fa			
MFD03972	PRJNA1071982	SAMN39868343	SRX23664503	MFD03972.fa			
MFD03973	PRJNA1071982	SAMN39868344	SRX23664505	MFD03973.fa			
MFD03974	PRJNA1071982	SAMN39868345	SRX23664506	MFD03974.fa			
MFD03975	PRJNA1071982	SAMN39868346	SRX23664507	MFD03975.fa			
MFD03976	PRJNA1071982	SAMN39868347	SRX23664508	MFD03976.fa			
MFD03977	PRJNA1071982	SAMN39868348	SRX23664509	MFD03977.fa			
MFD03978	PRJNA1071982	SAMN39868349	SRX23664510	MFD03978.fa			
MFD03979	PRJNA1071982	SAMN39868350	SRX23664511	MFD03979.fa			
MFD03980	PRJNA1071982	SAMN39868351	SRX23664512	MFD03980.fa			
MFD03981	PRJNA1071982	SAMN39868352	SRX23664513	MFD03981.fa			
MFD03982	PRJNA1071982	SAMN39868353	SRX23664085	MFD03982.fa			
MFD03983	PRJNA1071982	SAMN39868354	SRX23664087	MFD03983.fa			
MFD03984	PRJNA1071982	SAMN39868355	SRX23664088	MFD03984.fa			
MFD03985	PRJNA1071982	SAMN39868356	SRX23664089	MFD03985.fa			
MFD03986	PRJNA1071982	SAMN39868357	SRX23664090	MFD03986.fa			
MFD03987	PRJNA1071982	SAMN39868358	SRX23664091	MFD03987.fa			
MFD03988	PRJNA1071982	SAMN39868359	SRX23664092	MFD03988.fa			
MFD03990	PRJNA1071982	SAMN39868360	SRX23664093	MFD03990.fa			
MFD03991	PRJNA1071982	SAMN39868361	SRX23664094	MFD03991.fa			
MFD03992	PRJNA1071982	SAMN39868362	SRX23664095	MFD03992.fa			
MFD03993	PRJNA1071982	SAMN39868363	SRX23664096	MFD03993.fa			
MFD03994	PRJNA1071982	SAMN39868364	SRX23664098	MFD03994.fa			
MFD03995	PRJNA1071982	SAMN39868365	SRX23664099	MFD03995.fa			
MFD03996	PRJNA1071982	SAMN39868366	SRX23664100	MFD03996.fa			
MFD03997	PRJNA1071982	SAMN39868367	SRX23664101	MFD03997.fa			
MFD03998	PRJNA1071982	SAMN39868368	SRX23664102	MFD03998.fa			
MFD04000	PRJNA1071982	SAMN39868369	SRX23664103	MFD04000.fa			
MFD04001	PRJNA1071982	SAMN39868370	SRX23664104	MFD04001.fa			
MFD04002	PRJNA1071982	SAMN39868371	SRX23664105	MFD04002.fa			
MFD04005	PRJNA1071982	SAMN39868372	SRX23664106	MFD04005.fa			
MFD04006	PRJNA1071982	SAMN39868373	SRX23664107	MFD04006.fa			
MFD04007	PRJNA1071982	SAMN39868374	SRX23664109	MFD04007.fa			
MFD04008	PRJNA1071982	SAMN39868375	SRX23664110	MFD04008.fa			
MFD04009	PRJNA1071982	SAMN39868376	SRX23664111	MFD04009.fa			
MFD04010	PRJNA1071982	SAMN39868377	SRX23664112	MFD04010.fa			
MFD04011	PRJNA1071982	SAMN39868378	SRX23664113	MFD04011.fa	SRX23627777	SRX23627776	SRX23662626
MFD04012	PRJNA1071982	SAMN39868379	SRX23664227	MFD04012.fa			
MFD04013	PRJNA1071982	SAMN39868380	SRX23664228	MFD04013.fa			
MFD04015	PRJNA1071982	SAMN39868381	SRX23664229	MFD04015.fa			
MFD04016	PRJNA1071982	SAMN39868382	SRX23664230	MFD04016.fa			
MFD04017	PRJNA1071982	SAMN39868383	SRX23664231	MFD04017.fa			
MFD04018	PRJNA1071982	SAMN39868384	SRX23664233	MFD04018.fa			
MFD04019	PRJNA1071982	SAMN39868385	SRX23664234	MFD04019.fa			
MFD04021	PRJNA1071982	SAMN39868386	SRX23664235	MFD04021.fa			
MFD04022	PRJNA1071982	SAMN39868387	SRX23664236	MFD04022.fa			
MFD04023	PRJNA1071982	SAMN39868388	SRX23664237	MFD04023.fa			
MFD04024	PRJNA1071982	SAMN39868389	SRX23664238	MFD04024.fa			
MFD04025	PRJNA1071982	SAMN39868390	SRX23664239	MFD04025.fa			
MFD04026	PRJNA1071982	SAMN39868391	SRX23664240	MFD04026.fa			
MFD04027	PRJNA1071982	SAMN39868392	SRX23664241	MFD04027.fa			
MFD04028	PRJNA1071982	SAMN39868393	SRX23664242	MFD04028.fa			
MFD04029	PRJNA1071982	SAMN39868394	SRX23664245	MFD04029.fa			
MFD04030	PRJNA1071982	SAMN39868395	SRX23664246	MFD04030.fa			
MFD04031	PRJNA1071982	SAMN39868396	SRX23664247	MFD04031.fa			
MFD04033	PRJNA1071982	SAMN39868397	SRX23664248	MFD04033.fa			
MFD04034	PRJNA1071982	SAMN39868398	SRX23664249	MFD04034.fa			
MFD04035	PRJNA1071982	SAMN39868399	SRX23664250	MFD04035.fa			
MFD04036	PRJNA1071982	SAMN39868400	SRX23664251	MFD04036.fa			
MFD04037	PRJNA1071982	SAMN39868401	SRX23664252	MFD04037.fa			
MFD04038	PRJNA1071982	SAMN39868402	SRX23664253	MFD04038.fa			
MFD04039	PRJNA1071982	SAMN39868403	SRX23664254	MFD04039.fa			
MFD04040	PRJNA1071982	SAMN39868404	SRX23664256	MFD04040.fa			
MFD04041	PRJNA1071982	SAMN39868405	SRX23663741	MFD04041.fa			
MFD04042	PRJNA1071982	SAMN39868406	SRX23663742	MFD04042.fa			
MFD04043	PRJNA1071982	SAMN39868407	SRX23663743	MFD04043.fa			
MFD04045	PRJNA1071982	SAMN39868408	SRX23663744	MFD04045.fa			
MFD04046	PRJNA1071982	SAMN39868409	SRX23663745	MFD04046.fa			
MFD04047	PRJNA1071982	SAMN39868410	SRX23663746	MFD04047.fa			
MFD04048	PRJNA1071982	SAMN39868411	SRX23663747	MFD04048.fa			
MFD04049	PRJNA1071982	SAMN39868412	SRX23663748	MFD04049.fa			
MFD04050	PRJNA1071982	SAMN39868413	SRX23663749	MFD04050.fa			
MFD04051	PRJNA1071982	SAMN39868414	SRX23663751	MFD04051.fa			
MFD04052	PRJNA1071982	SAMN39868415	SRX23663752	MFD04052.fa			
MFD04053	PRJNA1071982	SAMN39868416	SRX23663753	MFD04053.fa			
MFD04054	PRJNA1071982	SAMN39868417	SRX23663754	MFD04054.fa			
MFD04055	PRJNA1071982	SAMN39868418	SRX23663755	MFD04055.fa			
MFD04057	PRJNA1071982	SAMN39868419	SRX23663756	MFD04057.fa			
MFD04058	PRJNA1071982	SAMN39868420	SRX23663757	MFD04058.fa			
MFD04059	PRJNA1071982	SAMN39868421	SRX23663758	MFD04059.fa	SRX23627455	SRX23627778	SRX23662627
MFD04060	PRJNA1071982	SAMN39868422	SRX23663759	MFD04060.fa			
MFD04061	PRJNA1071982	SAMN39868423	SRX23663760	MFD04061.fa			
MFD04062	PRJNA1071982	SAMN39868424	SRX23663762	MFD04062.fa			
MFD04063	PRJNA1071982	SAMN39868425	SRX23663763	MFD04063.fa			
MFD04064	PRJNA1071982	SAMN39868426	SRX23663764	MFD04064.fa			
MFD04065	PRJNA1071982	SAMN39868427	SRX23663765	MFD04065.fa	SRX23627457	SRX23627456	SRX23662628
MFD04066	PRJNA1071982	SAMN39868428	SRX23663766	MFD04066.fa			
MFD04067	PRJNA1071982	SAMN39868429	SRX23663767	MFD04067.fa			
MFD04068	PRJNA1071982	SAMN39868430	SRX23663768	MFD04068.fa			
MFD04070	PRJNA1071982	SAMN39868431	SRX23663769	MFD04070.fa			
MFD04071	PRJNA1071982	SAMN39868432	SRX23664114	MFD04071.fa			
MFD04072	PRJNA1071982	SAMN39868433	SRX23664115	MFD04072.fa			
MFD04073	PRJNA1071982	SAMN39868434	SRX23664117	MFD04073.fa			
MFD04074	PRJNA1071982	SAMN39868435	SRX23664118	MFD04074.fa			
MFD04075	PRJNA1071982	SAMN39868436	SRX23664119	MFD04075.fa			
MFD04076	PRJNA1071982	SAMN39868437	SRX23664120	MFD04076.fa			
MFD04077	PRJNA1071982	SAMN39868438	SRX23664121	MFD04077.fa			
MFD04078	PRJNA1071982	SAMN39868439	SRX23664122	MFD04078.fa			
MFD04079	PRJNA1071982	SAMN39868440	SRX23664123	MFD04079.fa			
MFD04080	PRJNA1071982	SAMN39868441	SRX23664124	MFD04080.fa			
MFD04082	PRJNA1071982	SAMN39868442	SRX23664125	MFD04082.fa			
MFD04083	PRJNA1071982	SAMN39868443	SRX23664126	MFD04083.fa			
MFD04084	PRJNA1071982	SAMN39868444	SRX23664128	MFD04084.fa			
MFD04085	PRJNA1071982	SAMN39868445	SRX23664129	MFD04085.fa			
MFD04086	PRJNA1071982	SAMN39868446	SRX23664130	MFD04086.fa			
MFD04087	PRJNA1071982	SAMN39868447	SRX23664131	MFD04087.fa			
MFD04088	PRJNA1071982	SAMN39868448	SRX23664132	MFD04088.fa			
MFD04089	PRJNA1071982	SAMN39868449	SRX23664133	MFD04089.fa			
MFD04090	PRJNA1071982	SAMN39868450	SRX23664134	MFD04090.fa			
MFD04091	PRJNA1071982	SAMN39868451	SRX23664135	MFD04091.fa			
MFD04092	PRJNA1071982	SAMN39868452	SRX23664136	MFD04092.fa			
MFD04093	PRJNA1071982	SAMN39868453	SRX23664137	MFD04093.fa			
MFD04094	PRJNA1071982	SAMN39868454	SRX23664139	MFD04094.fa			
MFD04095	PRJNA1071982	SAMN39868455	SRX23664140	MFD04095.fa			
MFD04096	PRJNA1071982	SAMN39868456	SRX23664141	MFD04096.fa			
MFD04097	PRJNA1071982	SAMN39868457	SRX23664142	MFD04097.fa			
MFD04098	PRJNA1071982	SAMN39868458	SRX23664143	MFD04098.fa			
MFD04099	PRJNA1071982	SAMN39868459	SRX23664144	MFD04099.fa			
MFD04100	PRJNA1071982	SAMN39868460	SRX23664514	MFD04100.fa			
MFD04101	PRJNA1071982	SAMN39868461	SRX23664515	MFD04101.fa			
MFD04102	PRJNA1071982	SAMN39868462	SRX23664516	MFD04102.fa			
MFD04103	PRJNA1071982	SAMN39868463	SRX23664517	MFD04103.fa			
MFD04104	PRJNA1071982	SAMN39868464	SRX23664519	MFD04104.fa	SRX23627459	SRX23627458	SRX23662629
MFD04106	PRJNA1071982	SAMN39868465	SRX23664520	MFD04106.fa			
MFD04107	PRJNA1071982	SAMN39868466	SRX23664521	MFD04107.fa			
MFD04108	PRJNA1071982	SAMN39868467	SRX23664522	MFD04108.fa			
MFD04109	PRJNA1071982	SAMN39868468	SRX23664523	MFD04109.fa			
MFD04110	PRJNA1071982	SAMN39868469	SRX23664524	MFD04110.fa			
MFD04111	PRJNA1071982	SAMN39868470	SRX23664525	MFD04111.fa			
MFD04112	PRJNA1071982	SAMN39868471	SRX23664526	MFD04112.fa			
MFD04113	PRJNA1071982	SAMN39868472	SRX23664527	MFD04113.fa			
MFD04114	PRJNA1071982	SAMN39868473	SRX23664528	MFD04114.fa			
MFD04115	PRJNA1071982	SAMN39868474	SRX23664530	MFD04115.fa	SRX23627461	SRX23627460	SRX23662630
MFD04116	PRJNA1071982	SAMN39868475	SRX23664531	MFD04116.fa			
MFD04117	PRJNA1071982	SAMN39868476	SRX23664532	MFD04117.fa			
MFD04118	PRJNA1071982	SAMN39868477	SRX23664533	MFD04118.fa			
MFD04119	PRJNA1071982	SAMN39868478	SRX23664534	MFD04119.fa			
MFD04120	PRJNA1071982	SAMN39868479	SRX23664535	MFD04120.fa			
MFD04121	PRJNA1071982	SAMN39868480	SRX23664536	MFD04121.fa	SRX23627464	SRX23627463	SRX23662631
MFD04122	PRJNA1071982	SAMN39868481	SRX23664537	MFD04122.fa			
MFD04123	PRJNA1071982	SAMN39868482	SRX23664538	MFD04123.fa			
MFD04124	PRJNA1071982	SAMN39868483	SRX23664539	MFD04124.fa			
MFD04125	PRJNA1071982	SAMN39868484	SRX23664541	MFD04125.fa			
MFD04126	PRJNA1071982	SAMN39868485	SRX23664542	MFD04126.fa			
MFD04127	PRJNA1071982	SAMN39868486	SRX23664543	MFD04127.fa			
MFD04129	PRJNA1071982	SAMN39868487	SRX23664544	MFD04129.fa			
MFD04130	PRJNA1071982	SAMN39868488	SRX23664257	MFD04130.fa			
MFD04131	PRJNA1071982	SAMN39868489	SRX23664258	MFD04131.fa	SRX23627466	SRX23627465	SRX23662632
MFD04132	PRJNA1071982	SAMN39868490	SRX23664259	MFD04132.fa	SRX23627468	SRX23627467	SRX23662634
MFD04133	PRJNA1071982	SAMN39868491	SRX23664260	MFD04133.fa			
MFD04134	PRJNA1071982	SAMN39868492	SRX23664261	MFD04134.fa	SRX23627470	SRX23627469	SRX23662635
MFD04135	PRJNA1071982	SAMN39868493	SRX23664262	MFD04135.fa			
MFD04136	PRJNA1071982	SAMN39868494	SRX23664265	MFD04136.fa			
MFD04137	PRJNA1071982	SAMN39868495	SRX23664266	MFD04137.fa			
MFD04138	PRJNA1071982	SAMN39868496	SRX23664267	MFD04138.fa			
MFD04139	PRJNA1071982	SAMN39868497	SRX23664268	MFD04139.fa			
MFD04140	PRJNA1071982	SAMN39868498	SRX23664269	MFD04140.fa			
MFD04141	PRJNA1071982	SAMN39868499	SRX23664270	MFD04141.fa			
MFD04142	PRJNA1071982	SAMN39868500	SRX23664271	MFD04142.fa			
MFD04143	PRJNA1071982	SAMN39868501	SRX23664272	MFD04143.fa			
MFD04144	PRJNA1071982	SAMN39868502	SRX23664273	MFD04144.fa			
MFD04145	PRJNA1071982	SAMN39868503	SRX23664274	MFD04145.fa			
MFD04146	PRJNA1071982	SAMN39868504	SRX23664276	MFD04146.fa			
MFD04147	PRJNA1071982	SAMN39868505	SRX23664277	MFD04147.fa			
MFD04148	PRJNA1071982	SAMN39868506	SRX23664278	MFD04148.fa			
MFD04149	PRJNA1071982	SAMN39868507	SRX23664279	MFD04149.fa			
MFD04150	PRJNA1071982	SAMN39868508	SRX23664280	MFD04150.fa			
MFD04151	PRJNA1071982	SAMN39868509	SRX23664281	MFD04151.fa			
MFD04152	PRJNA1071982	SAMN39868510	SRX23664282	MFD04152.fa			
MFD04153	PRJNA1071982	SAMN39868511	SRX23664283	MFD04153.fa			
MFD04154	PRJNA1071982	SAMN39868512	SRX23664284	MFD04154.fa			
MFD04155	PRJNA1071982	SAMN39868513	SRX23664285	MFD04155.fa			
MFD04156	PRJNA1071982	SAMN39868514	SRX23664287	MFD04156.fa			
MFD04157	PRJNA1071982	SAMN39868515	SRX23663798	MFD04157.fa			
MFD04158	PRJNA1071982	SAMN39868516	SRX23663799	MFD04158.fa			
MFD04159	PRJNA1071982	SAMN39868517	SRX23663800	MFD04159.fa			
MFD04160	PRJNA1071982	SAMN39868518	SRX23663801	MFD04160.fa			
MFD04161	PRJNA1071982	SAMN39868519	SRX23663802	MFD04161.fa			
MFD04162	PRJNA1071982	SAMN39868520	SRX23663803	MFD04162.fa			
MFD04163	PRJNA1071982	SAMN39868521	SRX23663804	MFD04163.fa	SRX23627472	SRX23627471	SRX23662636
MFD04164	PRJNA1071982	SAMN39868522	SRX23663805	MFD04164.fa			
MFD04165	PRJNA1071982	SAMN39868523	SRX23663806	MFD04165.fa	SRX23627475	SRX23627474	SRX23662637
MFD04166	PRJNA1071982	SAMN39868524	SRX23663808	MFD04166.fa			
MFD04167	PRJNA1071982	SAMN39868525	SRX23663809	MFD04167.fa			
MFD04168	PRJNA1071982	SAMN39868526	SRX23663810	MFD04168.fa			
MFD04169	PRJNA1071982	SAMN39868527	SRX23663811	MFD04169.fa			
MFD04170	PRJNA1071982	SAMN39868528	SRX23663812	MFD04170.fa			
MFD04171	PRJNA1071982	SAMN39868529	SRX23663813	MFD04171.fa			
MFD04172	PRJNA1071982	SAMN39868530	SRX23663814	MFD04172.fa	SRX23627477	SRX23627476	SRX23662638
MFD04173	PRJNA1071982	SAMN39868531	SRX23663815	MFD04173.fa			
MFD04174	PRJNA1071982	SAMN39868532	SRX23663816	MFD04174.fa			
MFD04175	PRJNA1071982	SAMN39868533	SRX23663817	MFD04175.fa			
MFD04176	PRJNA1071982	SAMN39868534	SRX23663819	MFD04176.fa			
MFD04177	PRJNA1071982	SAMN39868535	SRX23663820	MFD04177.fa			
MFD04179	PRJNA1071982	SAMN39868536	SRX23663821	MFD04179.fa	SRX23627479	SRX23627478	SRX23662639
MFD04180	PRJNA1071982	SAMN39868537	SRX23663822	MFD04180.fa			
MFD04181	PRJNA1071982	SAMN39868538	SRX23663823	MFD04181.fa			
MFD04182	PRJNA1071982	SAMN39868539	SRX23663824	MFD04182.fa	SRX23627481	SRX23627480	SRX23662640
MFD04183	PRJNA1071982	SAMN39868540	SRX23663825	MFD04183.fa			
MFD04184	PRJNA1071982	SAMN39868541	SRX23663826	MFD04184.fa			
MFD04185	PRJNA1071982	SAMN39868542	SRX23663827	MFD04185.fa			
MFD04186	PRJNA1071982	SAMN39868543	SRX23664545	MFD04186.fa			
MFD04187	PRJNA1071982	SAMN39868544	SRX23664547	MFD04187.fa			
MFD04188	PRJNA1071982	SAMN39868545	SRX23664548	MFD04188.fa			
MFD04189	PRJNA1071982	SAMN39868546	SRX23664549	MFD04189.fa			
MFD04190	PRJNA1071982	SAMN39868547	SRX23664550	MFD04190.fa			
MFD04191	PRJNA1071982	SAMN39868548	SRX23664551	MFD04191.fa			
MFD04192	PRJNA1071982	SAMN39868549	SRX23664552	MFD04192.fa			
MFD04193	PRJNA1071982	SAMN39874935	SRX23664553	MFD04193.fa			
MFD04194	PRJNA1071982	SAMN39868550	SRX23664554	MFD04194.fa			
MFD04195	PRJNA1071982	SAMN39868551	SRX23664555	MFD04195.fa			
MFD04196	PRJNA1071982	SAMN39868552	SRX23664556	MFD04196.fa			
MFD04197	PRJNA1071982	SAMN39868553	SRX23664558	MFD04197.fa			
MFD04198	PRJNA1071982	SAMN39868554	SRX23664559	MFD04198.fa	SRX23627483	SRX23627482	SRX23662641
MFD04199	PRJNA1071982	SAMN39868555	SRX23664560	MFD04199.fa			
MFD04200	PRJNA1071982	SAMN39868556	SRX23664561	MFD04200.fa			
MFD04201	PRJNA1071982	SAMN39868557	SRX23664562	MFD04201.fa			
MFD04202	PRJNA1071982	SAMN39868558	SRX23664563	MFD04202.fa			
MFD04203	PRJNA1071982	SAMN39868559	SRX23664564	MFD04203.fa			
MFD04204	PRJNA1071982	SAMN39868560	SRX23664565	MFD04204.fa			
MFD04205	PRJNA1071982	SAMN39868561	SRX23664566	MFD04205.fa			
MFD04206	PRJNA1071982	SAMN39868562	SRX23664567	MFD04206.fa			
MFD04207	PRJNA1071982	SAMN39868563	SRX23664569	MFD04207.fa			
MFD04208	PRJNA1071982	SAMN39868564	SRX23664570	MFD04208.fa			
MFD04209	PRJNA1071982	SAMN39868565	SRX23664571	MFD04209.fa			
MFD04210	PRJNA1071982	SAMN39868566	SRX23664572	MFD04210.fa			
MFD04211	PRJNA1071982	SAMN39868567	SRX23664145	MFD04211.fa			
MFD04212	PRJNA1071982	SAMN39868568	SRX23664146	MFD04212.fa			
MFD04213	PRJNA1071982	SAMN39868569	SRX23664147	MFD04213.fa			
MFD04215	PRJNA1071982	SAMN39868570	SRX23664148	MFD04215.fa			
MFD04216	PRJNA1071982	SAMN39868571	SRX23664149	MFD04216.fa			
MFD04217	PRJNA1071982	SAMN39868572	SRX23664150	MFD04217.fa			
MFD04218	PRJNA1071982	SAMN39868573	SRX23664152	MFD04218.fa			
MFD04219	PRJNA1071982	SAMN39868574	SRX23664153	MFD04219.fa			
MFD04220	PRJNA1071982	SAMN39868575	SRX23664154	MFD04220.fa			
MFD04221	PRJNA1071982	SAMN39868576	SRX23664155	MFD04221.fa			
MFD04222	PRJNA1071982	SAMN39868577	SRX23664156	MFD04222.fa	SRX23628163	SRX23627486	SRX23662642
MFD04223	PRJNA1071982	SAMN39868578	SRX23664157	MFD04223.fa			
MFD04224	PRJNA1071982	SAMN39868579	SRX23664158	MFD04224.fa			
MFD04225	PRJNA1071982	SAMN39868580	SRX23664159	MFD04225.fa			
MFD04226	PRJNA1071982	SAMN39868581	SRX23664160	MFD04226.fa			
MFD04227	PRJNA1071982	SAMN39868582	SRX23664161	MFD04227.fa			
MFD04228	PRJNA1071982	SAMN39868583	SRX23664163	MFD04228.fa			
MFD04229	PRJNA1071982	SAMN39868584	SRX23664164	MFD04229.fa			
MFD04230	PRJNA1071982	SAMN39868585	SRX23664165	MFD04230.fa			
MFD04231	PRJNA1071982	SAMN39868586	SRX23664166	MFD04231.fa			
MFD04232	PRJNA1071982	SAMN39868587	SRX23664167	MFD04232.fa			
MFD04233	PRJNA1071982	SAMN39868588	SRX23664168	MFD04233.fa			
MFD04234	PRJNA1071982	SAMN39868589	SRX23664169	MFD04234.fa			
MFD04235	PRJNA1071982	SAMN39868590	SRX23664170	MFD04235.fa			
MFD04236	PRJNA1071982	SAMN39868591	SRX23664171	MFD04236.fa			
MFD04237	PRJNA1071982	SAMN39868592	SRX23664172	MFD04237.fa			
MFD04238	PRJNA1071982	SAMN39868593	SRX23664575	MFD04238.fa	SRX23628165	SRX23628164	SRX23662643
MFD04239	PRJNA1071982	SAMN39868594	SRX23664576	MFD04239.fa			
MFD04240	PRJNA1071982	SAMN39868595	SRX23664577	MFD04240.fa			
MFD04241	PRJNA1071982	SAMN39868596	SRX23664578	MFD04241.fa			
MFD04242	PRJNA1071982	SAMN39868597	SRX23664579	MFD04242.fa			
MFD04243	PRJNA1071982	SAMN39868598	SRX23664580	MFD04243.fa			
MFD04244	PRJNA1071982	SAMN39868599	SRX23664581	MFD04244.fa	SRX23628167	SRX23628166	SRX23662645
MFD04245	PRJNA1071982	SAMN39868600	SRX23664582	MFD04245.fa			
MFD04246	PRJNA1071982	SAMN39868601	SRX23664583	MFD04246.fa			
MFD04247	PRJNA1071982	SAMN39868602	SRX23664584	MFD04247.fa			
MFD04248	PRJNA1071982	SAMN39868603	SRX23664586	MFD04248.fa			
MFD04249	PRJNA1071982	SAMN39868604	SRX23664587	MFD04249.fa			
MFD04250	PRJNA1071982	SAMN39868605	SRX23664588	MFD04250.fa			
MFD04251	PRJNA1071982	SAMN39868606	SRX23664589	MFD04251.fa			
MFD04252	PRJNA1071982	SAMN39868607	SRX23664590	MFD04252.fa			
MFD04253	PRJNA1071982	SAMN39868608	SRX23664591	MFD04253.fa	SRX23628169	SRX23628168	SRX23662646
MFD04254	PRJNA1071982	SAMN39868609	SRX23664592	MFD04254.fa			
MFD04255	PRJNA1071982	SAMN39868610	SRX23664593	MFD04255.fa			
MFD04256	PRJNA1071982	SAMN39868611	SRX23664594	MFD04256.fa			
MFD04257	PRJNA1071982	SAMN39868612	SRX23664595	MFD04257.fa			
MFD04258	PRJNA1071982	SAMN39868613	SRX23664597	MFD04258.fa			
MFD04259	PRJNA1071982	SAMN39868614	SRX23664598	MFD04259.fa			
MFD04260	PRJNA1071982	SAMN39868615	SRX23664599	MFD04260.fa			
MFD04261	PRJNA1071982	SAMN39868616	SRX23664600	MFD04261.fa			
MFD04262	PRJNA1071982	SAMN39868617	SRX23663828	MFD04262.fa			
MFD04263	PRJNA1071982	SAMN39868618	SRX23663829	MFD04263.fa			
MFD04264	PRJNA1071982	SAMN39868619	SRX23663830	MFD04264.fa			
MFD04265	PRJNA1071982	SAMN39868620	SRX23663831	MFD04265.fa			
MFD04266	PRJNA1071982	SAMN39868621	SRX23663832	MFD04266.fa			
MFD04267	PRJNA1071982	SAMN39868622	SRX23663833	MFD04267.fa			
MFD04268	PRJNA1071982	SAMN39868623	SRX23663835	MFD04268.fa			
MFD04269	PRJNA1071982	SAMN39868624	SRX23663836	MFD04269.fa			
MFD04270	PRJNA1071982	SAMN39868625	SRX23663837	MFD04270.fa	SRX23628171	SRX23628170	SRX23662711
MFD04271	PRJNA1071982	SAMN39868626	SRX23663838	MFD04271.fa			
MFD04272	PRJNA1071982	SAMN39868627	SRX23663839	MFD04272.fa			
MFD04273	PRJNA1071982	SAMN39868628	SRX23663840	MFD04273.fa			
MFD04274	PRJNA1071982	SAMN39868629	SRX23663841	MFD04274.fa			
MFD04275	PRJNA1071982	SAMN39868630	SRX23663842	MFD04275.fa			
MFD04276	PRJNA1071982	SAMN39868631	SRX23663843	MFD04276.fa			
MFD04277	PRJNA1071982	SAMN39868632	SRX23663844	MFD04277.fa			
MFD04278	PRJNA1071982	SAMN39868633	SRX23663846	MFD04278.fa			
MFD04279	PRJNA1071982	SAMN39868634	SRX23663847	MFD04279.fa			
MFD04280	PRJNA1071982	SAMN39868635	SRX23663848	MFD04280.fa			
MFD04281	PRJNA1071982	SAMN39868636	SRX23663849	MFD04281.fa			
MFD04282	PRJNA1071982	SAMN39868637	SRX23663850	MFD04282.fa			
MFD04283	PRJNA1071982	SAMN39868638	SRX23663851	MFD04283.fa			
MFD04284	PRJNA1071982	SAMN39868639	SRX23663852	MFD04284.fa			
MFD04285	PRJNA1071982	SAMN39868640	SRX23663853	MFD04285.fa			
MFD04286	PRJNA1071982	SAMN39868641	SRX23663854	MFD04286.fa			
MFD04287	PRJNA1071982	SAMN39874936	SRX23663855	MFD04287.fa			
MFD04288	PRJNA1071982	SAMN39868642	SRX23664602	MFD04288.fa			
MFD04289	PRJNA1071982	SAMN39868643	SRX23664603	MFD04289.fa			
MFD04290	PRJNA1071982	SAMN39868644	SRX23664604	MFD04290.fa			
MFD04291	PRJNA1071982	SAMN39868645	SRX23664605	MFD04291.fa			
MFD04292	PRJNA1071982	SAMN39868646	SRX23664606	MFD04292.fa			
MFD04293	PRJNA1071982	SAMN39868647	SRX23664607	MFD04293.fa			
MFD04294	PRJNA1071982	SAMN39868648	SRX23664608	MFD04294.fa			
MFD04295	PRJNA1071982	SAMN39868649	SRX23664609	MFD04295.fa			
MFD04296	PRJNA1071982	SAMN39868650	SRX23664610	MFD04296.fa			
MFD04297	PRJNA1071982	SAMN39868651	SRX23664611	MFD04297.fa			
MFD04298	PRJNA1071982	SAMN39868652	SRX23664613	MFD04298.fa			
MFD04299	PRJNA1071982	SAMN39868653	SRX23664614	MFD04299.fa			
MFD04300	PRJNA1071982	SAMN39868654	SRX23664615	MFD04300.fa			
MFD04301	PRJNA1071982	SAMN39868655	SRX23664616	MFD04301.fa			
MFD04302	PRJNA1071982	SAMN39868656	SRX23664617	MFD04302.fa			
MFD04303	PRJNA1071982	SAMN39868657	SRX23664618	MFD04303.fa			
MFD04304	PRJNA1071982	SAMN39868658	SRX23664619	MFD04304.fa			
MFD04305	PRJNA1071982	SAMN39868659	SRX23664620	MFD04305.fa			
MFD04306	PRJNA1071982	SAMN39868660	SRX23664621	MFD04306.fa			
MFD04307	PRJNA1071982	SAMN39868661	SRX23664622	MFD04307.fa			
MFD04308	PRJNA1071982	SAMN39868662	SRX23664624	MFD04308.fa			
MFD04309	PRJNA1071982	SAMN39868663	SRX23664625	MFD04309.fa			
MFD04310	PRJNA1071982	SAMN39868664	SRX23664626	MFD04310.fa	SRX23628174	SRX23628173	SRX23662712
MFD04311	PRJNA1071982	SAMN39868665	SRX23664627	MFD04311.fa			
MFD04312	PRJNA1071982	SAMN39868666	SRX23664628	MFD04312.fa			
MFD04313	PRJNA1071982	SAMN39868667	SRX23664173	MFD04313.fa			
MFD04314	PRJNA1071982	SAMN39868668	SRX23664174	MFD04314.fa			
MFD04315	PRJNA1071982	SAMN39868669	SRX23664175	MFD04315.fa			
MFD04316	PRJNA1071982	SAMN39868670	SRX23664176	MFD04316.fa			
MFD04317	PRJNA1071982	SAMN39868671	SRX23664177	MFD04317.fa			
MFD04318	PRJNA1071982	SAMN39868672	SRX23664179	MFD04318.fa			
MFD04319	PRJNA1071982	SAMN39868673	SRX23664180	MFD04319.fa			
MFD04320	PRJNA1071982	SAMN39868674	SRX23664181	MFD04320.fa	SRX23628176	SRX23628175	SRX23662713
MFD04321	PRJNA1071982	SAMN39868675	SRX23664182	MFD04321.fa			
MFD04322	PRJNA1071982	SAMN39868676	SRX23664183	MFD04322.fa			
MFD04323	PRJNA1071982	SAMN39868677	SRX23664184	MFD04323.fa			
MFD04324	PRJNA1071982	SAMN39868678	SRX23664185	MFD04324.fa	SRX23628178	SRX23628177	SRX23662714
MFD04325	PRJNA1071982	SAMN39868679	SRX23664186	MFD04325.fa			
MFD04326	PRJNA1071982	SAMN39868680	SRX23675026	MFD04326.fa			
MFD04327	PRJNA1071982	SAMN39868681	SRX23675027	MFD04327.fa			
MFD04328	PRJNA1071982	SAMN39868682	SRX23674630	MFD04328.fa			
MFD04329	PRJNA1071982	SAMN39868683	SRX23674657	MFD04329.fa			
MFD04330	PRJNA1071982	SAMN39868684	SRX23674684	MFD04330.fa			
MFD04331	PRJNA1071982	SAMN39868685	SRX23674711	MFD04331.fa			
MFD04332	PRJNA1071982	SAMN39868686	SRX23674935	MFD04332.fa	SRX23628180	SRX23628179	SRX23662715
MFD04333	PRJNA1071982	SAMN39868687	SRX23675190	MFD04333.fa	SRX23628182	SRX23628181	SRX23662716
MFD04334	PRJNA1071982	SAMN39868688	SRX23675217	MFD04334.fa			
MFD04335	PRJNA1071982	SAMN39868689	SRX23675244	MFD04335.fa			
MFD04336	PRJNA1071982	SAMN39868690	SRX23675028	MFD04336.fa			
MFD04337	PRJNA1071982	SAMN39868691	SRX23674783	MFD04337.fa			
MFD04338	PRJNA1071982	SAMN39868692	SRX23674794	MFD04338.fa			
MFD04339	PRJNA1071982	SAMN39868693	SRX23675033	MFD04339.fa			
MFD04340	PRJNA1071982	SAMN39868694	SRX23675044	MFD04340.fa			
MFD04341	PRJNA1071982	SAMN39868695	SRX23675055	MFD04341.fa			
MFD04342	PRJNA1071982	SAMN39868696	SRX23675262	MFD04342.fa			
MFD04343	PRJNA1071982	SAMN39868697	SRX23675273	MFD04343.fa			
MFD04344	PRJNA1071982	SAMN39868698	SRX23674608	MFD04344.fa			
MFD04345	PRJNA1071982	SAMN39868699	SRX23674619	MFD04345.fa			
MFD04346	PRJNA1071982	SAMN39868700	SRX23674631	MFD04346.fa			
MFD04347	PRJNA1071982	SAMN39868701	SRX23674810	MFD04347.fa			
MFD04348	PRJNA1071982	SAMN39868702	SRX23674821	MFD04348.fa			
MFD04349	PRJNA1071982	SAMN39868703	SRX23675060	MFD04349.fa			
MFD04350	PRJNA1071982	SAMN39868704	SRX23675071	MFD04350.fa			
MFD04351	PRJNA1071982	SAMN39868705	SRX23675082	MFD04351.fa			
MFD04352	PRJNA1071982	SAMN39868706	SRX23675289	MFD04352.fa			
MFD04353	PRJNA1071982	SAMN39868707	SRX23675300	MFD04353.fa			
MFD04354	PRJNA1071982	SAMN39868708	SRX23674635	MFD04354.fa			
MFD04355	PRJNA1071982	SAMN39868709	SRX23674646	MFD04355.fa			
MFD04356	PRJNA1071982	SAMN39868710	SRX23674658	MFD04356.fa			
MFD04357	PRJNA1071982	SAMN39868711	SRX23674837	MFD04357.fa			
MFD04358	PRJNA1071982	SAMN39868712	SRX23674848	MFD04358.fa			
MFD04359	PRJNA1071982	SAMN39868713	SRX23675087	MFD04359.fa			
MFD04360	PRJNA1071982	SAMN39868714	SRX23675098	MFD04360.fa			
MFD04361	PRJNA1071982	SAMN39868715	SRX23675109	MFD04361.fa			
MFD04362	PRJNA1071982	SAMN39868716	SRX23675316	MFD04362.fa			
MFD04363	PRJNA1071982	SAMN39868717	SRX23675327	MFD04363.fa			
MFD04364	PRJNA1071982	SAMN39868718	SRX23674662	MFD04364.fa			
MFD04365	PRJNA1071982	SAMN39868719	SRX23674673	MFD04365.fa			
MFD04366	PRJNA1071982	SAMN39868720	SRX23674685	MFD04366.fa			
MFD04367	PRJNA1071982	SAMN39868721	SRX23674864	MFD04367.fa			
MFD04368	PRJNA1071982	SAMN39868722	SRX23674875	MFD04368.fa			
MFD04369	PRJNA1071982	SAMN39868723	SRX23675114	MFD04369.fa			
MFD04370	PRJNA1071982	SAMN39868724	SRX23675125	MFD04370.fa			
MFD04371	PRJNA1071982	SAMN39868725	SRX23675136	MFD04371.fa	SRX23628185	SRX23628184	SRX23662717
MFD04372	PRJNA1071982	SAMN39868726	SRX23675343	MFD04372.fa			
MFD04373	PRJNA1071982	SAMN39868727	SRX23675354	MFD04373.fa			
MFD04374	PRJNA1071982	SAMN39868728	SRX23675365	MFD04374.fa			
MFD04375	PRJNA1071982	SAMN39868729	SRX23674700	MFD04375.fa			
MFD04376	PRJNA1071982	SAMN39868730	SRX23674712	MFD04376.fa			
MFD04377	PRJNA1071982	SAMN39868731	SRX23674891	MFD04377.fa			
MFD04378	PRJNA1071982	SAMN39868732	SRX23674902	MFD04378.fa			
MFD04380	PRJNA1071982	SAMN39868733	SRX23674913	MFD04380.fa			
MFD04381	PRJNA1071982	SAMN39868734	SRX23674484	MFD04381.fa			
MFD04382	PRJNA1071982	SAMN39868735	SRX23674495	MFD04382.fa			
MFD04383	PRJNA1071982	SAMN39868736	SRX23674723	MFD04383.fa			
MFD04384	PRJNA1071982	SAMN39868737	SRX23674734	MFD04384.fa			
MFD04385	PRJNA1071982	SAMN39868738	SRX23674745	MFD04385.fa			
MFD04386	PRJNA1071982	SAMN39868739	SRX23674924	MFD04386.fa			
MFD04387	PRJNA1071982	SAMN39868740	SRX23674936	MFD04387.fa			
MFD04388	PRJNA1071982	SAMN39868741	SRX23675147	MFD04388.fa			
MFD04389	PRJNA1071982	SAMN39868742	SRX23675158	MFD04389.fa			
MFD04390	PRJNA1071982	SAMN39868743	SRX23675169	MFD04390.fa			
MFD04391	PRJNA1071982	SAMN39868744	SRX23674511	MFD04391.fa			
MFD04392	PRJNA1071982	SAMN39868745	SRX23674522	MFD04392.fa			
MFD04393	PRJNA1071982	SAMN39868746	SRX23674946	MFD04393.fa			
MFD04394	PRJNA1071982	SAMN39868747	SRX23674957	MFD04394.fa			
MFD04395	PRJNA1071982	SAMN39868748	SRX23674968	MFD04395.fa			
MFD04396	PRJNA1071982	SAMN39868749	SRX23675179	MFD04396.fa			
MFD04397	PRJNA1071982	SAMN39868750	SRX23675191	MFD04397.fa			
MFD04398	PRJNA1071982	SAMN39868751	SRX23674533	MFD04398.fa			
MFD04399	PRJNA1071982	SAMN39868752	SRX23674544	MFD04399.fa			
MFD04400	PRJNA1071982	SAMN39868753	SRX23674555	MFD04400.fa			
MFD04401	PRJNA1071982	SAMN39868754	SRX23674755	MFD04401.fa			
MFD04402	PRJNA1071982	SAMN39868755	SRX23674766	MFD04402.fa			
MFD04403	PRJNA1071982	SAMN39868756	SRX23674973	MFD04403.fa			
MFD04404	PRJNA1071982	SAMN39868757	SRX23674984	MFD04404.fa	SRX23628187	SRX23628186	SRX23662718
MFD04405	PRJNA1071982	SAMN39868758	SRX23674995	MFD04405.fa			
MFD04406	PRJNA1071982	SAMN39868759	SRX23675206	MFD04406.fa			
MFD04407	PRJNA1071982	SAMN39868760	SRX23675218	MFD04407.fa			
MFD04408	PRJNA1071982	SAMN39868761	SRX23674560	MFD04408.fa			
MFD04409	PRJNA1071982	SAMN39868762	SRX23674571	MFD04409.fa			
MFD04410	PRJNA1071982	SAMN39868763	SRX23674582	MFD04410.fa			
MFD04411	PRJNA1071982	SAMN39868764	SRX23675377	MFD04411.fa			
MFD04412	PRJNA1071982	SAMN39868765	SRX23675388	MFD04412.fa			
MFD04413	PRJNA1071982	SAMN39868766	SRX23675000	MFD04413.fa			
MFD04414	PRJNA1071982	SAMN39868767	SRX23675011	MFD04414.fa			
MFD04415	PRJNA1071982	SAMN39868768	SRX23675022	MFD04415.fa			
MFD04416	PRJNA1071982	SAMN39868769	SRX23675233	MFD04416.fa			
MFD04417	PRJNA1071982	SAMN39868770	SRX23675245	MFD04417.fa			
MFD04418	PRJNA1071982	SAMN39868771	SRX23674587	MFD04418.fa			
MFD04419	PRJNA1071982	SAMN39868772	SRX23674598	MFD04419.fa			
MFD04420	PRJNA1071982	SAMN39868773	SRX23674599	MFD04420.fa			
MFD04421	PRJNA1071982	SAMN39868774	SRX23674600	MFD04421.fa			
MFD04422	PRJNA1071982	SAMN39868775	SRX23674601	MFD04422.fa			
MFD04423	PRJNA1071982	SAMN39868776	SRX23674602	MFD04423.fa			
MFD04424	PRJNA1071982	SAMN39868777	SRX23674603	MFD04424.fa			
MFD04425	PRJNA1071982	SAMN39868778	SRX23674604	MFD04425.fa			
MFD04426	PRJNA1071982	SAMN39868779	SRX23674605	MFD04426.fa	SRX23628189	SRX23628188	SRX23662720
MFD04427	PRJNA1071982	SAMN39868780	SRX23675029	MFD04427.fa			
MFD04428	PRJNA1071982	SAMN39868781	SRX23674774	MFD04428.fa	SRX23628191	SRX23628190	SRX23662721
MFD04429	PRJNA1071982	SAMN39868782	SRX23674775	MFD04429.fa			
MFD04430	PRJNA1071982	SAMN39868783	SRX23674776	MFD04430.fa			
MFD04431	PRJNA1071982	SAMN39868784	SRX23674777	MFD04431.fa			
MFD04432	PRJNA1071982	SAMN39868785	SRX23674778	MFD04432.fa	SRX23628193	SRX23628192	SRX23662722
MFD04433	PRJNA1071982	SAMN39868786	SRX23674779	MFD04433.fa			
MFD04434	PRJNA1071982	SAMN39868787	SRX23674780	MFD04434.fa			
MFD04435	PRJNA1071982	SAMN39868788	SRX23674781	MFD04435.fa			
MFD04436	PRJNA1071982	SAMN39868789	SRX23674782	MFD04436.fa			
MFD04437	PRJNA1071982	SAMN39868790	SRX23674784	MFD04437.fa			
MFD04438	PRJNA1071982	SAMN39868791	SRX23674785	MFD04438.fa			
MFD04439	PRJNA1071982	SAMN39868792	SRX23674786	MFD04439.fa			
MFD04440	PRJNA1071982	SAMN39868793	SRX23674787	MFD04440.fa			
MFD04441	PRJNA1071982	SAMN39868794	SRX23674788	MFD04441.fa			
MFD04442	PRJNA1071982	SAMN39868795	SRX23674789	MFD04442.fa			
MFD04443	PRJNA1071982	SAMN39868796	SRX23674790	MFD04443.fa			
MFD04444	PRJNA1071982	SAMN39868797	SRX23674791	MFD04444.fa			
MFD04445	PRJNA1071982	SAMN39868798	SRX23674792	MFD04445.fa			
MFD04446	PRJNA1071982	SAMN39868799	SRX23674793	MFD04446.fa			
MFD04447	PRJNA1071982	SAMN39868800	SRX23674795	MFD04447.fa			
MFD04448	PRJNA1071982	SAMN39868801	SRX23674796	MFD04448.fa			
MFD04449	PRJNA1071982	SAMN39868802	SRX23674797	MFD04449.fa			
MFD04450	PRJNA1071982	SAMN39868803	SRX23674798	MFD04450.fa			
MFD04451	PRJNA1071982	SAMN39868804	SRX23674799	MFD04451.fa			
MFD04452	PRJNA1071982	SAMN39868805	SRX23674800	MFD04452.fa			
MFD04453	PRJNA1071982	SAMN39868806	SRX23674801	MFD04453.fa			
MFD04454	PRJNA1071982	SAMN39868807	SRX23675030	MFD04454.fa			
MFD04455	PRJNA1071982	SAMN39868808	SRX23675031	MFD04455.fa			
MFD04456	PRJNA1071982	SAMN39868809	SRX23675032	MFD04456.fa			
MFD04457	PRJNA1071982	SAMN39868810	SRX23675034	MFD04457.fa			
MFD04458	PRJNA1071982	SAMN39868811	SRX23675035	MFD04458.fa			
MFD04459	PRJNA1071982	SAMN39868812	SRX23675036	MFD04459.fa			
MFD04460	PRJNA1071982	SAMN39868813	SRX23675037	MFD04460.fa			
MFD04461	PRJNA1071982	SAMN39874937	SRX23675038	MFD04461.fa			
MFD04462	PRJNA1071982	SAMN39874938	SRX23675039	MFD04462.fa			
MFD04463	PRJNA1071982	SAMN39868814	SRX23675040	MFD04463.fa			
MFD04464	PRJNA1071982	SAMN39868815	SRX23675041	MFD04464.fa			
MFD04465	PRJNA1071982	SAMN39868816	SRX23675042	MFD04465.fa			
MFD04466	PRJNA1071982	SAMN39868817	SRX23675043	MFD04466.fa			
MFD04467	PRJNA1071982	SAMN39868818	SRX23675045	MFD04467.fa			
MFD04468	PRJNA1071982	SAMN39868819	SRX23675046	MFD04468.fa			
MFD04469	PRJNA1071982	SAMN39868820	SRX23675047	MFD04469.fa			
MFD04470	PRJNA1071982	SAMN39868821	SRX23675048	MFD04470.fa			
MFD04471	PRJNA1071982	SAMN39868822	SRX23675049	MFD04471.fa			
MFD04472	PRJNA1071982	SAMN39868823	SRX23675050	MFD04472.fa			
MFD04473	PRJNA1071982	SAMN39868824	SRX23675051	MFD04473.fa	SRX23627940	SRX23627939	SRX23662723
MFD04474	PRJNA1071982	SAMN39868825	SRX23675052	MFD04474.fa			
MFD04475	PRJNA1071982	SAMN39868826	SRX23675053	MFD04475.fa	SRX23627942	SRX23627941	SRX23662724
MFD04476	PRJNA1071982	SAMN39874939	SRX23675054	MFD04476.fa			
MFD04477	PRJNA1071982	SAMN39868827	SRX23675056	MFD04477.fa			
MFD04478	PRJNA1071982	SAMN39868828	SRX23675057	MFD04478.fa			
MFD04479	PRJNA1071982	SAMN39868829	SRX23675254	MFD04479.fa			
MFD04480	PRJNA1071982	SAMN39868830	SRX23675255	MFD04480.fa			
MFD04481	PRJNA1071982	SAMN39868831	SRX23675256	MFD04481.fa			
MFD04482	PRJNA1071982	SAMN39868832	SRX23675257	MFD04482.fa			
MFD04484	PRJNA1071982	SAMN39868833	SRX23675258	MFD04484.fa			
MFD04485	PRJNA1071982	SAMN39868834	SRX23675259	MFD04485.fa			
MFD04486	PRJNA1071982	SAMN39874940	SRX23675260	MFD04486.fa			
MFD04487	PRJNA1071982	SAMN39868835	SRX23675261	MFD04487.fa			
MFD04488	PRJNA1071982	SAMN39874941	SRX23675263	MFD04488.fa			
MFD04489	PRJNA1071982	SAMN39868836	SRX23675264	MFD04489.fa			
MFD04490	PRJNA1071982	SAMN39868837	SRX23675265	MFD04490.fa			
MFD04491	PRJNA1071982	SAMN39868838	SRX23675266	MFD04491.fa			
MFD04492	PRJNA1071982	SAMN39868839	SRX23675267	MFD04492.fa	SRX23627944	SRX23627943	SRX23662725
MFD04493	PRJNA1071982	SAMN39868840	SRX23675268	MFD04493.fa			
MFD04494	PRJNA1071982	SAMN39868841	SRX23675269	MFD04494.fa			
MFD04495	PRJNA1071982	SAMN39868842	SRX23675270	MFD04495.fa			
MFD04496	PRJNA1071982	SAMN39868843	SRX23675271	MFD04496.fa			
MFD04497	PRJNA1071982	SAMN39868844	SRX23675272	MFD04497.fa			
MFD04498	PRJNA1071982	SAMN39868845	SRX23675274	MFD04498.fa			
MFD04499	PRJNA1071982	SAMN39868846	SRX23675275	MFD04499.fa			
MFD04500	PRJNA1071982	SAMN39868847	SRX23675276	MFD04500.fa			
MFD04501	PRJNA1071982	SAMN39868848	SRX23675277	MFD04501.fa			
MFD04502	PRJNA1071982	SAMN39868849	SRX23675278	MFD04502.fa			
MFD04503	PRJNA1071982	SAMN39868850	SRX23675279	MFD04503.fa			
MFD04504	PRJNA1071982	SAMN39868851	SRX23675280	MFD04504.fa			
MFD04505	PRJNA1071982	SAMN39868852	SRX23675281	MFD04505.fa			
MFD04506	PRJNA1071982	SAMN39868853	SRX23674606	MFD04506.fa			
MFD04507	PRJNA1071982	SAMN39868854	SRX23674607	MFD04507.fa			
MFD04508	PRJNA1071982	SAMN39868855	SRX23674609	MFD04508.fa			
MFD04509	PRJNA1071982	SAMN39868856	SRX23674610	MFD04509.fa			
MFD04510	PRJNA1071982	SAMN39868857	SRX23674611	MFD04510.fa			
MFD04511	PRJNA1071982	SAMN39868858	SRX23674612	MFD04511.fa			
MFD04512	PRJNA1071982	SAMN39868859	SRX23674613	MFD04512.fa			
MFD04513	PRJNA1071982	SAMN39868860	SRX23674614	MFD04513.fa			
MFD04514	PRJNA1071982	SAMN39868861	SRX23674615	MFD04514.fa			
MFD04515	PRJNA1071982	SAMN39868862	SRX23674616	MFD04515.fa			
MFD04516	PRJNA1071982	SAMN39868863	SRX23674617	MFD04516.fa			
MFD04517	PRJNA1071982	SAMN39868864	SRX23674618	MFD04517.fa			
MFD04518	PRJNA1071982	SAMN39868865	SRX23674620	MFD04518.fa			
MFD04519	PRJNA1071982	SAMN39868866	SRX23674621	MFD04519.fa			
MFD04520	PRJNA1071982	SAMN39868867	SRX23674622	MFD04520.fa			
MFD04521	PRJNA1071982	SAMN39868868	SRX23674623	MFD04521.fa			
MFD04522	PRJNA1071982	SAMN39868869	SRX23674624	MFD04522.fa			
MFD04523	PRJNA1071982	SAMN39868870	SRX23674625	MFD04523.fa			
MFD04524	PRJNA1071982	SAMN39868871	SRX23674626	MFD04524.fa			
MFD04525	PRJNA1071982	SAMN39868872	SRX23674627	MFD04525.fa			
MFD04526	PRJNA1071982	SAMN39868873	SRX23674628	MFD04526.fa			
MFD04527	PRJNA1071982	SAMN39868874	SRX23674629	MFD04527.fa			
MFD04528	PRJNA1071982	SAMN39868875	SRX23674632	MFD04528.fa			
MFD04529	PRJNA1071982	SAMN39868876	SRX23674633	MFD04529.fa			
MFD04530	PRJNA1071982	SAMN39868877	SRX23674802	MFD04530.fa			
MFD04531	PRJNA1071982	SAMN39868878	SRX23674803	MFD04531.fa			
MFD04532	PRJNA1071982	SAMN39868879	SRX23674804	MFD04532.fa			
MFD04533	PRJNA1071982	SAMN39868880	SRX23674805	MFD04533.fa			
MFD04534	PRJNA1071982	SAMN39868881	SRX23674806	MFD04534.fa			
MFD04535	PRJNA1071982	SAMN39868882	SRX23674807	MFD04535.fa			
MFD04536	PRJNA1071982	SAMN39868883	SRX23674808	MFD04536.fa			
MFD04537	PRJNA1071982	SAMN39868884	SRX23674809	MFD04537.fa			
MFD04538	PRJNA1071982	SAMN39868885	SRX23674811	MFD04538.fa			
MFD04539	PRJNA1071982	SAMN39868886	SRX23674812	MFD04539.fa			
MFD04540	PRJNA1071982	SAMN39868887	SRX23674813	MFD04540.fa			
MFD04541	PRJNA1071982	SAMN39868888	SRX23674814	MFD04541.fa	SRX23627946	SRX23627945	SRX23662726
MFD04542	PRJNA1071982	SAMN39868889	SRX23674815	MFD04542.fa			
MFD04543	PRJNA1071982	SAMN39868890	SRX23674816	MFD04543.fa			
MFD04544	PRJNA1071982	SAMN39868891	SRX23674817	MFD04544.fa			
MFD04545	PRJNA1071982	SAMN39868892	SRX23674818	MFD04545.fa			
MFD04546	PRJNA1071982	SAMN39868893	SRX23674819	MFD04546.fa			
MFD04547	PRJNA1071982	SAMN39868894	SRX23674820	MFD04547.fa			
MFD04548	PRJNA1071982	SAMN39868895	SRX23674822	MFD04548.fa			
MFD04549	PRJNA1071982	SAMN39868896	SRX23674823	MFD04549.fa			
MFD04550	PRJNA1071982	SAMN39868897	SRX23674824	MFD04550.fa			
MFD04551	PRJNA1071982	SAMN39868898	SRX23674825	MFD04551.fa			
MFD04552	PRJNA1071982	SAMN39868899	SRX23674826	MFD04552.fa			
MFD04553	PRJNA1071982	SAMN39868900	SRX23674827	MFD04553.fa			
MFD04555	PRJNA1071982	SAMN39868901	SRX23674828	MFD04555.fa			
MFD04556	PRJNA1071982	SAMN39868902	SRX23674829	MFD04556.fa			
MFD04557	PRJNA1071982	SAMN39868903	SRX23675058	MFD04557.fa	SRX23627948	SRX23627947	SRX23662727
MFD04558	PRJNA1071982	SAMN39868904	SRX23675059	MFD04558.fa			
MFD04559	PRJNA1071982	SAMN39868905	SRX23675061	MFD04559.fa			
MFD04560	PRJNA1071982	SAMN39868906	SRX23675062	MFD04560.fa			
MFD04561	PRJNA1071982	SAMN39868907	SRX23675063	MFD04561.fa			
MFD04562	PRJNA1071982	SAMN39868908	SRX23675064	MFD04562.fa			
MFD04563	PRJNA1071982	SAMN39874942	SRX23675065	MFD04563.fa			
MFD04564	PRJNA1071982	SAMN39868909	SRX23675066	MFD04564.fa			
MFD04565	PRJNA1071982	SAMN39868910	SRX23675067	MFD04565.fa			
MFD04566	PRJNA1071982	SAMN39868911	SRX23675068	MFD04566.fa			
MFD04567	PRJNA1071982	SAMN39868912	SRX23675069	MFD04567.fa			
MFD04568	PRJNA1071982	SAMN39868913	SRX23675070	MFD04568.fa			
MFD04569	PRJNA1071982	SAMN39868914	SRX23675072	MFD04569.fa			
MFD04570	PRJNA1071982	SAMN39868915	SRX23675073	MFD04570.fa			
MFD04571	PRJNA1071982	SAMN39874943	SRX23675074	MFD04571.fa			
MFD04572	PRJNA1071982	SAMN39868916	SRX23675075	MFD04572.fa			
MFD04573	PRJNA1071982	SAMN39868917	SRX23675076	MFD04573.fa			
MFD04574	PRJNA1071982	SAMN39868918	SRX23675077	MFD04574.fa			
MFD04575	PRJNA1071982	SAMN39868919	SRX23675078	MFD04575.fa			
MFD04576	PRJNA1071982	SAMN39868920	SRX23675079	MFD04576.fa			
MFD04577	PRJNA1071982	SAMN39874944	SRX23675080	MFD04577.fa			
MFD04578	PRJNA1071982	SAMN39868921	SRX23675081	MFD04578.fa			
MFD04579	PRJNA1071982	SAMN39868922	SRX23675083	MFD04579.fa			
MFD04580	PRJNA1071982	SAMN39868923	SRX23675084	MFD04580.fa			
MFD04581	PRJNA1071982	SAMN39868924	SRX23675085	MFD04581.fa			
MFD04582	PRJNA1071982	SAMN39868925	SRX23675282	MFD04582.fa			
MFD04583	PRJNA1071982	SAMN39868926	SRX23675283	MFD04583.fa			
MFD04584	PRJNA1071982	SAMN39868927	SRX23675284	MFD04584.fa			
MFD04585	PRJNA1071982	SAMN39868928	SRX23675285	MFD04585.fa			
MFD04586	PRJNA1071982	SAMN39868929	SRX23675286	MFD04586.fa			
MFD04587	PRJNA1071982	SAMN39868930	SRX23675287	MFD04587.fa			
MFD04588	PRJNA1071982	SAMN39874945	SRX23675288	MFD04588.fa			
MFD04589	PRJNA1071982	SAMN39868931	SRX23675290	MFD04589.fa			
MFD04590	PRJNA1071982	SAMN39868932	SRX23675291	MFD04590.fa			
MFD04591	PRJNA1071982	SAMN39868933	SRX23675292	MFD04591.fa			
MFD04592	PRJNA1071982	SAMN39868934	SRX23675293	MFD04592.fa			
MFD04593	PRJNA1071982	SAMN39868935	SRX23675294	MFD04593.fa	SRX23627951	SRX23627950	SRX23662728
MFD04594	PRJNA1071982	SAMN39868936	SRX23675295	MFD04594.fa			
MFD04595	PRJNA1071982	SAMN39868937	SRX23675296	MFD04595.fa			
MFD04596	PRJNA1071982	SAMN39868938	SRX23675297	MFD04596.fa			
MFD04597	PRJNA1071982	SAMN39868939	SRX23675298	MFD04597.fa			
MFD04598	PRJNA1071982	SAMN39868940	SRX23675299	MFD04598.fa			
MFD04599	PRJNA1071982	SAMN39868941	SRX23675301	MFD04599.fa			
MFD04600	PRJNA1071982	SAMN39874946	SRX23675302	MFD04600.fa			
MFD04601	PRJNA1071982	SAMN39868942	SRX23675303	MFD04601.fa			
MFD04602	PRJNA1071982	SAMN39868943	SRX23675304	MFD04602.fa			
MFD04603	PRJNA1071982	SAMN39868944	SRX23675305	MFD04603.fa			
MFD04604	PRJNA1071982	SAMN39868945	SRX23675306	MFD04604.fa			
MFD04605	PRJNA1071982	SAMN39868946	SRX23675307	MFD04605.fa			
MFD04606	PRJNA1071982	SAMN39868947	SRX23675308	MFD04606.fa			
MFD04607	PRJNA1071982	SAMN39868948	SRX23675309	MFD04607.fa			
MFD04609	PRJNA1071982	SAMN39868949	SRX23674634	MFD04609.fa			
MFD04610	PRJNA1071982	SAMN39868950	SRX23674636	MFD04610.fa			
MFD04611	PRJNA1071982	SAMN39868951	SRX23674637	MFD04611.fa			
MFD04612	PRJNA1071982	SAMN39868952	SRX23674638	MFD04612.fa			
MFD04613	PRJNA1071982	SAMN39868953	SRX23674639	MFD04613.fa	SRX23627953	SRX23627952	SRX23662729
MFD04614	PRJNA1071982	SAMN39868954	SRX23674640	MFD04614.fa			
MFD04615	PRJNA1071982	SAMN39868955	SRX23674641	MFD04615.fa	SRX23627955	SRX23627954	SRX23662731
MFD04616	PRJNA1071982	SAMN39868956	SRX23674642	MFD04616.fa			
MFD04617	PRJNA1071982	SAMN39868957	SRX23674643	MFD04617.fa			
MFD04618	PRJNA1071982	SAMN39868958	SRX23674644	MFD04618.fa			
MFD04619	PRJNA1071982	SAMN39868959	SRX23674645	MFD04619.fa			
MFD04620	PRJNA1071982	SAMN39868960	SRX23674647	MFD04620.fa			
MFD04621	PRJNA1071982	SAMN39868961	SRX23674648	MFD04621.fa			
MFD04622	PRJNA1071982	SAMN39868962	SRX23674649	MFD04622.fa			
MFD04623	PRJNA1071982	SAMN39868963	SRX23674650	MFD04623.fa			
MFD04624	PRJNA1071982	SAMN39868964	SRX23674651	MFD04624.fa			
MFD04625	PRJNA1071982	SAMN39868965	SRX23674652	MFD04625.fa			
MFD04626	PRJNA1071982	SAMN39868966	SRX23674653	MFD04626.fa			
MFD04627	PRJNA1071982	SAMN39868967	SRX23674654	MFD04627.fa			
MFD04628	PRJNA1071982	SAMN39868968	SRX23674655	MFD04628.fa			
MFD04629	PRJNA1071982	SAMN39868969	SRX23674656	MFD04629.fa			
MFD04630	PRJNA1071982	SAMN39868970	SRX23674659	MFD04630.fa			
MFD04631	PRJNA1071982	SAMN39868971	SRX23674660	MFD04631.fa			
MFD04632	PRJNA1071982	SAMN39868972	SRX23674661	MFD04632.fa			
MFD04634	PRJNA1071982	SAMN39868973	SRX23674830	MFD04634.fa			
MFD04635	PRJNA1071982	SAMN39868974	SRX23674831	MFD04635.fa			
MFD04636	PRJNA1071982	SAMN39868975	SRX23674832	MFD04636.fa			
MFD04637	PRJNA1071982	SAMN39868976	SRX23674833	MFD04637.fa			
MFD04638	PRJNA1071982	SAMN39868977	SRX23674834	MFD04638.fa	SRX23627957	SRX23627956	SRX23662732
MFD04639	PRJNA1071982	SAMN39868978	SRX23674835	MFD04639.fa			
MFD04640	PRJNA1071982	SAMN39868979	SRX23674836	MFD04640.fa			
MFD04641	PRJNA1071982	SAMN39868980	SRX23674838	MFD04641.fa			
MFD04642	PRJNA1071982	SAMN39868981	SRX23674839	MFD04642.fa			
MFD04643	PRJNA1071982	SAMN39868982	SRX23674840	MFD04643.fa			
MFD04644	PRJNA1071982	SAMN39868983	SRX23674841	MFD04644.fa			
MFD04645	PRJNA1071982	SAMN39868984	SRX23674842	MFD04645.fa			
MFD04646	PRJNA1071982	SAMN39868985	SRX23674843	MFD04646.fa			
MFD04647	PRJNA1071982	SAMN39868986	SRX23674844	MFD04647.fa	SRX23627959	SRX23627958	SRX23662733
MFD04648	PRJNA1071982	SAMN39868987	SRX23674845	MFD04648.fa			
MFD04649	PRJNA1071982	SAMN39868988	SRX23674846	MFD04649.fa			
MFD04650	PRJNA1071982	SAMN39868989	SRX23674847	MFD04650.fa			
MFD04651	PRJNA1071982	SAMN39868990	SRX23674849	MFD04651.fa			
MFD04652	PRJNA1071982	SAMN39868991	SRX23674850	MFD04652.fa	SRX23627962	SRX23627961	SRX23662734
MFD04653	PRJNA1071982	SAMN39868992	SRX23674851	MFD04653.fa			
MFD04654	PRJNA1071982	SAMN39868993	SRX23674852	MFD04654.fa			
MFD04655	PRJNA1071982	SAMN39868994	SRX23674853	MFD04655.fa			
MFD04656	PRJNA1071982	SAMN39868995	SRX23674854	MFD04656.fa			
MFD04657	PRJNA1071982	SAMN39868996	SRX23674855	MFD04657.fa			
MFD04658	PRJNA1071982	SAMN39868997	SRX23674856	MFD04658.fa			
MFD04659	PRJNA1071982	SAMN39868998	SRX23674857	MFD04659.fa			
MFD04660	PRJNA1071982	SAMN39868999	SRX23675086	MFD04660.fa			
MFD04661	PRJNA1071982	SAMN39869000	SRX23675088	MFD04661.fa			
MFD04662	PRJNA1071982	SAMN39869001	SRX23675089	MFD04662.fa			
MFD04663	PRJNA1071982	SAMN39869002	SRX23675090	MFD04663.fa			
MFD04664	PRJNA1071982	SAMN39869003	SRX23675091	MFD04664.fa			
MFD04665	PRJNA1071982	SAMN39869004	SRX23675092	MFD04665.fa			
MFD04666	PRJNA1071982	SAMN39869005	SRX23675093	MFD04666.fa	SRX23627964	SRX23627963	SRX23662735
MFD04667	PRJNA1071982	SAMN39869006	SRX23675094	MFD04667.fa			
MFD04668	PRJNA1071982	SAMN39869007	SRX23675095	MFD04668.fa			
MFD04669	PRJNA1071982	SAMN39869008	SRX23675096	MFD04669.fa			
MFD04670	PRJNA1071982	SAMN39869009	SRX23675097	MFD04670.fa			
MFD04671	PRJNA1071982	SAMN39869010	SRX23675099	MFD04671.fa			
MFD04672	PRJNA1071982	SAMN39869011	SRX23675100	MFD04672.fa			
MFD04673	PRJNA1071982	SAMN39869012	SRX23675101	MFD04673.fa			
MFD04674	PRJNA1071982	SAMN39869013	SRX23675102	MFD04674.fa			
MFD04675	PRJNA1071982	SAMN39869014	SRX23675103	MFD04675.fa			
MFD04676	PRJNA1071982	SAMN39869015	SRX23675104	MFD04676.fa			
MFD04677	PRJNA1071982	SAMN39869016	SRX23675105	MFD04677.fa			
MFD04678	PRJNA1071982	SAMN39869017	SRX23675106	MFD04678.fa			
MFD04679	PRJNA1071982	SAMN39869018	SRX23675107	MFD04679.fa			
MFD04680	PRJNA1071982	SAMN39869019	SRX23675108	MFD04680.fa			
MFD04681	PRJNA1071982	SAMN39869020	SRX23675110	MFD04681.fa			
MFD04682	PRJNA1071982	SAMN39869021	SRX23675111	MFD04682.fa	SRX23627966	SRX23627965	SRX23662736
MFD04683	PRJNA1071982	SAMN39869022	SRX23675112	MFD04683.fa	SRX23627968	SRX23627967	SRX23662737
MFD04684	PRJNA1071982	SAMN39869023	SRX23675113	MFD04684.fa			
MFD04685	PRJNA1071982	SAMN39869024	SRX23675310	MFD04685.fa			
MFD04686	PRJNA1071982	SAMN39869025	SRX23675311	MFD04686.fa			
MFD04687	PRJNA1071982	SAMN39869026	SRX23675312	MFD04687.fa			
MFD04688	PRJNA1071982	SAMN39869027	SRX23675313	MFD04688.fa			
MFD04689	PRJNA1071982	SAMN39869028	SRX23675314	MFD04689.fa			
MFD04690	PRJNA1071982	SAMN39869029	SRX23675315	MFD04690.fa			
MFD04691	PRJNA1071982	SAMN39869030	SRX23675317	MFD04691.fa			
MFD04693	PRJNA1071982	SAMN39869031	SRX23675318	MFD04693.fa			
MFD04694	PRJNA1071982	SAMN39869032	SRX23675319	MFD04694.fa			
MFD04695	PRJNA1071982	SAMN39869033	SRX23675320	MFD04695.fa			
MFD04696	PRJNA1071982	SAMN39869034	SRX23675321	MFD04696.fa			
MFD04697	PRJNA1071982	SAMN39869035	SRX23675322	MFD04697.fa			
MFD04698	PRJNA1071982	SAMN39869036	SRX23675323	MFD04698.fa			
MFD04699	PRJNA1071982	SAMN39869037	SRX23675324	MFD04699.fa			
MFD04700	PRJNA1071982	SAMN39869038	SRX23675325	MFD04700.fa			
MFD04701	PRJNA1071982	SAMN39869039	SRX23675326	MFD04701.fa	SRX23627970	SRX23627969	SRX23662738
MFD04702	PRJNA1071982	SAMN39869040	SRX23675328	MFD04702.fa			
MFD04703	PRJNA1071982	SAMN39869041	SRX23675329	MFD04703.fa			
MFD04704	PRJNA1071982	SAMN39869042	SRX23675330	MFD04704.fa			
MFD04705	PRJNA1071982	SAMN39869043	SRX23675331	MFD04705.fa	SRX23627489	SRX23627488	SRX23662739
MFD04706	PRJNA1071982	SAMN39869044	SRX23675332	MFD04706.fa			
MFD04707	PRJNA1071982	SAMN39869045	SRX23675333	MFD04707.fa			
MFD04708	PRJNA1071982	SAMN39869046	SRX23675334	MFD04708.fa	SRX23627491	SRX23627490	SRX23662740
MFD04709	PRJNA1071982	SAMN39869047	SRX23675335	MFD04709.fa			
MFD04710	PRJNA1071982	SAMN39869048	SRX23675336	MFD04710.fa			
MFD04711	PRJNA1071982	SAMN39869049	SRX23675337	MFD04711.fa			
MFD04712	PRJNA1071982	SAMN39869050	SRX23674663	MFD04712.fa			
MFD04713	PRJNA1071982	SAMN39869051	SRX23674664	MFD04713.fa			
MFD04714	PRJNA1071982	SAMN39869052	SRX23674665	MFD04714.fa			
MFD04715	PRJNA1071982	SAMN39869053	SRX23674666	MFD04715.fa			
MFD04716	PRJNA1071982	SAMN39869054	SRX23674667	MFD04716.fa	SRX23627493	SRX23627492	SRX23662742
MFD04717	PRJNA1071982	SAMN39869055	SRX23674668	MFD04717.fa			
MFD04718	PRJNA1071982	SAMN39869056	SRX23674669	MFD04718.fa			
MFD04719	PRJNA1071982	SAMN39869057	SRX23674670	MFD04719.fa			
MFD04720	PRJNA1071982	SAMN39869058	SRX23674671	MFD04720.fa			
MFD04721	PRJNA1071982	SAMN39869059	SRX23674672	MFD04721.fa			
MFD04722	PRJNA1071982	SAMN39869060	SRX23674674	MFD04722.fa			
MFD04723	PRJNA1071982	SAMN39869061	SRX23674675	MFD04723.fa	SRX23627495	SRX23627494	SRX23662647
MFD04724	PRJNA1071982	SAMN39869062	SRX23674676	MFD04724.fa			
MFD04725	PRJNA1071982	SAMN39869063	SRX23674677	MFD04725.fa			
MFD04726	PRJNA1071982	SAMN39869064	SRX23674678	MFD04726.fa			
MFD04727	PRJNA1071982	SAMN39869065	SRX23674679	MFD04727.fa			
MFD04728	PRJNA1071982	SAMN39869066	SRX23674680	MFD04728.fa			
MFD04729	PRJNA1071982	SAMN39869067	SRX23674681	MFD04729.fa			
MFD04730	PRJNA1071982	SAMN39869068	SRX23674682	MFD04730.fa			
MFD04731	PRJNA1071982	SAMN39869069	SRX23674683	MFD04731.fa			
MFD04732	PRJNA1071982	SAMN39869070	SRX23674686	MFD04732.fa			
MFD04733	PRJNA1071982	SAMN39869071	SRX23674687	MFD04733.fa			
MFD04734	PRJNA1071982	SAMN39869072	SRX23674688	MFD04734.fa			
MFD04735	PRJNA1071982	SAMN39869073	SRX23674689	MFD04735.fa			
MFD04736	PRJNA1071982	SAMN39869074	SRX23674858	MFD04736.fa			
MFD04737	PRJNA1071982	SAMN39869075	SRX23674859	MFD04737.fa			
MFD04738	PRJNA1071982	SAMN39869076	SRX23674860	MFD04738.fa			
MFD04739	PRJNA1071982	SAMN39869077	SRX23674861	MFD04739.fa			
MFD04740	PRJNA1071982	SAMN39869078	SRX23674862	MFD04740.fa			
MFD04741	PRJNA1071982	SAMN39869079	SRX23674863	MFD04741.fa			
MFD04742	PRJNA1071982	SAMN39869080	SRX23674865	MFD04742.fa			
MFD04743	PRJNA1071982	SAMN39869081	SRX23674866	MFD04743.fa			
MFD04744	PRJNA1071982	SAMN39869082	SRX23674867	MFD04744.fa			
MFD04745	PRJNA1071982	SAMN39869083	SRX23674868	MFD04745.fa			
MFD04746	PRJNA1071982	SAMN39869084	SRX23674869	MFD04746.fa			
MFD04747	PRJNA1071982	SAMN39869085	SRX23674870	MFD04747.fa			
MFD04748	PRJNA1071982	SAMN39869086	SRX23674871	MFD04748.fa			
MFD04749	PRJNA1071982	SAMN39869087	SRX23674872	MFD04749.fa			
MFD04750	PRJNA1071982	SAMN39869088	SRX23674873	MFD04750.fa	SRX23627497	SRX23627496	SRX23662648
MFD04751	PRJNA1071982	SAMN39869089	SRX23674874	MFD04751.fa			
MFD04752	PRJNA1071982	SAMN39869090	SRX23674876	MFD04752.fa			
MFD04753	PRJNA1071982	SAMN39869091	SRX23674877	MFD04753.fa			
MFD04754	PRJNA1071982	SAMN39869092	SRX23674878	MFD04754.fa			
MFD04755	PRJNA1071982	SAMN39874947	SRX23674879	MFD04755.fa			
MFD04756	PRJNA1071982	SAMN39869093	SRX23674880	MFD04756.fa			
MFD04757	PRJNA1071982	SAMN39869094	SRX23674881	MFD04757.fa			
MFD04758	PRJNA1071982	SAMN39869095	SRX23674882	MFD04758.fa			
MFD04759	PRJNA1071982	SAMN39869096	SRX23674883	MFD04759.fa			
MFD04760	PRJNA1071982	SAMN39869097	SRX23674884	MFD04760.fa			
MFD04761	PRJNA1071982	SAMN39869098	SRX23674885	MFD04761.fa			
MFD04762	PRJNA1071982	SAMN39869099	SRX23675115	MFD04762.fa			
MFD04763	PRJNA1071982	SAMN39869100	SRX23675116	MFD04763.fa			
MFD04764	PRJNA1071982	SAMN39869101	SRX23675117	MFD04764.fa			
MFD04765	PRJNA1071982	SAMN39869102	SRX23675118	MFD04765.fa			
MFD04766	PRJNA1071982	SAMN39869103	SRX23675119	MFD04766.fa			
MFD04767	PRJNA1071982	SAMN39869104	SRX23675120	MFD04767.fa			
MFD04768	PRJNA1071982	SAMN39869105	SRX23675121	MFD04768.fa			
MFD04770	PRJNA1071982	SAMN39869106	SRX23675122	MFD04770.fa			
MFD04771	PRJNA1071982	SAMN39869107	SRX23675123	MFD04771.fa			
MFD04772	PRJNA1071982	SAMN39869108	SRX23675124	MFD04772.fa			
MFD04773	PRJNA1071982	SAMN39869109	SRX23675126	MFD04773.fa			
MFD04774	PRJNA1071982	SAMN39869110	SRX23675127	MFD04774.fa			
MFD04775	PRJNA1071982	SAMN39869111	SRX23675128	MFD04775.fa			
MFD04776	PRJNA1071982	SAMN39869112	SRX23675129	MFD04776.fa			
MFD04777	PRJNA1071982	SAMN39869113	SRX23675130	MFD04777.fa			
MFD04778	PRJNA1071982	SAMN39869114	SRX23675131	MFD04778.fa			
MFD04779	PRJNA1071982	SAMN39869115	SRX23675132	MFD04779.fa			
MFD04780	PRJNA1071982	SAMN39869116	SRX23675133	MFD04780.fa			
MFD04781	PRJNA1071982	SAMN39869117	SRX23675134	MFD04781.fa			
MFD04782	PRJNA1071982	SAMN39869118	SRX23675135	MFD04782.fa			
MFD04783	PRJNA1071982	SAMN39869119	SRX23675137	MFD04783.fa			
MFD04784	PRJNA1071982	SAMN39869120	SRX23675138	MFD04784.fa			
MFD04785	PRJNA1071982	SAMN39869121	SRX23675139	MFD04785.fa			
MFD04786	PRJNA1071982	SAMN39869122	SRX23675140	MFD04786.fa			
MFD04787	PRJNA1071982	SAMN39869123	SRX23675141	MFD04787.fa			
MFD04788	PRJNA1071982	SAMN39869124	SRX23675338	MFD04788.fa			
MFD04789	PRJNA1071982	SAMN39869125	SRX23675339	MFD04789.fa			
MFD04790	PRJNA1071982	SAMN39869126	SRX23675340	MFD04790.fa			
MFD04791	PRJNA1071982	SAMN39869127	SRX23675341	MFD04791.fa			
MFD04792	PRJNA1071982	SAMN39869128	SRX23675342	MFD04792.fa			
MFD04793	PRJNA1071982	SAMN39869129	SRX23675344	MFD04793.fa			
MFD04794	PRJNA1071982	SAMN39869130	SRX23675345	MFD04794.fa			
MFD04795	PRJNA1071982	SAMN39869131	SRX23675346	MFD04795.fa			
MFD04796	PRJNA1071982	SAMN39869132	SRX23675347	MFD04796.fa			
MFD04797	PRJNA1071982	SAMN39869133	SRX23675348	MFD04797.fa			
MFD04798	PRJNA1071982	SAMN39869134	SRX23675349	MFD04798.fa			
MFD04799	PRJNA1071982	SAMN39869135	SRX23675350	MFD04799.fa			
MFD04800	PRJNA1071982	SAMN39869136	SRX23675351	MFD04800.fa			
MFD04801	PRJNA1071982	SAMN39869137	SRX23675352	MFD04801.fa			
MFD04802	PRJNA1071982	SAMN39869138	SRX23675353	MFD04802.fa			
MFD04803	PRJNA1071982	SAMN39869139	SRX23675355	MFD04803.fa			
MFD04804	PRJNA1071982	SAMN39874948	SRX23675356	MFD04804.fa			
MFD04805	PRJNA1071982	SAMN39869140	SRX23675357	MFD04805.fa			
MFD04806	PRJNA1071982	SAMN39869141	SRX23675358	MFD04806.fa			
MFD04807	PRJNA1071982	SAMN39869142	SRX23675359	MFD04807.fa			
MFD04808	PRJNA1071982	SAMN39869143	SRX23675360	MFD04808.fa			
MFD04809	PRJNA1071982	SAMN39869144	SRX23675361	MFD04809.fa			
MFD04810	PRJNA1071982	SAMN39869145	SRX23675362	MFD04810.fa			
MFD04811	PRJNA1071982	SAMN39869146	SRX23675363	MFD04811.fa			
MFD04812	PRJNA1071982	SAMN39869147	SRX23675364	MFD04812.fa			
MFD04813	PRJNA1071982	SAMN39869148	SRX23674690	MFD04813.fa			
MFD04814	PRJNA1071982	SAMN39869149	SRX23674691	MFD04814.fa			
MFD04815	PRJNA1071982	SAMN39869150	SRX23674692	MFD04815.fa			
MFD04816	PRJNA1071982	SAMN39869151	SRX23674693	MFD04816.fa			
MFD04817	PRJNA1071982	SAMN39869152	SRX23674694	MFD04817.fa			
MFD04818	PRJNA1071982	SAMN39869153	SRX23674695	MFD04818.fa			
MFD04819	PRJNA1071982	SAMN39869154	SRX23674696	MFD04819.fa			
MFD04820	PRJNA1071982	SAMN39869155	SRX23674697	MFD04820.fa			
MFD04821	PRJNA1071982	SAMN39869156	SRX23674698	MFD04821.fa			
MFD04822	PRJNA1071982	SAMN39869157	SRX23674699	MFD04822.fa			
MFD04823	PRJNA1071982	SAMN39869158	SRX23674701	MFD04823.fa			
MFD04824	PRJNA1071982	SAMN39869159	SRX23674702	MFD04824.fa			
MFD04825	PRJNA1071982	SAMN39869160	SRX23674703	MFD04825.fa			
MFD04826	PRJNA1071982	SAMN39869161	SRX23674704	MFD04826.fa			
MFD04827	PRJNA1071982	SAMN39869162	SRX23674705	MFD04827.fa			
MFD04828	PRJNA1071982	SAMN39869163	SRX23674706	MFD04828.fa			
MFD04829	PRJNA1071982	SAMN39869164	SRX23674707	MFD04829.fa			
MFD04830	PRJNA1071982	SAMN39869165	SRX23674708	MFD04830.fa			
MFD04831	PRJNA1071982	SAMN39869166	SRX23674709	MFD04831.fa			
MFD04832	PRJNA1071982	SAMN39869167	SRX23674710	MFD04832.fa			
MFD04833	PRJNA1071982	SAMN39869168	SRX23674713	MFD04833.fa			
MFD04834	PRJNA1071982	SAMN39869169	SRX23674714	MFD04834.fa			
MFD04835	PRJNA1071982	SAMN39869170	SRX23674715	MFD04835.fa			
MFD04836	PRJNA1071982	SAMN39869171	SRX23674716	MFD04836.fa			
MFD04837	PRJNA1071982	SAMN39869172	SRX23674717	MFD04837.fa			
MFD04838	PRJNA1071982	SAMN39869173	SRX23674886	MFD04838.fa			
MFD04839	PRJNA1071982	SAMN39869174	SRX23674887	MFD04839.fa			
MFD04840	PRJNA1071982	SAMN39869175	SRX23674888	MFD04840.fa			
MFD04841	PRJNA1071982	SAMN39869176	SRX23674889	MFD04841.fa			
MFD04842	PRJNA1071982	SAMN39869177	SRX23674890	MFD04842.fa			
MFD04843	PRJNA1071982	SAMN39869178	SRX23674892	MFD04843.fa			
MFD04844	PRJNA1071982	SAMN39869179	SRX23674893	MFD04844.fa			
MFD04845	PRJNA1071982	SAMN39869180	SRX23674894	MFD04845.fa			
MFD04846	PRJNA1071982	SAMN39869181	SRX23674895	MFD04846.fa			
MFD04847	PRJNA1071982	SAMN39869182	SRX23674896	MFD04847.fa			
MFD04848	PRJNA1071982	SAMN39869183	SRX23674897	MFD04848.fa			
MFD04849	PRJNA1071982	SAMN39869184	SRX23674898	MFD04849.fa			
MFD04850	PRJNA1071982	SAMN39869185	SRX23674899	MFD04850.fa			
MFD04851	PRJNA1071982	SAMN39869186	SRX23674900	MFD04851.fa			
MFD04852	PRJNA1071982	SAMN39874949	SRX23674901	MFD04852.fa			
MFD04853	PRJNA1071982	SAMN39869187	SRX23674903	MFD04853.fa			
MFD04854	PRJNA1071982	SAMN39869188	SRX23674904	MFD04854.fa			
MFD04855	PRJNA1071982	SAMN39869189	SRX23674905	MFD04855.fa			
MFD04856	PRJNA1071982	SAMN39869190	SRX23674906	MFD04856.fa			
MFD04857	PRJNA1071982	SAMN39869191	SRX23674907	MFD04857.fa			
MFD04858	PRJNA1071982	SAMN39869192	SRX23674908	MFD04858.fa			
MFD04859	PRJNA1071982	SAMN39869193	SRX23674909	MFD04859.fa			
MFD04860	PRJNA1071982	SAMN39869194	SRX23674910	MFD04860.fa			
MFD04861	PRJNA1071982	SAMN39869195	SRX23674911	MFD04861.fa			
MFD04862	PRJNA1071982	SAMN39869196	SRX23674912	MFD04862.fa			
MFD04863	PRJNA1071982	SAMN39869197	SRX23675366	MFD04863.fa			
MFD04864	PRJNA1071982	SAMN39869198	SRX23675367	MFD04864.fa			
MFD04865	PRJNA1071982	SAMN39869199	SRX23675368	MFD04865.fa			
MFD04866	PRJNA1071982	SAMN39869200	SRX23674477	MFD04866.fa			
MFD04867	PRJNA1071982	SAMN39869201	SRX23674478	MFD04867.fa			
MFD04868	PRJNA1071982	SAMN39869202	SRX23674479	MFD04868.fa			
MFD04869	PRJNA1071982	SAMN39869203	SRX23674480	MFD04869.fa			
MFD04870	PRJNA1071982	SAMN39869204	SRX23674481	MFD04870.fa			
MFD04871	PRJNA1071982	SAMN39869205	SRX23674482	MFD04871.fa			
MFD04872	PRJNA1071982	SAMN39869206	SRX23674483	MFD04872.fa			
MFD04873	PRJNA1071982	SAMN39869207	SRX23674485	MFD04873.fa			
MFD04874	PRJNA1071982	SAMN39869208	SRX23674486	MFD04874.fa			
MFD04875	PRJNA1071982	SAMN39869209	SRX23674487	MFD04875.fa			
MFD04876	PRJNA1071982	SAMN39869210	SRX23674488	MFD04876.fa			
MFD04877	PRJNA1071982	SAMN39869211	SRX23674489	MFD04877.fa			
MFD04878	PRJNA1071982	SAMN39869212	SRX23674490	MFD04878.fa			
MFD04879	PRJNA1071982	SAMN39869213	SRX23674491	MFD04879.fa			
MFD04880	PRJNA1071982	SAMN39869214	SRX23674492	MFD04880.fa			
MFD04881	PRJNA1071982	SAMN39869215	SRX23674493	MFD04881.fa			
MFD04883	PRJNA1071982	SAMN39869216	SRX23674494	MFD04883.fa			
MFD04884	PRJNA1071982	SAMN39869217	SRX23674496	MFD04884.fa			
MFD04885	PRJNA1071982	SAMN39869218	SRX23674497	MFD04885.fa			
MFD04886	PRJNA1071982	SAMN39869219	SRX23674498	MFD04886.fa			
MFD04887	PRJNA1071982	SAMN39869220	SRX23674499	MFD04887.fa			
MFD04888	PRJNA1071982	SAMN39869221	SRX23674500	MFD04888.fa			
MFD04890	PRJNA1071982	SAMN39869222	SRX23674718	MFD04890.fa			
MFD04891	PRJNA1071982	SAMN39869223	SRX23674719	MFD04891.fa			
MFD04892	PRJNA1071982	SAMN39869224	SRX23674720	MFD04892.fa			
MFD04893	PRJNA1071982	SAMN39869225	SRX23674721	MFD04893.fa			
MFD04894	PRJNA1071982	SAMN39869226	SRX23674722	MFD04894.fa			
MFD04896	PRJNA1071982	SAMN39869227	SRX23674724	MFD04896.fa			
MFD04897	PRJNA1071982	SAMN39869228	SRX23674725	MFD04897.fa			
MFD04898	PRJNA1071982	SAMN39869229	SRX23674726	MFD04898.fa			
MFD04899	PRJNA1071982	SAMN39869230	SRX23674727	MFD04899.fa			
MFD04900	PRJNA1071982	SAMN39869231	SRX23674728	MFD04900.fa			
MFD04901	PRJNA1071982	SAMN39869232	SRX23674729	MFD04901.fa			
MFD04902	PRJNA1071982	SAMN39869233	SRX23674730	MFD04902.fa			
MFD04903	PRJNA1071982	SAMN39869234	SRX23674731	MFD04903.fa			
MFD04904	PRJNA1071982	SAMN39869235	SRX23674732	MFD04904.fa			
MFD04905	PRJNA1071982	SAMN39869236	SRX23674733	MFD04905.fa			
MFD04906	PRJNA1071982	SAMN39869237	SRX23674735	MFD04906.fa			
MFD04907	PRJNA1071982	SAMN39869238	SRX23674736	MFD04907.fa			
MFD04908	PRJNA1071982	SAMN39869239	SRX23674737	MFD04908.fa			
MFD04909	PRJNA1071982	SAMN39869240	SRX23674738	MFD04909.fa			
MFD04910	PRJNA1071982	SAMN39869241	SRX23674739	MFD04910.fa			
MFD04911	PRJNA1071982	SAMN39869242	SRX23674740	MFD04911.fa			
MFD04912	PRJNA1071982	SAMN39869243	SRX23674741	MFD04912.fa			
MFD04913	PRJNA1071982	SAMN39869244	SRX23674742	MFD04913.fa			
MFD04914	PRJNA1071982	SAMN39869245	SRX23674743	MFD04914.fa			
MFD04915	PRJNA1071982	SAMN39869246	SRX23674744	MFD04915.fa			
MFD04916	PRJNA1071982	SAMN39869247	SRX23674914	MFD04916.fa			
MFD04917	PRJNA1071982	SAMN39869248	SRX23674915	MFD04917.fa	SRX23627500	SRX23627499	SRX23662649
MFD04918	PRJNA1071982	SAMN39869249	SRX23674916	MFD04918.fa			
MFD04919	PRJNA1071982	SAMN39869250	SRX23674917	MFD04919.fa			
MFD04920	PRJNA1071982	SAMN39869251	SRX23674918	MFD04920.fa			
MFD04921	PRJNA1071982	SAMN39869252	SRX23674919	MFD04921.fa			
MFD04922	PRJNA1071982	SAMN39869253	SRX23674920	MFD04922.fa			
MFD04923	PRJNA1071982	SAMN39869254	SRX23674921	MFD04923.fa			
MFD04924	PRJNA1071982	SAMN39869255	SRX23674922	MFD04924.fa			
MFD04925	PRJNA1071982	SAMN39869256	SRX23674923	MFD04925.fa			
MFD04926	PRJNA1071982	SAMN39869257	SRX23674925	MFD04926.fa			
MFD04927	PRJNA1071982	SAMN39869258	SRX23674926	MFD04927.fa			
MFD04928	PRJNA1071982	SAMN39869259	SRX23674927	MFD04928.fa			
MFD04929	PRJNA1071982	SAMN39869260	SRX23674928	MFD04929.fa			
MFD04930	PRJNA1071982	SAMN39869261	SRX23674929	MFD04930.fa			
MFD04931	PRJNA1071982	SAMN39869262	SRX23674930	MFD04931.fa			
MFD04932	PRJNA1071982	SAMN39869263	SRX23674931	MFD04932.fa			
MFD04933	PRJNA1071982	SAMN39869264	SRX23674932	MFD04933.fa			
MFD04934	PRJNA1071982	SAMN39869265	SRX23674933	MFD04934.fa			
MFD04935	PRJNA1071982	SAMN39869266	SRX23674934	MFD04935.fa			
MFD04936	PRJNA1071982	SAMN39869267	SRX23674937	MFD04936.fa			
MFD04937	PRJNA1071982	SAMN39869268	SRX23674938	MFD04937.fa			
MFD04938	PRJNA1071982	SAMN39869269	SRX23674939	MFD04938.fa			
MFD04939	PRJNA1071982	SAMN39869270	SRX23674940	MFD04939.fa			
MFD04940	PRJNA1071982	SAMN39869271	SRX23674941	MFD04940.fa			
MFD04941	PRJNA1071982	SAMN39869272	SRX23675142	MFD04941.fa			
MFD04942	PRJNA1071982	SAMN39869273	SRX23675143	MFD04942.fa			
MFD04943	PRJNA1071982	SAMN39869274	SRX23675144	MFD04943.fa			
MFD04944	PRJNA1071982	SAMN39869275	SRX23675145	MFD04944.fa			
MFD04945	PRJNA1071982	SAMN39869276	SRX23675146	MFD04945.fa			
MFD04946	PRJNA1071982	SAMN39869277	SRX23675148	MFD04946.fa			
MFD04947	PRJNA1071982	SAMN39869278	SRX23675149	MFD04947.fa			
MFD04948	PRJNA1071982	SAMN39869279	SRX23675150	MFD04948.fa			
MFD04949	PRJNA1071982	SAMN39869280	SRX23675151	MFD04949.fa			
MFD04950	PRJNA1071982	SAMN39869281	SRX23675152	MFD04950.fa			
MFD04951	PRJNA1071982	SAMN39869282	SRX23675153	MFD04951.fa			
MFD04952	PRJNA1071982	SAMN39869283	SRX23675154	MFD04952.fa			
MFD04953	PRJNA1071982	SAMN39869284	SRX23675155	MFD04953.fa			
MFD04954	PRJNA1071982	SAMN39869285	SRX23675156	MFD04954.fa			
MFD04955	PRJNA1071982	SAMN39869286	SRX23675157	MFD04955.fa			
MFD04956	PRJNA1071982	SAMN39869287	SRX23675159	MFD04956.fa			
MFD04957	PRJNA1071982	SAMN39869288	SRX23675160	MFD04957.fa			
MFD04958	PRJNA1071982	SAMN39869289	SRX23675161	MFD04958.fa			
MFD04959	PRJNA1071982	SAMN39869290	SRX23675162	MFD04959.fa			
MFD04960	PRJNA1071982	SAMN39869291	SRX23675163	MFD04960.fa			
MFD04961	PRJNA1071982	SAMN39869292	SRX23675164	MFD04961.fa			
MFD04962	PRJNA1071982	SAMN39869293	SRX23675165	MFD04962.fa			
MFD04963	PRJNA1071982	SAMN39869294	SRX23675166	MFD04963.fa			
MFD04964	PRJNA1071982	SAMN39869295	SRX23675167	MFD04964.fa			
MFD04965	PRJNA1071982	SAMN39869296	SRX23675168	MFD04965.fa			
MFD04966	PRJNA1071982	SAMN39869297	SRX23674501	MFD04966.fa			
MFD04967	PRJNA1071982	SAMN39869298	SRX23674502	MFD04967.fa			
MFD04968	PRJNA1071982	SAMN39869299	SRX23674503	MFD04968.fa			
MFD04969	PRJNA1071982	SAMN39869300	SRX23674504	MFD04969.fa			
MFD04970	PRJNA1071982	SAMN39869301	SRX23674505	MFD04970.fa			
MFD04971	PRJNA1071982	SAMN39869302	SRX23674506	MFD04971.fa			
MFD04972	PRJNA1071982	SAMN39869303	SRX23674507	MFD04972.fa			
MFD04973	PRJNA1071982	SAMN39869304	SRX23674508	MFD04973.fa			
MFD04974	PRJNA1071982	SAMN39869305	SRX23674509	MFD04974.fa	SRX23627502	SRX23627501	SRX23662650
MFD04975	PRJNA1071982	SAMN39869306	SRX23674510	MFD04975.fa			
MFD04976	PRJNA1071982	SAMN39869307	SRX23674512	MFD04976.fa			
MFD04977	PRJNA1071982	SAMN39869308	SRX23674513	MFD04977.fa	SRX23627504	SRX23627503	SRX23662651
MFD04978	PRJNA1071982	SAMN39869309	SRX23674514	MFD04978.fa			
MFD04979	PRJNA1071982	SAMN39869310	SRX23674515	MFD04979.fa			
MFD04980	PRJNA1071982	SAMN39869311	SRX23674516	MFD04980.fa			
MFD04981	PRJNA1071982	SAMN39869312	SRX23674517	MFD04981.fa			
MFD04982	PRJNA1071982	SAMN39869313	SRX23674518	MFD04982.fa			
MFD04983	PRJNA1071982	SAMN39869314	SRX23674519	MFD04983.fa			
MFD04984	PRJNA1071982	SAMN39869315	SRX23674520	MFD04984.fa			
MFD04985	PRJNA1071982	SAMN39869316	SRX23674521	MFD04985.fa			
MFD04986	PRJNA1071982	SAMN39869317	SRX23674523	MFD04986.fa			
MFD04987	PRJNA1071982	SAMN39869318	SRX23674524	MFD04987.fa			
MFD04988	PRJNA1071982	SAMN39869319	SRX23674525	MFD04988.fa			
MFD04989	PRJNA1071982	SAMN39869320	SRX23674526	MFD04989.fa			
MFD04990	PRJNA1071982	SAMN39869321	SRX23674527	MFD04990.fa			
MFD04991	PRJNA1071982	SAMN39869322	SRX23674528	MFD04991.fa			
MFD04992	PRJNA1071982	SAMN39869323	SRX23674942	MFD04992.fa			
MFD04993	PRJNA1071982	SAMN39869324	SRX23674943	MFD04993.fa			
MFD04994	PRJNA1071982	SAMN39869325	SRX23674944	MFD04994.fa			
MFD04995	PRJNA1071982	SAMN39869326	SRX23674945	MFD04995.fa			
MFD04996	PRJNA1071982	SAMN39869327	SRX23674947	MFD04996.fa			
MFD04997	PRJNA1071982	SAMN39869328	SRX23674948	MFD04997.fa			
MFD04998	PRJNA1071982	SAMN39869329	SRX23674949	MFD04998.fa			
MFD04999	PRJNA1071982	SAMN39869330	SRX23674950	MFD04999.fa			
MFD05000	PRJNA1071982	SAMN39869331	SRX23674951	MFD05000.fa			
MFD05001	PRJNA1071982	SAMN39869332	SRX23674952	MFD05001.fa			
MFD05002	PRJNA1071982	SAMN39869333	SRX23674953	MFD05002.fa			
MFD05003	PRJNA1071982	SAMN39869334	SRX23674954	MFD05003.fa			
MFD05004	PRJNA1071982	SAMN39869335	SRX23674955	MFD05004.fa			
MFD05005	PRJNA1071982	SAMN39869336	SRX23674956	MFD05005.fa			
MFD05008	PRJNA1071982	SAMN39869337	SRX23674958	MFD05008.fa			
MFD05009	PRJNA1071982	SAMN39869338	SRX23674959	MFD05009.fa			
MFD05010	PRJNA1071982	SAMN39869339	SRX23674960	MFD05010.fa			
MFD05011	PRJNA1071982	SAMN39869340	SRX23674961	MFD05011.fa	SRX23627506	SRX23627505	SRX23662652
MFD05012	PRJNA1071982	SAMN39869341	SRX23674962	MFD05012.fa			
MFD05013	PRJNA1071982	SAMN39869342	SRX23674963	MFD05013.fa			
MFD05014	PRJNA1071982	SAMN39874950	SRX23674964	MFD05014.fa			
MFD05015	PRJNA1071982	SAMN39869343	SRX23674965	MFD05015.fa			
MFD05016	PRJNA1071982	SAMN39869344	SRX23674966	MFD05016.fa			
MFD05017	PRJNA1071982	SAMN39869345	SRX23674967	MFD05017.fa			
MFD05018	PRJNA1071982	SAMN39869346	SRX23674969	MFD05018.fa			
MFD05019	PRJNA1071982	SAMN39869347	SRX23675170	MFD05019.fa			
MFD05020	PRJNA1071982	SAMN39869348	SRX23675171	MFD05020.fa			
MFD05021	PRJNA1071982	SAMN39869349	SRX23675172	MFD05021.fa			
MFD05022	PRJNA1071982	SAMN39869350	SRX23675173	MFD05022.fa			
MFD05023	PRJNA1071982	SAMN39869351	SRX23675174	MFD05023.fa			
MFD05024	PRJNA1071982	SAMN39869352	SRX23675175	MFD05024.fa			
MFD05025	PRJNA1071982	SAMN39869353	SRX23675176	MFD05025.fa			
MFD05026	PRJNA1071982	SAMN39869354	SRX23675177	MFD05026.fa			
MFD05027	PRJNA1071982	SAMN39869355	SRX23675178	MFD05027.fa			
MFD05028	PRJNA1071982	SAMN39869356	SRX23675180	MFD05028.fa			
MFD05029	PRJNA1071982	SAMN39869357	SRX23675181	MFD05029.fa			
MFD05030	PRJNA1071982	SAMN39869358	SRX23675182	MFD05030.fa			
MFD05031	PRJNA1071982	SAMN39869359	SRX23675183	MFD05031.fa			
MFD05032	PRJNA1071982	SAMN39869360	SRX23675184	MFD05032.fa			
MFD05033	PRJNA1071982	SAMN39869361	SRX23675185	MFD05033.fa			
MFD05034	PRJNA1071982	SAMN39869362	SRX23675186	MFD05034.fa			
MFD05035	PRJNA1071982	SAMN39869363	SRX23675187	MFD05035.fa			
MFD05036	PRJNA1071982	SAMN39869364	SRX23675188	MFD05036.fa			
MFD05037	PRJNA1071982	SAMN39869365	SRX23675189	MFD05037.fa			
MFD05038	PRJNA1071982	SAMN39869366	SRX23675192	MFD05038.fa			
MFD05039	PRJNA1071982	SAMN39869367	SRX23675193	MFD05039.fa			
MFD05040	PRJNA1071982	SAMN39869368	SRX23675194	MFD05040.fa			
MFD05041	PRJNA1071982	SAMN39869369	SRX23675195	MFD05041.fa			
MFD05042	PRJNA1071982	SAMN39869370	SRX23675196	MFD05042.fa			
MFD05043	PRJNA1071982	SAMN39869371	SRX23675197	MFD05043.fa			
MFD05044	PRJNA1071982	SAMN39869372	SRX23674529	MFD05044.fa			
MFD05045	PRJNA1071982	SAMN39869373	SRX23674530	MFD05045.fa	SRX23627508	SRX23627507	SRX23662653
MFD05046	PRJNA1071982	SAMN39869374	SRX23674531	MFD05046.fa			
MFD05047	PRJNA1071982	SAMN39869375	SRX23674532	MFD05047.fa			
MFD05048	PRJNA1071982	SAMN39869376	SRX23674534	MFD05048.fa			
MFD05049	PRJNA1071982	SAMN39869377	SRX23674535	MFD05049.fa			
MFD05050	PRJNA1071982	SAMN39869378	SRX23674536	MFD05050.fa			
MFD05051	PRJNA1071982	SAMN39869379	SRX23674537	MFD05051.fa			
MFD05052	PRJNA1071982	SAMN39869380	SRX23674538	MFD05052.fa			
MFD05053	PRJNA1071982	SAMN39869381	SRX23674539	MFD05053.fa			
MFD05054	PRJNA1071982	SAMN39869382	SRX23674540	MFD05054.fa			
MFD05055	PRJNA1071982	SAMN39869383	SRX23674541	MFD05055.fa			
MFD05056	PRJNA1071982	SAMN39869384	SRX23674542	MFD05056.fa			
MFD05057	PRJNA1071982	SAMN39869385	SRX23674543	MFD05057.fa			
MFD05058	PRJNA1071982	SAMN39869386	SRX23674545	MFD05058.fa			
MFD05059	PRJNA1071982	SAMN39869387	SRX23674546	MFD05059.fa			
MFD05060	PRJNA1071982	SAMN39869388	SRX23674547	MFD05060.fa			
MFD05061	PRJNA1071982	SAMN39869389	SRX23674548	MFD05061.fa			
MFD05062	PRJNA1071982	SAMN39869390	SRX23674549	MFD05062.fa			
MFD05063	PRJNA1071982	SAMN39869391	SRX23674550	MFD05063.fa			
MFD05064	PRJNA1071982	SAMN39869392	SRX23674551	MFD05064.fa			
MFD05065	PRJNA1071982	SAMN39869393	SRX23674552	MFD05065.fa			
MFD05066	PRJNA1071982	SAMN39869394	SRX23674553	MFD05066.fa			
MFD05067	PRJNA1071982	SAMN39869395	SRX23674554	MFD05067.fa			
MFD05068	PRJNA1071982	SAMN39869396	SRX23674556	MFD05068.fa	SRX23627511	SRX23627510	SRX23662654
MFD05069	PRJNA1071982	SAMN39869397	SRX23674746	MFD05069.fa			
MFD05070	PRJNA1071982	SAMN39869398	SRX23674747	MFD05070.fa			
MFD05071	PRJNA1071982	SAMN39869399	SRX23674748	MFD05071.fa			
MFD05072	PRJNA1071982	SAMN39869400	SRX23674749	MFD05072.fa			
MFD05073	PRJNA1071982	SAMN39869401	SRX23674750	MFD05073.fa			
MFD05074	PRJNA1071982	SAMN39869402	SRX23674751	MFD05074.fa			
MFD05075	PRJNA1071982	SAMN39869403	SRX23674752	MFD05075.fa			
MFD05076	PRJNA1071982	SAMN39869404	SRX23674753	MFD05076.fa			
MFD05077	PRJNA1071982	SAMN39869405	SRX23674754	MFD05077.fa			
MFD05078	PRJNA1071982	SAMN39869406	SRX23674756	MFD05078.fa	SRX23627513	SRX23627512	SRX23662655
MFD05079	PRJNA1071982	SAMN39869407	SRX23674757	MFD05079.fa			
MFD05080	PRJNA1071982	SAMN39869408	SRX23674758	MFD05080.fa			
MFD05081	PRJNA1071982	SAMN39869409	SRX23674759	MFD05081.fa			
MFD05082	PRJNA1071982	SAMN39869410	SRX23674760	MFD05082.fa			
MFD05083	PRJNA1071982	SAMN39869411	SRX23674761	MFD05083.fa			
MFD05084	PRJNA1071982	SAMN39869412	SRX23674762	MFD05084.fa			
MFD05085	PRJNA1071982	SAMN39869413	SRX23674763	MFD05085.fa			
MFD05086	PRJNA1071982	SAMN39869414	SRX23674764	MFD05086.fa			
MFD05087	PRJNA1071982	SAMN39869415	SRX23674765	MFD05087.fa			
MFD05088	PRJNA1071982	SAMN39869416	SRX23674767	MFD05088.fa	SRX23627515	SRX23627514	SRX23662657
MFD05089	PRJNA1071982	SAMN39869417	SRX23674768	MFD05089.fa			
MFD05090	PRJNA1071982	SAMN39869418	SRX23674769	MFD05090.fa			
MFD05091	PRJNA1071982	SAMN39869419	SRX23674770	MFD05091.fa			
MFD05092	PRJNA1071982	SAMN39869420	SRX23674771	MFD05092.fa			
MFD05093	PRJNA1071982	SAMN39869421	SRX23674772	MFD05093.fa			
MFD05094	PRJNA1071982	SAMN39869422	SRX23674773	MFD05094.fa			
MFD05095	PRJNA1071982	SAMN39869423	SRX23674970	MFD05095.fa			SRX23662658
MFD05096	PRJNA1071982	SAMN39869424	SRX23674971	MFD05096.fa			
MFD05097	PRJNA1071982	SAMN39869425	SRX23674972	MFD05097.fa			
MFD05098	PRJNA1071982	SAMN39869426	SRX23674974	MFD05098.fa			
MFD05099	PRJNA1071982	SAMN39869427	SRX23674975	MFD05099.fa			
MFD05100	PRJNA1071982	SAMN39869428	SRX23674976	MFD05100.fa	SRX23627517	SRX23627516	SRX23662659
MFD05101	PRJNA1071982	SAMN39869429	SRX23674977	MFD05101.fa			
MFD05102	PRJNA1071982	SAMN39869430	SRX23674978	MFD05102.fa			
MFD05103	PRJNA1071982	SAMN39869431	SRX23674979	MFD05103.fa			
MFD05104	PRJNA1071982	SAMN39869432	SRX23674980	MFD05104.fa			
MFD05105	PRJNA1071982	SAMN39869433	SRX23674981	MFD05105.fa			
MFD05106	PRJNA1071982	SAMN39869434	SRX23674982	MFD05106.fa			
MFD05107	PRJNA1071982	SAMN39869435	SRX23674983	MFD05107.fa			
MFD05108	PRJNA1071982	SAMN39869436	SRX23674985	MFD05108.fa			
MFD05109	PRJNA1071982	SAMN39869437	SRX23674986	MFD05109.fa			
MFD05110	PRJNA1071982	SAMN39869438	SRX23674987	MFD05110.fa			
MFD05111	PRJNA1071982	SAMN39869439	SRX23674988	MFD05111.fa			
MFD05112	PRJNA1071982	SAMN39869440	SRX23674989	MFD05112.fa			
MFD05113	PRJNA1071982	SAMN39869441	SRX23674990	MFD05113.fa			
MFD05114	PRJNA1071982	SAMN39869442	SRX23674991	MFD05114.fa			
MFD05115	PRJNA1071982	SAMN39869443	SRX23674992	MFD05115.fa			
MFD05116	PRJNA1071982	SAMN39869444	SRX23674993	MFD05116.fa			
MFD05117	PRJNA1071982	SAMN39869445	SRX23674994	MFD05117.fa			
MFD05118	PRJNA1071982	SAMN39869446	SRX23674996	MFD05118.fa			
MFD05119	PRJNA1071982	SAMN39869447	SRX23674997	MFD05119.fa			
MFD05120	PRJNA1071982	SAMN39869448	SRX23675198	MFD05120.fa			
MFD05121	PRJNA1071982	SAMN39869449	SRX23675199	MFD05121.fa	SRX23628195	SRX23627518	SRX23662660
MFD05122	PRJNA1071982	SAMN39869450	SRX23675200	MFD05122.fa			
MFD05123	PRJNA1071982	SAMN39869451	SRX23675201	MFD05123.fa			
MFD05124	PRJNA1071982	SAMN39869452	SRX23675202	MFD05124.fa			
MFD05125	PRJNA1071982	SAMN39869453	SRX23675203	MFD05125.fa			
MFD05126	PRJNA1071982	SAMN39869454	SRX23675204	MFD05126.fa	SRX23628198	SRX23628197	SRX23662661
MFD05127	PRJNA1071982	SAMN39869455	SRX23675205	MFD05127.fa			
MFD05128	PRJNA1071982	SAMN39869456	SRX23675207	MFD05128.fa			
MFD05129	PRJNA1071982	SAMN39869457	SRX23675208	MFD05129.fa	SRX23628200	SRX23628199	SRX23662662
MFD05130	PRJNA1071982	SAMN39869458	SRX23675209	MFD05130.fa			
MFD05131	PRJNA1071982	SAMN39869459	SRX23675210	MFD05131.fa			
MFD05132	PRJNA1071982	SAMN39869460	SRX23675211	MFD05132.fa			
MFD05133	PRJNA1071982	SAMN39869461	SRX23675212	MFD05133.fa			
MFD05134	PRJNA1071982	SAMN39869462	SRX23675213	MFD05134.fa			
MFD05135	PRJNA1071982	SAMN39869463	SRX23675214	MFD05135.fa			
MFD05136	PRJNA1071982	SAMN39869464	SRX23675215	MFD05136.fa			
MFD05137	PRJNA1071982	SAMN39869465	SRX23675216	MFD05137.fa			
MFD05138	PRJNA1071982	SAMN39869466	SRX23675219	MFD05138.fa			
MFD05139	PRJNA1071982	SAMN39869467	SRX23675220	MFD05139.fa			
MFD05140	PRJNA1071982	SAMN39869468	SRX23675221	MFD05140.fa			
MFD05141	PRJNA1071982	SAMN39869469	SRX23675222	MFD05141.fa			
MFD05142	PRJNA1071982	SAMN39869470	SRX23675223	MFD05142.fa			
MFD05143	PRJNA1071982	SAMN39869471	SRX23675224	MFD05143.fa			
MFD05144	PRJNA1071982	SAMN39869472	SRX23675225	MFD05144.fa			
MFD05145	PRJNA1071982	SAMN39869473	SRX23674557	MFD05145.fa			
MFD05146	PRJNA1071982	SAMN39869474	SRX23674558	MFD05146.fa			
MFD05147	PRJNA1071982	SAMN39869475	SRX23674559	MFD05147.fa			
MFD05148	PRJNA1071982	SAMN39869476	SRX23674561	MFD05148.fa			
MFD05149	PRJNA1071982	SAMN39869477	SRX23674562	MFD05149.fa			
MFD05150	PRJNA1071982	SAMN39869478	SRX23674563	MFD05150.fa			
MFD05151	PRJNA1071982	SAMN39869479	SRX23674564	MFD05151.fa			
MFD05152	PRJNA1071982	SAMN39869480	SRX23674565	MFD05152.fa	SRX23628202	SRX23628201	SRX23662663
MFD05153	PRJNA1071982	SAMN39869481	SRX23674566	MFD05153.fa			
MFD05154	PRJNA1071982	SAMN39869482	SRX23674567	MFD05154.fa			
MFD05155	PRJNA1071982	SAMN39869483	SRX23674568	MFD05155.fa			
MFD05156	PRJNA1071982	SAMN39869484	SRX23674569	MFD05156.fa			
MFD05157	PRJNA1071982	SAMN39869485	SRX23674570	MFD05157.fa			
MFD05158	PRJNA1071982	SAMN39869486	SRX23674572	MFD05158.fa			
MFD05159	PRJNA1071982	SAMN39869487	SRX23674573	MFD05159.fa			
MFD05160	PRJNA1071982	SAMN39869488	SRX23674574	MFD05160.fa			
MFD05161	PRJNA1071982	SAMN39869489	SRX23674575	MFD05161.fa			
MFD05162	PRJNA1071982	SAMN39869490	SRX23674576	MFD05162.fa			
MFD05163	PRJNA1071982	SAMN39869491	SRX23674577	MFD05163.fa			
MFD05164	PRJNA1071982	SAMN39869492	SRX23674578	MFD05164.fa			
MFD05165	PRJNA1071982	SAMN39869493	SRX23674579	MFD05165.fa			
MFD05166	PRJNA1071982	SAMN39869494	SRX23674580	MFD05166.fa			
MFD05167	PRJNA1071982	SAMN39869495	SRX23674581	MFD05167.fa			
MFD05168	PRJNA1071982	SAMN39869496	SRX23674583	MFD05168.fa			
MFD05169	PRJNA1071982	SAMN39869497	SRX23674584	MFD05169.fa			
MFD05170	PRJNA1071982	SAMN39869498	SRX23675369	MFD05170.fa			
MFD05171	PRJNA1071982	SAMN39869499	SRX23675370	MFD05171.fa	SRX23628204	SRX23628203	SRX23662664
MFD05172	PRJNA1071982	SAMN39869500	SRX23675371	MFD05172.fa			
MFD05173	PRJNA1071982	SAMN39869501	SRX23675372	MFD05173.fa			
MFD05174	PRJNA1071982	SAMN39869502	SRX23675373	MFD05174.fa			
MFD05175	PRJNA1071982	SAMN39869503	SRX23675374	MFD05175.fa			
MFD05176	PRJNA1071982	SAMN39869504	SRX23675375	MFD05176.fa			
MFD05177	PRJNA1071982	SAMN39869505	SRX23675376	MFD05177.fa			
MFD05178	PRJNA1071982	SAMN39869506	SRX23675378	MFD05178.fa			
MFD05179	PRJNA1071982	SAMN39869507	SRX23675379	MFD05179.fa			
MFD05180	PRJNA1071982	SAMN39869508	SRX23675380	MFD05180.fa			
MFD05181	PRJNA1071982	SAMN39869509	SRX23675381	MFD05181.fa			
MFD05182	PRJNA1071982	SAMN39869510	SRX23675382	MFD05182.fa			
MFD05183	PRJNA1071982	SAMN39869511	SRX23675383	MFD05183.fa			
MFD05184	PRJNA1071982	SAMN39869512	SRX23675384	MFD05184.fa			
MFD05185	PRJNA1071982	SAMN39869513	SRX23675385	MFD05185.fa			
MFD05186	PRJNA1071982	SAMN39869514	SRX23675386	MFD05186.fa			
MFD05187	PRJNA1071982	SAMN39869515	SRX23675387	MFD05187.fa			
MFD05188	PRJNA1071982	SAMN39869516	SRX23675389	MFD05188.fa	SRX23628206	SRX23628205	SRX23662665
MFD05189	PRJNA1071982	SAMN39869517	SRX23675390	MFD05189.fa			
MFD05190	PRJNA1071982	SAMN39869518	SRX23675391	MFD05190.fa			
MFD05191	PRJNA1071982	SAMN39869519	SRX23675392	MFD05191.fa			
MFD05192	PRJNA1071982	SAMN39869520	SRX23675393	MFD05192.fa			
MFD05193	PRJNA1071982	SAMN39869521	SRX23675394	MFD05193.fa			
MFD05194	PRJNA1071982	SAMN39869522	SRX23675395	MFD05194.fa			
MFD05195	PRJNA1071982	SAMN39869523	SRX23675396	MFD05195.fa			
MFD05196	PRJNA1071982	SAMN39869524	SRX23674998	MFD05196.fa			
MFD05197	PRJNA1071982	SAMN39869525	SRX23674999	MFD05197.fa			
MFD05198	PRJNA1071982	SAMN39869526	SRX23675001	MFD05198.fa			
MFD05199	PRJNA1071982	SAMN39869527	SRX23675002	MFD05199.fa			
MFD05200	PRJNA1071982	SAMN39869528	SRX23675003	MFD05200.fa			
MFD05201	PRJNA1071982	SAMN39869529	SRX23675004	MFD05201.fa			
MFD05202	PRJNA1071982	SAMN39869530	SRX23675005	MFD05202.fa			
MFD05203	PRJNA1071982	SAMN39869531	SRX23675006	MFD05203.fa			
MFD05204	PRJNA1071982	SAMN39869532	SRX23675007	MFD05204.fa	SRX23628210	SRX23628209	SRX23662666
MFD05205	PRJNA1071982	SAMN39869533	SRX23675008	MFD05205.fa			
MFD05206	PRJNA1071982	SAMN39869534	SRX23675009	MFD05206.fa			
MFD05207	PRJNA1071982	SAMN39869535	SRX23675010	MFD05207.fa			
MFD05208	PRJNA1071982	SAMN39869536	SRX23675012	MFD05208.fa			
MFD05209	PRJNA1071982	SAMN39869537	SRX23675013	MFD05209.fa			
MFD05210	PRJNA1071982	SAMN39869538	SRX23675014	MFD05210.fa			
MFD05211	PRJNA1071982	SAMN39869539	SRX23675015	MFD05211.fa			
MFD05212	PRJNA1071982	SAMN39869540	SRX23675016	MFD05212.fa			
MFD05213	PRJNA1071982	SAMN39869541	SRX23675017	MFD05213.fa			
MFD05214	PRJNA1071982	SAMN39869542	SRX23675018	MFD05214.fa	SRX23628212	SRX23628211	SRX23662668
MFD05215	PRJNA1071982	SAMN39869543	SRX23675019	MFD05215.fa			
MFD05216	PRJNA1071982	SAMN39869544	SRX23675020	MFD05216.fa			
MFD05217	PRJNA1071982	SAMN39869545	SRX23675021	MFD05217.fa			
MFD05218	PRJNA1071982	SAMN39869546	SRX23675023	MFD05218.fa			
MFD05219	PRJNA1071982	SAMN39869547	SRX23675024	MFD05219.fa			
MFD05220	PRJNA1071982	SAMN39869548	SRX23675025	MFD05220.fa			
MFD05221	PRJNA1071982	SAMN39869549	SRX23675226	MFD05221.fa			
MFD05223	PRJNA1071982	SAMN39869550	SRX23675227	MFD05223.fa			
MFD05224	PRJNA1071982	SAMN39869551	SRX23675228	MFD05224.fa			
MFD05225	PRJNA1071982	SAMN39869552	SRX23675229	MFD05225.fa			
MFD05226	PRJNA1071982	SAMN39869553	SRX23675230	MFD05226.fa			
MFD05227	PRJNA1071982	SAMN39869554	SRX23675231	MFD05227.fa			
MFD05228	PRJNA1071982	SAMN39869555	SRX23675232	MFD05228.fa	SRX23628214	SRX23628213	SRX23662669
MFD05229	PRJNA1071982	SAMN39869556	SRX23675234	MFD05229.fa			
MFD05230	PRJNA1071982	SAMN39869557	SRX23675235	MFD05230.fa			
MFD05231	PRJNA1071982	SAMN39869558	SRX23675236	MFD05231.fa			
MFD05232	PRJNA1071982	SAMN39869559	SRX23675237	MFD05232.fa			
MFD05233	PRJNA1071982	SAMN39869560	SRX23675238	MFD05233.fa			
MFD05234	PRJNA1071982	SAMN39869561	SRX23675239	MFD05234.fa			
MFD05235	PRJNA1071982	SAMN39869562	SRX23675240	MFD05235.fa			
MFD05236	PRJNA1071982	SAMN39869563	SRX23675241	MFD05236.fa			
MFD05237	PRJNA1071982	SAMN39869564	SRX23675242	MFD05237.fa			
MFD05238	PRJNA1071982	SAMN39869565	SRX23675243	MFD05238.fa			
MFD05239	PRJNA1071982	SAMN39869566	SRX23675246	MFD05239.fa			
MFD05240	PRJNA1071982	SAMN39869567	SRX23675247	MFD05240.fa			
MFD05241	PRJNA1071982	SAMN39869568	SRX23675248	MFD05241.fa			
MFD05242	PRJNA1071982	SAMN39869569	SRX23675249	MFD05242.fa			
MFD05243	PRJNA1071982	SAMN39869570	SRX23675250	MFD05243.fa			
MFD05244	PRJNA1071982	SAMN39869571	SRX23675251	MFD05244.fa			
MFD05245	PRJNA1071982	SAMN39869572	SRX23675252	MFD05245.fa			
MFD05246	PRJNA1071982	SAMN39869573	SRX23675253	MFD05246.fa			
MFD05247	PRJNA1071982	SAMN39869574	SRX23674585	MFD05247.fa			
MFD05248	PRJNA1071982	SAMN39869575	SRX23674586	MFD05248.fa			
MFD05249	PRJNA1071982	SAMN39869576	SRX23674588	MFD05249.fa			
MFD05250	PRJNA1071982	SAMN39869577	SRX23674589	MFD05250.fa			
MFD05251	PRJNA1071982	SAMN39869578	SRX23674590	MFD05251.fa			
MFD05252	PRJNA1071982	SAMN39869579	SRX23674591	MFD05252.fa			
MFD05253	PRJNA1071982	SAMN39869580	SRX23674592	MFD05253.fa			
MFD05254	PRJNA1071982	SAMN39869581	SRX23674593	MFD05254.fa			
MFD05255	PRJNA1071982	SAMN39869582	SRX23674594	MFD05255.fa			
MFD05256	PRJNA1071982	SAMN39869583	SRX23674595	MFD05256.fa			
MFD05257	PRJNA1071982	SAMN39869584	SRX23674596	MFD05257.fa			
MFD05258	PRJNA1071982	SAMN39869585	SRX23674597	MFD05258.fa			
MFD05259	PRJNA1071982	SAMN39869586	SRX23675399	MFD05259.fa			
MFD05260	PRJNA1071982	SAMN39869587	SRX23675400	MFD05260.fa			
MFD05261	PRJNA1071982	SAMN39869588	SRX23675678	MFD05261.fa			
MFD05262	PRJNA1071982	SAMN39869589	SRX23676093	MFD05262.fa			
MFD05263	PRJNA1071982	SAMN39869590	SRX23675733	MFD05263.fa			
MFD05264	PRJNA1071982	SAMN39869591	SRX23675760	MFD05264.fa			
MFD05265	PRJNA1071982	SAMN39869592	SRX23675566	MFD05265.fa			
MFD05266	PRJNA1071982	SAMN39869593	SRX23675594	MFD05266.fa			
MFD05267	PRJNA1071982	SAMN39869594	SRX23675623	MFD05267.fa			
MFD05268	PRJNA1071982	SAMN39869595	SRX23676244	MFD05268.fa			
MFD05269	PRJNA1071982	SAMN39869596	SRX23675401	MFD05269.fa			
MFD05270	PRJNA1071982	SAMN39869597	SRX23675412	MFD05270.fa			
MFD05271	PRJNA1071982	SAMN39869598	SRX23675423	MFD05271.fa			
MFD05272	PRJNA1071982	SAMN39869599	SRX23675657	MFD05272.fa			
MFD05273	PRJNA1071982	SAMN39869600	SRX23675668	MFD05273.fa			
MFD05274	PRJNA1071982	SAMN39869601	SRX23675428	MFD05274.fa			
MFD05275	PRJNA1071982	SAMN39869602	SRX23675439	MFD05275.fa			
MFD05276	PRJNA1071982	SAMN39869603	SRX23675450	MFD05276.fa			
MFD05277	PRJNA1071982	SAMN39869604	SRX23675851	MFD05277.fa	SRX23628216	SRX23628215	SRX23662670
MFD05278	PRJNA1071982	SAMN39869605	SRX23675862	MFD05278.fa			
MFD05279	PRJNA1071982	SAMN39869606	SRX23675679	MFD05279.fa			
MFD05280	PRJNA1071982	SAMN39869607	SRX23675690	MFD05280.fa			
MFD05281	PRJNA1071982	SAMN39869608	SRX23675701	MFD05281.fa			
MFD05282	PRJNA1071982	SAMN39869609	SRX23675461	MFD05282.fa			
MFD05283	PRJNA1071982	SAMN39869610	SRX23675472	MFD05283.fa			
MFD05284	PRJNA1071982	SAMN39869611	SRX23675873	MFD05284.fa			
MFD05285	PRJNA1071982	SAMN39869612	SRX23675884	MFD05285.fa			
MFD05286	PRJNA1071982	SAMN39869613	SRX23675895	MFD05286.fa			
MFD05287	PRJNA1071982	SAMN39869614	SRX23676071	MFD05287.fa			
MFD05288	PRJNA1071982	SAMN39869615	SRX23676082	MFD05288.fa			
MFD05289	PRJNA1071982	SAMN39869616	SRX23675483	MFD05289.fa	SRX23628218	SRX23628217	SRX23662671
MFD05290	PRJNA1071982	SAMN39869617	SRX23675494	MFD05290.fa	SRX23628221	SRX23628220	SRX23662672
MFD05291	PRJNA1071982	SAMN39869618	SRX23675505	MFD05291.fa			
MFD05292	PRJNA1071982	SAMN39869619	SRX23675907	MFD05292.fa			
MFD05293	PRJNA1071982	SAMN39869620	SRX23675918	MFD05293.fa			
MFD05294	PRJNA1071982	SAMN39869621	SRX23676094	MFD05294.fa			
MFD05295	PRJNA1071982	SAMN39869622	SRX23676105	MFD05295.fa			
MFD05296	PRJNA1071982	SAMN39869623	SRX23676116	MFD05296.fa			
MFD05297	PRJNA1071982	SAMN39869624	SRX23675711	MFD05297.fa			
MFD05298	PRJNA1071982	SAMN39869625	SRX23675722	MFD05298.fa			
MFD05299	PRJNA1071982	SAMN39869626	SRX23675510	MFD05299.fa			
MFD05300	PRJNA1071982	SAMN39869627	SRX23675521	MFD05300.fa			
MFD05301	PRJNA1071982	SAMN39869628	SRX23675532	MFD05301.fa			
MFD05302	PRJNA1071982	SAMN39869629	SRX23675934	MFD05302.fa			
MFD05303	PRJNA1071982	SAMN39869630	SRX23675945	MFD05303.fa			
MFD05304	PRJNA1071982	SAMN39869631	SRX23675956	MFD05304.fa			
MFD05305	PRJNA1071982	SAMN39869632	SRX23676132	MFD05305.fa			
MFD05306	PRJNA1071982	SAMN39869633	SRX23676143	MFD05306.fa			
MFD05307	PRJNA1071982	SAMN39869634	SRX23675738	MFD05307.fa			
MFD05308	PRJNA1071982	SAMN39869635	SRX23675749	MFD05308.fa			
MFD05309	PRJNA1071982	SAMN39869636	SRX23675761	MFD05309.fa			
MFD05310	PRJNA1071982	SAMN39869637	SRX23675548	MFD05310.fa			
MFD05311	PRJNA1071982	SAMN39869638	SRX23675559	MFD05311.fa			
MFD05312	PRJNA1071982	SAMN39869639	SRX23675961	MFD05312.fa			
MFD05313	PRJNA1071982	SAMN39869640	SRX23675972	MFD05313.fa			
MFD05314	PRJNA1071982	SAMN39869641	SRX23676150	MFD05314.fa			
MFD05315	PRJNA1071982	SAMN39869642	SRX23676161	MFD05315.fa			
MFD05316	PRJNA1071982	SAMN39869643	SRX23676172	MFD05316.fa			
MFD05317	PRJNA1071982	SAMN39869644	SRX23675768	MFD05317.fa			
MFD05318	PRJNA1071982	SAMN39869645	SRX23675779	MFD05318.fa			
MFD05319	PRJNA1071982	SAMN39869646	SRX23675567	MFD05319.fa			
MFD05320	PRJNA1071982	SAMN39869647	SRX23675578	MFD05320.fa			
MFD05321	PRJNA1071982	SAMN39869648	SRX23675589	MFD05321.fa			
MFD05322	PRJNA1071982	SAMN39869649	SRX23675989	MFD05322.fa			
MFD05323	PRJNA1071982	SAMN39869650	SRX23676000	MFD05323.fa			
MFD05324	PRJNA1071982	SAMN39869651	SRX23676177	MFD05324.fa			
MFD05325	PRJNA1071982	SAMN39869652	SRX23676188	MFD05325.fa			
MFD05326	PRJNA1071982	SAMN39869653	SRX23676199	MFD05326.fa			
MFD05327	PRJNA1071982	SAMN39869654	SRX23675795	MFD05327.fa			
MFD05328	PRJNA1071982	SAMN39869655	SRX23675806	MFD05328.fa			
MFD05329	PRJNA1071982	SAMN39869656	SRX23675595	MFD05329.fa			
MFD05330	PRJNA1071982	SAMN39869657	SRX23675606	MFD05330.fa			
MFD05331	PRJNA1071982	SAMN39869658	SRX23675617	MFD05331.fa	SRX23628223	SRX23628222	SRX23662673
MFD05332	PRJNA1071982	SAMN39869659	SRX23676017	MFD05332.fa			
MFD05333	PRJNA1071982	SAMN39869660	SRX23676028	MFD05333.fa			
MFD05334	PRJNA1071982	SAMN39869661	SRX23676206	MFD05334.fa			
MFD05335	PRJNA1071982	SAMN39869662	SRX23676217	MFD05335.fa			
MFD05336	PRJNA1071982	SAMN39869663	SRX23676228	MFD05336.fa			
MFD05337	PRJNA1071982	SAMN39869664	SRX23675824	MFD05337.fa	SRX23628225	SRX23628224	SRX23662674
MFD05338	PRJNA1071982	SAMN39869665	SRX23675835	MFD05338.fa			
MFD05339	PRJNA1071982	SAMN39869666	SRX23675624	MFD05339.fa			
MFD05340	PRJNA1071982	SAMN39869667	SRX23675635	MFD05340.fa			
MFD05341	PRJNA1071982	SAMN39869668	SRX23675646	MFD05341.fa			
MFD05342	PRJNA1071982	SAMN39869669	SRX23676045	MFD05342.fa			
MFD05343	PRJNA1071982	SAMN39869670	SRX23676056	MFD05343.fa			
MFD05344	PRJNA1071982	SAMN39869671	SRX23676233	MFD05344.fa			
MFD05345	PRJNA1071982	SAMN39869672	SRX23676240	MFD05345.fa			
MFD05346	PRJNA1071982	SAMN39869673	SRX23676241	MFD05346.fa			
MFD05347	PRJNA1071982	SAMN39869674	SRX23676242	MFD05347.fa			
MFD05348	PRJNA1071982	SAMN39869675	SRX23676243	MFD05348.fa			
MFD05349	PRJNA1071982	SAMN39869676	SRX23676245	MFD05349.fa			
MFD05350	PRJNA1071982	SAMN39869677	SRX23676246	MFD05350.fa			
MFD05351	PRJNA1071982	SAMN39869678	SRX23676247	MFD05351.fa			
MFD05352	PRJNA1071982	SAMN39869679	SRX23676248	MFD05352.fa			
MFD05353	PRJNA1071982	SAMN39869680	SRX23676249	MFD05353.fa			
MFD05354	PRJNA1071982	SAMN39869681	SRX23676250	MFD05354.fa			
MFD05355	PRJNA1071982	SAMN39869682	SRX23676251	MFD05355.fa			
MFD05356	PRJNA1071982	SAMN39869683	SRX23676252	MFD05356.fa			
MFD05357	PRJNA1071982	SAMN39869684	SRX23676253	MFD05357.fa			
MFD05358	PRJNA1071982	SAMN39869685	SRX23676254	MFD05358.fa			
MFD05359	PRJNA1071982	SAMN39869686	SRX23675402	MFD05359.fa			
MFD05360	PRJNA1071982	SAMN39869687	SRX23675403	MFD05360.fa	SRX23627779	SRX23628226	SRX23662675
MFD05361	PRJNA1071982	SAMN39869688	SRX23675404	MFD05361.fa			
MFD05362	PRJNA1071982	SAMN39869689	SRX23675405	MFD05362.fa			
MFD05363	PRJNA1071982	SAMN39869690	SRX23675406	MFD05363.fa			
MFD05364	PRJNA1071982	SAMN39869691	SRX23675407	MFD05364.fa			
MFD05365	PRJNA1071982	SAMN39869692	SRX23675408	MFD05365.fa			
MFD05366	PRJNA1071982	SAMN39869693	SRX23675409	MFD05366.fa			
MFD05367	PRJNA1071982	SAMN39869694	SRX23675410	MFD05367.fa			
MFD05368	PRJNA1071982	SAMN39869695	SRX23675411	MFD05368.fa			
MFD05369	PRJNA1071982	SAMN39869696	SRX23675413	MFD05369.fa			
MFD05370	PRJNA1071982	SAMN39869697	SRX23675414	MFD05370.fa			
MFD05371	PRJNA1071982	SAMN39869698	SRX23675415	MFD05371.fa			
MFD05372	PRJNA1071982	SAMN39869699	SRX23675416	MFD05372.fa			
MFD05373	PRJNA1071982	SAMN39869700	SRX23675417	MFD05373.fa			
MFD05374	PRJNA1071982	SAMN39869701	SRX23675418	MFD05374.fa			
MFD05375	PRJNA1071982	SAMN39869702	SRX23675419	MFD05375.fa			
MFD05376	PRJNA1071982	SAMN39869703	SRX23675420	MFD05376.fa			
MFD05377	PRJNA1071982	SAMN39869704	SRX23675421	MFD05377.fa	SRX23627781	SRX23627780	SRX23662676
MFD05378	PRJNA1071982	SAMN39869705	SRX23675422	MFD05378.fa			
MFD05379	PRJNA1071982	SAMN39869706	SRX23675424	MFD05379.fa			
MFD05380	PRJNA1071982	SAMN39869707	SRX23675425	MFD05380.fa			
MFD05381	PRJNA1071982	SAMN39869708	SRX23675426	MFD05381.fa			
MFD05382	PRJNA1071982	SAMN39869709	SRX23675650	MFD05382.fa			
MFD05383	PRJNA1071982	SAMN39869710	SRX23675651	MFD05383.fa			
MFD05384	PRJNA1071982	SAMN39869711	SRX23675652	MFD05384.fa			
MFD05385	PRJNA1071982	SAMN39869712	SRX23675653	MFD05385.fa			
MFD05386	PRJNA1071982	SAMN39869713	SRX23675654	MFD05386.fa			
MFD05387	PRJNA1071982	SAMN39869714	SRX23675655	MFD05387.fa			
MFD05388	PRJNA1071982	SAMN39869715	SRX23675656	MFD05388.fa			
MFD05389	PRJNA1071982	SAMN39869716	SRX23675658	MFD05389.fa			
MFD05390	PRJNA1071982	SAMN39869717	SRX23675659	MFD05390.fa			
MFD05391	PRJNA1071982	SAMN39869718	SRX23675660	MFD05391.fa			
MFD05392	PRJNA1071982	SAMN39869719	SRX23675661	MFD05392.fa			
MFD05393	PRJNA1071982	SAMN39869720	SRX23675662	MFD05393.fa			
MFD05394	PRJNA1071982	SAMN39869721	SRX23675663	MFD05394.fa			
MFD05396	PRJNA1071982	SAMN39869722	SRX23675664	MFD05396.fa			
MFD05397	PRJNA1071982	SAMN39869723	SRX23675665	MFD05397.fa			
MFD05398	PRJNA1071982	SAMN39869724	SRX23675666	MFD05398.fa			
MFD05399	PRJNA1071982	SAMN39869725	SRX23675667	MFD05399.fa			
MFD05400	PRJNA1071982	SAMN39869726	SRX23675669	MFD05400.fa			
MFD05401	PRJNA1071982	SAMN39869727	SRX23675670	MFD05401.fa			
MFD05402	PRJNA1071982	SAMN39869728	SRX23675671	MFD05402.fa			
MFD05403	PRJNA1071982	SAMN39869729	SRX23675672	MFD05403.fa			
MFD05404	PRJNA1071982	SAMN39869730	SRX23675673	MFD05404.fa			
MFD05405	PRJNA1071982	SAMN39869731	SRX23675674	MFD05405.fa			
MFD05406	PRJNA1071982	SAMN39869732	SRX23675675	MFD05406.fa			
MFD05407	PRJNA1071982	SAMN39869733	SRX23675676	MFD05407.fa			
MFD05408	PRJNA1071982	SAMN39869734	SRX23675677	MFD05408.fa			
MFD05409	PRJNA1071982	SAMN39869735	SRX23675427	MFD05409.fa			
MFD05410	PRJNA1071982	SAMN39869736	SRX23675429	MFD05410.fa			
MFD05411	PRJNA1071982	SAMN39869737	SRX23675430	MFD05411.fa			
MFD05412	PRJNA1071982	SAMN39869738	SRX23675431	MFD05412.fa			
MFD05413	PRJNA1071982	SAMN39869739	SRX23675432	MFD05413.fa			
MFD05414	PRJNA1071982	SAMN39869740	SRX23675433	MFD05414.fa	SRX23627784	SRX23627783	SRX23662677
MFD05415	PRJNA1071982	SAMN39869741	SRX23675434	MFD05415.fa			
MFD05416	PRJNA1071982	SAMN39869742	SRX23675435	MFD05416.fa			
MFD05417	PRJNA1071982	SAMN39869743	SRX23675436	MFD05417.fa			
MFD05418	PRJNA1071982	SAMN39869744	SRX23675437	MFD05418.fa			
MFD05419	PRJNA1071982	SAMN39869745	SRX23675438	MFD05419.fa			
MFD05420	PRJNA1071982	SAMN39869746	SRX23675440	MFD05420.fa			
MFD05421	PRJNA1071982	SAMN39869747	SRX23675441	MFD05421.fa			
MFD05422	PRJNA1071982	SAMN39869748	SRX23675442	MFD05422.fa			
MFD05423	PRJNA1071982	SAMN39869749	SRX23675443	MFD05423.fa			
MFD05424	PRJNA1071982	SAMN39869750	SRX23675444	MFD05424.fa			
MFD05425	PRJNA1071982	SAMN39869751	SRX23675445	MFD05425.fa			
MFD05426	PRJNA1071982	SAMN39869752	SRX23675446	MFD05426.fa			
MFD05427	PRJNA1071982	SAMN39869753	SRX23675447	MFD05427.fa			
MFD05428	PRJNA1071982	SAMN39869754	SRX23675448	MFD05428.fa			
MFD05429	PRJNA1071982	SAMN39869755	SRX23675449	MFD05429.fa			
MFD05430	PRJNA1071982	SAMN39869756	SRX23675451	MFD05430.fa			
MFD05431	PRJNA1071982	SAMN39869757	SRX23675452	MFD05431.fa			
MFD05432	PRJNA1071982	SAMN39869758	SRX23675453	MFD05432.fa			
MFD05433	PRJNA1071982	SAMN39869759	SRX23675454	MFD05433.fa			
MFD05434	PRJNA1071982	SAMN39869760	SRX23675845	MFD05434.fa			
MFD05435	PRJNA1071982	SAMN39869761	SRX23675846	MFD05435.fa			
MFD05436	PRJNA1071982	SAMN39869762	SRX23675847	MFD05436.fa			
MFD05437	PRJNA1071982	SAMN39869763	SRX23675848	MFD05437.fa			
MFD05438	PRJNA1071982	SAMN39869764	SRX23675849	MFD05438.fa			
MFD05439	PRJNA1071982	SAMN39869765	SRX23675850	MFD05439.fa			
MFD05440	PRJNA1071982	SAMN39869766	SRX23675852	MFD05440.fa			
MFD05441	PRJNA1071982	SAMN39869767	SRX23675853	MFD05441.fa			
MFD05442	PRJNA1071982	SAMN39869768	SRX23675854	MFD05442.fa			
MFD05443	PRJNA1071982	SAMN39869769	SRX23675855	MFD05443.fa			
MFD05444	PRJNA1071982	SAMN39869770	SRX23675856	MFD05444.fa			
MFD05445	PRJNA1071982	SAMN39869771	SRX23675857	MFD05445.fa			
MFD05446	PRJNA1071982	SAMN39869772	SRX23675858	MFD05446.fa			
MFD05447	PRJNA1071982	SAMN39869773	SRX23675859	MFD05447.fa			
MFD05448	PRJNA1071982	SAMN39869774	SRX23675860	MFD05448.fa	SRX23627786	SRX23627785	SRX23662776
MFD05449	PRJNA1071982	SAMN39869775	SRX23675861	MFD05449.fa			
MFD05450	PRJNA1071982	SAMN39869776	SRX23675863	MFD05450.fa			
MFD05451	PRJNA1071982	SAMN39869777	SRX23675864	MFD05451.fa			
MFD05452	PRJNA1071982	SAMN39869778	SRX23675865	MFD05452.fa			
MFD05453	PRJNA1071982	SAMN39869779	SRX23675866	MFD05453.fa			
MFD05454	PRJNA1071982	SAMN39869780	SRX23675867	MFD05454.fa			
MFD05455	PRJNA1071982	SAMN39869781	SRX23675868	MFD05455.fa			
MFD05456	PRJNA1071982	SAMN39869782	SRX23675869	MFD05456.fa			
MFD05457	PRJNA1071982	SAMN39869783	SRX23675870	MFD05457.fa			
MFD05458	PRJNA1071982	SAMN39869784	SRX23675871	MFD05458.fa			
MFD05459	PRJNA1071982	SAMN39869785	SRX23675872	MFD05459.fa			
MFD05460	PRJNA1071982	SAMN39869786	SRX23675680	MFD05460.fa			
MFD05461	PRJNA1071982	SAMN39869787	SRX23675681	MFD05461.fa			
MFD05462	PRJNA1071982	SAMN39869788	SRX23675682	MFD05462.fa			
MFD05463	PRJNA1071982	SAMN39869789	SRX23675683	MFD05463.fa			
MFD05464	PRJNA1071982	SAMN39869790	SRX23675684	MFD05464.fa			
MFD05465	PRJNA1071982	SAMN39869791	SRX23675685	MFD05465.fa			
MFD05466	PRJNA1071982	SAMN39869792	SRX23675686	MFD05466.fa	SRX23627788	SRX23627787	SRX23662777
MFD05467	PRJNA1071982	SAMN39869793	SRX23675687	MFD05467.fa			
MFD05468	PRJNA1071982	SAMN39869794	SRX23675688	MFD05468.fa			
MFD05469	PRJNA1071982	SAMN39869795	SRX23675689	MFD05469.fa			
MFD05470	PRJNA1071982	SAMN39869796	SRX23675691	MFD05470.fa			
MFD05471	PRJNA1071982	SAMN39869797	SRX23675692	MFD05471.fa	SRX23627790	SRX23627789	SRX23662778
MFD05472	PRJNA1071982	SAMN39869798	SRX23675693	MFD05472.fa			
MFD05473	PRJNA1071982	SAMN39869799	SRX23675694	MFD05473.fa			
MFD05474	PRJNA1071982	SAMN39869800	SRX23675695	MFD05474.fa			
MFD05475	PRJNA1071982	SAMN39869801	SRX23675696	MFD05475.fa			
MFD05476	PRJNA1071982	SAMN39869802	SRX23675697	MFD05476.fa			
MFD05477	PRJNA1071982	SAMN39869803	SRX23675698	MFD05477.fa			
MFD05478	PRJNA1071982	SAMN39869804	SRX23675699	MFD05478.fa			
MFD05479	PRJNA1071982	SAMN39869805	SRX23675700	MFD05479.fa	SRX23627792	SRX23627791	SRX23662779
MFD05480	PRJNA1071982	SAMN39869806	SRX23675702	MFD05480.fa			
MFD05481	PRJNA1071982	SAMN39869807	SRX23675703	MFD05481.fa			
MFD05482	PRJNA1071982	SAMN39869808	SRX23675704	MFD05482.fa			
MFD05483	PRJNA1071982	SAMN39869809	SRX23675705	MFD05483.fa			
MFD05484	PRJNA1071982	SAMN39869810	SRX23675455	MFD05484.fa			
MFD05485	PRJNA1071982	SAMN39869811	SRX23675456	MFD05485.fa			
MFD05486	PRJNA1071982	SAMN39869812	SRX23675457	MFD05486.fa			
MFD05487	PRJNA1071982	SAMN39869813	SRX23675458	MFD05487.fa			
MFD05488	PRJNA1071982	SAMN39869814	SRX23675459	MFD05488.fa			
MFD05489	PRJNA1071982	SAMN39869815	SRX23675460	MFD05489.fa			
MFD05490	PRJNA1071982	SAMN39869816	SRX23675462	MFD05490.fa			
MFD05491	PRJNA1071982	SAMN39869817	SRX23675463	MFD05491.fa			
MFD05492	PRJNA1071982	SAMN39869818	SRX23675464	MFD05492.fa			
MFD05493	PRJNA1071982	SAMN39869819	SRX23675465	MFD05493.fa			
MFD05494	PRJNA1071982	SAMN39869820	SRX23675466	MFD05494.fa			
MFD05495	PRJNA1071982	SAMN39869821	SRX23675467	MFD05495.fa			
MFD05496	PRJNA1071982	SAMN39869822	SRX23675468	MFD05496.fa			
MFD05497	PRJNA1071982	SAMN39869823	SRX23675469	MFD05497.fa			
MFD05498	PRJNA1071982	SAMN39869824	SRX23675470	MFD05498.fa			
MFD05499	PRJNA1071982	SAMN39869825	SRX23675471	MFD05499.fa			
MFD05500	PRJNA1071982	SAMN39869826	SRX23675473	MFD05500.fa			
MFD05501	PRJNA1071982	SAMN39869827	SRX23675474	MFD05501.fa			
MFD05502	PRJNA1071982	SAMN39869828	SRX23675475	MFD05502.fa			
MFD05503	PRJNA1071982	SAMN39869829	SRX23675476	MFD05503.fa			
MFD05504	PRJNA1071982	SAMN39869830	SRX23675477	MFD05504.fa			
MFD05505	PRJNA1071982	SAMN39869831	SRX23675478	MFD05505.fa			
MFD05506	PRJNA1071982	SAMN39869832	SRX23675479	MFD05506.fa	SRX23627795	SRX23627794	SRX23662780
MFD05507	PRJNA1071982	SAMN39869833	SRX23675480	MFD05507.fa			
MFD05508	PRJNA1071982	SAMN39869834	SRX23675481	MFD05508.fa			
MFD05509	PRJNA1071982	SAMN39869835	SRX23675482	MFD05509.fa	SRX23627797	SRX23627796	SRX23662781
MFD05510	PRJNA1071982	SAMN39869836	SRX23675874	MFD05510.fa			
MFD05511	PRJNA1071982	SAMN39869837	SRX23675875	MFD05511.fa			
MFD05512	PRJNA1071982	SAMN39869838	SRX23675876	MFD05512.fa			
MFD05513	PRJNA1071982	SAMN39869839	SRX23675877	MFD05513.fa			
MFD05514	PRJNA1071982	SAMN39869840	SRX23675878	MFD05514.fa			
MFD05515	PRJNA1071982	SAMN39869841	SRX23675879	MFD05515.fa			
MFD05516	PRJNA1071982	SAMN39869842	SRX23675880	MFD05516.fa			
MFD05517	PRJNA1071982	SAMN39869843	SRX23675881	MFD05517.fa			
MFD05518	PRJNA1071982	SAMN39869844	SRX23675882	MFD05518.fa			
MFD05519	PRJNA1071982	SAMN39869845	SRX23675883	MFD05519.fa			
MFD05520	PRJNA1071982	SAMN39869846	SRX23675885	MFD05520.fa			
MFD05521	PRJNA1071982	SAMN39869847	SRX23675886	MFD05521.fa			
MFD05522	PRJNA1071982	SAMN39869848	SRX23675887	MFD05522.fa			
MFD05523	PRJNA1071982	SAMN39869849	SRX23675888	MFD05523.fa			
MFD05524	PRJNA1071982	SAMN39869850	SRX23675889	MFD05524.fa			
MFD05525	PRJNA1071982	SAMN39869851	SRX23675890	MFD05525.fa			
MFD05526	PRJNA1071982	SAMN39869852	SRX23675891	MFD05526.fa			
MFD05527	PRJNA1071982	SAMN39869853	SRX23675892	MFD05527.fa			
MFD05528	PRJNA1071982	SAMN39869854	SRX23675893	MFD05528.fa			
MFD05529	PRJNA1071982	SAMN39869855	SRX23675894	MFD05529.fa			
MFD05530	PRJNA1071982	SAMN39869856	SRX23675896	MFD05530.fa			
MFD05531	PRJNA1071982	SAMN39869857	SRX23675897	MFD05531.fa			
MFD05532	PRJNA1071982	SAMN39869858	SRX23675898	MFD05532.fa			
MFD05533	PRJNA1071982	SAMN39869859	SRX23675899	MFD05533.fa			
MFD05534	PRJNA1071982	SAMN39869860	SRX23675900	MFD05534.fa	SRX23627799	SRX23627798	SRX23662782
MFD05535	PRJNA1071982	SAMN39869861	SRX23676066	MFD05535.fa			
MFD05536	PRJNA1071982	SAMN39869862	SRX23676067	MFD05536.fa			
MFD05537	PRJNA1071982	SAMN39869863	SRX23676068	MFD05537.fa			
MFD05538	PRJNA1071982	SAMN39869864	SRX23676069	MFD05538.fa			
MFD05539	PRJNA1071982	SAMN39869865	SRX23676070	MFD05539.fa			
MFD05540	PRJNA1071982	SAMN39869866	SRX23676072	MFD05540.fa			
MFD05541	PRJNA1071982	SAMN39869867	SRX23676073	MFD05541.fa			
MFD05542	PRJNA1071982	SAMN39869868	SRX23676074	MFD05542.fa			
MFD05543	PRJNA1071982	SAMN39869869	SRX23676075	MFD05543.fa			
MFD05544	PRJNA1071982	SAMN39869870	SRX23676076	MFD05544.fa			
MFD05545	PRJNA1071982	SAMN39869871	SRX23676077	MFD05545.fa			
MFD05546	PRJNA1071982	SAMN39869872	SRX23676078	MFD05546.fa			
MFD05547	PRJNA1071982	SAMN39869873	SRX23676079	MFD05547.fa			
MFD05548	PRJNA1071982	SAMN39869874	SRX23676080	MFD05548.fa			
MFD05549	PRJNA1071982	SAMN39869875	SRX23676081	MFD05549.fa			
MFD05550	PRJNA1071982	SAMN39869876	SRX23676083	MFD05550.fa			
MFD05551	PRJNA1071982	SAMN39869877	SRX23676084	MFD05551.fa			
MFD05552	PRJNA1071982	SAMN39869878	SRX23676085	MFD05552.fa			
MFD05553	PRJNA1071982	SAMN39869879	SRX23676086	MFD05553.fa			
MFD05554	PRJNA1071982	SAMN39869880	SRX23676087	MFD05554.fa			
MFD05555	PRJNA1071982	SAMN39869881	SRX23676088	MFD05555.fa			
MFD05556	PRJNA1071982	SAMN39869882	SRX23676089	MFD05556.fa			
MFD05557	PRJNA1071982	SAMN39869883	SRX23676090	MFD05557.fa			
MFD05558	PRJNA1071982	SAMN39874951	SRX23676091	MFD05558.fa			
MFD05559	PRJNA1071982	SAMN39869884	SRX23676092	MFD05559.fa			
MFD05561	PRJNA1071982	SAMN39869885	SRX23675484	MFD05561.fa			
MFD05562	PRJNA1071982	SAMN39869886	SRX23675485	MFD05562.fa			
MFD05563	PRJNA1071982	SAMN39869887	SRX23675486	MFD05563.fa			
MFD05564	PRJNA1071982	SAMN39869888	SRX23675487	MFD05564.fa			
MFD05565	PRJNA1071982	SAMN39869889	SRX23675488	MFD05565.fa			
MFD05566	PRJNA1071982	SAMN39869890	SRX23675489	MFD05566.fa			
MFD05567	PRJNA1071982	SAMN39869891	SRX23675490	MFD05567.fa			
MFD05568	PRJNA1071982	SAMN39869892	SRX23675491	MFD05568.fa			
MFD05569	PRJNA1071982	SAMN39869893	SRX23675492	MFD05569.fa			
MFD05570	PRJNA1071982	SAMN39869894	SRX23675493	MFD05570.fa			
MFD05571	PRJNA1071982	SAMN39869895	SRX23675495	MFD05571.fa			
MFD05572	PRJNA1071982	SAMN39869896	SRX23675496	MFD05572.fa			
MFD05573	PRJNA1071982	SAMN39869897	SRX23675497	MFD05573.fa			
MFD05574	PRJNA1071982	SAMN39869898	SRX23675498	MFD05574.fa			
MFD05575	PRJNA1071982	SAMN39869899	SRX23675499	MFD05575.fa			
MFD05576	PRJNA1071982	SAMN39869900	SRX23675500	MFD05576.fa			
MFD05577	PRJNA1071982	SAMN39869901	SRX23675501	MFD05577.fa			
MFD05578	PRJNA1071982	SAMN39869902	SRX23675502	MFD05578.fa			
MFD05579	PRJNA1071982	SAMN39869903	SRX23675503	MFD05579.fa			
MFD05580	PRJNA1071982	SAMN39869904	SRX23675504	MFD05580.fa			
MFD05581	PRJNA1071982	SAMN39869905	SRX23675506	MFD05581.fa	SRX23627801	SRX23627800	SRX23662783
MFD05582	PRJNA1071982	SAMN39869906	SRX23675507	MFD05582.fa			
MFD05583	PRJNA1071982	SAMN39869907	SRX23675508	MFD05583.fa			
MFD05584	PRJNA1071982	SAMN39869908	SRX23675509	MFD05584.fa			
MFD05585	PRJNA1071982	SAMN39869909	SRX23675901	MFD05585.fa			
MFD05586	PRJNA1071982	SAMN39869910	SRX23675902	MFD05586.fa			
MFD05587	PRJNA1071982	SAMN39869911	SRX23675903	MFD05587.fa			
MFD05588	PRJNA1071982	SAMN39869912	SRX23675904	MFD05588.fa			
MFD05589	PRJNA1071982	SAMN39869913	SRX23675905	MFD05589.fa			
MFD05590	PRJNA1071982	SAMN39869914	SRX23675906	MFD05590.fa			
MFD05591	PRJNA1071982	SAMN39869915	SRX23675908	MFD05591.fa			
MFD05592	PRJNA1071982	SAMN39869916	SRX23675909	MFD05592.fa			
MFD05593	PRJNA1071982	SAMN39869917	SRX23675910	MFD05593.fa			
MFD05594	PRJNA1071982	SAMN39869918	SRX23675911	MFD05594.fa			
MFD05595	PRJNA1071982	SAMN39869919	SRX23675912	MFD05595.fa			
MFD05596	PRJNA1071982	SAMN39869920	SRX23675913	MFD05596.fa			
MFD05597	PRJNA1071982	SAMN39869921	SRX23675914	MFD05597.fa			
MFD05598	PRJNA1071982	SAMN39869922	SRX23675915	MFD05598.fa			
MFD05599	PRJNA1071982	SAMN39869923	SRX23675916	MFD05599.fa			
MFD05600	PRJNA1071982	SAMN39869924	SRX23675917	MFD05600.fa			
MFD05601	PRJNA1071982	SAMN39869925	SRX23675919	MFD05601.fa			
MFD05602	PRJNA1071982	SAMN39869926	SRX23675920	MFD05602.fa			
MFD05603	PRJNA1071982	SAMN39869927	SRX23675921	MFD05603.fa			
MFD05604	PRJNA1071982	SAMN39869928	SRX23675922	MFD05604.fa			
MFD05605	PRJNA1071982	SAMN39869929	SRX23675923	MFD05605.fa			
MFD05606	PRJNA1071982	SAMN39869930	SRX23675924	MFD05606.fa	SRX23627803	SRX23627802	SRX23662784
MFD05607	PRJNA1071982	SAMN39869931	SRX23675925	MFD05607.fa			
MFD05608	PRJNA1071982	SAMN39869932	SRX23675926	MFD05608.fa			
MFD05609	PRJNA1071982	SAMN39869933	SRX23675927	MFD05609.fa			
MFD05610	PRJNA1071982	SAMN39869934	SRX23675928	MFD05610.fa			
MFD05611	PRJNA1071982	SAMN39869935	SRX23676095	MFD05611.fa			
MFD05612	PRJNA1071982	SAMN39869936	SRX23676096	MFD05612.fa			
MFD05613	PRJNA1071982	SAMN39869937	SRX23676097	MFD05613.fa			
MFD05614	PRJNA1071982	SAMN39869938	SRX23676098	MFD05614.fa			
MFD05615	PRJNA1071982	SAMN39869939	SRX23676099	MFD05615.fa			
MFD05616	PRJNA1071982	SAMN39869940	SRX23676100	MFD05616.fa			
MFD05617	PRJNA1071982	SAMN39869941	SRX23676101	MFD05617.fa			
MFD05618	PRJNA1071982	SAMN39869942	SRX23676102	MFD05618.fa			
MFD05619	PRJNA1071982	SAMN39869943	SRX23676103	MFD05619.fa			
MFD05620	PRJNA1071982	SAMN39869944	SRX23676104	MFD05620.fa			
MFD05621	PRJNA1071982	SAMN39869945	SRX23676106	MFD05621.fa			
MFD05622	PRJNA1071982	SAMN39869946	SRX23676107	MFD05622.fa	SRX23627806	SRX23627805	SRX23662785
MFD05623	PRJNA1071982	SAMN39869947	SRX23676108	MFD05623.fa			
MFD05624	PRJNA1071982	SAMN39869948	SRX23676109	MFD05624.fa			
MFD05625	PRJNA1071982	SAMN39869949	SRX23676110	MFD05625.fa			
MFD05626	PRJNA1071982	SAMN39869950	SRX23676111	MFD05626.fa			
MFD05627	PRJNA1071982	SAMN39869951	SRX23676112	MFD05627.fa			
MFD05628	PRJNA1071982	SAMN39869952	SRX23676113	MFD05628.fa			
MFD05629	PRJNA1071982	SAMN39869953	SRX23676114	MFD05629.fa			
MFD05630	PRJNA1071982	SAMN39869954	SRX23676115	MFD05630.fa			
MFD05631	PRJNA1071982	SAMN39869955	SRX23676117	MFD05631.fa			
MFD05632	PRJNA1071982	SAMN39869956	SRX23676118	MFD05632.fa			
MFD05633	PRJNA1071982	SAMN39869957	SRX23676119	MFD05633.fa			
MFD05634	PRJNA1071982	SAMN39869958	SRX23676120	MFD05634.fa			
MFD05635	PRJNA1071982	SAMN39869959	SRX23676121	MFD05635.fa			
MFD05636	PRJNA1071982	SAMN39869960	SRX23675706	MFD05636.fa			
MFD05637	PRJNA1071982	SAMN39869961	SRX23675707	MFD05637.fa			
MFD05638	PRJNA1071982	SAMN39869962	SRX23675708	MFD05638.fa			
MFD05639	PRJNA1071982	SAMN39869963	SRX23675709	MFD05639.fa			
MFD05640	PRJNA1071982	SAMN39869964	SRX23675710	MFD05640.fa	SRX23627808	SRX23627807	SRX23662787
MFD05641	PRJNA1071982	SAMN39869965	SRX23675712	MFD05641.fa			
MFD05642	PRJNA1071982	SAMN39869966	SRX23675713	MFD05642.fa			
MFD05643	PRJNA1071982	SAMN39869967	SRX23675714	MFD05643.fa			
MFD05644	PRJNA1071982	SAMN39869968	SRX23675715	MFD05644.fa			
MFD05645	PRJNA1071982	SAMN39869969	SRX23675716	MFD05645.fa			
MFD05646	PRJNA1071982	SAMN39869970	SRX23675717	MFD05646.fa			
MFD05647	PRJNA1071982	SAMN39869971	SRX23675718	MFD05647.fa			
MFD05648	PRJNA1071982	SAMN39869972	SRX23675719	MFD05648.fa			
MFD05649	PRJNA1071982	SAMN39869973	SRX23675720	MFD05649.fa			
MFD05650	PRJNA1071982	SAMN39869974	SRX23675721	MFD05650.fa			
MFD05651	PRJNA1071982	SAMN39869975	SRX23675723	MFD05651.fa			
MFD05652	PRJNA1071982	SAMN39869976	SRX23675724	MFD05652.fa			
MFD05653	PRJNA1071982	SAMN39869977	SRX23675725	MFD05653.fa			
MFD05654	PRJNA1071982	SAMN39869978	SRX23675726	MFD05654.fa			
MFD05655	PRJNA1071982	SAMN39869979	SRX23675727	MFD05655.fa			
MFD05656	PRJNA1071982	SAMN39869980	SRX23675728	MFD05656.fa			
MFD05657	PRJNA1071982	SAMN39869981	SRX23675729	MFD05657.fa			
MFD05658	PRJNA1071982	SAMN39869982	SRX23675730	MFD05658.fa			
MFD05659	PRJNA1071982	SAMN39869983	SRX23675731	MFD05659.fa			
MFD05660	PRJNA1071982	SAMN39869984	SRX23675732	MFD05660.fa			
MFD05661	PRJNA1071982	SAMN39869985	SRX23675511	MFD05661.fa			
MFD05662	PRJNA1071982	SAMN39869986	SRX23675512	MFD05662.fa			
MFD05663	PRJNA1071982	SAMN39869987	SRX23675513	MFD05663.fa			
MFD05664	PRJNA1071982	SAMN39869988	SRX23675514	MFD05664.fa			
MFD05665	PRJNA1071982	SAMN39869989	SRX23675515	MFD05665.fa			
MFD05666	PRJNA1071982	SAMN39869990	SRX23675516	MFD05666.fa	SRX23627810	SRX23627809	SRX23662788
MFD05667	PRJNA1071982	SAMN39869991	SRX23675517	MFD05667.fa			
MFD05668	PRJNA1071982	SAMN39869992	SRX23675518	MFD05668.fa			
MFD05669	PRJNA1071982	SAMN39869993	SRX23675519	MFD05669.fa			
MFD05670	PRJNA1071982	SAMN39874952	SRX23675520	MFD05670.fa			
MFD05671	PRJNA1071982	SAMN39869994	SRX23675522	MFD05671.fa			
MFD05672	PRJNA1071982	SAMN39869995	SRX23675523	MFD05672.fa			
MFD05673	PRJNA1071982	SAMN39869996	SRX23675524	MFD05673.fa			
MFD05674	PRJNA1071982	SAMN39869997	SRX23675525	MFD05674.fa			
MFD05675	PRJNA1071982	SAMN39869998	SRX23675526	MFD05675.fa			
MFD05676	PRJNA1071982	SAMN39869999	SRX23675527	MFD05676.fa			
MFD05677	PRJNA1071982	SAMN39870000	SRX23675528	MFD05677.fa			
MFD05678	PRJNA1071982	SAMN39870001	SRX23675529	MFD05678.fa			
MFD05679	PRJNA1071982	SAMN39870002	SRX23675530	MFD05679.fa			
MFD05680	PRJNA1071982	SAMN39870003	SRX23675531	MFD05680.fa			
MFD05681	PRJNA1071982	SAMN39870004	SRX23675533	MFD05681.fa			
MFD05682	PRJNA1071982	SAMN39870005	SRX23675534	MFD05682.fa			
MFD05683	PRJNA1071982	SAMN39870006	SRX23675535	MFD05683.fa			
MFD05684	PRJNA1071982	SAMN39870007	SRX23675536	MFD05684.fa			
MFD05685	PRJNA1071982	SAMN39870008	SRX23675537	MFD05685.fa			
MFD05686	PRJNA1071982	SAMN39870009	SRX23675929	MFD05686.fa			
MFD05687	PRJNA1071982	SAMN39870010	SRX23675930	MFD05687.fa			
MFD05688	PRJNA1071982	SAMN39870011	SRX23675931	MFD05688.fa			
MFD05689	PRJNA1071982	SAMN39870012	SRX23675932	MFD05689.fa			
MFD05690	PRJNA1071982	SAMN39870013	SRX23675933	MFD05690.fa			
MFD05691	PRJNA1071982	SAMN39870014	SRX23675935	MFD05691.fa			
MFD05692	PRJNA1071982	SAMN39870015	SRX23675936	MFD05692.fa			
MFD05693	PRJNA1071982	SAMN39870016	SRX23675937	MFD05693.fa			
MFD05694	PRJNA1071982	SAMN39870017	SRX23675938	MFD05694.fa			
MFD05695	PRJNA1071982	SAMN39870018	SRX23675939	MFD05695.fa			
MFD05696	PRJNA1071982	SAMN39870019	SRX23675940	MFD05696.fa			
MFD05697	PRJNA1071982	SAMN39870020	SRX23675941	MFD05697.fa			
MFD05698	PRJNA1071982	SAMN39870021	SRX23675942	MFD05698.fa			
MFD05699	PRJNA1071982	SAMN39870022	SRX23675943	MFD05699.fa			
MFD05700	PRJNA1071982	SAMN39870023	SRX23675944	MFD05700.fa			
MFD05701	PRJNA1071982	SAMN39870024	SRX23675946	MFD05701.fa			
MFD05702	PRJNA1071982	SAMN39870025	SRX23675947	MFD05702.fa			
MFD05703	PRJNA1071982	SAMN39870026	SRX23675948	MFD05703.fa			
MFD05704	PRJNA1071982	SAMN39870027	SRX23675949	MFD05704.fa			
MFD05705	PRJNA1071982	SAMN39870028	SRX23675950	MFD05705.fa			
MFD05706	PRJNA1071982	SAMN39870029	SRX23675951	MFD05706.fa			
MFD05707	PRJNA1071982	SAMN39870030	SRX23675952	MFD05707.fa			
MFD05708	PRJNA1071982	SAMN39870031	SRX23675953	MFD05708.fa			
MFD05709	PRJNA1071982	SAMN39870032	SRX23675954	MFD05709.fa			
MFD05710	PRJNA1071982	SAMN39870033	SRX23675955	MFD05710.fa			
MFD05711	PRJNA1071982	SAMN39870034	SRX23676122	MFD05711.fa			
MFD05712	PRJNA1071982	SAMN39870035	SRX23676123	MFD05712.fa			
MFD05713	PRJNA1071982	SAMN39870036	SRX23676124	MFD05713.fa			
MFD05714	PRJNA1071982	SAMN39870037	SRX23676125	MFD05714.fa			
MFD05715	PRJNA1071982	SAMN39870038	SRX23676126	MFD05715.fa			
MFD05716	PRJNA1071982	SAMN39870039	SRX23676127	MFD05716.fa			
MFD05717	PRJNA1071982	SAMN39870040	SRX23676128	MFD05717.fa			
MFD05718	PRJNA1071982	SAMN39870041	SRX23676129	MFD05718.fa			
MFD05719	PRJNA1071982	SAMN39870042	SRX23676130	MFD05719.fa			
MFD05720	PRJNA1071982	SAMN39870043	SRX23676131	MFD05720.fa			
MFD05721	PRJNA1071982	SAMN39870044	SRX23676133	MFD05721.fa			
MFD05722	PRJNA1071982	SAMN39870045	SRX23676134	MFD05722.fa			
MFD05723	PRJNA1071982	SAMN39870046	SRX23676135	MFD05723.fa			
MFD05724	PRJNA1071982	SAMN39870047	SRX23676136	MFD05724.fa			
MFD05725	PRJNA1071982	SAMN39870048	SRX23676137	MFD05725.fa			
MFD05726	PRJNA1071982	SAMN39878650	SRX23676138	MFD05726.fa			
MFD05727	PRJNA1071982	SAMN39870049	SRX23676139	MFD05727.fa			
MFD05728	PRJNA1071982	SAMN39870050	SRX23676140	MFD05728.fa	SRX23627812	SRX23627811	SRX23662789
MFD05729	PRJNA1071982	SAMN39870051	SRX23676141	MFD05729.fa			
MFD05730	PRJNA1071982	SAMN39870052	SRX23676142	MFD05730.fa	SRX23627814	SRX23627813	SRX23662790
MFD05731	PRJNA1071982	SAMN39870053	SRX23676144	MFD05731.fa			
MFD05732	PRJNA1071982	SAMN39870054	SRX23676145	MFD05732.fa			
MFD05733	PRJNA1071982	SAMN39870055	SRX23676146	MFD05733.fa			
MFD05734	PRJNA1071982	SAMN39870056	SRX23676147	MFD05734.fa			
MFD05735	PRJNA1071982	SAMN39870057	SRX23676148	MFD05735.fa			
MFD05736	PRJNA1071982	SAMN39870058	SRX23676149	MFD05736.fa			
MFD05737	PRJNA1071982	SAMN39870059	SRX23675734	MFD05737.fa			
MFD05738	PRJNA1071982	SAMN39870060	SRX23675735	MFD05738.fa			
MFD05739	PRJNA1071982	SAMN39870061	SRX23675736	MFD05739.fa			
MFD05740	PRJNA1071982	SAMN39870062	SRX23675737	MFD05740.fa			
MFD05741	PRJNA1071982	SAMN39870063	SRX23675739	MFD05741.fa			
MFD05742	PRJNA1071982	SAMN39870064	SRX23675740	MFD05742.fa	SRX23627817	SRX23627816	SRX23662791
MFD05743	PRJNA1071982	SAMN39870065	SRX23675741	MFD05743.fa			
MFD05744	PRJNA1071982	SAMN39870066	SRX23675742	MFD05744.fa			
MFD05745	PRJNA1071982	SAMN39870067	SRX23675743	MFD05745.fa			
MFD05746	PRJNA1071982	SAMN39870068	SRX23675744	MFD05746.fa			
MFD05747	PRJNA1071982	SAMN39870069	SRX23675745	MFD05747.fa			
MFD05748	PRJNA1071982	SAMN39870070	SRX23675746	MFD05748.fa			
MFD05749	PRJNA1071982	SAMN39870071	SRX23675747	MFD05749.fa			
MFD05750	PRJNA1071982	SAMN39870072	SRX23675748	MFD05750.fa			
MFD05751	PRJNA1071982	SAMN39870073	SRX23675750	MFD05751.fa			
MFD05752	PRJNA1071982	SAMN39870074	SRX23675751	MFD05752.fa			
MFD05753	PRJNA1071982	SAMN39870075	SRX23675752	MFD05753.fa	SRX23627819	SRX23627818	SRX23662792
MFD05754	PRJNA1071982	SAMN39870076	SRX23675753	MFD05754.fa			
MFD05755	PRJNA1071982	SAMN39870077	SRX23675754	MFD05755.fa			
MFD05756	PRJNA1071982	SAMN39870078	SRX23675755	MFD05756.fa			
MFD05757	PRJNA1071982	SAMN39870079	SRX23675756	MFD05757.fa			
MFD05758	PRJNA1071982	SAMN39870080	SRX23675757	MFD05758.fa			
MFD05760	PRJNA1071982	SAMN39870081	SRX23675758	MFD05760.fa			
MFD05761	PRJNA1071982	SAMN39870082	SRX23675759	MFD05761.fa			
MFD05762	PRJNA1071982	SAMN39870083	SRX23675538	MFD05762.fa			
MFD05763	PRJNA1071982	SAMN39870084	SRX23675539	MFD05763.fa			
MFD05764	PRJNA1071982	SAMN39870085	SRX23675540	MFD05764.fa			
MFD05765	PRJNA1071982	SAMN39870086	SRX23675541	MFD05765.fa			
MFD05766	PRJNA1071982	SAMN39870087	SRX23675542	MFD05766.fa			
MFD05767	PRJNA1071982	SAMN39870088	SRX23675543	MFD05767.fa			
MFD05768	PRJNA1071982	SAMN39870089	SRX23675544	MFD05768.fa			
MFD05769	PRJNA1071982	SAMN39870090	SRX23675545	MFD05769.fa			
MFD05770	PRJNA1071982	SAMN39870091	SRX23675546	MFD05770.fa			
MFD05771	PRJNA1071982	SAMN39870092	SRX23675547	MFD05771.fa			
MFD05772	PRJNA1071982	SAMN39870093	SRX23675549	MFD05772.fa			
MFD05773	PRJNA1071982	SAMN39870094	SRX23675550	MFD05773.fa			
MFD05774	PRJNA1071982	SAMN39870095	SRX23675551	MFD05774.fa			
MFD05776	PRJNA1071982	SAMN39870096	SRX23675552	MFD05776.fa			
MFD05778	PRJNA1071982	SAMN39870097	SRX23675553	MFD05778.fa			
MFD05779	PRJNA1071982	SAMN39870098	SRX23675554	MFD05779.fa			
MFD05781	PRJNA1071982	SAMN39870099	SRX23675555	MFD05781.fa			
MFD05783	PRJNA1071982	SAMN39870100	SRX23675556	MFD05783.fa			
MFD05784	PRJNA1071982	SAMN39870101	SRX23675557	MFD05784.fa			
MFD05785	PRJNA1071982	SAMN39870102	SRX23675558	MFD05785.fa			
MFD05786	PRJNA1071982	SAMN39870103	SRX23675560	MFD05786.fa			
MFD05787	PRJNA1071982	SAMN39870104	SRX23675561	MFD05787.fa			
MFD05788	PRJNA1071982	SAMN39870105	SRX23675562	MFD05788.fa			
MFD05789	PRJNA1071982	SAMN39870106	SRX23675563	MFD05789.fa			
MFD05790	PRJNA1071982	SAMN39870107	SRX23675564	MFD05790.fa			
MFD05791	PRJNA1071982	SAMN39870108	SRX23675565	MFD05791.fa			
MFD05793	PRJNA1071982	SAMN39870109	SRX23675957	MFD05793.fa			
MFD05794	PRJNA1071982	SAMN39870110	SRX23675958	MFD05794.fa			
MFD05795	PRJNA1071982	SAMN39870111	SRX23675959	MFD05795.fa			
MFD05796	PRJNA1071982	SAMN39870112	SRX23675960	MFD05796.fa			
MFD05797	PRJNA1071982	SAMN39870113	SRX23675962	MFD05797.fa			
MFD05798	PRJNA1071982	SAMN39870114	SRX23675963	MFD05798.fa			
MFD05799	PRJNA1071982	SAMN39870115	SRX23675964	MFD05799.fa			
MFD05801	PRJNA1071982	SAMN39870116	SRX23675965	MFD05801.fa			
MFD05802	PRJNA1071982	SAMN39870117	SRX23675966	MFD05802.fa			
MFD05803	PRJNA1071982	SAMN39870118	SRX23675967	MFD05803.fa			
MFD05804	PRJNA1071982	SAMN39870119	SRX23675968	MFD05804.fa			
MFD05806	PRJNA1071982	SAMN39870120	SRX23675969	MFD05806.fa			
MFD05807	PRJNA1071982	SAMN39870121	SRX23675970	MFD05807.fa			
MFD05808	PRJNA1071982	SAMN39870122	SRX23675971	MFD05808.fa			
MFD05809	PRJNA1071982	SAMN39870123	SRX23675973	MFD05809.fa			
MFD05810	PRJNA1071982	SAMN39870124	SRX23675974	MFD05810.fa			
MFD05811	PRJNA1071982	SAMN39870125	SRX23675975	MFD05811.fa			
MFD05812	PRJNA1071982	SAMN39870126	SRX23675976	MFD05812.fa			
MFD05813	PRJNA1071982	SAMN39870127	SRX23675977	MFD05813.fa			
MFD05814	PRJNA1071982	SAMN39870128	SRX23675978	MFD05814.fa			
MFD05815	PRJNA1071982	SAMN39870129	SRX23675979	MFD05815.fa			
MFD05817	PRJNA1071982	SAMN39870130	SRX23675980	MFD05817.fa			
MFD05823	PRJNA1071982	SAMN39870131	SRX23675981	MFD05823.fa			
MFD05825	PRJNA1071982	SAMN39870132	SRX23675982	MFD05825.fa			
MFD05826	PRJNA1071982	SAMN39870133	SRX23676151	MFD05826.fa			
MFD05830	PRJNA1071982	SAMN39870134	SRX23676152	MFD05830.fa			
MFD05831	PRJNA1071982	SAMN39870135	SRX23676153	MFD05831.fa			
MFD05832	PRJNA1071982	SAMN39870136	SRX23676154	MFD05832.fa			
MFD05833	PRJNA1071982	SAMN39870137	SRX23676155	MFD05833.fa			
MFD05834	PRJNA1071982	SAMN39870138	SRX23676156	MFD05834.fa			
MFD05835	PRJNA1071982	SAMN39870139	SRX23676157	MFD05835.fa			
MFD05836	PRJNA1071982	SAMN39870140	SRX23676158	MFD05836.fa			
MFD05837	PRJNA1071982	SAMN39870141	SRX23676159	MFD05837.fa			
MFD05838	PRJNA1071982	SAMN39870142	SRX23676160	MFD05838.fa			
MFD05839	PRJNA1071982	SAMN39870143	SRX23676162	MFD05839.fa			
MFD05841	PRJNA1071982	SAMN39870144	SRX23676163	MFD05841.fa			
MFD05843	PRJNA1071982	SAMN39870145	SRX23676164	MFD05843.fa			
MFD05847	PRJNA1071982	SAMN39870146	SRX23676165	MFD05847.fa			
MFD05848	PRJNA1071982	SAMN39870147	SRX23676166	MFD05848.fa			
MFD05851	PRJNA1071982	SAMN39870148	SRX23676167	MFD05851.fa			
MFD05853	PRJNA1071982	SAMN39870149	SRX23676168	MFD05853.fa			
MFD05858	PRJNA1071982	SAMN39870150	SRX23676169	MFD05858.fa			
MFD05860	PRJNA1071982	SAMN39870151	SRX23676170	MFD05860.fa			
MFD05861	PRJNA1071982	SAMN39870152	SRX23676171	MFD05861.fa			
MFD05867	PRJNA1071982	SAMN39870153	SRX23676173	MFD05867.fa			
MFD05868	PRJNA1071982	SAMN39870154	SRX23676174	MFD05868.fa			
MFD05869	PRJNA1071982	SAMN39870155	SRX23676175	MFD05869.fa			
MFD05871	PRJNA1071982	SAMN39870156	SRX23676176	MFD05871.fa			
MFD05872	PRJNA1071982	SAMN39870157	SRX23675762	MFD05872.fa			
MFD05873	PRJNA1071982	SAMN39870158	SRX23675763	MFD05873.fa			
MFD05874	PRJNA1071982	SAMN39870159	SRX23675764	MFD05874.fa			
MFD05877	PRJNA1071982	SAMN39870160	SRX23675765	MFD05877.fa			
MFD05886	PRJNA1071982	SAMN39870161	SRX23675766	MFD05886.fa			
MFD05887	PRJNA1071982	SAMN39870162	SRX23675767	MFD05887.fa			
MFD05890	PRJNA1071982	SAMN39870163	SRX23675769	MFD05890.fa			
MFD05892	PRJNA1071982	SAMN39870164	SRX23675770	MFD05892.fa			
MFD05896	PRJNA1071982	SAMN39870165	SRX23675771	MFD05896.fa			
MFD05910	PRJNA1071982	SAMN39870166	SRX23675772	MFD05910.fa			
MFD05911	PRJNA1071982	SAMN39870167	SRX23675773	MFD05911.fa			
MFD05912	PRJNA1071982	SAMN39870168	SRX23675774	MFD05912.fa			
MFD05913	PRJNA1071982	SAMN39870169	SRX23675775	MFD05913.fa			
MFD05914	PRJNA1071982	SAMN39870170	SRX23675776	MFD05914.fa			
MFD05915	PRJNA1071982	SAMN39870171	SRX23675777	MFD05915.fa			
MFD05916	PRJNA1071982	SAMN39870172	SRX23675778	MFD05916.fa			
MFD05917	PRJNA1071982	SAMN39870173	SRX23675780	MFD05917.fa			
MFD05918	PRJNA1071982	SAMN39870174	SRX23675781	MFD05918.fa			
MFD05919	PRJNA1071982	SAMN39870175	SRX23675782	MFD05919.fa			
MFD05921	PRJNA1071982	SAMN39870176	SRX23675783	MFD05921.fa			
MFD05922	PRJNA1071982	SAMN39870177	SRX23675784	MFD05922.fa			
MFD05923	PRJNA1071982	SAMN39870178	SRX23675785	MFD05923.fa			
MFD05924	PRJNA1071982	SAMN39870179	SRX23675786	MFD05924.fa			
MFD05925	PRJNA1071982	SAMN39870180	SRX23675787	MFD05925.fa			
MFD05927	PRJNA1071982	SAMN39870181	SRX23675788	MFD05927.fa			
MFD05928	PRJNA1071982	SAMN39870182	SRX23675789	MFD05928.fa			
MFD05929	PRJNA1071982	SAMN39870183	SRX23675568	MFD05929.fa			
MFD05930	PRJNA1071982	SAMN39870184	SRX23675569	MFD05930.fa			
MFD05931	PRJNA1071982	SAMN39870185	SRX23675570	MFD05931.fa			
MFD05932	PRJNA1071982	SAMN39870186	SRX23675571	MFD05932.fa			
MFD05934	PRJNA1071982	SAMN39870187	SRX23675572	MFD05934.fa			
MFD05936	PRJNA1071982	SAMN39870188	SRX23675573	MFD05936.fa			
MFD05937	PRJNA1071982	SAMN39870189	SRX23675574	MFD05937.fa			
MFD05938	PRJNA1071982	SAMN39870190	SRX23675575	MFD05938.fa			
MFD05939	PRJNA1071982	SAMN39870191	SRX23675576	MFD05939.fa			
MFD05941	PRJNA1071982	SAMN39870192	SRX23675577	MFD05941.fa			
MFD05942	PRJNA1071982	SAMN39870193	SRX23675579	MFD05942.fa			
MFD05943	PRJNA1071982	SAMN39870194	SRX23675580	MFD05943.fa			
MFD05944	PRJNA1071982	SAMN39870195	SRX23675581	MFD05944.fa			
MFD05945	PRJNA1071982	SAMN39870196	SRX23675582	MFD05945.fa			
MFD05947	PRJNA1071982	SAMN39870197	SRX23675583	MFD05947.fa			
MFD05948	PRJNA1071982	SAMN39870198	SRX23675584	MFD05948.fa			
MFD05953	PRJNA1071982	SAMN39870199	SRX23675585	MFD05953.fa			
MFD05958	PRJNA1071982	SAMN39870200	SRX23675586	MFD05958.fa			
MFD05960	PRJNA1071982	SAMN39870201	SRX23675587	MFD05960.fa			
MFD05965	PRJNA1071982	SAMN39870202	SRX23675588	MFD05965.fa			
MFD05969	PRJNA1071982	SAMN39870203	SRX23675590	MFD05969.fa			
MFD05972	PRJNA1071982	SAMN39870204	SRX23675591	MFD05972.fa			
MFD05975	PRJNA1071982	SAMN39870205	SRX23675592	MFD05975.fa			
MFD05979	PRJNA1071982	SAMN39870206	SRX23675593	MFD05979.fa			
MFD05980	PRJNA1071982	SAMN39870207	SRX23675983	MFD05980.fa			
MFD05983	PRJNA1071982	SAMN39870208	SRX23675984	MFD05983.fa			
MFD05984	PRJNA1071982	SAMN39870209	SRX23675985	MFD05984.fa			
MFD05986	PRJNA1071982	SAMN39870210	SRX23675986	MFD05986.fa			
MFD05987	PRJNA1071982	SAMN39870211	SRX23675987	MFD05987.fa			
MFD05988	PRJNA1071982	SAMN39870212	SRX23675988	MFD05988.fa			
MFD05989	PRJNA1071982	SAMN39870213	SRX23675990	MFD05989.fa			
MFD05993	PRJNA1071982	SAMN39870214	SRX23675991	MFD05993.fa			
MFD05995	PRJNA1071982	SAMN39870215	SRX23675992	MFD05995.fa			
MFD05996	PRJNA1071982	SAMN39870216	SRX23675993	MFD05996.fa			
MFD05997	PRJNA1071982	SAMN39870217	SRX23675994	MFD05997.fa			
MFD06000	PRJNA1071982	SAMN39870218	SRX23675995	MFD06000.fa			
MFD06001	PRJNA1071982	SAMN39870219	SRX23675996	MFD06001.fa			
MFD06002	PRJNA1071982	SAMN39870220	SRX23675997	MFD06002.fa			
MFD06007	PRJNA1071982	SAMN39870221	SRX23675998	MFD06007.fa			
MFD06008	PRJNA1071982	SAMN39870222	SRX23675999	MFD06008.fa			
MFD06010	PRJNA1071982	SAMN39870223	SRX23676001	MFD06010.fa			
MFD06015	PRJNA1071982	SAMN39870224	SRX23676002	MFD06015.fa			
MFD06017	PRJNA1071982	SAMN39870225	SRX23676003	MFD06017.fa			
MFD06023	PRJNA1071982	SAMN39870226	SRX23676004	MFD06023.fa			
MFD06026	PRJNA1071982	SAMN39870227	SRX23676005	MFD06026.fa			
MFD06031	PRJNA1071982	SAMN39870228	SRX23676006	MFD06031.fa			
MFD06032	PRJNA1071982	SAMN39870229	SRX23676007	MFD06032.fa			
MFD06034	PRJNA1071982	SAMN39870230	SRX23676008	MFD06034.fa			
MFD06035	PRJNA1071982	SAMN39870231	SRX23676009	MFD06035.fa			
MFD06037	PRJNA1071982	SAMN39870232	SRX23676010	MFD06037.fa			
MFD06042	PRJNA1071982	SAMN39870233	SRX23676178	MFD06042.fa			
MFD06044	PRJNA1071982	SAMN39870234	SRX23676179	MFD06044.fa			
MFD06047	PRJNA1071982	SAMN39870235	SRX23676180	MFD06047.fa			
MFD06049	PRJNA1071982	SAMN39870236	SRX23676181	MFD06049.fa			
MFD06053	PRJNA1071982	SAMN39870237	SRX23676182	MFD06053.fa			
MFD06055	PRJNA1071982	SAMN39870238	SRX23676183	MFD06055.fa			
MFD06060	PRJNA1071982	SAMN39870239	SRX23676184	MFD06060.fa			
MFD06061	PRJNA1071982	SAMN39870240	SRX23676185	MFD06061.fa			
MFD06062	PRJNA1071982	SAMN39870241	SRX23676186	MFD06062.fa			
MFD06063	PRJNA1071982	SAMN39870242	SRX23676187	MFD06063.fa			
MFD06064	PRJNA1071982	SAMN39870243	SRX23676189	MFD06064.fa			
MFD06065	PRJNA1071982	SAMN39870244	SRX23676190	MFD06065.fa			
MFD06066	PRJNA1071982	SAMN39870245	SRX23676191	MFD06066.fa			
MFD06067	PRJNA1071982	SAMN39870246	SRX23676192	MFD06067.fa			
MFD06068	PRJNA1071982	SAMN39870247	SRX23676193	MFD06068.fa			
MFD06069	PRJNA1071982	SAMN39870248	SRX23676194	MFD06069.fa			
MFD06070	PRJNA1071982	SAMN39870249	SRX23676195	MFD06070.fa			
MFD06071	PRJNA1071982	SAMN39870250	SRX23676196	MFD06071.fa			
MFD06072	PRJNA1071982	SAMN39870251	SRX23676197	MFD06072.fa			
MFD06073	PRJNA1071982	SAMN39870252	SRX23676198	MFD06073.fa			
MFD06074	PRJNA1071982	SAMN39870253	SRX23676200	MFD06074.fa			
MFD06075	PRJNA1071982	SAMN39870254	SRX23676201	MFD06075.fa			
MFD06076	PRJNA1071982	SAMN39870255	SRX23676202	MFD06076.fa			
MFD06077	PRJNA1071982	SAMN39870256	SRX23676203	MFD06077.fa			
MFD06078	PRJNA1071982	SAMN39870257	SRX23676204	MFD06078.fa			
MFD06079	PRJNA1071982	SAMN39870258	SRX23675790	MFD06079.fa			
MFD06080	PRJNA1071982	SAMN39870259	SRX23675791	MFD06080.fa			
MFD06081	PRJNA1071982	SAMN39870260	SRX23675792	MFD06081.fa			
MFD06082	PRJNA1071982	SAMN39870261	SRX23675793	MFD06082.fa			
MFD06083	PRJNA1071982	SAMN39870262	SRX23675794	MFD06083.fa			
MFD06084	PRJNA1071982	SAMN39870263	SRX23675796	MFD06084.fa			
MFD06085	PRJNA1071982	SAMN39870264	SRX23675797	MFD06085.fa			
MFD06086	PRJNA1071982	SAMN39870265	SRX23675798	MFD06086.fa			
MFD06087	PRJNA1071982	SAMN39870266	SRX23675799	MFD06087.fa			
MFD06088	PRJNA1071982	SAMN39870267	SRX23675800	MFD06088.fa			
MFD06089	PRJNA1071982	SAMN39870268	SRX23675801	MFD06089.fa			
MFD06090	PRJNA1071982	SAMN39870269	SRX23675802	MFD06090.fa			
MFD06091	PRJNA1071982	SAMN39870270	SRX23675803	MFD06091.fa			
MFD06092	PRJNA1071982	SAMN39870271	SRX23675804	MFD06092.fa			
MFD06093	PRJNA1071982	SAMN39870272	SRX23675805	MFD06093.fa			
MFD06094	PRJNA1071982	SAMN39870273	SRX23675807	MFD06094.fa			
MFD06095	PRJNA1071982	SAMN39870274	SRX23675808	MFD06095.fa			
MFD06096	PRJNA1071982	SAMN39870275	SRX23675809	MFD06096.fa			
MFD06097	PRJNA1071982	SAMN39870276	SRX23675810	MFD06097.fa			
MFD06098	PRJNA1071982	SAMN39870277	SRX23675811	MFD06098.fa			
MFD06099	PRJNA1071982	SAMN39870278	SRX23675812	MFD06099.fa			
MFD06100	PRJNA1071982	SAMN39870279	SRX23675813	MFD06100.fa			
MFD06101	PRJNA1071982	SAMN39870280	SRX23675814	MFD06101.fa			
MFD06102	PRJNA1071982	SAMN39870281	SRX23675815	MFD06102.fa			
MFD06103	PRJNA1071982	SAMN39870282	SRX23675816	MFD06103.fa			
MFD06104	PRJNA1071982	SAMN39870283	SRX23675596	MFD06104.fa			
MFD06105	PRJNA1071982	SAMN39870284	SRX23675597	MFD06105.fa			
MFD06106	PRJNA1071982	SAMN39870285	SRX23675598	MFD06106.fa			
MFD06107	PRJNA1071982	SAMN39870286	SRX23675599	MFD06107.fa			
MFD06108	PRJNA1071982	SAMN39870287	SRX23675600	MFD06108.fa			
MFD06109	PRJNA1071982	SAMN39870288	SRX23675601	MFD06109.fa			
MFD06110	PRJNA1071982	SAMN39870289	SRX23675602	MFD06110.fa			
MFD06111	PRJNA1071982	SAMN39870290	SRX23675603	MFD06111.fa			
MFD06112	PRJNA1071982	SAMN39870291	SRX23675604	MFD06112.fa			
MFD06113	PRJNA1071982	SAMN39870292	SRX23675605	MFD06113.fa			
MFD06114	PRJNA1071982	SAMN39870293	SRX23675607	MFD06114.fa			
MFD06115	PRJNA1071982	SAMN39870294	SRX23675608	MFD06115.fa			
MFD06116	PRJNA1071982	SAMN39870295	SRX23675609	MFD06116.fa			
MFD06117	PRJNA1071982	SAMN39870296	SRX23675610	MFD06117.fa			
MFD06118	PRJNA1071982	SAMN39870297	SRX23675611	MFD06118.fa			
MFD06119	PRJNA1071982	SAMN39870298	SRX23675612	MFD06119.fa			
MFD06120	PRJNA1071982	SAMN39870299	SRX23675613	MFD06120.fa			
MFD06121	PRJNA1071982	SAMN39870300	SRX23675614	MFD06121.fa			
MFD06122	PRJNA1071982	SAMN39870301	SRX23675615	MFD06122.fa			
MFD06123	PRJNA1071982	SAMN39870302	SRX23675616	MFD06123.fa			
MFD06124	PRJNA1071982	SAMN39870303	SRX23675618	MFD06124.fa			
MFD06125	PRJNA1071982	SAMN39870304	SRX23675619	MFD06125.fa			
MFD06126	PRJNA1071982	SAMN39870305	SRX23675620	MFD06126.fa			
MFD06127	PRJNA1071982	SAMN39870306	SRX23675621	MFD06127.fa			
MFD06128	PRJNA1071982	SAMN39870307	SRX23676011	MFD06128.fa			
MFD06129	PRJNA1071982	SAMN39870308	SRX23676012	MFD06129.fa			
MFD06130	PRJNA1071982	SAMN39870309	SRX23676013	MFD06130.fa			
MFD06131	PRJNA1071982	SAMN39870310	SRX23676014	MFD06131.fa			
MFD06132	PRJNA1071982	SAMN39870311	SRX23676015	MFD06132.fa			
MFD06133	PRJNA1071982	SAMN39870312	SRX23676016	MFD06133.fa			
MFD06134	PRJNA1071982	SAMN39870313	SRX23676018	MFD06134.fa			
MFD06135	PRJNA1071982	SAMN39870314	SRX23676019	MFD06135.fa			
MFD06136	PRJNA1071982	SAMN39870315	SRX23676020	MFD06136.fa			
MFD06137	PRJNA1071982	SAMN39870316	SRX23676021	MFD06137.fa			
MFD06138	PRJNA1071982	SAMN39870317	SRX23676022	MFD06138.fa			
MFD06139	PRJNA1071982	SAMN39870318	SRX23676023	MFD06139.fa			
MFD06140	PRJNA1071982	SAMN39870319	SRX23676024	MFD06140.fa			
MFD06141	PRJNA1071982	SAMN39870320	SRX23676025	MFD06141.fa			
MFD06142	PRJNA1071982	SAMN39870321	SRX23676026	MFD06142.fa			
MFD06143	PRJNA1071982	SAMN39870322	SRX23676027	MFD06143.fa			
MFD06144	PRJNA1071982	SAMN39870323	SRX23676029	MFD06144.fa			
MFD06145	PRJNA1071982	SAMN39870324	SRX23676030	MFD06145.fa			
MFD06146	PRJNA1071982	SAMN39870325	SRX23676031	MFD06146.fa			
MFD06147	PRJNA1071982	SAMN39870326	SRX23676032	MFD06147.fa			
MFD06148	PRJNA1071982	SAMN39870327	SRX23676033	MFD06148.fa			
MFD06149	PRJNA1071982	SAMN39870328	SRX23676034	MFD06149.fa			
MFD06150	PRJNA1071982	SAMN39870329	SRX23676035	MFD06150.fa			
MFD06151	PRJNA1071982	SAMN39870330	SRX23676036	MFD06151.fa			
MFD06152	PRJNA1071982	SAMN39870331	SRX23676037	MFD06152.fa			
MFD06153	PRJNA1071982	SAMN39870332	SRX23676205	MFD06153.fa			
MFD06154	PRJNA1071982	SAMN39870333	SRX23676207	MFD06154.fa			
MFD06155	PRJNA1071982	SAMN39870334	SRX23676208	MFD06155.fa			
MFD06156	PRJNA1071982	SAMN39870335	SRX23676209	MFD06156.fa			
MFD06157	PRJNA1071982	SAMN39870336	SRX23676210	MFD06157.fa			
MFD06158	PRJNA1071982	SAMN39870337	SRX23676211	MFD06158.fa			
MFD06159	PRJNA1071982	SAMN39870338	SRX23676212	MFD06159.fa			
MFD06160	PRJNA1071982	SAMN39870339	SRX23676213	MFD06160.fa			
MFD06161	PRJNA1071982	SAMN39870340	SRX23676214	MFD06161.fa			
MFD06162	PRJNA1071982	SAMN39870341	SRX23676215	MFD06162.fa			
MFD06163	PRJNA1071982	SAMN39870342	SRX23676216	MFD06163.fa			
MFD06164	PRJNA1071982	SAMN39870343	SRX23676218	MFD06164.fa			
MFD06165	PRJNA1071982	SAMN39870344	SRX23676219	MFD06165.fa			
MFD06166	PRJNA1071982	SAMN39870345	SRX23676220	MFD06166.fa			
MFD06167	PRJNA1071982	SAMN39870346	SRX23676221	MFD06167.fa			
MFD06168	PRJNA1071982	SAMN39870347	SRX23676222	MFD06168.fa			
MFD06169	PRJNA1071982	SAMN39870348	SRX23676223	MFD06169.fa			
MFD06170	PRJNA1071982	SAMN39870349	SRX23676224	MFD06170.fa			
MFD06171	PRJNA1071982	SAMN39870350	SRX23676225	MFD06171.fa			
MFD06172	PRJNA1071982	SAMN39870351	SRX23676226	MFD06172.fa			
MFD06173	PRJNA1071982	SAMN39870352	SRX23676227	MFD06173.fa			
MFD06174	PRJNA1071982	SAMN39870353	SRX23676229	MFD06174.fa			
MFD06175	PRJNA1071982	SAMN39870354	SRX23676230	MFD06175.fa			
MFD06176	PRJNA1071982	SAMN39870355	SRX23676231	MFD06176.fa			
MFD06177	PRJNA1071982	SAMN39870356	SRX23675817	MFD06177.fa			
MFD06178	PRJNA1071982	SAMN39870357	SRX23675818	MFD06178.fa			
MFD06179	PRJNA1071982	SAMN39870358	SRX23675819	MFD06179.fa			
MFD06180	PRJNA1071982	SAMN39870359	SRX23675820	MFD06180.fa			
MFD06181	PRJNA1071982	SAMN39870360	SRX23675821	MFD06181.fa			
MFD06182	PRJNA1071982	SAMN39870361	SRX23675822	MFD06182.fa			
MFD06183	PRJNA1071982	SAMN39870362	SRX23675823	MFD06183.fa			
MFD06184	PRJNA1071982	SAMN39870363	SRX23675825	MFD06184.fa			
MFD06185	PRJNA1071982	SAMN39870364	SRX23675826	MFD06185.fa			
MFD06186	PRJNA1071982	SAMN39870365	SRX23675827	MFD06186.fa			
MFD06187	PRJNA1071982	SAMN39870366	SRX23675828	MFD06187.fa			
MFD06188	PRJNA1071982	SAMN39870367	SRX23675829	MFD06188.fa			
MFD06189	PRJNA1071982	SAMN39870368	SRX23675830	MFD06189.fa			
MFD06190	PRJNA1071982	SAMN39870369	SRX23675831	MFD06190.fa			
MFD06191	PRJNA1071982	SAMN39870370	SRX23675832	MFD06191.fa			
MFD06192	PRJNA1071982	SAMN39870371	SRX23675833	MFD06192.fa			
MFD06193	PRJNA1071982	SAMN39870372	SRX23675834	MFD06193.fa			
MFD06194	PRJNA1071982	SAMN39870373	SRX23675836	MFD06194.fa			
MFD06195	PRJNA1071982	SAMN39870374	SRX23675837	MFD06195.fa			
MFD06196	PRJNA1071982	SAMN39870375	SRX23675838	MFD06196.fa			
MFD06197	PRJNA1071982	SAMN39870376	SRX23675839	MFD06197.fa			
MFD06198	PRJNA1071982	SAMN39870377	SRX23675840	MFD06198.fa			
MFD06199	PRJNA1071982	SAMN39870378	SRX23675841	MFD06199.fa			
MFD06200	PRJNA1071982	SAMN39870379	SRX23675842	MFD06200.fa			
MFD06201	PRJNA1071982	SAMN39870380	SRX23675843	MFD06201.fa			
MFD06202	PRJNA1071982	SAMN39870381	SRX23675844	MFD06202.fa			
MFD06203	PRJNA1071982	SAMN39870382	SRX23675622	MFD06203.fa			
MFD06204	PRJNA1071982	SAMN39870383	SRX23675625	MFD06204.fa			
MFD06205	PRJNA1071982	SAMN39870384	SRX23675626	MFD06205.fa			
MFD06206	PRJNA1071982	SAMN39870385	SRX23675627	MFD06206.fa			
MFD06207	PRJNA1071982	SAMN39870386	SRX23675628	MFD06207.fa			
MFD06208	PRJNA1071982	SAMN39870387	SRX23675629	MFD06208.fa			
MFD06209	PRJNA1071982	SAMN39870388	SRX23675630	MFD06209.fa			
MFD06210	PRJNA1071982	SAMN39870389	SRX23675631	MFD06210.fa			
MFD06211	PRJNA1071982	SAMN39870390	SRX23675632	MFD06211.fa			
MFD06212	PRJNA1071982	SAMN39870391	SRX23675633	MFD06212.fa			
MFD06213	PRJNA1071982	SAMN39870392	SRX23675634	MFD06213.fa			
MFD06214	PRJNA1071982	SAMN39870393	SRX23675636	MFD06214.fa			
MFD06215	PRJNA1071982	SAMN39870394	SRX23675637	MFD06215.fa			
MFD06216	PRJNA1071982	SAMN39870395	SRX23675638	MFD06216.fa			
MFD06217	PRJNA1071982	SAMN39870396	SRX23675639	MFD06217.fa			
MFD06218	PRJNA1071982	SAMN39870397	SRX23675640	MFD06218.fa			
MFD06219	PRJNA1071982	SAMN39870398	SRX23675641	MFD06219.fa			
MFD06220	PRJNA1071982	SAMN39870399	SRX23675642	MFD06220.fa			
MFD06221	PRJNA1071982	SAMN39870400	SRX23675643	MFD06221.fa			
MFD06222	PRJNA1071982	SAMN39870401	SRX23675644	MFD06222.fa			
MFD06223	PRJNA1071982	SAMN39870402	SRX23675645	MFD06223.fa			
MFD06224	PRJNA1071982	SAMN39870403	SRX23675647	MFD06224.fa			
MFD06225	PRJNA1071982	SAMN39870404	SRX23675648	MFD06225.fa			
MFD06226	PRJNA1071982	SAMN39870405	SRX23675649	MFD06226.fa			
MFD06227	PRJNA1071982	SAMN39870406	SRX23676038	MFD06227.fa			
MFD06228	PRJNA1071982	SAMN39870407	SRX23676039	MFD06228.fa			
MFD06229	PRJNA1071982	SAMN39870408	SRX23676040	MFD06229.fa			
MFD06230	PRJNA1071982	SAMN39870409	SRX23676041	MFD06230.fa			
MFD06231	PRJNA1071982	SAMN39870410	SRX23676042	MFD06231.fa			
MFD06233	PRJNA1071982	SAMN39870411	SRX23676043	MFD06233.fa			
MFD06234	PRJNA1071982	SAMN39870412	SRX23676044	MFD06234.fa			
MFD06235	PRJNA1071982	SAMN39870413	SRX23676046	MFD06235.fa			
MFD06236	PRJNA1071982	SAMN39870414	SRX23676047	MFD06236.fa			
MFD06237	PRJNA1071982	SAMN39870415	SRX23676048	MFD06237.fa			
MFD06238	PRJNA1071982	SAMN39870416	SRX23676049	MFD06238.fa			
MFD06239	PRJNA1071982	SAMN39870417	SRX23676050	MFD06239.fa			
MFD06240	PRJNA1071982	SAMN39870418	SRX23676051	MFD06240.fa			
MFD06241	PRJNA1071982	SAMN39870419	SRX23676052	MFD06241.fa			
MFD06242	PRJNA1071982	SAMN39870420	SRX23676053	MFD06242.fa			
MFD06243	PRJNA1071982	SAMN39870421	SRX23676054	MFD06243.fa			
MFD06244	PRJNA1071982	SAMN39870422	SRX23676055	MFD06244.fa			
MFD06245	PRJNA1071982	SAMN39870423	SRX23676057	MFD06245.fa			
MFD06247	PRJNA1071982	SAMN39870424	SRX23676058	MFD06247.fa			
MFD06248	PRJNA1071982	SAMN39870425	SRX23676059	MFD06248.fa			
MFD06249	PRJNA1071982	SAMN39870426	SRX23676060	MFD06249.fa			
MFD06250	PRJNA1071982	SAMN39870427	SRX23676061	MFD06250.fa			
MFD06251	PRJNA1071982	SAMN39870428	SRX23676062	MFD06251.fa			
MFD06252	PRJNA1071982	SAMN39870429	SRX23676063	MFD06252.fa			
MFD06253	PRJNA1071982	SAMN39870430	SRX23676064	MFD06253.fa			
MFD06254	PRJNA1071982	SAMN39870431	SRX23676065	MFD06254.fa			
MFD06255	PRJNA1071982	SAMN39870432	SRX23676232	MFD06255.fa			
MFD06256	PRJNA1071982	SAMN39870433	SRX23676234	MFD06256.fa			
MFD06257	PRJNA1071982	SAMN39870434	SRX23676235	MFD06257.fa			
MFD06258	PRJNA1071982	SAMN39870435	SRX23676236	MFD06258.fa			
MFD06259	PRJNA1071982	SAMN39870436	SRX23676237	MFD06259.fa			
MFD06260	PRJNA1071982	SAMN39870437	SRX23676238	MFD06260.fa			
MFD06261	PRJNA1071982	SAMN39870438	SRX23676239	MFD06261.fa			
MFD06262	PRJNA1071982	SAMN39870439	SRX23693059	MFD06262.fa			
MFD06263	PRJNA1071982	SAMN39870440	SRX23693060	MFD06263.fa			
MFD06264	PRJNA1071982	SAMN39870441	SRX23693091	MFD06264.fa			
MFD06265	PRJNA1071982	SAMN39870442	SRX23693149	MFD06265.fa			
MFD06266	PRJNA1071982	SAMN39870443	SRX23693611	MFD06266.fa			
MFD06267	PRJNA1071982	SAMN39870444	SRX23693208	MFD06267.fa			
MFD06268	PRJNA1071982	SAMN39870445	SRX23693477	MFD06268.fa			
MFD06269	PRJNA1071982	SAMN39870446	SRX23692927	MFD06269.fa			
MFD06270	PRJNA1071982	SAMN39870447	SRX23693317	MFD06270.fa			
MFD06271	PRJNA1071982	SAMN39870448	SRX23693351	MFD06271.fa			
MFD06272	PRJNA1071982	SAMN39870449	SRX23693061	MFD06272.fa			
MFD06273	PRJNA1071982	SAMN39870450	SRX23693072	MFD06273.fa			
MFD06274	PRJNA1071982	SAMN39870451	SRX23693083	MFD06274.fa			
MFD06276	PRJNA1071982	SAMN39870452	SRX23693365	MFD06276.fa			
MFD06277	PRJNA1071982	SAMN39870453	SRX23693376	MFD06277.fa			
MFD06278	PRJNA1071982	SAMN39870454	SRX23693387	MFD06278.fa			
MFD06279	PRJNA1071982	SAMN39870455	SRX23693536	MFD06279.fa			
MFD06280	PRJNA1071982	SAMN39870456	SRX23693547	MFD06280.fa			
MFD06281	PRJNA1071982	SAMN39870457	SRX23693394	MFD06281.fa			
MFD06283	PRJNA1071982	SAMN39870458	SRX23693405	MFD06283.fa			
MFD06284	PRJNA1071982	SAMN39870459	SRX23693092	MFD06284.fa			
MFD06285	PRJNA1071982	SAMN39870460	SRX23693103	MFD06285.fa			
MFD06286	PRJNA1071982	SAMN39870461	SRX23693114	MFD06286.fa			
MFD06287	PRJNA1071982	SAMN39870462	SRX23693423	MFD06287.fa			
MFD06288	PRJNA1071982	SAMN39870463	SRX23693434	MFD06288.fa			
MFD06289	PRJNA1071982	SAMN39870464	SRX23693555	MFD06289.fa			
MFD06290	PRJNA1071982	SAMN39870465	SRX23693566	MFD06290.fa			
MFD06291	PRJNA1071982	SAMN39870466	SRX23693577	MFD06291.fa			
MFD06292	PRJNA1071982	SAMN39870467	SRX23693127	MFD06292.fa			
MFD06293	PRJNA1071982	SAMN39870468	SRX23693138	MFD06293.fa			
MFD06294	PRJNA1071982	SAMN39870469	SRX23693150	MFD06294.fa			
MFD06295	PRJNA1071982	SAMN39870470	SRX23693161	MFD06295.fa			
MFD06296	PRJNA1071982	SAMN39870471	SRX23693172	MFD06296.fa			
MFD06297	PRJNA1071982	SAMN39870472	SRX23692987	MFD06297.fa			
MFD06298	PRJNA1071982	SAMN39870473	SRX23692998	MFD06298.fa			
MFD06299	PRJNA1071982	SAMN39870474	SRX23693584	MFD06299.fa			
MFD06300	PRJNA1071982	SAMN39870475	SRX23693595	MFD06300.fa			
MFD06302	PRJNA1071982	SAMN39870476	SRX23693174	MFD06302.fa			
MFD06303	PRJNA1071982	SAMN39870477	SRX23693185	MFD06303.fa			
MFD06304	PRJNA1071982	SAMN39870478	SRX23693196	MFD06304.fa			
MFD06305	PRJNA1071982	SAMN39870479	SRX23693612	MFD06305.fa			
MFD06306	PRJNA1071982	SAMN39870480	SRX23693623	MFD06306.fa			
MFD06307	PRJNA1071982	SAMN39870481	SRX23693634	MFD06307.fa			
MFD06308	PRJNA1071982	SAMN39870482	SRX23692822	MFD06308.fa			
MFD06309	PRJNA1071982	SAMN39870483	SRX23692833	MFD06309.fa			
MFD06310	PRJNA1071982	SAMN39870484	SRX23693011	MFD06310.fa			
MFD06311	PRJNA1071982	SAMN39870485	SRX23693022	MFD06311.fa			
MFD06312	PRJNA1071982	SAMN39870486	SRX23692839	MFD06312.fa			
MFD06313	PRJNA1071982	SAMN39870487	SRX23692850	MFD06313.fa			
MFD06314	PRJNA1071982	SAMN39870488	SRX23692861	MFD06314.fa			
MFD06315	PRJNA1071982	SAMN39870489	SRX23693209	MFD06315.fa			
MFD06316	PRJNA1071982	SAMN39870490	SRX23693220	MFD06316.fa			
MFD06317	PRJNA1071982	SAMN39870491	SRX23693231	MFD06317.fa			
MFD06318	PRJNA1071982	SAMN39870492	SRX23693242	MFD06318.fa			
MFD06320	PRJNA1071982	SAMN39870493	SRX23693253	MFD06320.fa			
MFD06321	PRJNA1071982	SAMN39870494	SRX23693038	MFD06321.fa			
MFD06322	PRJNA1071982	SAMN39870495	SRX23693049	MFD06322.fa			
MFD06323	PRJNA1071982	SAMN39870496	SRX23693444	MFD06323.fa			
MFD06324	PRJNA1071982	SAMN39870497	SRX23693455	MFD06324.fa			
MFD06325	PRJNA1071982	SAMN39870498	SRX23693466	MFD06325.fa			
MFD06326	PRJNA1071982	SAMN39870499	SRX23693478	MFD06326.fa			
MFD06327	PRJNA1071982	SAMN39870500	SRX23693489	MFD06327.fa			
MFD06330	PRJNA1071982	SAMN39870501	SRX23693258	MFD06330.fa			
MFD06331	PRJNA1071982	SAMN39870502	SRX23693269	MFD06331.fa			
MFD06332	PRJNA1071982	SAMN39870503	SRX23693280	MFD06332.fa			
MFD06333	PRJNA1071982	SAMN39870504	SRX23692872	MFD06333.fa			
MFD06334	PRJNA1071982	SAMN39870505	SRX23692883	MFD06334.fa			
MFD06335	PRJNA1071982	SAMN39870506	SRX23692894	MFD06335.fa			
MFD06336	PRJNA1071982	SAMN39870507	SRX23692905	MFD06336.fa			
MFD06337	PRJNA1071982	SAMN39870508	SRX23692916	MFD06337.fa			
MFD06338	PRJNA1071982	SAMN39870509	SRX23692928	MFD06338.fa			
MFD06339	PRJNA1071982	SAMN39870510	SRX23692939	MFD06339.fa			
MFD06340	PRJNA1071982	SAMN39870511	SRX23693500	MFD06340.fa			
MFD06341	PRJNA1071982	SAMN39870512	SRX23693511	MFD06341.fa			
MFD06342	PRJNA1071982	SAMN39870513	SRX23693522	MFD06342.fa			
MFD06343	PRJNA1071982	SAMN39870514	SRX23693290	MFD06343.fa			
MFD06344	PRJNA1071982	SAMN39870515	SRX23693301	MFD06344.fa			
MFD06345	PRJNA1071982	SAMN39870516	SRX23692949	MFD06345.fa			
MFD06346	PRJNA1071982	SAMN39870517	SRX23692960	MFD06346.fa			
MFD06347	PRJNA1071982	SAMN39870518	SRX23692971	MFD06347.fa			
MFD06348	PRJNA1071982	SAMN39870519	SRX23693318	MFD06348.fa			
MFD06349	PRJNA1071982	SAMN39870520	SRX23693329	MFD06349.fa			
MFD06350	PRJNA1071982	SAMN39870521	SRX23693340	MFD06350.fa			
MFD06351	PRJNA1071982	SAMN39870522	SRX23693344	MFD06351.fa			
MFD06352	PRJNA1071982	SAMN39870523	SRX23693345	MFD06352.fa			
MFD06353	PRJNA1071982	SAMN39870524	SRX23693346	MFD06353.fa			
MFD06354	PRJNA1071982	SAMN39870525	SRX23693347	MFD06354.fa			
MFD06355	PRJNA1071982	SAMN39870526	SRX23693348	MFD06355.fa			
MFD06356	PRJNA1071982	SAMN39870527	SRX23693349	MFD06356.fa			
MFD06357	PRJNA1071982	SAMN39870528	SRX23693350	MFD06357.fa			
MFD06358	PRJNA1071982	SAMN39870529	SRX23693352	MFD06358.fa			
MFD06359	PRJNA1071982	SAMN39870530	SRX23693353	MFD06359.fa			
MFD06360	PRJNA1071982	SAMN39870531	SRX23693354	MFD06360.fa			
MFD06361	PRJNA1071982	SAMN39870532	SRX23693355	MFD06361.fa			
MFD06362	PRJNA1071982	SAMN39870533	SRX23693356	MFD06362.fa			
MFD06363	PRJNA1071982	SAMN39870534	SRX23693357	MFD06363.fa			
MFD06364	PRJNA1071982	SAMN39870535	SRX23693358	MFD06364.fa			
MFD06365	PRJNA1071982	SAMN39870536	SRX23693359	MFD06365.fa			
MFD06366	PRJNA1071982	SAMN39870537	SRX23693360	MFD06366.fa			
MFD06367	PRJNA1071982	SAMN39870538	SRX23693361	MFD06367.fa			
MFD06368	PRJNA1071982	SAMN39870539	SRX23693062	MFD06368.fa			
MFD06369	PRJNA1071982	SAMN39870540	SRX23693063	MFD06369.fa			
MFD06372	PRJNA1071982	SAMN39870541	SRX23693064	MFD06372.fa			
MFD06373	PRJNA1071982	SAMN39870542	SRX23693065	MFD06373.fa			
MFD06374	PRJNA1071982	SAMN39870543	SRX23693066	MFD06374.fa			
MFD06375	PRJNA1071982	SAMN39870544	SRX23693067	MFD06375.fa			
MFD06376	PRJNA1071982	SAMN39870545	SRX23693068	MFD06376.fa			
MFD06377	PRJNA1071982	SAMN39870546	SRX23693069	MFD06377.fa			
MFD06378	PRJNA1071982	SAMN39870547	SRX23693070	MFD06378.fa			
MFD06379	PRJNA1071982	SAMN39870548	SRX23693071	MFD06379.fa			
MFD06381	PRJNA1071982	SAMN39870549	SRX23693073	MFD06381.fa			
MFD06382	PRJNA1071982	SAMN39870550	SRX23693074	MFD06382.fa			
MFD06383	PRJNA1071982	SAMN39870551	SRX23693075	MFD06383.fa			
MFD06384	PRJNA1071982	SAMN39870552	SRX23693076	MFD06384.fa			
MFD06385	PRJNA1071982	SAMN39870553	SRX23693077	MFD06385.fa			
MFD06386	PRJNA1071982	SAMN39870554	SRX23693078	MFD06386.fa			
MFD06387	PRJNA1071982	SAMN39870555	SRX23693079	MFD06387.fa			
MFD06388	PRJNA1071982	SAMN39870556	SRX23693080	MFD06388.fa			
MFD06390	PRJNA1071982	SAMN39870557	SRX23693081	MFD06390.fa			
MFD06391	PRJNA1071982	SAMN39870558	SRX23693082	MFD06391.fa			
MFD06394	PRJNA1071982	SAMN39870559	SRX23693084	MFD06394.fa			
MFD06395	PRJNA1071982	SAMN39870560	SRX23693085	MFD06395.fa			
MFD06396	PRJNA1071982	SAMN39870561	SRX23693086	MFD06396.fa			
MFD06397	PRJNA1071982	SAMN39870562	SRX23693087	MFD06397.fa			
MFD06398	PRJNA1071982	SAMN39870563	SRX23693088	MFD06398.fa			
MFD06399	PRJNA1071982	SAMN39870564	SRX23693089	MFD06399.fa			
MFD06400	PRJNA1071982	SAMN39870565	SRX23693090	MFD06400.fa			
MFD06401	PRJNA1071982	SAMN39870566	SRX23693362	MFD06401.fa			
MFD06402	PRJNA1071982	SAMN39870567	SRX23693363	MFD06402.fa			
MFD06403	PRJNA1071982	SAMN39870568	SRX23693364	MFD06403.fa			
MFD06404	PRJNA1071982	SAMN39870569	SRX23693366	MFD06404.fa			
MFD06405	PRJNA1071982	SAMN39870570	SRX23693367	MFD06405.fa			
MFD06406	PRJNA1071982	SAMN39870571	SRX23693368	MFD06406.fa			
MFD06407	PRJNA1071982	SAMN39870572	SRX23693369	MFD06407.fa			
MFD06408	PRJNA1071982	SAMN39870573	SRX23693370	MFD06408.fa			
MFD06409	PRJNA1071982	SAMN39870574	SRX23693371	MFD06409.fa			
MFD06410	PRJNA1071982	SAMN39870575	SRX23693372	MFD06410.fa			
MFD06411	PRJNA1071982	SAMN39870576	SRX23693373	MFD06411.fa			
MFD06412	PRJNA1071982	SAMN39870577	SRX23693374	MFD06412.fa			
MFD06413	PRJNA1071982	SAMN39870578	SRX23693375	MFD06413.fa			
MFD06414	PRJNA1071982	SAMN39870579	SRX23693377	MFD06414.fa			
MFD06415	PRJNA1071982	SAMN39870580	SRX23693378	MFD06415.fa			
MFD06416	PRJNA1071982	SAMN39870581	SRX23693379	MFD06416.fa			
MFD06417	PRJNA1071982	SAMN39870582	SRX23693380	MFD06417.fa			
MFD06418	PRJNA1071982	SAMN39870583	SRX23693381	MFD06418.fa			
MFD06419	PRJNA1071982	SAMN39870584	SRX23693382	MFD06419.fa			
MFD06420	PRJNA1071982	SAMN39870585	SRX23693383	MFD06420.fa			
MFD06421	PRJNA1071982	SAMN39870586	SRX23693384	MFD06421.fa			
MFD06422	PRJNA1071982	SAMN39870587	SRX23693385	MFD06422.fa			
MFD06423	PRJNA1071982	SAMN39870588	SRX23693386	MFD06423.fa			
MFD06424	PRJNA1071982	SAMN39870589	SRX23693388	MFD06424.fa			
MFD06425	PRJNA1071982	SAMN39870590	SRX23693527	MFD06425.fa			
MFD06426	PRJNA1071982	SAMN39870591	SRX23693528	MFD06426.fa			
MFD06427	PRJNA1071982	SAMN39870592	SRX23693529	MFD06427.fa			
MFD06428	PRJNA1071982	SAMN39870593	SRX23693530	MFD06428.fa			
MFD06429	PRJNA1071982	SAMN39870594	SRX23693531	MFD06429.fa			
MFD06430	PRJNA1071982	SAMN39870595	SRX23693532	MFD06430.fa			
MFD06431	PRJNA1071982	SAMN39870596	SRX23693533	MFD06431.fa			
MFD06432	PRJNA1071982	SAMN39870597	SRX23693534	MFD06432.fa			
MFD06433	PRJNA1071982	SAMN39870598	SRX23693535	MFD06433.fa			
MFD06434	PRJNA1071982	SAMN39870599	SRX23693537	MFD06434.fa			
MFD06435	PRJNA1071982	SAMN39870600	SRX23693538	MFD06435.fa			
MFD06436	PRJNA1071982	SAMN39870601	SRX23693539	MFD06436.fa			
MFD06437	PRJNA1071982	SAMN39870602	SRX23693540	MFD06437.fa			
MFD06438	PRJNA1071982	SAMN39870603	SRX23693541	MFD06438.fa			
MFD06439	PRJNA1071982	SAMN39870604	SRX23693542	MFD06439.fa			
MFD06440	PRJNA1071982	SAMN39870605	SRX23693543	MFD06440.fa			
MFD06441	PRJNA1071982	SAMN39870606	SRX23693544	MFD06441.fa			
MFD06442	PRJNA1071982	SAMN39870607	SRX23693545	MFD06442.fa			
MFD06443	PRJNA1071982	SAMN39870608	SRX23693546	MFD06443.fa			
MFD06444	PRJNA1071982	SAMN39870609	SRX23693548	MFD06444.fa			
MFD06445	PRJNA1071982	SAMN39870610	SRX23693549	MFD06445.fa			
MFD06446	PRJNA1071982	SAMN39870611	SRX23693550	MFD06446.fa			
MFD06447	PRJNA1071982	SAMN39870612	SRX23693551	MFD06447.fa			
MFD06448	PRJNA1071982	SAMN39870613	SRX23693552	MFD06448.fa			
MFD06449	PRJNA1071982	SAMN39870614	SRX23693389	MFD06449.fa			
MFD06450	PRJNA1071982	SAMN39870615	SRX23693390	MFD06450.fa			
MFD06451	PRJNA1071982	SAMN39870616	SRX23693391	MFD06451.fa			
MFD06452	PRJNA1071982	SAMN39870617	SRX23693392	MFD06452.fa			
MFD06453	PRJNA1071982	SAMN39870618	SRX23693393	MFD06453.fa			
MFD06454	PRJNA1071982	SAMN39870619	SRX23693395	MFD06454.fa			
MFD06455	PRJNA1071982	SAMN39870620	SRX23693396	MFD06455.fa			
MFD06456	PRJNA1071982	SAMN39870621	SRX23693397	MFD06456.fa			
MFD06457	PRJNA1071982	SAMN39870622	SRX23693398	MFD06457.fa			
MFD06458	PRJNA1071982	SAMN39870623	SRX23693399	MFD06458.fa			
MFD06459	PRJNA1071982	SAMN39870624	SRX23693400	MFD06459.fa			
MFD06460	PRJNA1071982	SAMN39870625	SRX23693401	MFD06460.fa			
MFD06461	PRJNA1071982	SAMN39870626	SRX23693402	MFD06461.fa			
MFD06462	PRJNA1071982	SAMN39870627	SRX23693403	MFD06462.fa			
MFD06463	PRJNA1071982	SAMN39870628	SRX23693404	MFD06463.fa			
MFD06464	PRJNA1071982	SAMN39870629	SRX23693406	MFD06464.fa			
MFD06465	PRJNA1071982	SAMN39870630	SRX23693407	MFD06465.fa			
MFD06466	PRJNA1071982	SAMN39870631	SRX23693408	MFD06466.fa			
MFD06467	PRJNA1071982	SAMN39870632	SRX23693409	MFD06467.fa			
MFD06468	PRJNA1071982	SAMN39870633	SRX23693410	MFD06468.fa			
MFD06469	PRJNA1071982	SAMN39870634	SRX23693411	MFD06469.fa			
MFD06470	PRJNA1071982	SAMN39870635	SRX23693412	MFD06470.fa			
MFD06471	PRJNA1071982	SAMN39870636	SRX23693413	MFD06471.fa			
MFD06472	PRJNA1071982	SAMN39870637	SRX23693414	MFD06472.fa			
MFD06473	PRJNA1071982	SAMN39870638	SRX23693415	MFD06473.fa			
MFD06474	PRJNA1071982	SAMN39870639	SRX23693093	MFD06474.fa			
MFD06475	PRJNA1071982	SAMN39870640	SRX23693094	MFD06475.fa			
MFD06476	PRJNA1071982	SAMN39870641	SRX23693095	MFD06476.fa			
MFD06477	PRJNA1071982	SAMN39870642	SRX23693096	MFD06477.fa			
MFD06478	PRJNA1071982	SAMN39870643	SRX23693097	MFD06478.fa			
MFD06479	PRJNA1071982	SAMN39870644	SRX23693098	MFD06479.fa			
MFD06480	PRJNA1071982	SAMN39870645	SRX23693099	MFD06480.fa			
MFD06481	PRJNA1071982	SAMN39870646	SRX23693100	MFD06481.fa			
MFD06482	PRJNA1071982	SAMN39870647	SRX23693101	MFD06482.fa			
MFD06483	PRJNA1071982	SAMN39870648	SRX23693102	MFD06483.fa			
MFD06484	PRJNA1071982	SAMN39870649	SRX23693104	MFD06484.fa			
MFD06485	PRJNA1071982	SAMN39870650	SRX23693105	MFD06485.fa			
MFD06486	PRJNA1071982	SAMN39870651	SRX23693106	MFD06486.fa			
MFD06487	PRJNA1071982	SAMN39870652	SRX23693107	MFD06487.fa			
MFD06488	PRJNA1071982	SAMN39870653	SRX23693108	MFD06488.fa			
MFD06489	PRJNA1071982	SAMN39870654	SRX23693109	MFD06489.fa			
MFD06490	PRJNA1071982	SAMN39870655	SRX23693110	MFD06490.fa			
MFD06491	PRJNA1071982	SAMN39870656	SRX23693111	MFD06491.fa			
MFD06492	PRJNA1071982	SAMN39870657	SRX23693112	MFD06492.fa			
MFD06493	PRJNA1071982	SAMN39870658	SRX23693113	MFD06493.fa			
MFD06494	PRJNA1071982	SAMN39870659	SRX23693115	MFD06494.fa			
MFD06495	PRJNA1071982	SAMN39870660	SRX23693116	MFD06495.fa			
MFD06496	PRJNA1071982	SAMN39870661	SRX23693117	MFD06496.fa			
MFD06497	PRJNA1071982	SAMN39870662	SRX23693416	MFD06497.fa			
MFD06498	PRJNA1071982	SAMN39870663	SRX23693417	MFD06498.fa			
MFD06499	PRJNA1071982	SAMN39870664	SRX23693418	MFD06499.fa			
MFD06500	PRJNA1071982	SAMN39870665	SRX23693419	MFD06500.fa			
MFD06501	PRJNA1071982	SAMN39870666	SRX23693420	MFD06501.fa			
MFD06502	PRJNA1071982	SAMN39870667	SRX23693421	MFD06502.fa			
MFD06503	PRJNA1071982	SAMN39870668	SRX23693422	MFD06503.fa			
MFD06504	PRJNA1071982	SAMN39870669	SRX23693424	MFD06504.fa			
MFD06505	PRJNA1071982	SAMN39870670	SRX23693425	MFD06505.fa			
MFD06506	PRJNA1071982	SAMN39870671	SRX23693426	MFD06506.fa			
MFD06507	PRJNA1071982	SAMN39870672	SRX23693427	MFD06507.fa			
MFD06508	PRJNA1071982	SAMN39870673	SRX23693428	MFD06508.fa			
MFD06509	PRJNA1071982	SAMN39870674	SRX23693429	MFD06509.fa			
MFD06510	PRJNA1071982	SAMN39870675	SRX23693430	MFD06510.fa			
MFD06511	PRJNA1071982	SAMN39870676	SRX23693431	MFD06511.fa			
MFD06512	PRJNA1071982	SAMN39870677	SRX23693432	MFD06512.fa			
MFD06513	PRJNA1071982	SAMN39870678	SRX23693433	MFD06513.fa			
MFD06514	PRJNA1071982	SAMN39870679	SRX23693435	MFD06514.fa			
MFD06515	PRJNA1071982	SAMN39870680	SRX23693436	MFD06515.fa			
MFD06516	PRJNA1071982	SAMN39870681	SRX23693437	MFD06516.fa			
MFD06517	PRJNA1071982	SAMN39870682	SRX23693438	MFD06517.fa			
MFD06518	PRJNA1071982	SAMN39870683	SRX23693439	MFD06518.fa			
MFD06519	PRJNA1071982	SAMN39870684	SRX23693440	MFD06519.fa			
MFD06520	PRJNA1071982	SAMN39870685	SRX23693441	MFD06520.fa			
MFD06521	PRJNA1071982	SAMN39870686	SRX23693442	MFD06521.fa			
MFD06522	PRJNA1071982	SAMN39870687	SRX23693553	MFD06522.fa			
MFD06523	PRJNA1071982	SAMN39870688	SRX23693554	MFD06523.fa			
MFD06524	PRJNA1071982	SAMN39870689	SRX23693556	MFD06524.fa			
MFD06525	PRJNA1071982	SAMN39870690	SRX23693557	MFD06525.fa			
MFD06526	PRJNA1071982	SAMN39870691	SRX23693558	MFD06526.fa			
MFD06527	PRJNA1071982	SAMN39870692	SRX23693559	MFD06527.fa			
MFD06529	PRJNA1071982	SAMN39870693	SRX23693560	MFD06529.fa			
MFD06530	PRJNA1071982	SAMN39870694	SRX23693561	MFD06530.fa			
MFD06531	PRJNA1071982	SAMN39870695	SRX23693562	MFD06531.fa			
MFD06532	PRJNA1071982	SAMN39870696	SRX23693563	MFD06532.fa			
MFD06533	PRJNA1071982	SAMN39870697	SRX23693564	MFD06533.fa			
MFD06534	PRJNA1071982	SAMN39870698	SRX23693565	MFD06534.fa			
MFD06535	PRJNA1071982	SAMN39870699	SRX23693567	MFD06535.fa			
MFD06536	PRJNA1071982	SAMN39870700	SRX23693568	MFD06536.fa			
MFD06537	PRJNA1071982	SAMN39870701	SRX23693569	MFD06537.fa			
MFD06538	PRJNA1071982	SAMN39870702	SRX23693570	MFD06538.fa			
MFD06539	PRJNA1071982	SAMN39870703	SRX23693571	MFD06539.fa			
MFD06540	PRJNA1071982	SAMN39870704	SRX23693572	MFD06540.fa			
MFD06541	PRJNA1071982	SAMN39870705	SRX23693573	MFD06541.fa			
MFD06542	PRJNA1071982	SAMN39870706	SRX23693574	MFD06542.fa			
MFD06543	PRJNA1071982	SAMN39870707	SRX23693575	MFD06543.fa			
MFD06544	PRJNA1071982	SAMN39870708	SRX23693576	MFD06544.fa			
MFD06545	PRJNA1071982	SAMN39870709	SRX23693578	MFD06545.fa			
MFD06546	PRJNA1071982	SAMN39870710	SRX23693118	MFD06546.fa			
MFD06547	PRJNA1071982	SAMN39870711	SRX23693119	MFD06547.fa			
MFD06548	PRJNA1071982	SAMN39870712	SRX23693120	MFD06548.fa			
MFD06549	PRJNA1071982	SAMN39870713	SRX23693121	MFD06549.fa			
MFD06550	PRJNA1071982	SAMN39870714	SRX23693122	MFD06550.fa			
MFD06551	PRJNA1071982	SAMN39870715	SRX23693123	MFD06551.fa			
MFD06552	PRJNA1071982	SAMN39870716	SRX23693124	MFD06552.fa			
MFD06553	PRJNA1071982	SAMN39870717	SRX23693125	MFD06553.fa			
MFD06554	PRJNA1071982	SAMN39870718	SRX23693126	MFD06554.fa			
MFD06555	PRJNA1071982	SAMN39870719	SRX23693128	MFD06555.fa			
MFD06556	PRJNA1071982	SAMN39870720	SRX23693129	MFD06556.fa			
MFD06557	PRJNA1071982	SAMN39870721	SRX23693130	MFD06557.fa			
MFD06558	PRJNA1071982	SAMN39870722	SRX23693131	MFD06558.fa			
MFD06559	PRJNA1071982	SAMN39870723	SRX23693132	MFD06559.fa			
MFD06560	PRJNA1071982	SAMN39870724	SRX23693133	MFD06560.fa			
MFD06561	PRJNA1071982	SAMN39870725	SRX23693134	MFD06561.fa			
MFD06562	PRJNA1071982	SAMN39870726	SRX23693135	MFD06562.fa			
MFD06563	PRJNA1071982	SAMN39870727	SRX23693136	MFD06563.fa			
MFD06564	PRJNA1071982	SAMN39870728	SRX23693137	MFD06564.fa			
MFD06565	PRJNA1071982	SAMN39870729	SRX23693139	MFD06565.fa			
MFD06566	PRJNA1071982	SAMN39870730	SRX23693140	MFD06566.fa			
MFD06567	PRJNA1071982	SAMN39870731	SRX23693141	MFD06567.fa			
MFD06568	PRJNA1071982	SAMN39870732	SRX23693142	MFD06568.fa			
MFD06569	PRJNA1071982	SAMN39870733	SRX23693143	MFD06569.fa			
MFD06570	PRJNA1071982	SAMN39870734	SRX23693144	MFD06570.fa			
MFD06571	PRJNA1071982	SAMN39870735	SRX23693145	MFD06571.fa			
MFD06572	PRJNA1071982	SAMN39870736	SRX23693146	MFD06572.fa			
MFD06573	PRJNA1071982	SAMN39870737	SRX23693147	MFD06573.fa			
MFD06574	PRJNA1071982	SAMN39870738	SRX23693148	MFD06574.fa			
MFD06575	PRJNA1071982	SAMN39870739	SRX23693151	MFD06575.fa			
MFD06576	PRJNA1071982	SAMN39870740	SRX23693152	MFD06576.fa			
MFD06577	PRJNA1071982	SAMN39870741	SRX23693153	MFD06577.fa			
MFD06578	PRJNA1071982	SAMN39870742	SRX23693154	MFD06578.fa			
MFD06579	PRJNA1071982	SAMN39870743	SRX23693155	MFD06579.fa			
MFD06582	PRJNA1071982	SAMN39870744	SRX23693156	MFD06582.fa			
MFD06583	PRJNA1071982	SAMN39870745	SRX23693157	MFD06583.fa			
MFD06584	PRJNA1071982	SAMN39870746	SRX23693158	MFD06584.fa			
MFD06585	PRJNA1071982	SAMN39870747	SRX23693159	MFD06585.fa			
MFD06586	PRJNA1071982	SAMN39870748	SRX23693160	MFD06586.fa			
MFD06587	PRJNA1071982	SAMN39870749	SRX23693162	MFD06587.fa			
MFD06588	PRJNA1071982	SAMN39870750	SRX23693163	MFD06588.fa			
MFD06589	PRJNA1071982	SAMN39870751	SRX23693164	MFD06589.fa			
MFD06590	PRJNA1071982	SAMN39870752	SRX23693165	MFD06590.fa			
MFD06591	PRJNA1071982	SAMN39870753	SRX23693166	MFD06591.fa			
MFD06592	PRJNA1071982	SAMN39870754	SRX23693167	MFD06592.fa			
MFD06593	PRJNA1071982	SAMN39870755	SRX23693168	MFD06593.fa			
MFD06594	PRJNA1071982	SAMN39870756	SRX23693169	MFD06594.fa			
MFD06595	PRJNA1071982	SAMN39870757	SRX23693170	MFD06595.fa			
MFD06596	PRJNA1071982	SAMN39870758	SRX23693171	MFD06596.fa			
MFD06597	PRJNA1071982	SAMN39870759	SRX23692977	MFD06597.fa			
MFD06598	PRJNA1071982	SAMN39870760	SRX23692978	MFD06598.fa			
MFD06599	PRJNA1071982	SAMN39870761	SRX23692979	MFD06599.fa			
MFD06600	PRJNA1071982	SAMN39870762	SRX23692980	MFD06600.fa			
MFD06601	PRJNA1071982	SAMN39870763	SRX23692981	MFD06601.fa			
MFD06602	PRJNA1071982	SAMN39870764	SRX23692982	MFD06602.fa			
MFD06603	PRJNA1071982	SAMN39870765	SRX23692983	MFD06603.fa			
MFD06604	PRJNA1071982	SAMN39870766	SRX23692984	MFD06604.fa			
MFD06605	PRJNA1071982	SAMN39870767	SRX23692985	MFD06605.fa			
MFD06606	PRJNA1071982	SAMN39870768	SRX23692986	MFD06606.fa			
MFD06607	PRJNA1071982	SAMN39870769	SRX23692988	MFD06607.fa			
MFD06608	PRJNA1071982	SAMN39870770	SRX23692989	MFD06608.fa			
MFD06609	PRJNA1071982	SAMN39870771	SRX23692990	MFD06609.fa			
MFD06610	PRJNA1071982	SAMN39870772	SRX23692991	MFD06610.fa			
MFD06611	PRJNA1071982	SAMN39870773	SRX23692992	MFD06611.fa			
MFD06612	PRJNA1071982	SAMN39870774	SRX23692993	MFD06612.fa			
MFD06613	PRJNA1071982	SAMN39870775	SRX23692994	MFD06613.fa			
MFD06614	PRJNA1071982	SAMN39870776	SRX23692995	MFD06614.fa			
MFD06615	PRJNA1071982	SAMN39870777	SRX23692996	MFD06615.fa			
MFD06616	PRJNA1071982	SAMN39870778	SRX23692997	MFD06616.fa			
MFD06617	PRJNA1071982	SAMN39870779	SRX23692999	MFD06617.fa			
MFD06618	PRJNA1071982	SAMN39870780	SRX23693000	MFD06618.fa			
MFD06619	PRJNA1071982	SAMN39870781	SRX23693001	MFD06619.fa			
MFD06620	PRJNA1071982	SAMN39870782	SRX23693002	MFD06620.fa			
MFD06621	PRJNA1071982	SAMN39870783	SRX23693003	MFD06621.fa			
MFD06622	PRJNA1071982	SAMN39870784	SRX23693579	MFD06622.fa			
MFD06623	PRJNA1071982	SAMN39870785	SRX23693580	MFD06623.fa			
MFD06624	PRJNA1071982	SAMN39870786	SRX23693581	MFD06624.fa			
MFD06625	PRJNA1071982	SAMN39870787	SRX23693582	MFD06625.fa			
MFD06626	PRJNA1071982	SAMN39870788	SRX23693583	MFD06626.fa			
MFD06627	PRJNA1071982	SAMN39870789	SRX23693585	MFD06627.fa			
MFD06628	PRJNA1071982	SAMN39870790	SRX23693586	MFD06628.fa			
MFD06629	PRJNA1071982	SAMN39870791	SRX23693587	MFD06629.fa			
MFD06630	PRJNA1071982	SAMN39870792	SRX23693588	MFD06630.fa			
MFD06631	PRJNA1071982	SAMN39870793	SRX23693589	MFD06631.fa			
MFD06632	PRJNA1071982	SAMN39870794	SRX23693590	MFD06632.fa			
MFD06633	PRJNA1071982	SAMN39870795	SRX23693591	MFD06633.fa			
MFD06634	PRJNA1071982	SAMN39870796	SRX23693592	MFD06634.fa			
MFD06635	PRJNA1071982	SAMN39870797	SRX23693593	MFD06635.fa			
MFD06636	PRJNA1071982	SAMN39870798	SRX23693594	MFD06636.fa			
MFD06637	PRJNA1071982	SAMN39870799	SRX23693596	MFD06637.fa			
MFD06638	PRJNA1071982	SAMN39870800	SRX23693597	MFD06638.fa			
MFD06639	PRJNA1071982	SAMN39870801	SRX23693598	MFD06639.fa			
MFD06640	PRJNA1071982	SAMN39870802	SRX23693599	MFD06640.fa			
MFD06641	PRJNA1071982	SAMN39870803	SRX23693600	MFD06641.fa			
MFD06642	PRJNA1071982	SAMN39870804	SRX23693601	MFD06642.fa			
MFD06643	PRJNA1071982	SAMN39870805	SRX23693602	MFD06643.fa			
MFD06644	PRJNA1071982	SAMN39870806	SRX23693603	MFD06644.fa			
MFD06645	PRJNA1071982	SAMN39870807	SRX23693604	MFD06645.fa			
MFD06646	PRJNA1071982	SAMN39870808	SRX23693173	MFD06646.fa			
MFD06647	PRJNA1071982	SAMN39870809	SRX23693175	MFD06647.fa			
MFD06648	PRJNA1071982	SAMN39870810	SRX23693176	MFD06648.fa			
MFD06649	PRJNA1071982	SAMN39870811	SRX23693177	MFD06649.fa			
MFD06650	PRJNA1071982	SAMN39870812	SRX23693178	MFD06650.fa			
MFD06651	PRJNA1071982	SAMN39870813	SRX23693179	MFD06651.fa			
MFD06652	PRJNA1071982	SAMN39870814	SRX23693180	MFD06652.fa			
MFD06653	PRJNA1071982	SAMN39870815	SRX23693181	MFD06653.fa			
MFD06654	PRJNA1071982	SAMN39870816	SRX23693182	MFD06654.fa			
MFD06655	PRJNA1071982	SAMN39870817	SRX23693183	MFD06655.fa			
MFD06656	PRJNA1071982	SAMN39870818	SRX23693184	MFD06656.fa			
MFD06657	PRJNA1071982	SAMN39870819	SRX23693186	MFD06657.fa			
MFD06658	PRJNA1071982	SAMN39870820	SRX23693187	MFD06658.fa			
MFD06659	PRJNA1071982	SAMN39870821	SRX23693188	MFD06659.fa			
MFD06660	PRJNA1071982	SAMN39870822	SRX23693189	MFD06660.fa			
MFD06661	PRJNA1071982	SAMN39870823	SRX23693190	MFD06661.fa			
MFD06662	PRJNA1071982	SAMN39870824	SRX23693191	MFD06662.fa			
MFD06663	PRJNA1071982	SAMN39870825	SRX23693192	MFD06663.fa			
MFD06664	PRJNA1071982	SAMN39870826	SRX23693193	MFD06664.fa			
MFD06665	PRJNA1071982	SAMN39870827	SRX23693194	MFD06665.fa			
MFD06666	PRJNA1071982	SAMN39870828	SRX23693195	MFD06666.fa			
MFD06669	PRJNA1071982	SAMN39870829	SRX23693197	MFD06669.fa			
MFD06671	PRJNA1071982	SAMN39870830	SRX23693198	MFD06671.fa			
MFD06672	PRJNA1071982	SAMN39870831	SRX23693199	MFD06672.fa			
MFD06673	PRJNA1071982	SAMN39870832	SRX23693200	MFD06673.fa			
MFD06675	PRJNA1071982	SAMN39870833	SRX23693605	MFD06675.fa			
MFD06677	PRJNA1071982	SAMN39870834	SRX23693606	MFD06677.fa			
MFD06678	PRJNA1071982	SAMN39870835	SRX23693607	MFD06678.fa			
MFD06679	PRJNA1071982	SAMN39870836	SRX23693608	MFD06679.fa			
MFD06680	PRJNA1071982	SAMN39870837	SRX23693609	MFD06680.fa			
MFD06682	PRJNA1071982	SAMN39870838	SRX23693610	MFD06682.fa			
MFD06683	PRJNA1071982	SAMN39870839	SRX23693613	MFD06683.fa			
MFD06684	PRJNA1071982	SAMN39870840	SRX23693614	MFD06684.fa			
MFD06685	PRJNA1071982	SAMN39870841	SRX23693615	MFD06685.fa			
MFD06686	PRJNA1071982	SAMN39870842	SRX23693616	MFD06686.fa			
MFD06687	PRJNA1071982	SAMN39870843	SRX23693617	MFD06687.fa			
MFD06688	PRJNA1071982	SAMN39870844	SRX23693618	MFD06688.fa			
MFD06689	PRJNA1071982	SAMN39870845	SRX23693619	MFD06689.fa			
MFD06690	PRJNA1071982	SAMN39870846	SRX23693620	MFD06690.fa			
MFD06691	PRJNA1071982	SAMN39870847	SRX23693621	MFD06691.fa			
MFD06692	PRJNA1071982	SAMN39870848	SRX23693622	MFD06692.fa			
MFD06693	PRJNA1071982	SAMN39870849	SRX23693624	MFD06693.fa			
MFD06694	PRJNA1071982	SAMN39870850	SRX23693625	MFD06694.fa			
MFD06695	PRJNA1071982	SAMN39870851	SRX23693626	MFD06695.fa			
MFD06696	PRJNA1071982	SAMN39870852	SRX23693627	MFD06696.fa			
MFD06697	PRJNA1071982	SAMN39870853	SRX23693628	MFD06697.fa			
MFD06698	PRJNA1071982	SAMN39870854	SRX23693629	MFD06698.fa			
MFD06699	PRJNA1071982	SAMN39870855	SRX23693630	MFD06699.fa			
MFD06701	PRJNA1071982	SAMN39870856	SRX23693631	MFD06701.fa			
MFD06703	PRJNA1071982	SAMN39870857	SRX23693632	MFD06703.fa			
MFD06706	PRJNA1071982	SAMN39870858	SRX23693633	MFD06706.fa			
MFD06708	PRJNA1071982	SAMN39870859	SRX23693635	MFD06708.fa			
MFD06709	PRJNA1071982	SAMN39870860	SRX23693636	MFD06709.fa			
MFD06710	PRJNA1071982	SAMN39870861	SRX23693637	MFD06710.fa			
MFD06711	PRJNA1071982	SAMN39870862	SRX23693638	MFD06711.fa			
MFD06712	PRJNA1071982	SAMN39870863	SRX23693639	MFD06712.fa			
MFD06714	PRJNA1071982	SAMN39870864	SRX23693640	MFD06714.fa			
MFD06715	PRJNA1071982	SAMN39870865	SRX23692818	MFD06715.fa			
MFD06716	PRJNA1071982	SAMN39870866	SRX23692819	MFD06716.fa			
MFD06720	PRJNA1071982	SAMN39870867	SRX23692820	MFD06720.fa			
MFD06721	PRJNA1071982	SAMN39870868	SRX23692821	MFD06721.fa			
MFD06722	PRJNA1071982	SAMN39870869	SRX23692823	MFD06722.fa			
MFD06723	PRJNA1071982	SAMN39870870	SRX23692824	MFD06723.fa			
MFD06725	PRJNA1071982	SAMN39870871	SRX23692825	MFD06725.fa			
MFD06726	PRJNA1071982	SAMN39870872	SRX23692826	MFD06726.fa			
MFD06727	PRJNA1071982	SAMN39870873	SRX23692827	MFD06727.fa			
MFD06728	PRJNA1071982	SAMN39870874	SRX23692828	MFD06728.fa			
MFD06729	PRJNA1071982	SAMN39870875	SRX23692829	MFD06729.fa			
MFD06730	PRJNA1071982	SAMN39870876	SRX23692830	MFD06730.fa			
MFD06732	PRJNA1071982	SAMN39870877	SRX23692831	MFD06732.fa			
MFD06734	PRJNA1071982	SAMN39870878	SRX23692832	MFD06734.fa			
MFD06736	PRJNA1071982	SAMN39870879	SRX23692834	MFD06736.fa			
MFD06737	PRJNA1071982	SAMN39870880	SRX23692835	MFD06737.fa			
MFD06738	PRJNA1071982	SAMN39870881	SRX23692836	MFD06738.fa			
MFD06739	PRJNA1071982	SAMN39870882	SRX23693004	MFD06739.fa			
MFD06740	PRJNA1071982	SAMN39870883	SRX23693005	MFD06740.fa			
MFD06741	PRJNA1071982	SAMN39870884	SRX23693006	MFD06741.fa			
MFD06742	PRJNA1071982	SAMN39870885	SRX23693007	MFD06742.fa			
MFD06743	PRJNA1071982	SAMN39870886	SRX23693008	MFD06743.fa			
MFD06745	PRJNA1071982	SAMN39870887	SRX23693009	MFD06745.fa			
MFD06746	PRJNA1071982	SAMN39870888	SRX23693010	MFD06746.fa			
MFD06747	PRJNA1071982	SAMN39870889	SRX23693012	MFD06747.fa			
MFD06748	PRJNA1071982	SAMN39870890	SRX23693013	MFD06748.fa			
MFD06749	PRJNA1071982	SAMN39870891	SRX23693014	MFD06749.fa			
MFD06750	PRJNA1071982	SAMN39870892	SRX23693015	MFD06750.fa			
MFD06751	PRJNA1071982	SAMN39870893	SRX23693016	MFD06751.fa			
MFD06752	PRJNA1071982	SAMN39870894	SRX23693017	MFD06752.fa			
MFD06753	PRJNA1071982	SAMN39870895	SRX23693018	MFD06753.fa			
MFD06754	PRJNA1071982	SAMN39870896	SRX23693019	MFD06754.fa			
MFD06755	PRJNA1071982	SAMN39870897	SRX23693020	MFD06755.fa			
MFD06756	PRJNA1071982	SAMN39870898	SRX23693021	MFD06756.fa			
MFD06757	PRJNA1071982	SAMN39870899	SRX23693023	MFD06757.fa			
MFD06758	PRJNA1071982	SAMN39870900	SRX23693024	MFD06758.fa			
MFD06759	PRJNA1071982	SAMN39870901	SRX23693025	MFD06759.fa			
MFD06760	PRJNA1071982	SAMN39870902	SRX23693026	MFD06760.fa			
MFD06762	PRJNA1071982	SAMN39874956	SRX23693027	MFD06762.fa			
MFD06764	PRJNA1071982	SAMN39870903	SRX23693028	MFD06764.fa			
MFD06765	PRJNA1071982	SAMN39870904	SRX23693029	MFD06765.fa			
MFD06767	PRJNA1071982	SAMN39870905	SRX23693030	MFD06767.fa			
MFD06769	PRJNA1071982	SAMN39870906	SRX23692837	MFD06769.fa			
MFD06770	PRJNA1071982	SAMN39870907	SRX23692838	MFD06770.fa			
MFD06771	PRJNA1071982	SAMN39870908	SRX23692840	MFD06771.fa			
MFD06772	PRJNA1071982	SAMN39870909	SRX23692841	MFD06772.fa			
MFD06774	PRJNA1071982	SAMN39870910	SRX23692842	MFD06774.fa			
MFD06775	PRJNA1071982	SAMN39870911	SRX23692843	MFD06775.fa			
MFD06776	PRJNA1071982	SAMN39870912	SRX23692844	MFD06776.fa			
MFD06777	PRJNA1071982	SAMN39870913	SRX23692845	MFD06777.fa			
MFD06778	PRJNA1071982	SAMN39870914	SRX23692846	MFD06778.fa			
MFD06779	PRJNA1071982	SAMN39870915	SRX23692847	MFD06779.fa			
MFD06780	PRJNA1071982	SAMN39870916	SRX23692848	MFD06780.fa			
MFD06781	PRJNA1071982	SAMN39870917	SRX23692849	MFD06781.fa			
MFD06785	PRJNA1071982	SAMN39870918	SRX23692851	MFD06785.fa			
MFD06789	PRJNA1071982	SAMN39870919	SRX23692852	MFD06789.fa			
MFD06790	PRJNA1071982	SAMN39870920	SRX23692853	MFD06790.fa			
MFD06791	PRJNA1071982	SAMN39870921	SRX23692854	MFD06791.fa			
MFD06792	PRJNA1071982	SAMN39870922	SRX23692855	MFD06792.fa			
MFD06793	PRJNA1071982	SAMN39870923	SRX23692856	MFD06793.fa			
MFD06794	PRJNA1071982	SAMN39870924	SRX23692857	MFD06794.fa			
MFD06795	PRJNA1071982	SAMN39870925	SRX23692858	MFD06795.fa			
MFD06798	PRJNA1071982	SAMN39870926	SRX23692859	MFD06798.fa			
MFD06800	PRJNA1071982	SAMN39870927	SRX23692860	MFD06800.fa			
MFD06801	PRJNA1071982	SAMN39870928	SRX23692862	MFD06801.fa			
MFD06802	PRJNA1071982	SAMN39870929	SRX23692863	MFD06802.fa			
MFD06803	PRJNA1071982	SAMN39870930	SRX23692864	MFD06803.fa			
MFD06804	PRJNA1071982	SAMN39870931	SRX23693201	MFD06804.fa			
MFD06805	PRJNA1071982	SAMN39870932	SRX23693202	MFD06805.fa			
MFD06806	PRJNA1071982	SAMN39870933	SRX23693203	MFD06806.fa			
MFD06807	PRJNA1071982	SAMN39870934	SRX23693204	MFD06807.fa			
MFD06808	PRJNA1071982	SAMN39870935	SRX23693205	MFD06808.fa			
MFD06809	PRJNA1071982	SAMN39870936	SRX23693206	MFD06809.fa			
MFD06810	PRJNA1071982	SAMN39870937	SRX23693207	MFD06810.fa			
MFD06811	PRJNA1071982	SAMN39870938	SRX23693210	MFD06811.fa			
MFD06812	PRJNA1071982	SAMN39870939	SRX23693211	MFD06812.fa			
MFD06813	PRJNA1071982	SAMN39870940	SRX23693212	MFD06813.fa			
MFD06815	PRJNA1071982	SAMN39870941	SRX23693213	MFD06815.fa			
MFD06816	PRJNA1071982	SAMN39870942	SRX23693214	MFD06816.fa			
MFD06817	PRJNA1071982	SAMN39870943	SRX23693215	MFD06817.fa	SRX23627821	SRX23627820	SRX23662793
MFD06818	PRJNA1071982	SAMN39870944	SRX23693216	MFD06818.fa			
MFD06819	PRJNA1071982	SAMN39870945	SRX23693217	MFD06819.fa	SRX23627823	SRX23627822	SRX23662794
MFD06820	PRJNA1071982	SAMN39870946	SRX23693218	MFD06820.fa			
MFD06821	PRJNA1071982	SAMN39870947	SRX23693219	MFD06821.fa			
MFD06823	PRJNA1071982	SAMN39870948	SRX23693221	MFD06823.fa			
MFD06824	PRJNA1071982	SAMN39870949	SRX23693222	MFD06824.fa			
MFD06825	PRJNA1071982	SAMN39870950	SRX23693223	MFD06825.fa			
MFD06826	PRJNA1071982	SAMN39870951	SRX23693224	MFD06826.fa			
MFD06827	PRJNA1071982	SAMN39870952	SRX23693225	MFD06827.fa			
MFD06828	PRJNA1071982	SAMN39870953	SRX23693226	MFD06828.fa	SRX23627825	SRX23627824	SRX23662795
MFD06829	PRJNA1071982	SAMN39870954	SRX23693227	MFD06829.fa			
MFD06830	PRJNA1071982	SAMN39870955	SRX23693228	MFD06830.fa			
MFD06831	PRJNA1071982	SAMN39870956	SRX23693229	MFD06831.fa			
MFD06832	PRJNA1071982	SAMN39870957	SRX23693230	MFD06832.fa			
MFD06833	PRJNA1071982	SAMN39870958	SRX23693232	MFD06833.fa			
MFD06834	PRJNA1071982	SAMN39870959	SRX23693233	MFD06834.fa	SRX23627828	SRX23627827	SRX23662796
MFD06835	PRJNA1071982	SAMN39870960	SRX23693234	MFD06835.fa			
MFD06836	PRJNA1071982	SAMN39870961	SRX23693235	MFD06836.fa			
MFD06837	PRJNA1071982	SAMN39870962	SRX23693236	MFD06837.fa			
MFD06838	PRJNA1071982	SAMN39870963	SRX23693237	MFD06838.fa			
MFD06839	PRJNA1071982	SAMN39870964	SRX23693238	MFD06839.fa			
MFD06840	PRJNA1071982	SAMN39870965	SRX23693239	MFD06840.fa			
MFD06841	PRJNA1071982	SAMN39870966	SRX23693240	MFD06841.fa			
MFD06842	PRJNA1071982	SAMN39870967	SRX23693241	MFD06842.fa			
MFD06843	PRJNA1071982	SAMN39870968	SRX23693243	MFD06843.fa			
MFD06844	PRJNA1071982	SAMN39870969	SRX23693244	MFD06844.fa			
MFD06845	PRJNA1071982	SAMN39870970	SRX23693245	MFD06845.fa			
MFD06846	PRJNA1071982	SAMN39870971	SRX23693246	MFD06846.fa			
MFD06847	PRJNA1071982	SAMN39870972	SRX23693247	MFD06847.fa			
MFD06848	PRJNA1071982	SAMN39870973	SRX23693248	MFD06848.fa			
MFD06849	PRJNA1071982	SAMN39870974	SRX23693249	MFD06849.fa			
MFD06850	PRJNA1071982	SAMN39870975	SRX23693250	MFD06850.fa			
MFD06851	PRJNA1071982	SAMN39870976	SRX23693251	MFD06851.fa			
MFD06863	PRJNA1071982	SAMN39870977	SRX23693252	MFD06863.fa	SRX23627830	SRX23627829	
MFD06866	PRJNA1071982	SAMN39870978	SRX23693254	MFD06866.fa			
MFD06874	PRJNA1071982	SAMN39870979	SRX23693255	MFD06874.fa	SRX23627832	SRX23627831	
MFD06878	PRJNA1071982	SAMN39870980	SRX23693256	MFD06878.fa			
MFD06880	PRJNA1071982	SAMN39870981	SRX23693031	MFD06880.fa			
MFD06881	PRJNA1071982	SAMN39870982	SRX23693032	MFD06881.fa	SRX23627834	SRX23627833	
MFD06885	PRJNA1071982	SAMN39870983	SRX23693033	MFD06885.fa			
MFD06894	PRJNA1071982	SAMN39870984	SRX23693034	MFD06894.fa			
MFD06895	PRJNA1071982	SAMN39870985	SRX23693035	MFD06895.fa			
MFD06896	PRJNA1071982	SAMN39870986	SRX23693036	MFD06896.fa			
MFD06897	PRJNA1071982	SAMN39870987	SRX23693037	MFD06897.fa			
MFD06898	PRJNA1071982	SAMN39870988	SRX23693039	MFD06898.fa			
MFD06899	PRJNA1071982	SAMN39870989	SRX23693040	MFD06899.fa			
MFD06900	PRJNA1071982	SAMN39870990	SRX23693041	MFD06900.fa			
MFD06901	PRJNA1071982	SAMN39870991	SRX23693042	MFD06901.fa			
MFD06902	PRJNA1071982	SAMN39870992	SRX23693043	MFD06902.fa			
MFD06903	PRJNA1071982	SAMN39870993	SRX23693044	MFD06903.fa			
MFD06904	PRJNA1071982	SAMN39870994	SRX23693045	MFD06904.fa	SRX23627836	SRX23627835	SRX23662798
MFD06905	PRJNA1071982	SAMN39870995	SRX23693046	MFD06905.fa			
MFD06907	PRJNA1071982	SAMN39870996	SRX23693047	MFD06907.fa			
MFD06908	PRJNA1071982	SAMN39870997	SRX23693048	MFD06908.fa			
MFD06909	PRJNA1071982	SAMN39870998	SRX23693050	MFD06909.fa			
MFD06914	PRJNA1071982	SAMN39870999	SRX23693051	MFD06914.fa	SRX23627839	SRX23627838	
MFD06928	PRJNA1071982	SAMN39871000	SRX23693052	MFD06928.fa	SRX23627841	SRX23627840	
MFD06929	PRJNA1071982	SAMN39871001	SRX23693053	MFD06929.fa			
MFD06930	PRJNA1071982	SAMN39871002	SRX23693054	MFD06930.fa			
MFD06931	PRJNA1071982	SAMN39871003	SRX23693055	MFD06931.fa			
MFD06932	PRJNA1071982	SAMN39871004	SRX23693056	MFD06932.fa			
MFD06933	PRJNA1071982	SAMN39871005	SRX23693057	MFD06933.fa			
MFD06934	PRJNA1071982	SAMN39871006	SRX23693058	MFD06934.fa			
MFD06935	PRJNA1071982	SAMN39871007	SRX23693443	MFD06935.fa			
MFD06936	PRJNA1071982	SAMN39871008	SRX23693445	MFD06936.fa			
MFD06937	PRJNA1071982	SAMN39871009	SRX23693446	MFD06937.fa			
MFD06938	PRJNA1071982	SAMN39871010	SRX23693447	MFD06938.fa			
MFD06939	PRJNA1071982	SAMN39871011	SRX23693448	MFD06939.fa			
MFD06940	PRJNA1071982	SAMN39871012	SRX23693449	MFD06940.fa			
MFD06941	PRJNA1071982	SAMN39871013	SRX23693450	MFD06941.fa			
MFD06942	PRJNA1071982	SAMN39871014	SRX23693451	MFD06942.fa			
MFD06943	PRJNA1071982	SAMN39871015	SRX23693452	MFD06943.fa			
MFD06944	PRJNA1071982	SAMN39871016	SRX23693453	MFD06944.fa			
MFD06945	PRJNA1071982	SAMN39871017	SRX23693454	MFD06945.fa	SRX23627971	SRX23627842	SRX23662799
MFD06946	PRJNA1071982	SAMN39871018	SRX23693456	MFD06946.fa			
MFD06947	PRJNA1071982	SAMN39871019	SRX23693457	MFD06947.fa			
MFD06948	PRJNA1071982	SAMN39871020	SRX23693458	MFD06948.fa			
MFD06949	PRJNA1071982	SAMN39871021	SRX23693459	MFD06949.fa			
MFD06950	PRJNA1071982	SAMN39871022	SRX23693460	MFD06950.fa			
MFD06951	PRJNA1071982	SAMN39871023	SRX23693461	MFD06951.fa			
MFD06952	PRJNA1071982	SAMN39871024	SRX23693462	MFD06952.fa			
MFD06953	PRJNA1071982	SAMN39871025	SRX23693463	MFD06953.fa			
MFD06954	PRJNA1071982	SAMN39871026	SRX23693464	MFD06954.fa	SRX23627973	SRX23627972	SRX23662800
MFD06955	PRJNA1071982	SAMN39871027	SRX23693465	MFD06955.fa			
MFD06956	PRJNA1071982	SAMN39871028	SRX23693467	MFD06956.fa			
MFD06958	PRJNA1071982	SAMN39871029	SRX23693468	MFD06958.fa			
MFD06959	PRJNA1071982	SAMN39871030	SRX23693469	MFD06959.fa			
MFD06960	PRJNA1071982	SAMN39871031	SRX23693470	MFD06960.fa			
MFD06961	PRJNA1071982	SAMN39871032	SRX23693471	MFD06961.fa	SRX23627975	SRX23627974	SRX23662801
MFD06962	PRJNA1071982	SAMN39871033	SRX23693472	MFD06962.fa			
MFD06963	PRJNA1071982	SAMN39871034	SRX23693473	MFD06963.fa			
MFD06964	PRJNA1071982	SAMN39871035	SRX23693474	MFD06964.fa			
MFD06965	PRJNA1071982	SAMN39871036	SRX23693475	MFD06965.fa			
MFD06966	PRJNA1071982	SAMN39871037	SRX23693476	MFD06966.fa	SRX23627978	SRX23627977	SRX23662802
MFD06967	PRJNA1071982	SAMN39871038	SRX23693479	MFD06967.fa			
MFD06968	PRJNA1071982	SAMN39871039	SRX23693480	MFD06968.fa			
MFD06969	PRJNA1071982	SAMN39871040	SRX23693481	MFD06969.fa			
MFD06970	PRJNA1071982	SAMN39871041	SRX23693482	MFD06970.fa			
MFD06971	PRJNA1071982	SAMN39871042	SRX23693483	MFD06971.fa			
MFD06972	PRJNA1071982	SAMN39871043	SRX23693484	MFD06972.fa			
MFD06973	PRJNA1071982	SAMN39871044	SRX23693485	MFD06973.fa	SRX23627980	SRX23627979	SRX23662803
MFD06974	PRJNA1071982	SAMN39871045	SRX23693486	MFD06974.fa			
MFD06975	PRJNA1071982	SAMN39871046	SRX23693487	MFD06975.fa	SRX23627982	SRX23627981	SRX23662804
MFD06976	PRJNA1071982	SAMN39871047	SRX23693488	MFD06976.fa			
MFD06977	PRJNA1071982	SAMN39871048	SRX23693490	MFD06977.fa			
MFD06978	PRJNA1071982	SAMN39871049	SRX23693491	MFD06978.fa			
MFD06979	PRJNA1071982	SAMN39871050	SRX23693492	MFD06979.fa			
MFD06980	PRJNA1071982	SAMN39871051	SRX23693493	MFD06980.fa			
MFD06981	PRJNA1071982	SAMN39871052	SRX23693494	MFD06981.fa			
MFD06982	PRJNA1071982	SAMN39871053	SRX23693495	MFD06982.fa			
MFD06983	PRJNA1071982	SAMN39871054	SRX23693496	MFD06983.fa			
MFD06984	PRJNA1071982	SAMN39871055	SRX23693497	MFD06984.fa			
MFD06985	PRJNA1071982	SAMN39871056	SRX23693498	MFD06985.fa			
MFD06986	PRJNA1071982	SAMN39871057	SRX23693257	MFD06986.fa			
MFD06987	PRJNA1071982	SAMN39871058	SRX23693259	MFD06987.fa			
MFD06988	PRJNA1071982	SAMN39871059	SRX23693260	MFD06988.fa			
MFD06989	PRJNA1071982	SAMN39871060	SRX23693261	MFD06989.fa			
MFD06990	PRJNA1071982	SAMN39871061	SRX23693262	MFD06990.fa			
MFD06991	PRJNA1071982	SAMN39871062	SRX23693263	MFD06991.fa			
MFD06992	PRJNA1071982	SAMN39871063	SRX23693264	MFD06992.fa	SRX23627984	SRX23627983	SRX23662805
MFD06993	PRJNA1071982	SAMN39871064	SRX23693265	MFD06993.fa			
MFD06994	PRJNA1071982	SAMN39871065	SRX23693266	MFD06994.fa			
MFD06995	PRJNA1071982	SAMN39871066	SRX23693267	MFD06995.fa			
MFD06996	PRJNA1071982	SAMN39871067	SRX23693268	MFD06996.fa			
MFD06998	PRJNA1071982	SAMN39871068	SRX23693270	MFD06998.fa			
MFD06999	PRJNA1071982	SAMN39871069	SRX23693271	MFD06999.fa			
MFD07000	PRJNA1071982	SAMN39871070	SRX23693272	MFD07000.fa	SRX23627986	SRX23627985	SRX23662806
MFD07001	PRJNA1071982	SAMN39871071	SRX23693273	MFD07001.fa			
MFD07002	PRJNA1071982	SAMN39871072	SRX23693274	MFD07002.fa			
MFD07003	PRJNA1071982	SAMN39871073	SRX23693275	MFD07003.fa			
MFD07004	PRJNA1071982	SAMN39871074	SRX23693276	MFD07004.fa			
MFD07005	PRJNA1071982	SAMN39871075	SRX23693277	MFD07005.fa			
MFD07006	PRJNA1071982	SAMN39871076	SRX23693278	MFD07006.fa			
MFD07007	PRJNA1071982	SAMN39871077	SRX23693279	MFD07007.fa			
MFD07008	PRJNA1071982	SAMN39871078	SRX23693281	MFD07008.fa			
MFD07009	PRJNA1071982	SAMN39871079	SRX23693282	MFD07009.fa			
MFD07010	PRJNA1071982	SAMN39871080	SRX23693283	MFD07010.fa	SRX23627989	SRX23627988	SRX23662807
MFD07011	PRJNA1071982	SAMN39871081	SRX23692865	MFD07011.fa			
MFD07012	PRJNA1071982	SAMN39871082	SRX23692866	MFD07012.fa			
MFD07013	PRJNA1071982	SAMN39871083	SRX23692867	MFD07013.fa	SRX23627991	SRX23627990	SRX23662809
MFD07014	PRJNA1071982	SAMN39871084	SRX23692868	MFD07014.fa			
MFD07015	PRJNA1071982	SAMN39871085	SRX23692869	MFD07015.fa			
MFD07016	PRJNA1071982	SAMN39871086	SRX23692870	MFD07016.fa			
MFD07017	PRJNA1071982	SAMN39871087	SRX23692871	MFD07017.fa			
MFD07018	PRJNA1071982	SAMN39871088	SRX23692873	MFD07018.fa			
MFD07019	PRJNA1071982	SAMN39871089	SRX23692874	MFD07019.fa			
MFD07020	PRJNA1071982	SAMN39871090	SRX23692875	MFD07020.fa			
MFD07021	PRJNA1071982	SAMN39871091	SRX23692876	MFD07021.fa			
MFD07022	PRJNA1071982	SAMN39871092	SRX23692877	MFD07022.fa	SRX23627993	SRX23627992	SRX23662810
MFD07023	PRJNA1071982	SAMN39871093	SRX23692878	MFD07023.fa			
MFD07024	PRJNA1071982	SAMN39871094	SRX23692879	MFD07024.fa			
MFD07025	PRJNA1071982	SAMN39871095	SRX23692880	MFD07025.fa			
MFD07026	PRJNA1071982	SAMN39871096	SRX23692881	MFD07026.fa			
MFD07027	PRJNA1071982	SAMN39871097	SRX23692882	MFD07027.fa			
MFD07028	PRJNA1071982	SAMN39871098	SRX23692884	MFD07028.fa			
MFD07030	PRJNA1071982	SAMN39871099	SRX23692885	MFD07030.fa			
MFD07032	PRJNA1071982	SAMN39871100	SRX23692886	MFD07032.fa			
MFD07033	PRJNA1071982	SAMN39871101	SRX23692887	MFD07033.fa			
MFD07034	PRJNA1071982	SAMN39871102	SRX23692888	MFD07034.fa	SRX23627995	SRX23627994	SRX23662811
MFD07035	PRJNA1071982	SAMN39871103	SRX23692889	MFD07035.fa			
MFD07036	PRJNA1071982	SAMN39871104	SRX23692890	MFD07036.fa			
MFD07037	PRJNA1071982	SAMN39871105	SRX23692891	MFD07037.fa			
MFD07038	PRJNA1071982	SAMN39871106	SRX23692892	MFD07038.fa			
MFD07039	PRJNA1071982	SAMN39871107	SRX23692893	MFD07039.fa			
MFD07040	PRJNA1071982	SAMN39871108	SRX23692895	MFD07040.fa			SRX23662812
MFD07041	PRJNA1071982	SAMN39871109	SRX23692896	MFD07041.fa			
MFD07042	PRJNA1071982	SAMN39871110	SRX23692897	MFD07042.fa			
MFD07043	PRJNA1071982	SAMN39871111	SRX23692898	MFD07043.fa			
MFD07044	PRJNA1071982	SAMN39871112	SRX23692899	MFD07044.fa			
MFD07045	PRJNA1071982	SAMN39871113	SRX23692900	MFD07045.fa			
MFD07046	PRJNA1071982	SAMN39871114	SRX23692901	MFD07046.fa			
MFD07047	PRJNA1071982	SAMN39871115	SRX23692902	MFD07047.fa			
MFD07048	PRJNA1071982	SAMN39871116	SRX23692903	MFD07048.fa			
MFD07049	PRJNA1071982	SAMN39871117	SRX23692904	MFD07049.fa	SRX23627997	SRX23627996	SRX23662813
MFD07050	PRJNA1071982	SAMN39871118	SRX23692906	MFD07050.fa			
MFD07051	PRJNA1071982	SAMN39871119	SRX23692907	MFD07051.fa	SRX23628001	SRX23628000	SRX23662814
MFD07052	PRJNA1071982	SAMN39871120	SRX23692908	MFD07052.fa			
MFD07053	PRJNA1071982	SAMN39871121	SRX23692909	MFD07053.fa			
MFD07054	PRJNA1071982	SAMN39871122	SRX23692910	MFD07054.fa			
MFD07055	PRJNA1071982	SAMN39871123	SRX23692911	MFD07055.fa			
MFD07056	PRJNA1071982	SAMN39871124	SRX23692912	MFD07056.fa			
MFD07057	PRJNA1071982	SAMN39871125	SRX23692913	MFD07057.fa			
MFD07058	PRJNA1071982	SAMN39871126	SRX23692914	MFD07058.fa			
MFD07059	PRJNA1071982	SAMN39871127	SRX23692915	MFD07059.fa			
MFD07060	PRJNA1071982	SAMN39871128	SRX23692917	MFD07060.fa			
MFD07061	PRJNA1071982	SAMN39871129	SRX23692918	MFD07061.fa			
MFD07062	PRJNA1071982	SAMN39871130	SRX23692919	MFD07062.fa			
MFD07063	PRJNA1071982	SAMN39871131	SRX23692920	MFD07063.fa			
MFD07064	PRJNA1071982	SAMN39871132	SRX23692921	MFD07064.fa			
MFD07065	PRJNA1071982	SAMN39871133	SRX23692922	MFD07065.fa	SRX23628003	SRX23628002	SRX23662815
MFD07066	PRJNA1071982	SAMN39871134	SRX23692923	MFD07066.fa			
MFD07067	PRJNA1071982	SAMN39871135	SRX23692924	MFD07067.fa			
MFD07068	PRJNA1071982	SAMN39871136	SRX23692925	MFD07068.fa			
MFD07069	PRJNA1071982	SAMN39871137	SRX23692926	MFD07069.fa			
MFD07070	PRJNA1071982	SAMN39871138	SRX23692929	MFD07070.fa			
MFD07071	PRJNA1071982	SAMN39871139	SRX23692930	MFD07071.fa			
MFD07072	PRJNA1071982	SAMN39871140	SRX23692931	MFD07072.fa			
MFD07073	PRJNA1071982	SAMN39871141	SRX23692932	MFD07073.fa			
MFD07074	PRJNA1071982	SAMN39871142	SRX23692933	MFD07074.fa			
MFD07075	PRJNA1071982	SAMN39871143	SRX23692934	MFD07075.fa			
MFD07076	PRJNA1071982	SAMN39871144	SRX23692935	MFD07076.fa			
MFD07077	PRJNA1071982	SAMN39871145	SRX23692936	MFD07077.fa			
MFD07078	PRJNA1071982	SAMN39871146	SRX23692937	MFD07078.fa			
MFD07079	PRJNA1071982	SAMN39871147	SRX23692938	MFD07079.fa			
MFD07080	PRJNA1071982	SAMN39871148	SRX23692940	MFD07080.fa			
MFD07081	PRJNA1071982	SAMN39871149	SRX23692941	MFD07081.fa	SRX23628005	SRX23628004	SRX23662816
MFD07082	PRJNA1071982	SAMN39871150	SRX23692942	MFD07082.fa			
MFD07083	PRJNA1071982	SAMN39871151	SRX23692943	MFD07083.fa			
MFD07084	PRJNA1071982	SAMN39871152	SRX23692944	MFD07084.fa			
MFD07085	PRJNA1071982	SAMN39871153	SRX23692945	MFD07085.fa			
MFD07086	PRJNA1071982	SAMN39871154	SRX23692946	MFD07086.fa			
MFD07087	PRJNA1071982	SAMN39871155	SRX23692947	MFD07087.fa	SRX23628007	SRX23628006	SRX23662817
MFD07088	PRJNA1071982	SAMN39871156	SRX23692948	MFD07088.fa			
MFD07089	PRJNA1071982	SAMN39871157	SRX23693499	MFD07089.fa			
MFD07090	PRJNA1071982	SAMN39871158	SRX23693501	MFD07090.fa			
MFD07091	PRJNA1071982	SAMN39871159	SRX23693502	MFD07091.fa			
MFD07092	PRJNA1071982	SAMN39871160	SRX23693503	MFD07092.fa			
MFD07093	PRJNA1071982	SAMN39871161	SRX23693504	MFD07093.fa			
MFD07094	PRJNA1071982	SAMN39871162	SRX23693505	MFD07094.fa			
MFD07095	PRJNA1071982	SAMN39871163	SRX23693506	MFD07095.fa			
MFD07096	PRJNA1071982	SAMN39871164	SRX23693507	MFD07096.fa			
MFD07097	PRJNA1071982	SAMN39871165	SRX23693508	MFD07097.fa			
MFD07098	PRJNA1071982	SAMN39871166	SRX23693509	MFD07098.fa			
MFD07099	PRJNA1071982	SAMN39871167	SRX23693510	MFD07099.fa	SRX23628009	SRX23628008	SRX23662818
MFD07100	PRJNA1071982	SAMN39871168	SRX23693512	MFD07100.fa			
MFD07101	PRJNA1071982	SAMN39871169	SRX23693513	MFD07101.fa			
MFD07102	PRJNA1071982	SAMN39871170	SRX23693514	MFD07102.fa			
MFD07103	PRJNA1071982	SAMN39871171	SRX23693515	MFD07103.fa			
MFD07104	PRJNA1071982	SAMN39871172	SRX23693516	MFD07104.fa			
MFD07105	PRJNA1071982	SAMN39871173	SRX23693517	MFD07105.fa			
MFD07106	PRJNA1071982	SAMN39871174	SRX23693518	MFD07106.fa			
MFD07107	PRJNA1071982	SAMN39871175	SRX23693519	MFD07107.fa			
MFD07108	PRJNA1071982	SAMN39871176	SRX23693520	MFD07108.fa			
MFD07109	PRJNA1071982	SAMN39871177	SRX23693521	MFD07109.fa			
MFD07110	PRJNA1071982	SAMN39871178	SRX23693523	MFD07110.fa			
MFD07111	PRJNA1071982	SAMN39871179	SRX23693524	MFD07111.fa			
MFD07112	PRJNA1071982	SAMN39871180	SRX23693525	MFD07112.fa			
MFD07113	PRJNA1071982	SAMN39871181	SRX23693526	MFD07113.fa			
MFD07114	PRJNA1071982	SAMN39871182	SRX23693284	MFD07114.fa			
MFD07115	PRJNA1071982	SAMN39871183	SRX23693285	MFD07115.fa			
MFD07116	PRJNA1071982	SAMN39871184	SRX23693286	MFD07116.fa			
MFD07117	PRJNA1071982	SAMN39871185	SRX23693287	MFD07117.fa			
MFD07118	PRJNA1071982	SAMN39871186	SRX23693288	MFD07118.fa			
MFD07119	PRJNA1071982	SAMN39871187	SRX23693289	MFD07119.fa			
MFD07120	PRJNA1071982	SAMN39871188	SRX23693291	MFD07120.fa			
MFD07121	PRJNA1071982	SAMN39871189	SRX23693292	MFD07121.fa			
MFD07122	PRJNA1071982	SAMN39871190	SRX23693293	MFD07122.fa			
MFD07123	PRJNA1071982	SAMN39871191	SRX23693294	MFD07123.fa			
MFD07124	PRJNA1071982	SAMN39871192	SRX23693295	MFD07124.fa			
MFD07125	PRJNA1071982	SAMN39871193	SRX23693296	MFD07125.fa			
MFD07126	PRJNA1071982	SAMN39871194	SRX23693297	MFD07126.fa			
MFD07127	PRJNA1071982	SAMN39871195	SRX23693298	MFD07127.fa			
MFD07128	PRJNA1071982	SAMN39871196	SRX23693299	MFD07128.fa			
MFD07129	PRJNA1071982	SAMN39871197	SRX23693300	MFD07129.fa			
MFD07130	PRJNA1071982	SAMN39871198	SRX23693302	MFD07130.fa	SRX23628012	SRX23628011	SRX23662820
MFD07131	PRJNA1071982	SAMN39871199	SRX23693303	MFD07131.fa			
MFD07132	PRJNA1071982	SAMN39871200	SRX23693304	MFD07132.fa			
MFD07133	PRJNA1071982	SAMN39871201	SRX23693305	MFD07133.fa			
MFD07134	PRJNA1071982	SAMN39871202	SRX23693306	MFD07134.fa			
MFD07135	PRJNA1071982	SAMN39871203	SRX23693307	MFD07135.fa			
MFD07136	PRJNA1071982	SAMN39871204	SRX23693308	MFD07136.fa			
MFD07137	PRJNA1071982	SAMN39871205	SRX23693309	MFD07137.fa			
MFD07138	PRJNA1071982	SAMN39871206	SRX23693310	MFD07138.fa			
MFD07139	PRJNA1071982	SAMN39871207	SRX23693311	MFD07139.fa			
MFD07140	PRJNA1071982	SAMN39871208	SRX23692950	MFD07140.fa			
MFD07141	PRJNA1071982	SAMN39871209	SRX23692951	MFD07141.fa	SRX23628014	SRX23628013	SRX23662821
MFD07142	PRJNA1071982	SAMN39871210	SRX23692952	MFD07142.fa			
MFD07143	PRJNA1071982	SAMN39871211	SRX23692953	MFD07143.fa			
MFD07144	PRJNA1071982	SAMN39871212	SRX23692954	MFD07144.fa			
MFD07145	PRJNA1071982	SAMN39871213	SRX23692955	MFD07145.fa			
MFD07146	PRJNA1071982	SAMN39871214	SRX23692956	MFD07146.fa			
MFD07147	PRJNA1071982	SAMN39871215	SRX23692957	MFD07147.fa	SRX23628016	SRX23628015	SRX23662822
MFD07148	PRJNA1071982	SAMN39871216	SRX23692958	MFD07148.fa			
MFD07149	PRJNA1071982	SAMN39871217	SRX23692959	MFD07149.fa			
MFD07150	PRJNA1071982	SAMN39871218	SRX23692961	MFD07150.fa			
MFD07151	PRJNA1071982	SAMN39871219	SRX23692962	MFD07151.fa			
MFD07152	PRJNA1071982	SAMN39871220	SRX23692963	MFD07152.fa			
MFD07153	PRJNA1071982	SAMN39871221	SRX23692964	MFD07153.fa			
MFD07154	PRJNA1071982	SAMN39871222	SRX23692965	MFD07154.fa			
MFD07155	PRJNA1071982	SAMN39871223	SRX23692966	MFD07155.fa			
MFD07156	PRJNA1071982	SAMN39871224	SRX23692967	MFD07156.fa			
MFD07157	PRJNA1071982	SAMN39871225	SRX23692968	MFD07157.fa			
MFD07158	PRJNA1071982	SAMN39871226	SRX23692969	MFD07158.fa			
MFD07159	PRJNA1071982	SAMN39871227	SRX23692970	MFD07159.fa	SRX23628018	SRX23628017	SRX23662823
MFD07160	PRJNA1071982	SAMN39871228	SRX23692972	MFD07160.fa			
MFD07161	PRJNA1071982	SAMN39871229	SRX23692973	MFD07161.fa			
MFD07162	PRJNA1071982	SAMN39871230	SRX23692974	MFD07162.fa			
MFD07163	PRJNA1071982	SAMN39871231	SRX23692975	MFD07163.fa			
MFD07164	PRJNA1071982	SAMN39871232	SRX23692976	MFD07164.fa			
MFD07165	PRJNA1071982	SAMN39871233	SRX23693312	MFD07165.fa			
MFD07166	PRJNA1071982	SAMN39871234	SRX23693313	MFD07166.fa			
MFD07167	PRJNA1071982	SAMN39871235	SRX23693314	MFD07167.fa			
MFD07168	PRJNA1071982	SAMN39871236	SRX23693315	MFD07168.fa			
MFD07169	PRJNA1071982	SAMN39871237	SRX23693316	MFD07169.fa			
MFD07170	PRJNA1071982	SAMN39871238	SRX23693319	MFD07170.fa			
MFD07171	PRJNA1071982	SAMN39871239	SRX23693320	MFD07171.fa			
MFD07172	PRJNA1071982	SAMN39871240	SRX23693321	MFD07172.fa			
MFD07173	PRJNA1071982	SAMN39871241	SRX23693322	MFD07173.fa			
MFD07174	PRJNA1071982	SAMN39871242	SRX23693323	MFD07174.fa			
MFD07175	PRJNA1071982	SAMN39871243	SRX23693324	MFD07175.fa			
MFD07176	PRJNA1071982	SAMN39871244	SRX23693325	MFD07176.fa			
MFD07177	PRJNA1071982	SAMN39871245	SRX23693326	MFD07177.fa			
MFD07178	PRJNA1071982	SAMN39871246	SRX23693327	MFD07178.fa			
MFD07179	PRJNA1071982	SAMN39871247	SRX23693328	MFD07179.fa			
MFD07180	PRJNA1071982	SAMN39871248	SRX23693330	MFD07180.fa			
MFD07181	PRJNA1071982	SAMN39871249	SRX23693331	MFD07181.fa			
MFD07182	PRJNA1071982	SAMN39871250	SRX23693332	MFD07182.fa			
MFD07183	PRJNA1071982	SAMN39871251	SRX23693333	MFD07183.fa			
MFD07184	PRJNA1071982	SAMN39871252	SRX23693334	MFD07184.fa			
MFD07185	PRJNA1071982	SAMN39871253	SRX23693335	MFD07185.fa			
MFD07186	PRJNA1071982	SAMN39871254	SRX23693336	MFD07186.fa			
MFD07187	PRJNA1071982	SAMN39871255	SRX23693337	MFD07187.fa			
MFD07188	PRJNA1071982	SAMN39871256	SRX23693338	MFD07188.fa	SRX23628020	SRX23628019	SRX23662824
MFD07189	PRJNA1071982	SAMN39871257	SRX23693339	MFD07189.fa			
MFD07190	PRJNA1071982	SAMN39871258	SRX23693341	MFD07190.fa			
MFD07191	PRJNA1071982	SAMN39871259	SRX23693342	MFD07191.fa			
MFD07192	PRJNA1071982	SAMN39871260	SRX23693343	MFD07192.fa			
MFD07193	PRJNA1071982	SAMN39871261	SRX23694234	MFD07193.fa			
MFD07194	PRJNA1071982	SAMN39871262	SRX23694235	MFD07194.fa			
MFD07195	PRJNA1071982	SAMN39871263	SRX23694069	MFD07195.fa			
MFD07196	PRJNA1071982	SAMN39871264	SRX23694289	MFD07196.fa			
MFD07197	PRJNA1071982	SAMN39871265	SRX23693900	MFD07197.fa			
MFD07198	PRJNA1071982	SAMN39871266	SRX23693927	MFD07198.fa			
MFD07199	PRJNA1071982	SAMN39871267	SRX23693954	MFD07199.fa			
MFD07200	PRJNA1071982	SAMN39871268	SRX23693982	MFD07200.fa			
MFD07201	PRJNA1071982	SAMN39871269	SRX23694009	MFD07201.fa			
MFD07202	PRJNA1071982	SAMN39871270	SRX23694036	MFD07202.fa			
MFD07203	PRJNA1071982	SAMN39871271	SRX23694236	MFD07203.fa			
MFD07204	PRJNA1071982	SAMN39871272	SRX23694247	MFD07204.fa	SRX23628023	SRX23628022	SRX23662825
MFD07205	PRJNA1071982	SAMN39871273	SRX23694258	MFD07205.fa			
MFD07206	PRJNA1071982	SAMN39871274	SRX23694437	MFD07206.fa	SRX23628025	SRX23628024	SRX23662826
MFD07207	PRJNA1071982	SAMN39871275	SRX23694448	MFD07207.fa			
MFD07208	PRJNA1071982	SAMN39871276	SRX23694459	MFD07208.fa	SRX23628027	SRX23628026	SRX23662827
MFD07209	PRJNA1071982	SAMN39871277	SRX23693802	MFD07209.fa			
MFD07210	PRJNA1071982	SAMN39871278	SRX23693813	MFD07210.fa			
MFD07211	PRJNA1071982	SAMN39871279	SRX23694047	MFD07211.fa			
MFD07212	PRJNA1071982	SAMN39871280	SRX23694058	MFD07212.fa			
MFD07213	PRJNA1071982	SAMN39871281	SRX23694070	MFD07213.fa			
MFD07214	PRJNA1071982	SAMN39871282	SRX23694470	MFD07214.fa			
MFD07215	PRJNA1071982	SAMN39871283	SRX23694481	MFD07215.fa			
MFD07216	PRJNA1071982	SAMN39871284	SRX23693824	MFD07216.fa			
MFD07217	PRJNA1071982	SAMN39871285	SRX23693835	MFD07217.fa			
MFD07218	PRJNA1071982	SAMN39871286	SRX23693846	MFD07218.fa			
MFD07219	PRJNA1071982	SAMN39871287	SRX23694080	MFD07219.fa			
MFD07220	PRJNA1071982	SAMN39871288	SRX23694091	MFD07220.fa			
MFD07221	PRJNA1071982	SAMN39871289	SRX23694267	MFD07221.fa			
MFD07222	PRJNA1071982	SAMN39871290	SRX23694278	MFD07222.fa			
MFD07223	PRJNA1071982	SAMN39871291	SRX23694290	MFD07223.fa			
MFD07224	PRJNA1071982	SAMN39871292	SRX23694497	MFD07224.fa			
MFD07225	PRJNA1071982	SAMN39871293	SRX23694508	MFD07225.fa			
MFD07226	PRJNA1071982	SAMN39871294	SRX23693851	MFD07226.fa			
MFD07227	PRJNA1071982	SAMN39871295	SRX23693862	MFD07227.fa			
MFD07228	PRJNA1071982	SAMN39871296	SRX23693873	MFD07228.fa			
MFD07229	PRJNA1071982	SAMN39871297	SRX23694524	MFD07229.fa			
MFD07230	PRJNA1071982	SAMN39871298	SRX23693644	MFD07230.fa			
MFD07231	PRJNA1071982	SAMN39871299	SRX23693878	MFD07231.fa			
MFD07232	PRJNA1071982	SAMN39871300	SRX23693889	MFD07232.fa			
MFD07233	PRJNA1071982	SAMN39871301	SRX23693901	MFD07233.fa			
MFD07234	PRJNA1071982	SAMN39871302	SRX23694108	MFD07234.fa			
MFD07235	PRJNA1071982	SAMN39871303	SRX23694119	MFD07235.fa			
MFD07236	PRJNA1071982	SAMN39871304	SRX23694295	MFD07236.fa			
MFD07237	PRJNA1071982	SAMN39871305	SRX23694306	MFD07237.fa			
MFD07238	PRJNA1071982	SAMN39871306	SRX23694317	MFD07238.fa	SRX23628029	SRX23628028	SRX23662828
MFD07239	PRJNA1071982	SAMN39871307	SRX23693661	MFD07239.fa			
MFD07240	PRJNA1071982	SAMN39871308	SRX23693672	MFD07240.fa			
MFD07241	PRJNA1071982	SAMN39871309	SRX23693905	MFD07241.fa			
MFD07242	PRJNA1071982	SAMN39871310	SRX23693916	MFD07242.fa			
MFD07243	PRJNA1071982	SAMN39871311	SRX23693928	MFD07243.fa			
MFD07244	PRJNA1071982	SAMN39871312	SRX23694135	MFD07244.fa			
MFD07245	PRJNA1071982	SAMN39871313	SRX23694146	MFD07245.fa			
MFD07247	PRJNA1071982	SAMN39871314	SRX23694322	MFD07247.fa			
MFD07248	PRJNA1071982	SAMN39871315	SRX23694333	MFD07248.fa			
MFD07249	PRJNA1071982	SAMN39871316	SRX23694344	MFD07249.fa			
MFD07250	PRJNA1071982	SAMN39871317	SRX23693688	MFD07250.fa			
MFD07251	PRJNA1071982	SAMN39871318	SRX23693699	MFD07251.fa			
MFD07252	PRJNA1071982	SAMN39871319	SRX23693710	MFD07252.fa			
MFD07253	PRJNA1071982	SAMN39871320	SRX23693943	MFD07253.fa			
MFD07254	PRJNA1071982	SAMN39871321	SRX23693955	MFD07254.fa			
MFD07255	PRJNA1071982	SAMN39871322	SRX23694162	MFD07255.fa			
MFD07256	PRJNA1071982	SAMN39871323	SRX23694173	MFD07256.fa			
MFD07257	PRJNA1071982	SAMN39871324	SRX23694184	MFD07257.fa			
MFD07258	PRJNA1071982	SAMN39871325	SRX23694360	MFD07258.fa			
MFD07259	PRJNA1071982	SAMN39871326	SRX23694371	MFD07259.fa			
MFD07260	PRJNA1071982	SAMN39871327	SRX23693715	MFD07260.fa			
MFD07261	PRJNA1071982	SAMN39871328	SRX23693726	MFD07261.fa			
MFD07262	PRJNA1071982	SAMN39871329	SRX23693737	MFD07262.fa			
MFD07263	PRJNA1071982	SAMN39871330	SRX23693971	MFD07263.fa			
MFD07264	PRJNA1071982	SAMN39871331	SRX23693983	MFD07264.fa			
MFD07265	PRJNA1071982	SAMN39871332	SRX23694190	MFD07265.fa			
MFD07266	PRJNA1071982	SAMN39871333	SRX23694201	MFD07266.fa			
MFD07267	PRJNA1071982	SAMN39871334	SRX23694212	MFD07267.fa			
MFD07268	PRJNA1071982	SAMN39871335	SRX23694388	MFD07268.fa			
MFD07269	PRJNA1071982	SAMN39871336	SRX23694399	MFD07269.fa			
MFD07270	PRJNA1071982	SAMN39871337	SRX23693742	MFD07270.fa			
MFD07271	PRJNA1071982	SAMN39871338	SRX23693753	MFD07271.fa			
MFD07272	PRJNA1071982	SAMN39871339	SRX23693764	MFD07272.fa			
MFD07273	PRJNA1071982	SAMN39871340	SRX23693998	MFD07273.fa			
MFD07274	PRJNA1071982	SAMN39871341	SRX23694010	MFD07274.fa			
MFD07275	PRJNA1071982	SAMN39871342	SRX23694217	MFD07275.fa			
MFD07276	PRJNA1071982	SAMN39871343	SRX23694228	MFD07276.fa			
MFD07277	PRJNA1071982	SAMN39871344	SRX23694537	MFD07277.fa			
MFD07278	PRJNA1071982	SAMN39871345	SRX23694415	MFD07278.fa			
MFD07279	PRJNA1071982	SAMN39871346	SRX23694426	MFD07279.fa			
MFD07280	PRJNA1071982	SAMN39871347	SRX23693769	MFD07280.fa			
MFD07281	PRJNA1071982	SAMN39871348	SRX23693780	MFD07281.fa			
MFD07282	PRJNA1071982	SAMN39871349	SRX23693791	MFD07282.fa			
MFD07283	PRJNA1071982	SAMN39871350	SRX23694025	MFD07283.fa			
MFD07284	PRJNA1071982	SAMN39871351	SRX23694037	MFD07284.fa			
MFD07285	PRJNA1071982	SAMN39871352	SRX23694542	MFD07285.fa			
MFD07286	PRJNA1071982	SAMN39871353	SRX23694551	MFD07286.fa			
MFD07287	PRJNA1071982	SAMN39871354	SRX23694552	MFD07287.fa			
MFD07288	PRJNA1071982	SAMN39871355	SRX23694553	MFD07288.fa			
MFD07289	PRJNA1071982	SAMN39871356	SRX23694554	MFD07289.fa			
MFD07290	PRJNA1071982	SAMN39871357	SRX23694555	MFD07290.fa			
MFD07291	PRJNA1071982	SAMN39871358	SRX23694556	MFD07291.fa			
MFD07292	PRJNA1071982	SAMN39871359	SRX23694557	MFD07292.fa			
MFD07293	PRJNA1071982	SAMN39871360	SRX23694558	MFD07293.fa			
MFD07294	PRJNA1071982	SAMN39871361	SRX23694237	MFD07294.fa			
MFD07295	PRJNA1071982	SAMN39871362	SRX23694238	MFD07295.fa			
MFD07296	PRJNA1071982	SAMN39871363	SRX23694239	MFD07296.fa			
MFD07297	PRJNA1071982	SAMN39871364	SRX23694240	MFD07297.fa			
MFD07298	PRJNA1071982	SAMN39871365	SRX23694241	MFD07298.fa			
MFD07299	PRJNA1071982	SAMN39871366	SRX23694242	MFD07299.fa			
MFD07300	PRJNA1071982	SAMN39871367	SRX23694243	MFD07300.fa			
MFD07301	PRJNA1071982	SAMN39871368	SRX23694244	MFD07301.fa			
MFD07302	PRJNA1071982	SAMN39871369	SRX23694245	MFD07302.fa			
MFD07303	PRJNA1071982	SAMN39871370	SRX23694246	MFD07303.fa			
MFD07304	PRJNA1071982	SAMN39871371	SRX23694248	MFD07304.fa			
MFD07305	PRJNA1071982	SAMN39871372	SRX23694249	MFD07305.fa			
MFD07306	PRJNA1071982	SAMN39871373	SRX23694250	MFD07306.fa			
MFD07307	PRJNA1071982	SAMN39871374	SRX23694251	MFD07307.fa			
MFD07308	PRJNA1071982	SAMN39871375	SRX23694252	MFD07308.fa			
MFD07309	PRJNA1071982	SAMN39871376	SRX23694253	MFD07309.fa			
MFD07310	PRJNA1071982	SAMN39871377	SRX23694254	MFD07310.fa			
MFD07311	PRJNA1071982	SAMN39871378	SRX23694255	MFD07311.fa			
MFD07312	PRJNA1071982	SAMN39871379	SRX23694256	MFD07312.fa			
MFD07313	PRJNA1071982	SAMN39871380	SRX23694257	MFD07313.fa			
MFD07314	PRJNA1071982	SAMN39871381	SRX23694259	MFD07314.fa			
MFD07315	PRJNA1071982	SAMN39871382	SRX23694260	MFD07315.fa			
MFD07316	PRJNA1071982	SAMN39871383	SRX23694261	MFD07316.fa	SRX23628031	SRX23628030	SRX23662829
MFD07317	PRJNA1071982	SAMN39871384	SRX23694262	MFD07317.fa			
MFD07318	PRJNA1071982	SAMN39871385	SRX23694263	MFD07318.fa			
MFD07319	PRJNA1071982	SAMN39871386	SRX23694264	MFD07319.fa			
MFD07320	PRJNA1071982	SAMN39871387	SRX23694265	MFD07320.fa			
MFD07321	PRJNA1071982	SAMN39871388	SRX23694434	MFD07321.fa			
MFD07322	PRJNA1071982	SAMN39871389	SRX23694435	MFD07322.fa			
MFD07323	PRJNA1071982	SAMN39871390	SRX23694436	MFD07323.fa			
MFD07324	PRJNA1071982	SAMN39871391	SRX23694438	MFD07324.fa			
MFD07325	PRJNA1071982	SAMN39871392	SRX23694439	MFD07325.fa			
MFD07326	PRJNA1071982	SAMN39871393	SRX23694440	MFD07326.fa			
MFD07327	PRJNA1071982	SAMN39871394	SRX23694441	MFD07327.fa			
MFD07328	PRJNA1071982	SAMN39871395	SRX23694442	MFD07328.fa			
MFD07329	PRJNA1071982	SAMN39871396	SRX23694443	MFD07329.fa			
MFD07330	PRJNA1071982	SAMN39871397	SRX23694444	MFD07330.fa			
MFD07331	PRJNA1071982	SAMN39871398	SRX23694445	MFD07331.fa			
MFD07332	PRJNA1071982	SAMN39871399	SRX23694446	MFD07332.fa			
MFD07333	PRJNA1071982	SAMN39871400	SRX23694447	MFD07333.fa			
MFD07334	PRJNA1071982	SAMN39871401	SRX23694449	MFD07334.fa			
MFD07335	PRJNA1071982	SAMN39871402	SRX23694450	MFD07335.fa			
MFD07336	PRJNA1071982	SAMN39871403	SRX23694451	MFD07336.fa			
MFD07337	PRJNA1071982	SAMN39871404	SRX23694452	MFD07337.fa			
MFD07338	PRJNA1071982	SAMN39871405	SRX23694453	MFD07338.fa			
MFD07339	PRJNA1071982	SAMN39871406	SRX23694454	MFD07339.fa			
MFD07340	PRJNA1071982	SAMN39871407	SRX23694455	MFD07340.fa			
MFD07341	PRJNA1071982	SAMN39871408	SRX23694456	MFD07341.fa			
MFD07342	PRJNA1071982	SAMN39871409	SRX23694457	MFD07342.fa			
MFD07343	PRJNA1071982	SAMN39871410	SRX23694458	MFD07343.fa			
MFD07344	PRJNA1071982	SAMN39871411	SRX23694460	MFD07344.fa			
MFD07345	PRJNA1071982	SAMN39871412	SRX23694461	MFD07345.fa			
MFD07346	PRJNA1071982	SAMN39871413	SRX23693794	MFD07346.fa			
MFD07347	PRJNA1071982	SAMN39871414	SRX23693795	MFD07347.fa			
MFD07348	PRJNA1071982	SAMN39871415	SRX23693796	MFD07348.fa			
MFD07349	PRJNA1071982	SAMN39871416	SRX23693797	MFD07349.fa			
MFD07350	PRJNA1071982	SAMN39871417	SRX23693798	MFD07350.fa			
MFD07351	PRJNA1071982	SAMN39871418	SRX23693799	MFD07351.fa			
MFD07352	PRJNA1071982	SAMN39871419	SRX23693800	MFD07352.fa			
MFD07353	PRJNA1071982	SAMN39871420	SRX23693801	MFD07353.fa			
MFD07354	PRJNA1071982	SAMN39871421	SRX23693803	MFD07354.fa			
MFD07355	PRJNA1071982	SAMN39871422	SRX23693804	MFD07355.fa			
MFD07356	PRJNA1071982	SAMN39871423	SRX23693805	MFD07356.fa			
MFD07357	PRJNA1071982	SAMN39871424	SRX23693806	MFD07357.fa			
MFD07358	PRJNA1071982	SAMN39871425	SRX23693807	MFD07358.fa			
MFD07359	PRJNA1071982	SAMN39871426	SRX23693808	MFD07359.fa			
MFD07360	PRJNA1071982	SAMN39871427	SRX23693809	MFD07360.fa			
MFD07361	PRJNA1071982	SAMN39871428	SRX23693810	MFD07361.fa			
MFD07362	PRJNA1071982	SAMN39871429	SRX23693811	MFD07362.fa			
MFD07363	PRJNA1071982	SAMN39871430	SRX23693812	MFD07363.fa			
MFD07364	PRJNA1071982	SAMN39871431	SRX23693814	MFD07364.fa			
MFD07365	PRJNA1071982	SAMN39871432	SRX23693815	MFD07365.fa			
MFD07366	PRJNA1071982	SAMN39871433	SRX23693816	MFD07366.fa			
MFD07367	PRJNA1071982	SAMN39871434	SRX23693817	MFD07367.fa			
MFD07368	PRJNA1071982	SAMN39871435	SRX23693818	MFD07368.fa			
MFD07369	PRJNA1071982	SAMN39871436	SRX23693819	MFD07369.fa			
MFD07370	PRJNA1071982	SAMN39871437	SRX23693820	MFD07370.fa			
MFD07371	PRJNA1071982	SAMN39871438	SRX23693821	MFD07371.fa			
MFD07372	PRJNA1071982	SAMN39871439	SRX23694045	MFD07372.fa			
MFD07373	PRJNA1071982	SAMN39871440	SRX23694046	MFD07373.fa			
MFD07374	PRJNA1071982	SAMN39871441	SRX23694048	MFD07374.fa			
MFD07375	PRJNA1071982	SAMN39871442	SRX23694049	MFD07375.fa			
MFD07376	PRJNA1071982	SAMN39871443	SRX23694050	MFD07376.fa			
MFD07377	PRJNA1071982	SAMN39871444	SRX23694051	MFD07377.fa			
MFD07378	PRJNA1071982	SAMN39871445	SRX23694052	MFD07378.fa			
MFD07379	PRJNA1071982	SAMN39871446	SRX23694053	MFD07379.fa			
MFD07380	PRJNA1071982	SAMN39871447	SRX23694054	MFD07380.fa			
MFD07381	PRJNA1071982	SAMN39871448	SRX23694055	MFD07381.fa			
MFD07382	PRJNA1071982	SAMN39871449	SRX23694056	MFD07382.fa			
MFD07383	PRJNA1071982	SAMN39871450	SRX23694057	MFD07383.fa			
MFD07384	PRJNA1071982	SAMN39871451	SRX23694059	MFD07384.fa			
MFD07385	PRJNA1071982	SAMN39871452	SRX23694060	MFD07385.fa			
MFD07386	PRJNA1071982	SAMN39871453	SRX23694061	MFD07386.fa			
MFD07387	PRJNA1071982	SAMN39871454	SRX23694062	MFD07387.fa			
MFD07388	PRJNA1071982	SAMN39871455	SRX23694063	MFD07388.fa			
MFD07389	PRJNA1071982	SAMN39871456	SRX23694064	MFD07389.fa			
MFD07390	PRJNA1071982	SAMN39871457	SRX23694065	MFD07390.fa			
MFD07391	PRJNA1071982	SAMN39871458	SRX23694066	MFD07391.fa			
MFD07392	PRJNA1071982	SAMN39871459	SRX23694067	MFD07392.fa			
MFD07393	PRJNA1071982	SAMN39871460	SRX23694068	MFD07393.fa			
MFD07394	PRJNA1071982	SAMN39871461	SRX23694071	MFD07394.fa			
MFD07395	PRJNA1071982	SAMN39871462	SRX23694072	MFD07395.fa			
MFD07396	PRJNA1071982	SAMN39871463	SRX23694462	MFD07396.fa			
MFD07397	PRJNA1071982	SAMN39871464	SRX23694463	MFD07397.fa			
MFD07398	PRJNA1071982	SAMN39871465	SRX23694464	MFD07398.fa			
MFD07399	PRJNA1071982	SAMN39871466	SRX23694465	MFD07399.fa			
MFD07400	PRJNA1071982	SAMN39871467	SRX23694466	MFD07400.fa			
MFD07401	PRJNA1071982	SAMN39871468	SRX23694467	MFD07401.fa			
MFD07402	PRJNA1071982	SAMN39871469	SRX23694468	MFD07402.fa			
MFD07403	PRJNA1071982	SAMN39871470	SRX23694469	MFD07403.fa			
MFD07404	PRJNA1071982	SAMN39871471	SRX23694471	MFD07404.fa			
MFD07405	PRJNA1071982	SAMN39871472	SRX23694472	MFD07405.fa			
MFD07406	PRJNA1071982	SAMN39871473	SRX23694473	MFD07406.fa			
MFD07407	PRJNA1071982	SAMN39871474	SRX23694474	MFD07407.fa			
MFD07408	PRJNA1071982	SAMN39871475	SRX23694475	MFD07408.fa			
MFD07409	PRJNA1071982	SAMN39871476	SRX23694476	MFD07409.fa			
MFD07410	PRJNA1071982	SAMN39871477	SRX23694477	MFD07410.fa			
MFD07411	PRJNA1071982	SAMN39871478	SRX23694478	MFD07411.fa			
MFD07412	PRJNA1071982	SAMN39871479	SRX23694479	MFD07412.fa			
MFD07413	PRJNA1071982	SAMN39871480	SRX23694480	MFD07413.fa	SRX23628034	SRX23628033	SRX23662831
MFD07414	PRJNA1071982	SAMN39871481	SRX23694482	MFD07414.fa			
MFD07415	PRJNA1071982	SAMN39871482	SRX23694483	MFD07415.fa			
MFD07416	PRJNA1071982	SAMN39871483	SRX23694484	MFD07416.fa			
MFD07417	PRJNA1071982	SAMN39871484	SRX23694485	MFD07417.fa			
MFD07418	PRJNA1071982	SAMN39871485	SRX23694486	MFD07418.fa			
MFD07419	PRJNA1071982	SAMN39871486	SRX23694487	MFD07419.fa			
MFD07420	PRJNA1071982	SAMN39871487	SRX23694488	MFD07420.fa			
MFD07421	PRJNA1071982	SAMN39871488	SRX23694489	MFD07421.fa			
MFD07422	PRJNA1071982	SAMN39871489	SRX23693822	MFD07422.fa			
MFD07423	PRJNA1071982	SAMN39871490	SRX23693823	MFD07423.fa			
MFD07424	PRJNA1071982	SAMN39871491	SRX23693825	MFD07424.fa			
MFD07425	PRJNA1071982	SAMN39871492	SRX23693826	MFD07425.fa			
MFD07426	PRJNA1071982	SAMN39871493	SRX23693827	MFD07426.fa			
MFD07427	PRJNA1071982	SAMN39871494	SRX23693828	MFD07427.fa			
MFD07428	PRJNA1071982	SAMN39871495	SRX23693829	MFD07428.fa			
MFD07429	PRJNA1071982	SAMN39871496	SRX23693830	MFD07429.fa			
MFD07430	PRJNA1071982	SAMN39871497	SRX23693831	MFD07430.fa			
MFD07431	PRJNA1071982	SAMN39871498	SRX23693832	MFD07431.fa			
MFD07432	PRJNA1071982	SAMN39871499	SRX23693833	MFD07432.fa			
MFD07433	PRJNA1071982	SAMN39871500	SRX23693834	MFD07433.fa			
MFD07434	PRJNA1071982	SAMN39871501	SRX23693836	MFD07434.fa			
MFD07435	PRJNA1071982	SAMN39871502	SRX23693837	MFD07435.fa	SRX23628228	SRX23628227	SRX23662832
MFD07436	PRJNA1071982	SAMN39871503	SRX23693838	MFD07436.fa			
MFD07437	PRJNA1071982	SAMN39871504	SRX23693839	MFD07437.fa			
MFD07438	PRJNA1071982	SAMN39871505	SRX23693840	MFD07438.fa			
MFD07439	PRJNA1071982	SAMN39871506	SRX23693841	MFD07439.fa			
MFD07440	PRJNA1071982	SAMN39871507	SRX23693842	MFD07440.fa			
MFD07441	PRJNA1071982	SAMN39871508	SRX23693843	MFD07441.fa			
MFD07442	PRJNA1071982	SAMN39871509	SRX23693844	MFD07442.fa			
MFD07443	PRJNA1071982	SAMN39871510	SRX23693845	MFD07443.fa			
MFD07444	PRJNA1071982	SAMN39871511	SRX23693847	MFD07444.fa			
MFD07445	PRJNA1071982	SAMN39871512	SRX23693848	MFD07445.fa			
MFD07446	PRJNA1071982	SAMN39871513	SRX23693849	MFD07446.fa			
MFD07447	PRJNA1071982	SAMN39871514	SRX23694073	MFD07447.fa			
MFD07448	PRJNA1071982	SAMN39871515	SRX23694074	MFD07448.fa			
MFD07449	PRJNA1071982	SAMN39871516	SRX23694075	MFD07449.fa			
MFD07450	PRJNA1071982	SAMN39871517	SRX23694076	MFD07450.fa			
MFD07451	PRJNA1071982	SAMN39871518	SRX23694077	MFD07451.fa			
MFD07452	PRJNA1071982	SAMN39871519	SRX23694078	MFD07452.fa			
MFD07453	PRJNA1071982	SAMN39871520	SRX23694079	MFD07453.fa			
MFD07454	PRJNA1071982	SAMN39871521	SRX23694081	MFD07454.fa			
MFD07455	PRJNA1071982	SAMN39871522	SRX23694082	MFD07455.fa			
MFD07456	PRJNA1071982	SAMN39871523	SRX23694083	MFD07456.fa			
MFD07457	PRJNA1071982	SAMN39871524	SRX23694084	MFD07457.fa			
MFD07458	PRJNA1071982	SAMN39871525	SRX23694085	MFD07458.fa			
MFD07459	PRJNA1071982	SAMN39871526	SRX23694086	MFD07459.fa			
MFD07460	PRJNA1071982	SAMN39871527	SRX23694087	MFD07460.fa			
MFD07461	PRJNA1071982	SAMN39871528	SRX23694088	MFD07461.fa			
MFD07462	PRJNA1071982	SAMN39871529	SRX23694089	MFD07462.fa			
MFD07463	PRJNA1071982	SAMN39871530	SRX23694090	MFD07463.fa			
MFD07464	PRJNA1071982	SAMN39871531	SRX23694092	MFD07464.fa			
MFD07465	PRJNA1071982	SAMN39871532	SRX23694093	MFD07465.fa			
MFD07466	PRJNA1071982	SAMN39871533	SRX23694094	MFD07466.fa			
MFD07467	PRJNA1071982	SAMN39871534	SRX23694095	MFD07467.fa			
MFD07468	PRJNA1071982	SAMN39871535	SRX23694096	MFD07468.fa			
MFD07469	PRJNA1071982	SAMN39871536	SRX23694097	MFD07469.fa			
MFD07470	PRJNA1071982	SAMN39871537	SRX23694098	MFD07470.fa	SRX23628230	SRX23628229	SRX23662833
MFD07471	PRJNA1071982	SAMN39871538	SRX23694099	MFD07471.fa	SRX23628232	SRX23628231	SRX23662834
MFD07472	PRJNA1071982	SAMN39871539	SRX23694100	MFD07472.fa			
MFD07473	PRJNA1071982	SAMN39871540	SRX23694266	MFD07473.fa			
MFD07474	PRJNA1071982	SAMN39871541	SRX23694268	MFD07474.fa			
MFD07475	PRJNA1071982	SAMN39871542	SRX23694269	MFD07475.fa			
MFD07476	PRJNA1071982	SAMN39871543	SRX23694270	MFD07476.fa			
MFD07477	PRJNA1071982	SAMN39871544	SRX23694271	MFD07477.fa			
MFD07478	PRJNA1071982	SAMN39871545	SRX23694272	MFD07478.fa			
MFD07479	PRJNA1071982	SAMN39871546	SRX23694273	MFD07479.fa			
MFD07480	PRJNA1071982	SAMN39871547	SRX23694274	MFD07480.fa			
MFD07481	PRJNA1071982	SAMN39871548	SRX23694275	MFD07481.fa			
MFD07482	PRJNA1071982	SAMN39871549	SRX23694276	MFD07482.fa			
MFD07483	PRJNA1071982	SAMN39871550	SRX23694277	MFD07483.fa			
MFD07484	PRJNA1071982	SAMN39871551	SRX23694279	MFD07484.fa			
MFD07485	PRJNA1071982	SAMN39871552	SRX23694280	MFD07485.fa			
MFD07486	PRJNA1071982	SAMN39871553	SRX23694281	MFD07486.fa			
MFD07487	PRJNA1071982	SAMN39871554	SRX23694282	MFD07487.fa			
MFD07488	PRJNA1071982	SAMN39871555	SRX23694283	MFD07488.fa			
MFD07489	PRJNA1071982	SAMN39871556	SRX23694284	MFD07489.fa			
MFD07490	PRJNA1071982	SAMN39871557	SRX23694285	MFD07490.fa			
MFD07491	PRJNA1071982	SAMN39871558	SRX23694286	MFD07491.fa			
MFD07492	PRJNA1071982	SAMN39871559	SRX23694287	MFD07492.fa			
MFD07493	PRJNA1071982	SAMN39871560	SRX23694288	MFD07493.fa			
MFD07494	PRJNA1071982	SAMN39871561	SRX23694291	MFD07494.fa			
MFD07495	PRJNA1071982	SAMN39871562	SRX23694292	MFD07495.fa			
MFD07496	PRJNA1071982	SAMN39871563	SRX23694293	MFD07496.fa			
MFD07497	PRJNA1071982	SAMN39871564	SRX23694490	MFD07497.fa			
MFD07498	PRJNA1071982	SAMN39871565	SRX23694491	MFD07498.fa			
MFD07499	PRJNA1071982	SAMN39871566	SRX23694492	MFD07499.fa			
MFD07500	PRJNA1071982	SAMN39871567	SRX23694493	MFD07500.fa			
MFD07501	PRJNA1071982	SAMN39871568	SRX23694494	MFD07501.fa			
MFD07502	PRJNA1071982	SAMN39871569	SRX23694495	MFD07502.fa			
MFD07503	PRJNA1071982	SAMN39871570	SRX23694496	MFD07503.fa			
MFD07504	PRJNA1071982	SAMN39871571	SRX23694498	MFD07504.fa			
MFD07505	PRJNA1071982	SAMN39871572	SRX23694499	MFD07505.fa			
MFD07506	PRJNA1071982	SAMN39871573	SRX23694500	MFD07506.fa			
MFD07507	PRJNA1071982	SAMN39871574	SRX23694501	MFD07507.fa			
MFD07508	PRJNA1071982	SAMN39871575	SRX23694502	MFD07508.fa			
MFD07509	PRJNA1071982	SAMN39871576	SRX23694503	MFD07509.fa			
MFD07510	PRJNA1071982	SAMN39871577	SRX23694504	MFD07510.fa			
MFD07511	PRJNA1071982	SAMN39871578	SRX23694505	MFD07511.fa			
MFD07512	PRJNA1071982	SAMN39871579	SRX23694506	MFD07512.fa			
MFD07513	PRJNA1071982	SAMN39871580	SRX23694507	MFD07513.fa			
MFD07514	PRJNA1071982	SAMN39871581	SRX23694509	MFD07514.fa			
MFD07515	PRJNA1071982	SAMN39871582	SRX23694510	MFD07515.fa			
MFD07516	PRJNA1071982	SAMN39871583	SRX23694511	MFD07516.fa			
MFD07517	PRJNA1071982	SAMN39871584	SRX23694512	MFD07517.fa			
MFD07518	PRJNA1071982	SAMN39871585	SRX23694513	MFD07518.fa			
MFD07519	PRJNA1071982	SAMN39871586	SRX23694514	MFD07519.fa			
MFD07520	PRJNA1071982	SAMN39871587	SRX23694515	MFD07520.fa			
MFD07521	PRJNA1071982	SAMN39871588	SRX23694516	MFD07521.fa			
MFD07522	PRJNA1071982	SAMN39871589	SRX23694517	MFD07522.fa			
MFD07523	PRJNA1071982	SAMN39871590	SRX23693850	MFD07523.fa			
MFD07524	PRJNA1071982	SAMN39871591	SRX23693852	MFD07524.fa			
MFD07525	PRJNA1071982	SAMN39871592	SRX23693853	MFD07525.fa			
MFD07526	PRJNA1071982	SAMN39871593	SRX23693854	MFD07526.fa			
MFD07527	PRJNA1071982	SAMN39871594	SRX23693855	MFD07527.fa			
MFD07528	PRJNA1071982	SAMN39871595	SRX23693856	MFD07528.fa			
MFD07529	PRJNA1071982	SAMN39871596	SRX23693857	MFD07529.fa			
MFD07530	PRJNA1071982	SAMN39871597	SRX23693858	MFD07530.fa			
MFD07531	PRJNA1071982	SAMN39871598	SRX23693859	MFD07531.fa			
MFD07532	PRJNA1071982	SAMN39871599	SRX23693860	MFD07532.fa			
MFD07533	PRJNA1071982	SAMN39871600	SRX23693861	MFD07533.fa			
MFD07534	PRJNA1071982	SAMN39871601	SRX23693863	MFD07534.fa			
MFD07535	PRJNA1071982	SAMN39871602	SRX23693864	MFD07535.fa			
MFD07536	PRJNA1071982	SAMN39871603	SRX23693865	MFD07536.fa			
MFD07537	PRJNA1071982	SAMN39871604	SRX23693866	MFD07537.fa			
MFD07538	PRJNA1071982	SAMN39871605	SRX23693867	MFD07538.fa			
MFD07539	PRJNA1071982	SAMN39871606	SRX23693868	MFD07539.fa			
MFD07540	PRJNA1071982	SAMN39871607	SRX23693869	MFD07540.fa			
MFD07541	PRJNA1071982	SAMN39871608	SRX23693870	MFD07541.fa	SRX23628234	SRX23628233	SRX23662835
MFD07542	PRJNA1071982	SAMN39871609	SRX23693871	MFD07542.fa			
MFD07543	PRJNA1071982	SAMN39871610	SRX23693872	MFD07543.fa			
MFD07544	PRJNA1071982	SAMN39871611	SRX23693874	MFD07544.fa			
MFD07545	PRJNA1071982	SAMN39871612	SRX23693875	MFD07545.fa			
MFD07546	PRJNA1071982	SAMN39871613	SRX23693876	MFD07546.fa			
MFD07547	PRJNA1071982	SAMN39871614	SRX23693877	MFD07547.fa			
MFD07548	PRJNA1071982	SAMN39871615	SRX23694518	MFD07548.fa			
MFD07549	PRJNA1071982	SAMN39871616	SRX23694519	MFD07549.fa			
MFD07550	PRJNA1071982	SAMN39871617	SRX23694520	MFD07550.fa			
MFD07551	PRJNA1071982	SAMN39871618	SRX23694521	MFD07551.fa			
MFD07552	PRJNA1071982	SAMN39871619	SRX23694522	MFD07552.fa			
MFD07553	PRJNA1071982	SAMN39871620	SRX23694523	MFD07553.fa			
MFD07554	PRJNA1071982	SAMN39871621	SRX23694525	MFD07554.fa			
MFD07555	PRJNA1071982	SAMN39871622	SRX23694526	MFD07555.fa			
MFD07556	PRJNA1071982	SAMN39871623	SRX23694527	MFD07556.fa			
MFD07557	PRJNA1071982	SAMN39871624	SRX23694528	MFD07557.fa	SRX23628237	SRX23628236	SRX23662836
MFD07558	PRJNA1071982	SAMN39871625	SRX23694529	MFD07558.fa			
MFD07559	PRJNA1071982	SAMN39871626	SRX23694530	MFD07559.fa			
MFD07560	PRJNA1071982	SAMN39871627	SRX23694531	MFD07560.fa	SRX23628239	SRX23628238	SRX23662837
MFD07561	PRJNA1071982	SAMN39871628	SRX23693641	MFD07561.fa			
MFD07562	PRJNA1071982	SAMN39871629	SRX23693642	MFD07562.fa			
MFD07563	PRJNA1071982	SAMN39871630	SRX23693643	MFD07563.fa			
MFD07564	PRJNA1071982	SAMN39871631	SRX23693645	MFD07564.fa			
MFD07565	PRJNA1071982	SAMN39871632	SRX23693646	MFD07565.fa			
MFD07566	PRJNA1071982	SAMN39871633	SRX23693647	MFD07566.fa			
MFD07567	PRJNA1071982	SAMN39871634	SRX23693648	MFD07567.fa			
MFD07568	PRJNA1071982	SAMN39871635	SRX23693649	MFD07568.fa	SRX23628241	SRX23628240	SRX23662838
MFD07569	PRJNA1071982	SAMN39871636	SRX23693650	MFD07569.fa			
MFD07570	PRJNA1071982	SAMN39871637	SRX23693651	MFD07570.fa			
MFD07571	PRJNA1071982	SAMN39871638	SRX23693652	MFD07571.fa			
MFD07572	PRJNA1071982	SAMN39871639	SRX23693653	MFD07572.fa			
MFD07573	PRJNA1071982	SAMN39871640	SRX23693654	MFD07573.fa			
MFD07574	PRJNA1071982	SAMN39871641	SRX23693879	MFD07574.fa			
MFD07575	PRJNA1071982	SAMN39871642	SRX23693880	MFD07575.fa			
MFD07576	PRJNA1071982	SAMN39871643	SRX23693881	MFD07576.fa			
MFD07577	PRJNA1071982	SAMN39871644	SRX23693882	MFD07577.fa			
MFD07578	PRJNA1071982	SAMN39871645	SRX23693883	MFD07578.fa			
MFD07579	PRJNA1071982	SAMN39871646	SRX23693884	MFD07579.fa			
MFD07580	PRJNA1071982	SAMN39871647	SRX23693885	MFD07580.fa			
MFD07581	PRJNA1071982	SAMN39871648	SRX23693886	MFD07581.fa			
MFD07582	PRJNA1071982	SAMN39871649	SRX23693887	MFD07582.fa			
MFD07583	PRJNA1071982	SAMN39871650	SRX23693888	MFD07583.fa			
MFD07584	PRJNA1071982	SAMN39871651	SRX23693890	MFD07584.fa			
MFD07585	PRJNA1071982	SAMN39871652	SRX23693891	MFD07585.fa			
MFD07586	PRJNA1071982	SAMN39871653	SRX23693892	MFD07586.fa			
MFD07587	PRJNA1071982	SAMN39871654	SRX23693893	MFD07587.fa			
MFD07588	PRJNA1071982	SAMN39871655	SRX23693894	MFD07588.fa			
MFD07589	PRJNA1071982	SAMN39871656	SRX23693895	MFD07589.fa			
MFD07590	PRJNA1071982	SAMN39871657	SRX23693896	MFD07590.fa			
MFD07591	PRJNA1071982	SAMN39871658	SRX23693897	MFD07591.fa			
MFD07592	PRJNA1071982	SAMN39871659	SRX23693898	MFD07592.fa			
MFD07593	PRJNA1071982	SAMN39871660	SRX23693899	MFD07593.fa			
MFD07594	PRJNA1071982	SAMN39871661	SRX23693902	MFD07594.fa			
MFD07595	PRJNA1071982	SAMN39871662	SRX23693903	MFD07595.fa			
MFD07596	PRJNA1071982	SAMN39871663	SRX23693904	MFD07596.fa			
MFD07597	PRJNA1071982	SAMN39871664	SRX23694101	MFD07597.fa			
MFD07598	PRJNA1071982	SAMN39871665	SRX23694102	MFD07598.fa			
MFD07599	PRJNA1071982	SAMN39871666	SRX23694103	MFD07599.fa			
MFD07600	PRJNA1071982	SAMN39871667	SRX23694104	MFD07600.fa			
MFD07601	PRJNA1071982	SAMN39871668	SRX23694105	MFD07601.fa			
MFD07602	PRJNA1071982	SAMN39871669	SRX23694106	MFD07602.fa			
MFD07603	PRJNA1071982	SAMN39871670	SRX23694107	MFD07603.fa			
MFD07604	PRJNA1071982	SAMN39871671	SRX23694109	MFD07604.fa			
MFD07605	PRJNA1071982	SAMN39871672	SRX23694110	MFD07605.fa			
MFD07606	PRJNA1071982	SAMN39871673	SRX23694111	MFD07606.fa			
MFD07607	PRJNA1071982	SAMN39871674	SRX23694112	MFD07607.fa			
MFD07608	PRJNA1071982	SAMN39871675	SRX23694113	MFD07608.fa			
MFD07609	PRJNA1071982	SAMN39871676	SRX23694114	MFD07609.fa			
MFD07610	PRJNA1071982	SAMN39871677	SRX23694115	MFD07610.fa			
MFD07611	PRJNA1071982	SAMN39871678	SRX23694116	MFD07611.fa			
MFD07612	PRJNA1071982	SAMN39871679	SRX23694117	MFD07612.fa			
MFD07613	PRJNA1071982	SAMN39871680	SRX23694118	MFD07613.fa			
MFD07614	PRJNA1071982	SAMN39871681	SRX23694120	MFD07614.fa			
MFD07615	PRJNA1071982	SAMN39871682	SRX23694121	MFD07615.fa			
MFD07616	PRJNA1071982	SAMN39871683	SRX23694122	MFD07616.fa			
MFD07617	PRJNA1071982	SAMN39871684	SRX23694123	MFD07617.fa			
MFD07618	PRJNA1071982	SAMN39871685	SRX23694124	MFD07618.fa			
MFD07619	PRJNA1071982	SAMN39871686	SRX23694125	MFD07619.fa			
MFD07620	PRJNA1071982	SAMN39871687	SRX23694126	MFD07620.fa			
MFD07621	PRJNA1071982	SAMN39871688	SRX23694127	MFD07621.fa			
MFD07622	PRJNA1071982	SAMN39871689	SRX23694128	MFD07622.fa			
MFD07623	PRJNA1071982	SAMN39871690	SRX23694294	MFD07623.fa			
MFD07624	PRJNA1071982	SAMN39871691	SRX23694296	MFD07624.fa			
MFD07625	PRJNA1071982	SAMN39871692	SRX23694297	MFD07625.fa			
MFD07626	PRJNA1071982	SAMN39871693	SRX23694298	MFD07626.fa			
MFD07627	PRJNA1071982	SAMN39871694	SRX23694299	MFD07627.fa			
MFD07628	PRJNA1071982	SAMN39871695	SRX23694300	MFD07628.fa			
MFD07629	PRJNA1071982	SAMN39871696	SRX23694301	MFD07629.fa			
MFD07630	PRJNA1071982	SAMN39871697	SRX23694302	MFD07630.fa			
MFD07631	PRJNA1071982	SAMN39871698	SRX23694303	MFD07631.fa			
MFD07632	PRJNA1071982	SAMN39871699	SRX23694304	MFD07632.fa			
MFD07633	PRJNA1071982	SAMN39871700	SRX23694305	MFD07633.fa			
MFD07634	PRJNA1071982	SAMN39871701	SRX23694307	MFD07634.fa			
MFD07635	PRJNA1071982	SAMN39871702	SRX23694308	MFD07635.fa			
MFD07636	PRJNA1071982	SAMN39871703	SRX23694309	MFD07636.fa			
MFD07637	PRJNA1071982	SAMN39871704	SRX23694310	MFD07637.fa			
MFD07638	PRJNA1071982	SAMN39871705	SRX23694311	MFD07638.fa			
MFD07639	PRJNA1071982	SAMN39871706	SRX23694312	MFD07639.fa			
MFD07640	PRJNA1071982	SAMN39871707	SRX23694313	MFD07640.fa			
MFD07641	PRJNA1071982	SAMN39871708	SRX23694314	MFD07641.fa			
MFD07642	PRJNA1071982	SAMN39871709	SRX23694315	MFD07642.fa			
MFD07643	PRJNA1071982	SAMN39871710	SRX23694316	MFD07643.fa			
MFD07644	PRJNA1071982	SAMN39871711	SRX23694318	MFD07644.fa			
MFD07645	PRJNA1071982	SAMN39871712	SRX23694319	MFD07645.fa			
MFD07646	PRJNA1071982	SAMN39871713	SRX23694320	MFD07646.fa			
MFD07647	PRJNA1071982	SAMN39871714	SRX23694321	MFD07647.fa			
MFD07648	PRJNA1071982	SAMN39871715	SRX23693655	MFD07648.fa			
MFD07649	PRJNA1071982	SAMN39871716	SRX23693656	MFD07649.fa			
MFD07650	PRJNA1071982	SAMN39871717	SRX23693657	MFD07650.fa			
MFD07651	PRJNA1071982	SAMN39871718	SRX23693658	MFD07651.fa			
MFD07652	PRJNA1071982	SAMN39871719	SRX23693659	MFD07652.fa			
MFD07653	PRJNA1071982	SAMN39871720	SRX23693660	MFD07653.fa			
MFD07654	PRJNA1071982	SAMN39871721	SRX23693662	MFD07654.fa			
MFD07655	PRJNA1071982	SAMN39871722	SRX23693663	MFD07655.fa			
MFD07656	PRJNA1071982	SAMN39871723	SRX23693664	MFD07656.fa			
MFD07657	PRJNA1071982	SAMN39871724	SRX23693665	MFD07657.fa	SRX23628243	SRX23628242	SRX23662491
MFD07658	PRJNA1071982	SAMN39871725	SRX23693666	MFD07658.fa			
MFD07659	PRJNA1071982	SAMN39871726	SRX23693667	MFD07659.fa			
MFD07660	PRJNA1071982	SAMN39871727	SRX23693668	MFD07660.fa			
MFD07661	PRJNA1071982	SAMN39871728	SRX23693669	MFD07661.fa			
MFD07662	PRJNA1071982	SAMN39871729	SRX23693670	MFD07662.fa			
MFD07663	PRJNA1071982	SAMN39871730	SRX23693671	MFD07663.fa			
MFD07664	PRJNA1071982	SAMN39871731	SRX23693673	MFD07664.fa			
MFD07665	PRJNA1071982	SAMN39871732	SRX23693674	MFD07665.fa			
MFD07666	PRJNA1071982	SAMN39871733	SRX23693675	MFD07666.fa			
MFD07667	PRJNA1071982	SAMN39871734	SRX23693676	MFD07667.fa			
MFD07668	PRJNA1071982	SAMN39871735	SRX23693677	MFD07668.fa			
MFD07669	PRJNA1071982	SAMN39871736	SRX23693678	MFD07669.fa			
MFD07670	PRJNA1071982	SAMN39871737	SRX23693679	MFD07670.fa			
MFD07671	PRJNA1071982	SAMN39871738	SRX23693680	MFD07671.fa			
MFD07672	PRJNA1071982	SAMN39871739	SRX23693681	MFD07672.fa			
MFD07673	PRJNA1071982	SAMN39871740	SRX23693682	MFD07673.fa			
MFD07674	PRJNA1071982	SAMN39871741	SRX23693906	MFD07674.fa			
MFD07675	PRJNA1071982	SAMN39871742	SRX23693907	MFD07675.fa			
MFD07676	PRJNA1071982	SAMN39871743	SRX23693908	MFD07676.fa			
MFD07677	PRJNA1071982	SAMN39871744	SRX23693909	MFD07677.fa			
MFD07678	PRJNA1071982	SAMN39871745	SRX23693910	MFD07678.fa			
MFD07679	PRJNA1071982	SAMN39871746	SRX23693911	MFD07679.fa			
MFD07680	PRJNA1071982	SAMN39871747	SRX23693912	MFD07680.fa			
MFD07681	PRJNA1071982	SAMN39871748	SRX23693913	MFD07681.fa			
MFD07682	PRJNA1071982	SAMN39871749	SRX23693914	MFD07682.fa			
MFD07684	PRJNA1071982	SAMN39871750	SRX23693915	MFD07684.fa			
MFD07685	PRJNA1071982	SAMN39871751	SRX23693917	MFD07685.fa			
MFD07686	PRJNA1071982	SAMN39871752	SRX23693918	MFD07686.fa			
MFD07687	PRJNA1071982	SAMN39871753	SRX23693919	MFD07687.fa			
MFD07688	PRJNA1071982	SAMN39871754	SRX23693920	MFD07688.fa			
MFD07689	PRJNA1071982	SAMN39871755	SRX23693921	MFD07689.fa			
MFD07690	PRJNA1071982	SAMN39871756	SRX23693922	MFD07690.fa			
MFD07691	PRJNA1071982	SAMN39871757	SRX23693923	MFD07691.fa			
MFD07692	PRJNA1071982	SAMN39871758	SRX23693924	MFD07692.fa			
MFD07693	PRJNA1071982	SAMN39871759	SRX23693925	MFD07693.fa			
MFD07694	PRJNA1071982	SAMN39871760	SRX23693926	MFD07694.fa			
MFD07695	PRJNA1071982	SAMN39871761	SRX23693929	MFD07695.fa			
MFD07696	PRJNA1071982	SAMN39871762	SRX23693930	MFD07696.fa			
MFD07697	PRJNA1071982	SAMN39871763	SRX23693931	MFD07697.fa			
MFD07698	PRJNA1071982	SAMN39871764	SRX23693932	MFD07698.fa	SRX23628245	SRX23628244	SRX23662492
MFD07699	PRJNA1071982	SAMN39871765	SRX23694129	MFD07699.fa			
MFD07700	PRJNA1071982	SAMN39871766	SRX23694130	MFD07700.fa			
MFD07701	PRJNA1071982	SAMN39871767	SRX23694131	MFD07701.fa			
MFD07702	PRJNA1071982	SAMN39871768	SRX23694132	MFD07702.fa			
MFD07703	PRJNA1071982	SAMN39871769	SRX23694133	MFD07703.fa			
MFD07704	PRJNA1071982	SAMN39871770	SRX23694134	MFD07704.fa			
MFD07705	PRJNA1071982	SAMN39871771	SRX23694136	MFD07705.fa			
MFD07706	PRJNA1071982	SAMN39871772	SRX23694137	MFD07706.fa			
MFD07707	PRJNA1071982	SAMN39871773	SRX23694138	MFD07707.fa			
MFD07708	PRJNA1071982	SAMN39871774	SRX23694139	MFD07708.fa			
MFD07709	PRJNA1071982	SAMN39871775	SRX23694140	MFD07709.fa			
MFD07710	PRJNA1071982	SAMN39871776	SRX23694141	MFD07710.fa			
MFD07711	PRJNA1071982	SAMN39871777	SRX23694142	MFD07711.fa			
MFD07712	PRJNA1071982	SAMN39871778	SRX23694143	MFD07712.fa			
MFD07713	PRJNA1071982	SAMN39871779	SRX23694144	MFD07713.fa			
MFD07714	PRJNA1071982	SAMN39871780	SRX23694145	MFD07714.fa			
MFD07715	PRJNA1071982	SAMN39871781	SRX23694147	MFD07715.fa			
MFD07716	PRJNA1071982	SAMN39871782	SRX23694148	MFD07716.fa	SRX23628248	SRX23628247	SRX23662494
MFD07717	PRJNA1071982	SAMN39871783	SRX23694149	MFD07717.fa			
MFD07718	PRJNA1071982	SAMN39871784	SRX23694150	MFD07718.fa			
MFD07719	PRJNA1071982	SAMN39871785	SRX23694151	MFD07719.fa			
MFD07720	PRJNA1071982	SAMN39871786	SRX23694152	MFD07720.fa			
MFD07721	PRJNA1071982	SAMN39871787	SRX23694153	MFD07721.fa			
MFD07722	PRJNA1071982	SAMN39871788	SRX23694154	MFD07722.fa			
MFD07723	PRJNA1071982	SAMN39871789	SRX23694155	MFD07723.fa			
MFD07724	PRJNA1071982	SAMN39871790	SRX23694156	MFD07724.fa			
MFD07725	PRJNA1071982	SAMN39871791	SRX23694323	MFD07725.fa			
MFD07726	PRJNA1071982	SAMN39871792	SRX23694324	MFD07726.fa			
MFD07727	PRJNA1071982	SAMN39871793	SRX23694325	MFD07727.fa			
MFD07728	PRJNA1071982	SAMN39871794	SRX23694326	MFD07728.fa			
MFD07729	PRJNA1071982	SAMN39871795	SRX23694327	MFD07729.fa			
MFD07730	PRJNA1071982	SAMN39871796	SRX23694328	MFD07730.fa			
MFD07731	PRJNA1071982	SAMN39871797	SRX23694329	MFD07731.fa			
MFD07732	PRJNA1071982	SAMN39871798	SRX23694330	MFD07732.fa			
MFD07733	PRJNA1071982	SAMN39871799	SRX23694331	MFD07733.fa			
MFD07734	PRJNA1071982	SAMN39871800	SRX23694332	MFD07734.fa			
MFD07735	PRJNA1071982	SAMN39871801	SRX23694334	MFD07735.fa			
MFD07736	PRJNA1071982	SAMN39871802	SRX23694335	MFD07736.fa			
MFD07737	PRJNA1071982	SAMN39871803	SRX23694336	MFD07737.fa			
MFD07738	PRJNA1071982	SAMN39871804	SRX23694337	MFD07738.fa			
MFD07739	PRJNA1071982	SAMN39871805	SRX23694338	MFD07739.fa			
MFD07740	PRJNA1071982	SAMN39871806	SRX23694339	MFD07740.fa			
MFD07741	PRJNA1071982	SAMN39871807	SRX23694340	MFD07741.fa			
MFD07742	PRJNA1071982	SAMN39871808	SRX23694341	MFD07742.fa			
MFD07743	PRJNA1071982	SAMN39871809	SRX23694342	MFD07743.fa			
MFD07744	PRJNA1071982	SAMN39871810	SRX23694343	MFD07744.fa			
MFD07745	PRJNA1071982	SAMN39871811	SRX23694345	MFD07745.fa			
MFD07746	PRJNA1071982	SAMN39871812	SRX23694346	MFD07746.fa			
MFD07747	PRJNA1071982	SAMN39871813	SRX23694347	MFD07747.fa			
MFD07748	PRJNA1071982	SAMN39871814	SRX23694348	MFD07748.fa			
MFD07749	PRJNA1071982	SAMN39871815	SRX23694349	MFD07749.fa			
MFD07750	PRJNA1071982	SAMN39871816	SRX23693683	MFD07750.fa			
MFD07751	PRJNA1071982	SAMN39871817	SRX23693684	MFD07751.fa			
MFD07752	PRJNA1071982	SAMN39871818	SRX23693685	MFD07752.fa			
MFD07753	PRJNA1071982	SAMN39871819	SRX23693686	MFD07753.fa			
MFD07754	PRJNA1071982	SAMN39871820	SRX23693687	MFD07754.fa			
MFD07755	PRJNA1071982	SAMN39871821	SRX23693689	MFD07755.fa			
MFD07756	PRJNA1071982	SAMN39871822	SRX23693690	MFD07756.fa			
MFD07757	PRJNA1071982	SAMN39871823	SRX23693691	MFD07757.fa			
MFD07758	PRJNA1071982	SAMN39871824	SRX23693692	MFD07758.fa			
MFD07759	PRJNA1071982	SAMN39871825	SRX23693693	MFD07759.fa	SRX23628250	SRX23628249	SRX23662495
MFD07760	PRJNA1071982	SAMN39871826	SRX23693694	MFD07760.fa			
MFD07761	PRJNA1071982	SAMN39871827	SRX23693695	MFD07761.fa			
MFD07762	PRJNA1071982	SAMN39871828	SRX23693696	MFD07762.fa			
MFD07763	PRJNA1071982	SAMN39871829	SRX23693697	MFD07763.fa			
MFD07764	PRJNA1071982	SAMN39871830	SRX23693698	MFD07764.fa			
MFD07765	PRJNA1071982	SAMN39871831	SRX23693700	MFD07765.fa			
MFD07766	PRJNA1071982	SAMN39871832	SRX23693701	MFD07766.fa			
MFD07767	PRJNA1071982	SAMN39871833	SRX23693702	MFD07767.fa			
MFD07768	PRJNA1071982	SAMN39871834	SRX23693703	MFD07768.fa			
MFD07769	PRJNA1071982	SAMN39871835	SRX23693704	MFD07769.fa			
MFD07770	PRJNA1071982	SAMN39871836	SRX23693705	MFD07770.fa			
MFD07771	PRJNA1071982	SAMN39871837	SRX23693706	MFD07771.fa			
MFD07772	PRJNA1071982	SAMN39871838	SRX23693707	MFD07772.fa			
MFD07773	PRJNA1071982	SAMN39871839	SRX23693708	MFD07773.fa			
MFD07774	PRJNA1071982	SAMN39871840	SRX23693709	MFD07774.fa			
MFD07775	PRJNA1071982	SAMN39871841	SRX23693933	MFD07775.fa			
MFD07776	PRJNA1071982	SAMN39871842	SRX23693934	MFD07776.fa	SRX23628252	SRX23628251	SRX23662496
MFD07777	PRJNA1071982	SAMN39871843	SRX23693935	MFD07777.fa			
MFD07778	PRJNA1071982	SAMN39871844	SRX23693936	MFD07778.fa			
MFD07779	PRJNA1071982	SAMN39871845	SRX23693937	MFD07779.fa			
MFD07780	PRJNA1071982	SAMN39871846	SRX23693938	MFD07780.fa			
MFD07781	PRJNA1071982	SAMN39871847	SRX23693939	MFD07781.fa			
MFD07782	PRJNA1071982	SAMN39871848	SRX23693940	MFD07782.fa			
MFD07783	PRJNA1071982	SAMN39871849	SRX23693941	MFD07783.fa			
MFD07784	PRJNA1071982	SAMN39871850	SRX23693942	MFD07784.fa			
MFD07785	PRJNA1071982	SAMN39871851	SRX23693944	MFD07785.fa			
MFD07786	PRJNA1071982	SAMN39871852	SRX23693945	MFD07786.fa			
MFD07787	PRJNA1071982	SAMN39871853	SRX23693946	MFD07787.fa			
MFD07788	PRJNA1071982	SAMN39871854	SRX23693947	MFD07788.fa			
MFD07789	PRJNA1071982	SAMN39871855	SRX23693948	MFD07789.fa			
MFD07790	PRJNA1071982	SAMN39871856	SRX23693949	MFD07790.fa			
MFD07791	PRJNA1071982	SAMN39871857	SRX23693950	MFD07791.fa			
MFD07792	PRJNA1071982	SAMN39871858	SRX23693951	MFD07792.fa			
MFD07793	PRJNA1071982	SAMN39871859	SRX23693952	MFD07793.fa			
MFD07794	PRJNA1071982	SAMN39871860	SRX23693953	MFD07794.fa			
MFD07795	PRJNA1071982	SAMN39871861	SRX23693956	MFD07795.fa			
MFD07796	PRJNA1071982	SAMN39871862	SRX23693957	MFD07796.fa			
MFD07797	PRJNA1071982	SAMN39871863	SRX23693958	MFD07797.fa			
MFD07798	PRJNA1071982	SAMN39871864	SRX23693959	MFD07798.fa			
MFD07799	PRJNA1071982	SAMN39871865	SRX23693960	MFD07799.fa			
MFD07800	PRJNA1071982	SAMN39871866	SRX23694157	MFD07800.fa			
MFD07801	PRJNA1071982	SAMN39871867	SRX23694158	MFD07801.fa			
MFD07802	PRJNA1071982	SAMN39871868	SRX23694159	MFD07802.fa			
MFD07803	PRJNA1071982	SAMN39871869	SRX23694160	MFD07803.fa			
MFD07804	PRJNA1071982	SAMN39871870	SRX23694161	MFD07804.fa			
MFD07805	PRJNA1071982	SAMN39871871	SRX23694163	MFD07805.fa			
MFD07806	PRJNA1071982	SAMN39871872	SRX23694164	MFD07806.fa			
MFD07807	PRJNA1071982	SAMN39871873	SRX23694165	MFD07807.fa			
MFD07808	PRJNA1071982	SAMN39871874	SRX23694166	MFD07808.fa			
MFD07809	PRJNA1071982	SAMN39871875	SRX23694167	MFD07809.fa			
MFD07810	PRJNA1071982	SAMN39871876	SRX23694168	MFD07810.fa			
MFD07811	PRJNA1071982	SAMN39871877	SRX23694169	MFD07811.fa			
MFD07812	PRJNA1071982	SAMN39871878	SRX23694170	MFD07812.fa			
MFD07813	PRJNA1071982	SAMN39871879	SRX23694171	MFD07813.fa			
MFD07814	PRJNA1071982	SAMN39871880	SRX23694172	MFD07814.fa			
MFD07815	PRJNA1071982	SAMN39871881	SRX23694174	MFD07815.fa			
MFD07816	PRJNA1071982	SAMN39871882	SRX23694175	MFD07816.fa			
MFD07817	PRJNA1071982	SAMN39871883	SRX23694176	MFD07817.fa			
MFD07818	PRJNA1071982	SAMN39871884	SRX23694177	MFD07818.fa			
MFD07819	PRJNA1071982	SAMN39871885	SRX23694178	MFD07819.fa			
MFD07820	PRJNA1071982	SAMN39871886	SRX23694179	MFD07820.fa			
MFD07821	PRJNA1071982	SAMN39871887	SRX23694180	MFD07821.fa			
MFD07822	PRJNA1071982	SAMN39871888	SRX23694181	MFD07822.fa			
MFD07823	PRJNA1071982	SAMN39871889	SRX23694182	MFD07823.fa			
MFD07824	PRJNA1071982	SAMN39871890	SRX23694183	MFD07824.fa	SRX23628254	SRX23628253	SRX23662497
MFD07825	PRJNA1071982	SAMN39871891	SRX23694350	MFD07825.fa			
MFD07826	PRJNA1071982	SAMN39871892	SRX23694351	MFD07826.fa			
MFD07827	PRJNA1071982	SAMN39871893	SRX23694352	MFD07827.fa			
MFD07828	PRJNA1071982	SAMN39871894	SRX23694353	MFD07828.fa			
MFD07829	PRJNA1071982	SAMN39871895	SRX23694354	MFD07829.fa			
MFD07830	PRJNA1071982	SAMN39871896	SRX23694355	MFD07830.fa			
MFD07831	PRJNA1071982	SAMN39871897	SRX23694356	MFD07831.fa			
MFD07832	PRJNA1071982	SAMN39871898	SRX23694357	MFD07832.fa			
MFD07833	PRJNA1071982	SAMN39871899	SRX23694358	MFD07833.fa			
MFD07834	PRJNA1071982	SAMN39871900	SRX23694359	MFD07834.fa			
MFD07835	PRJNA1071982	SAMN39871901	SRX23694361	MFD07835.fa			
MFD07836	PRJNA1071982	SAMN39871902	SRX23694362	MFD07836.fa			
MFD07837	PRJNA1071982	SAMN39871903	SRX23694363	MFD07837.fa			
MFD07838	PRJNA1071982	SAMN39871904	SRX23694364	MFD07838.fa			
MFD07839	PRJNA1071982	SAMN39871905	SRX23694365	MFD07839.fa			
MFD07840	PRJNA1071982	SAMN39871906	SRX23694366	MFD07840.fa			
MFD07841	PRJNA1071982	SAMN39871907	SRX23694367	MFD07841.fa			
MFD07842	PRJNA1071982	SAMN39871908	SRX23694368	MFD07842.fa			
MFD07843	PRJNA1071982	SAMN39871909	SRX23694369	MFD07843.fa			
MFD07844	PRJNA1071982	SAMN39871910	SRX23694370	MFD07844.fa			
MFD07845	PRJNA1071982	SAMN39871911	SRX23694372	MFD07845.fa			
MFD07846	PRJNA1071982	SAMN39871912	SRX23694373	MFD07846.fa			
MFD07847	PRJNA1071982	SAMN39871913	SRX23694374	MFD07847.fa			
MFD07848	PRJNA1071982	SAMN39871914	SRX23694375	MFD07848.fa			
MFD07849	PRJNA1071982	SAMN39871915	SRX23694376	MFD07849.fa			
MFD07850	PRJNA1071982	SAMN39871916	SRX23694377	MFD07850.fa			
MFD07851	PRJNA1071982	SAMN39871917	SRX23693711	MFD07851.fa			
MFD07852	PRJNA1071982	SAMN39871918	SRX23693712	MFD07852.fa			
MFD07853	PRJNA1071982	SAMN39871919	SRX23693713	MFD07853.fa			
MFD07854	PRJNA1071982	SAMN39871920	SRX23693714	MFD07854.fa			
MFD07855	PRJNA1071982	SAMN39871921	SRX23693716	MFD07855.fa			
MFD07856	PRJNA1071982	SAMN39871922	SRX23693717	MFD07856.fa			
MFD07857	PRJNA1071982	SAMN39871923	SRX23693718	MFD07857.fa			
MFD07858	PRJNA1071982	SAMN39871924	SRX23693719	MFD07858.fa			
MFD07859	PRJNA1071982	SAMN39871925	SRX23693720	MFD07859.fa			
MFD07860	PRJNA1071982	SAMN39871926	SRX23693721	MFD07860.fa			
MFD07861	PRJNA1071982	SAMN39871927	SRX23693722	MFD07861.fa			
MFD07862	PRJNA1071982	SAMN39871928	SRX23693723	MFD07862.fa			
MFD07863	PRJNA1071982	SAMN39871929	SRX23693724	MFD07863.fa			
MFD07864	PRJNA1071982	SAMN39871930	SRX23693725	MFD07864.fa			
MFD07865	PRJNA1071982	SAMN39871931	SRX23693727	MFD07865.fa			
MFD07867	PRJNA1071982	SAMN39871932	SRX23693728	MFD07867.fa	SRX23628256	SRX23628255	SRX23662498
MFD07868	PRJNA1071982	SAMN39871933	SRX23693729	MFD07868.fa			
MFD07869	PRJNA1071982	SAMN39871934	SRX23693730	MFD07869.fa			
MFD07870	PRJNA1071982	SAMN39871935	SRX23693731	MFD07870.fa			
MFD07871	PRJNA1071982	SAMN39871936	SRX23693732	MFD07871.fa			
MFD07872	PRJNA1071982	SAMN39871937	SRX23693733	MFD07872.fa			
MFD07873	PRJNA1071982	SAMN39871938	SRX23693734	MFD07873.fa			
MFD07874	PRJNA1071982	SAMN39871939	SRX23693735	MFD07874.fa			
MFD07875	PRJNA1071982	SAMN39871940	SRX23693736	MFD07875.fa			
MFD07876	PRJNA1071982	SAMN39871941	SRX23693961	MFD07876.fa			
MFD07877	PRJNA1071982	SAMN39871942	SRX23693962	MFD07877.fa			
MFD07878	PRJNA1071982	SAMN39871943	SRX23693963	MFD07878.fa			
MFD07879	PRJNA1071982	SAMN39871944	SRX23693964	MFD07879.fa			
MFD07880	PRJNA1071982	SAMN39871945	SRX23693965	MFD07880.fa			
MFD07881	PRJNA1071982	SAMN39871946	SRX23693966	MFD07881.fa			
MFD07882	PRJNA1071982	SAMN39871947	SRX23693967	MFD07882.fa			
MFD07883	PRJNA1071982	SAMN39871948	SRX23693968	MFD07883.fa			
MFD07884	PRJNA1071982	SAMN39871949	SRX23693969	MFD07884.fa			
MFD07885	PRJNA1071982	SAMN39871950	SRX23693970	MFD07885.fa			
MFD07886	PRJNA1071982	SAMN39871951	SRX23693972	MFD07886.fa			
MFD07887	PRJNA1071982	SAMN39871952	SRX23693973	MFD07887.fa			
MFD07888	PRJNA1071982	SAMN39871953	SRX23693974	MFD07888.fa			
MFD07889	PRJNA1071982	SAMN39871954	SRX23693975	MFD07889.fa			
MFD07890	PRJNA1071982	SAMN39871955	SRX23693976	MFD07890.fa			
MFD07891	PRJNA1071982	SAMN39871956	SRX23693977	MFD07891.fa			
MFD07892	PRJNA1071982	SAMN39871957	SRX23693978	MFD07892.fa			
MFD07893	PRJNA1071982	SAMN39871958	SRX23693979	MFD07893.fa			
MFD07894	PRJNA1071982	SAMN39871959	SRX23693980	MFD07894.fa			
MFD07895	PRJNA1071982	SAMN39871960	SRX23693981	MFD07895.fa			
MFD07896	PRJNA1071982	SAMN39871961	SRX23693984	MFD07896.fa			
MFD07897	PRJNA1071982	SAMN39871962	SRX23693985	MFD07897.fa			
MFD07898	PRJNA1071982	SAMN39871963	SRX23693986	MFD07898.fa			
MFD07899	PRJNA1071982	SAMN39871964	SRX23693987	MFD07899.fa			
MFD07900	PRJNA1071982	SAMN39871965	SRX23693988	MFD07900.fa			
MFD07901	PRJNA1071982	SAMN39871966	SRX23694185	MFD07901.fa			
MFD07902	PRJNA1071982	SAMN39871967	SRX23694186	MFD07902.fa			
MFD07903	PRJNA1071982	SAMN39871968	SRX23694187	MFD07903.fa			
MFD07904	PRJNA1071982	SAMN39871969	SRX23694188	MFD07904.fa	SRX23628035	SRX23628258	SRX23662499
MFD07905	PRJNA1071982	SAMN39871970	SRX23694189	MFD07905.fa			
MFD07906	PRJNA1071982	SAMN39871971	SRX23694191	MFD07906.fa			
MFD07907	PRJNA1071982	SAMN39871972	SRX23694192	MFD07907.fa			
MFD07908	PRJNA1071982	SAMN39871973	SRX23694193	MFD07908.fa			
MFD07909	PRJNA1071982	SAMN39871974	SRX23694194	MFD07909.fa			
MFD07910	PRJNA1071982	SAMN39871975	SRX23694195	MFD07910.fa			
MFD07911	PRJNA1071982	SAMN39871976	SRX23694196	MFD07911.fa			
MFD07912	PRJNA1071982	SAMN39871977	SRX23694197	MFD07912.fa			
MFD07913	PRJNA1071982	SAMN39871978	SRX23694198	MFD07913.fa			
MFD07914	PRJNA1071982	SAMN39871979	SRX23694199	MFD07914.fa			
MFD07915	PRJNA1071982	SAMN39871980	SRX23694200	MFD07915.fa			
MFD07916	PRJNA1071982	SAMN39871981	SRX23694202	MFD07916.fa			
MFD07917	PRJNA1071982	SAMN39871982	SRX23694203	MFD07917.fa			
MFD07918	PRJNA1071982	SAMN39871983	SRX23694204	MFD07918.fa			
MFD07919	PRJNA1071982	SAMN39871984	SRX23694205	MFD07919.fa			
MFD07920	PRJNA1071982	SAMN39871985	SRX23694206	MFD07920.fa			
MFD07921	PRJNA1071982	SAMN39871986	SRX23694207	MFD07921.fa			
MFD07922	PRJNA1071982	SAMN39871987	SRX23694208	MFD07922.fa			
MFD07923	PRJNA1071982	SAMN39871988	SRX23694209	MFD07923.fa			
MFD07924	PRJNA1071982	SAMN39871989	SRX23694210	MFD07924.fa			
MFD07925	PRJNA1071982	SAMN39871990	SRX23694211	MFD07925.fa			
MFD07926	PRJNA1071982	SAMN39871991	SRX23694378	MFD07926.fa			
MFD07927	PRJNA1071982	SAMN39871992	SRX23694379	MFD07927.fa			
MFD07929	PRJNA1071982	SAMN39871993	SRX23694380	MFD07929.fa			
MFD07930	PRJNA1071982	SAMN39871994	SRX23694381	MFD07930.fa			
MFD07931	PRJNA1071982	SAMN39871995	SRX23694382	MFD07931.fa			
MFD07932	PRJNA1071982	SAMN39871996	SRX23694383	MFD07932.fa			
MFD07933	PRJNA1071982	SAMN39871997	SRX23694384	MFD07933.fa			
MFD07934	PRJNA1071982	SAMN39871998	SRX23694385	MFD07934.fa			
MFD07935	PRJNA1071982	SAMN39871999	SRX23694386	MFD07935.fa			
MFD07936	PRJNA1071982	SAMN39872000	SRX23694387	MFD07936.fa			
MFD07937	PRJNA1071982	SAMN39872001	SRX23694389	MFD07937.fa			
MFD07938	PRJNA1071982	SAMN39872002	SRX23694390	MFD07938.fa			
MFD07939	PRJNA1071982	SAMN39872003	SRX23694391	MFD07939.fa			
MFD07940	PRJNA1071982	SAMN39872004	SRX23694392	MFD07940.fa			
MFD07941	PRJNA1071982	SAMN39872005	SRX23694393	MFD07941.fa			
MFD07942	PRJNA1071982	SAMN39872006	SRX23694394	MFD07942.fa			
MFD07943	PRJNA1071982	SAMN39872007	SRX23694395	MFD07943.fa			
MFD07944	PRJNA1071982	SAMN39872008	SRX23694396	MFD07944.fa			
MFD07945	PRJNA1071982	SAMN39872009	SRX23694397	MFD07945.fa			
MFD07946	PRJNA1071982	SAMN39872010	SRX23694398	MFD07946.fa			
MFD07947	PRJNA1071982	SAMN39872011	SRX23694400	MFD07947.fa			
MFD07948	PRJNA1071982	SAMN39872012	SRX23694401	MFD07948.fa			
MFD07949	PRJNA1071982	SAMN39872013	SRX23694402	MFD07949.fa			
MFD07950	PRJNA1071982	SAMN39872014	SRX23694403	MFD07950.fa			
MFD07951	PRJNA1071982	SAMN39872015	SRX23694404	MFD07951.fa			
MFD07952	PRJNA1071982	SAMN39872016	SRX23694405	MFD07952.fa			
MFD07953	PRJNA1071982	SAMN39872017	SRX23693738	MFD07953.fa			
MFD07954	PRJNA1071982	SAMN39872018	SRX23693739	MFD07954.fa			
MFD07955	PRJNA1071982	SAMN39872019	SRX23693740	MFD07955.fa			
MFD07956	PRJNA1071982	SAMN39872020	SRX23693741	MFD07956.fa			
MFD07957	PRJNA1071982	SAMN39872021	SRX23693743	MFD07957.fa			
MFD07958	PRJNA1071982	SAMN39872022	SRX23693744	MFD07958.fa			
MFD07959	PRJNA1071982	SAMN39872023	SRX23693745	MFD07959.fa			
MFD07960	PRJNA1071982	SAMN39872024	SRX23693746	MFD07960.fa			
MFD07961	PRJNA1071982	SAMN39872025	SRX23693747	MFD07961.fa			
MFD07962	PRJNA1071982	SAMN39872026	SRX23693748	MFD07962.fa			
MFD07963	PRJNA1071982	SAMN39872027	SRX23693749	MFD07963.fa			
MFD07964	PRJNA1071982	SAMN39872028	SRX23693750	MFD07964.fa			
MFD07965	PRJNA1071982	SAMN39872029	SRX23693751	MFD07965.fa			
MFD07966	PRJNA1071982	SAMN39872030	SRX23693752	MFD07966.fa			
MFD07967	PRJNA1071982	SAMN39872031	SRX23693754	MFD07967.fa			
MFD07968	PRJNA1071982	SAMN39872032	SRX23693755	MFD07968.fa			
MFD07969	PRJNA1071982	SAMN39872033	SRX23693756	MFD07969.fa			
MFD07970	PRJNA1071982	SAMN39872034	SRX23693757	MFD07970.fa			
MFD07971	PRJNA1071982	SAMN39872035	SRX23693758	MFD07971.fa			
MFD07972	PRJNA1071982	SAMN39872036	SRX23693759	MFD07972.fa			
MFD07973	PRJNA1071982	SAMN39872037	SRX23693760	MFD07973.fa			
MFD07974	PRJNA1071982	SAMN39872038	SRX23693761	MFD07974.fa			
MFD07975	PRJNA1071982	SAMN39872039	SRX23693762	MFD07975.fa			
MFD07976	PRJNA1071982	SAMN39872040	SRX23693763	MFD07976.fa			
MFD07977	PRJNA1071982	SAMN39872041	SRX23693765	MFD07977.fa			
MFD07978	PRJNA1071982	SAMN39872042	SRX23693989	MFD07978.fa			
MFD07979	PRJNA1071982	SAMN39872043	SRX23693990	MFD07979.fa			
MFD07980	PRJNA1071982	SAMN39872044	SRX23693991	MFD07980.fa			
MFD07981	PRJNA1071982	SAMN39872045	SRX23693992	MFD07981.fa			
MFD07982	PRJNA1071982	SAMN39872046	SRX23693993	MFD07982.fa			
MFD07983	PRJNA1071982	SAMN39872047	SRX23693994	MFD07983.fa			
MFD07984	PRJNA1071982	SAMN39872048	SRX23693995	MFD07984.fa			
MFD07985	PRJNA1071982	SAMN39872049	SRX23693996	MFD07985.fa			
MFD07986	PRJNA1071982	SAMN39872050	SRX23693997	MFD07986.fa			
MFD07987	PRJNA1071982	SAMN39872051	SRX23693999	MFD07987.fa			
MFD07988	PRJNA1071982	SAMN39872052	SRX23694000	MFD07988.fa			
MFD07989	PRJNA1071982	SAMN39872053	SRX23694001	MFD07989.fa			
MFD07990	PRJNA1071982	SAMN39872054	SRX23694002	MFD07990.fa			
MFD07991	PRJNA1071982	SAMN39872055	SRX23694003	MFD07991.fa			
MFD07992	PRJNA1071982	SAMN39872056	SRX23694004	MFD07992.fa			
MFD07993	PRJNA1071982	SAMN39872057	SRX23694005	MFD07993.fa			
MFD07994	PRJNA1071982	SAMN39872058	SRX23694006	MFD07994.fa			
MFD07995	PRJNA1071982	SAMN39872059	SRX23694007	MFD07995.fa			
MFD07996	PRJNA1071982	SAMN39872060	SRX23694008	MFD07996.fa			
MFD07997	PRJNA1071982	SAMN39872061	SRX23694011	MFD07997.fa			
MFD07998	PRJNA1071982	SAMN39872062	SRX23694012	MFD07998.fa			
MFD07999	PRJNA1071982	SAMN39872063	SRX23694013	MFD07999.fa			
MFD08000	PRJNA1071982	SAMN39872064	SRX23694014	MFD08000.fa			
MFD08001	PRJNA1071982	SAMN39872065	SRX23694015	MFD08001.fa			
MFD08002	PRJNA1071982	SAMN39872066	SRX23694016	MFD08002.fa			
MFD08004	PRJNA1071982	SAMN39872067	SRX23694213	MFD08004.fa	SRX23628037	SRX23628036	SRX23662500
MFD08005	PRJNA1071982	SAMN39872068	SRX23694214	MFD08005.fa			
MFD08006	PRJNA1071982	SAMN39872069	SRX23694215	MFD08006.fa			
MFD08007	PRJNA1071982	SAMN39872070	SRX23694216	MFD08007.fa			
MFD08008	PRJNA1071982	SAMN39872071	SRX23694218	MFD08008.fa			
MFD08009	PRJNA1071982	SAMN39872072	SRX23694219	MFD08009.fa			
MFD08010	PRJNA1071982	SAMN39872073	SRX23694220	MFD08010.fa			
MFD08011	PRJNA1071982	SAMN39872074	SRX23694221	MFD08011.fa			
MFD08012	PRJNA1071982	SAMN39872075	SRX23694222	MFD08012.fa			
MFD08013	PRJNA1071982	SAMN39872076	SRX23694223	MFD08013.fa			
MFD08014	PRJNA1071982	SAMN39872077	SRX23694224	MFD08014.fa			
MFD08015	PRJNA1071982	SAMN39872078	SRX23694225	MFD08015.fa			
MFD08016	PRJNA1071982	SAMN39872079	SRX23694226	MFD08016.fa			
MFD08017	PRJNA1071982	SAMN39872080	SRX23694227	MFD08017.fa			
MFD08018	PRJNA1071982	SAMN39872081	SRX23694229	MFD08018.fa			
MFD08019	PRJNA1071982	SAMN39872082	SRX23694230	MFD08019.fa			
MFD08020	PRJNA1071982	SAMN39872083	SRX23694231	MFD08020.fa			
MFD08021	PRJNA1071982	SAMN39872084	SRX23694232	MFD08021.fa			
MFD08022	PRJNA1071982	SAMN39872085	SRX23694233	MFD08022.fa			
MFD08023	PRJNA1071982	SAMN39872086	SRX23694532	MFD08023.fa			
MFD08024	PRJNA1071982	SAMN39872087	SRX23694533	MFD08024.fa			
MFD08025	PRJNA1071982	SAMN39872088	SRX23694534	MFD08025.fa			
MFD08026	PRJNA1071982	SAMN39872089	SRX23694535	MFD08026.fa			
MFD08027	PRJNA1071982	SAMN39872090	SRX23694536	MFD08027.fa			
MFD08028	PRJNA1071982	SAMN39872091	SRX23694538	MFD08028.fa			
MFD08029	PRJNA1071982	SAMN39872092	SRX23694406	MFD08029.fa			
MFD08030	PRJNA1071982	SAMN39872093	SRX23694407	MFD08030.fa			
MFD08031	PRJNA1071982	SAMN39872094	SRX23694408	MFD08031.fa			
MFD08032	PRJNA1071982	SAMN39872095	SRX23694409	MFD08032.fa			
MFD08033	PRJNA1071982	SAMN39872096	SRX23694410	MFD08033.fa			
MFD08034	PRJNA1071982	SAMN39872097	SRX23694411	MFD08034.fa			
MFD08035	PRJNA1071982	SAMN39872098	SRX23694412	MFD08035.fa			
MFD08036	PRJNA1071982	SAMN39872099	SRX23694413	MFD08036.fa			
MFD08037	PRJNA1071982	SAMN39872100	SRX23694414	MFD08037.fa			
MFD08038	PRJNA1071982	SAMN39872101	SRX23694416	MFD08038.fa			
MFD08039	PRJNA1071982	SAMN39872102	SRX23694417	MFD08039.fa			
MFD08040	PRJNA1071982	SAMN39872103	SRX23694418	MFD08040.fa			
MFD08041	PRJNA1071982	SAMN39872104	SRX23694419	MFD08041.fa			
MFD08042	PRJNA1071982	SAMN39872105	SRX23694420	MFD08042.fa			
MFD08043	PRJNA1071982	SAMN39872106	SRX23694421	MFD08043.fa			
MFD08044	PRJNA1071982	SAMN39872107	SRX23694422	MFD08044.fa			
MFD08045	PRJNA1071982	SAMN39872108	SRX23694423	MFD08045.fa			
MFD08046	PRJNA1071982	SAMN39872109	SRX23694424	MFD08046.fa			
MFD08047	PRJNA1071982	SAMN39872110	SRX23694425	MFD08047.fa			
MFD08048	PRJNA1071982	SAMN39872111	SRX23694427	MFD08048.fa			
MFD08049	PRJNA1071982	SAMN39872112	SRX23694428	MFD08049.fa			
MFD08050	PRJNA1071982	SAMN39872113	SRX23694429	MFD08050.fa			
MFD08051	PRJNA1071982	SAMN39872114	SRX23694430	MFD08051.fa			
MFD08052	PRJNA1071982	SAMN39872115	SRX23694431	MFD08052.fa			
MFD08053	PRJNA1071982	SAMN39872116	SRX23694432	MFD08053.fa			
MFD08054	PRJNA1071982	SAMN39872117	SRX23694433	MFD08054.fa			
MFD08055	PRJNA1071982	SAMN39872118	SRX23693766	MFD08055.fa			
MFD08056	PRJNA1071982	SAMN39872119	SRX23693767	MFD08056.fa			
MFD08057	PRJNA1071982	SAMN39872120	SRX23693768	MFD08057.fa			
MFD08058	PRJNA1071982	SAMN39872121	SRX23693770	MFD08058.fa			
MFD08059	PRJNA1071982	SAMN39872122	SRX23693771	MFD08059.fa			
MFD08060	PRJNA1071982	SAMN39872123	SRX23693772	MFD08060.fa			
MFD08061	PRJNA1071982	SAMN39872124	SRX23693773	MFD08061.fa			
MFD08062	PRJNA1071982	SAMN39872125	SRX23693774	MFD08062.fa			
MFD08063	PRJNA1071982	SAMN39872126	SRX23693775	MFD08063.fa			
MFD08064	PRJNA1071982	SAMN39872127	SRX23693776	MFD08064.fa			
MFD08065	PRJNA1071982	SAMN39872128	SRX23693777	MFD08065.fa			
MFD08066	PRJNA1071982	SAMN39872129	SRX23693778	MFD08066.fa			
MFD08067	PRJNA1071982	SAMN39872130	SRX23693779	MFD08067.fa			
MFD08068	PRJNA1071982	SAMN39872131	SRX23693781	MFD08068.fa			
MFD08069	PRJNA1071982	SAMN39872132	SRX23693782	MFD08069.fa			
MFD08070	PRJNA1071982	SAMN39872133	SRX23693783	MFD08070.fa			
MFD08071	PRJNA1071982	SAMN39872134	SRX23693784	MFD08071.fa			
MFD08072	PRJNA1071982	SAMN39872135	SRX23693785	MFD08072.fa			
MFD08073	PRJNA1071982	SAMN39872136	SRX23693786	MFD08073.fa			
MFD08074	PRJNA1071982	SAMN39872137	SRX23693787	MFD08074.fa			
MFD08075	PRJNA1071982	SAMN39872138	SRX23693788	MFD08075.fa			
MFD08076	PRJNA1071982	SAMN39872139	SRX23693789	MFD08076.fa			
MFD08077	PRJNA1071982	SAMN39872140	SRX23693790	MFD08077.fa			
MFD08078	PRJNA1071982	SAMN39872141	SRX23693792	MFD08078.fa			
MFD08079	PRJNA1071982	SAMN39872142	SRX23693793	MFD08079.fa			
MFD08080	PRJNA1071982	SAMN39872143	SRX23694017	MFD08080.fa			
MFD08081	PRJNA1071982	SAMN39872144	SRX23694018	MFD08081.fa			
MFD08082	PRJNA1071982	SAMN39872145	SRX23694019	MFD08082.fa	SRX23628039	SRX23628038	SRX23662501
MFD08083	PRJNA1071982	SAMN39872146	SRX23694020	MFD08083.fa			
MFD08084	PRJNA1071982	SAMN39872147	SRX23694021	MFD08084.fa			
MFD08085	PRJNA1071982	SAMN39872148	SRX23694022	MFD08085.fa			
MFD08086	PRJNA1071982	SAMN39872149	SRX23694023	MFD08086.fa			
MFD08087	PRJNA1071982	SAMN39872150	SRX23694024	MFD08087.fa			
MFD08088	PRJNA1071982	SAMN39872151	SRX23694026	MFD08088.fa			
MFD08089	PRJNA1071982	SAMN39872152	SRX23694027	MFD08089.fa			
MFD08090	PRJNA1071982	SAMN39872153	SRX23694028	MFD08090.fa			
MFD08091	PRJNA1071982	SAMN39872154	SRX23694029	MFD08091.fa			
MFD08092	PRJNA1071982	SAMN39872155	SRX23694030	MFD08092.fa			
MFD08093	PRJNA1071982	SAMN39872156	SRX23694031	MFD08093.fa			
MFD08094	PRJNA1071982	SAMN39872157	SRX23694032	MFD08094.fa			
MFD08095	PRJNA1071982	SAMN39872158	SRX23694033	MFD08095.fa			
MFD08096	PRJNA1071982	SAMN39872159	SRX23694034	MFD08096.fa			
MFD08097	PRJNA1071982	SAMN39872160	SRX23694035	MFD08097.fa			
MFD08098	PRJNA1071982	SAMN39872161	SRX23694038	MFD08098.fa			
MFD08099	PRJNA1071982	SAMN39872162	SRX23694039	MFD08099.fa			
MFD08100	PRJNA1071982	SAMN39872163	SRX23694040	MFD08100.fa			
MFD08101	PRJNA1071982	SAMN39872164	SRX23694041	MFD08101.fa			
MFD08102	PRJNA1071982	SAMN39872165	SRX23694042	MFD08102.fa			
MFD08103	PRJNA1071982	SAMN39872166	SRX23694043	MFD08103.fa			
MFD08104	PRJNA1071982	SAMN39872167	SRX23694044	MFD08104.fa			
MFD08105	PRJNA1071982	SAMN39872168	SRX23694539	MFD08105.fa			
MFD08106	PRJNA1071982	SAMN39872169	SRX23694540	MFD08106.fa			
MFD08107	PRJNA1071982	SAMN39872170	SRX23694541	MFD08107.fa			
MFD08108	PRJNA1071982	SAMN39872171	SRX23694543	MFD08108.fa			
MFD08109	PRJNA1071982	SAMN39872172	SRX23694544	MFD08109.fa			
MFD08110	PRJNA1071982	SAMN39872173	SRX23694545	MFD08110.fa			
MFD08111	PRJNA1071982	SAMN39872174	SRX23694546	MFD08111.fa			
MFD08112	PRJNA1071982	SAMN39872175	SRX23694547	MFD08112.fa			
MFD08113	PRJNA1071982	SAMN39872176	SRX23694548	MFD08113.fa			
MFD08114	PRJNA1071982	SAMN39872177	SRX23694549	MFD08114.fa			
MFD08115	PRJNA1071982	SAMN39872178	SRX23694550	MFD08115.fa			
MFD08116	PRJNA1071982	SAMN39872179	SRX23709640	MFD08116.fa			
MFD08117	PRJNA1071982	SAMN39872180	SRX23709641	MFD08117.fa			
MFD08118	PRJNA1071982	SAMN39872181	SRX23709499	MFD08118.fa			
MFD08119	PRJNA1071982	SAMN39872182	SRX23709331	MFD08119.fa			
MFD08120	PRJNA1071982	SAMN39872183	SRX23709358	MFD08120.fa			
MFD08121	PRJNA1071982	SAMN39872184	SRX23709385	MFD08121.fa			
MFD08122	PRJNA1071982	SAMN39872185	SRX23709412	MFD08122.fa			
MFD08123	PRJNA1071982	SAMN39872186	SRX23709635	MFD08123.fa			
MFD08124	PRJNA1071982	SAMN39872187	SRX23709960	MFD08124.fa	SRX23628041	SRX23628040	SRX23662502
MFD08125	PRJNA1071982	SAMN39872188	SRX23709987	MFD08125.fa			
MFD08126	PRJNA1071982	SAMN39872189	SRX23709642	MFD08126.fa			
MFD08127	PRJNA1071982	SAMN39872190	SRX23709653	MFD08127.fa			
MFD08128	PRJNA1071982	SAMN39872191	SRX23709664	MFD08128.fa			
MFD08129	PRJNA1071982	SAMN39872192	SRX23709675	MFD08129.fa			
MFD08130	PRJNA1071982	SAMN39872193	SRX23709686	MFD08130.fa			
MFD08131	PRJNA1071982	SAMN39872194	SRX23709921	MFD08131.fa			
MFD08132	PRJNA1071982	SAMN39872195	SRX23709932	MFD08132.fa			
MFD08133	PRJNA1071982	SAMN39872196	SRX23709053	MFD08133.fa			
MFD08134	PRJNA1071982	SAMN39872197	SRX23709282	MFD08134.fa			
MFD08135	PRJNA1071982	SAMN39872198	SRX23709293	MFD08135.fa			
MFD08136	PRJNA1071982	SAMN39872199	SRX23709500	MFD08136.fa			
MFD08137	PRJNA1071982	SAMN39872200	SRX23709511	MFD08137.fa			
MFD08138	PRJNA1071982	SAMN39872201	SRX23709522	MFD08138.fa			
MFD08139	PRJNA1071982	SAMN39872202	SRX23709702	MFD08139.fa			
MFD08140	PRJNA1071982	SAMN39872203	SRX23709713	MFD08140.fa			
MFD08141	PRJNA1071982	SAMN39872204	SRX23709058	MFD08141.fa			
MFD08142	PRJNA1071982	SAMN39872205	SRX23709069	MFD08142.fa			
MFD08143	PRJNA1071982	SAMN39872206	SRX23709080	MFD08143.fa			
MFD08144	PRJNA1071982	SAMN39872207	SRX23709309	MFD08144.fa			
MFD08145	PRJNA1071982	SAMN39872208	SRX23709320	MFD08145.fa			
MFD08146	PRJNA1071982	SAMN39872209	SRX23709527	MFD08146.fa			
MFD08147	PRJNA1071982	SAMN39872210	SRX23709538	MFD08147.fa			
MFD08148	PRJNA1071982	SAMN39872211	SRX23709549	MFD08148.fa			
MFD08149	PRJNA1071982	SAMN39872212	SRX23709729	MFD08149.fa			
MFD08150	PRJNA1071982	SAMN39872213	SRX23709740	MFD08150.fa			
MFD08151	PRJNA1071982	SAMN39872214	SRX23709751	MFD08151.fa			
MFD08152	PRJNA1071982	SAMN39872215	SRX23709096	MFD08152.fa			
MFD08153	PRJNA1071982	SAMN39872216	SRX23709107	MFD08153.fa			
MFD08154	PRJNA1071982	SAMN39872217	SRX23709336	MFD08154.fa			
MFD08155	PRJNA1071982	SAMN39872218	SRX23709347	MFD08155.fa			
MFD08156	PRJNA1071982	SAMN39872219	SRX23709359	MFD08156.fa			
MFD08157	PRJNA1071982	SAMN39872220	SRX23709565	MFD08157.fa			
MFD08158	PRJNA1071982	SAMN39872221	SRX23709576	MFD08158.fa			
MFD08159	PRJNA1071982	SAMN39872222	SRX23709756	MFD08159.fa			
MFD08160	PRJNA1071982	SAMN39872223	SRX23709767	MFD08160.fa			
MFD08161	PRJNA1071982	SAMN39872224	SRX23709778	MFD08161.fa			
MFD08162	PRJNA1071982	SAMN39872225	SRX23709123	MFD08162.fa			
MFD08163	PRJNA1071982	SAMN39872226	SRX23709134	MFD08163.fa			
MFD08164	PRJNA1071982	SAMN39872227	SRX23709363	MFD08164.fa			
MFD08165	PRJNA1071982	SAMN39872228	SRX23709374	MFD08165.fa			
MFD08166	PRJNA1071982	SAMN39872229	SRX23709386	MFD08166.fa			
MFD08167	PRJNA1071982	SAMN39872230	SRX23709593	MFD08167.fa			
MFD08168	PRJNA1071982	SAMN39872231	SRX23709604	MFD08168.fa	SRX23628043	SRX23628042	SRX23662503
MFD08169	PRJNA1071982	SAMN39872232	SRX23709784	MFD08169.fa			
MFD08170	PRJNA1071982	SAMN39872233	SRX23709795	MFD08170.fa			
MFD08171	PRJNA1071982	SAMN39872234	SRX23709806	MFD08171.fa			
MFD08172	PRJNA1071982	SAMN39872235	SRX23709151	MFD08172.fa			
MFD08173	PRJNA1071982	SAMN39872236	SRX23709162	MFD08173.fa			
MFD08174	PRJNA1071982	SAMN39872237	SRX23709390	MFD08174.fa			
MFD08175	PRJNA1071982	SAMN39872238	SRX23709401	MFD08175.fa			
MFD08176	PRJNA1071982	SAMN39872239	SRX23709413	MFD08176.fa			
MFD08177	PRJNA1071982	SAMN39872240	SRX23709817	MFD08177.fa			
MFD08178	PRJNA1071982	SAMN39872241	SRX23709828	MFD08178.fa			
MFD08179	PRJNA1071982	SAMN39872242	SRX23709173	MFD08179.fa			
MFD08180	PRJNA1071982	SAMN39872243	SRX23709184	MFD08180.fa			
MFD08181	PRJNA1071982	SAMN39872244	SRX23709195	MFD08181.fa			
MFD08182	PRJNA1071982	SAMN39872245	SRX23709423	MFD08182.fa			
MFD08183	PRJNA1071982	SAMN39872246	SRX23709434	MFD08183.fa			
MFD08184	PRJNA1071982	SAMN39872247	SRX23709613	MFD08184.fa			
MFD08185	PRJNA1071982	SAMN39872248	SRX23709624	MFD08185.fa			
MFD08186	PRJNA1071982	SAMN39872249	SRX23709636	MFD08186.fa			
MFD08187	PRJNA1071982	SAMN39872250	SRX23709845	MFD08187.fa			
MFD08188	PRJNA1071982	SAMN39872251	SRX23709856	MFD08188.fa			
MFD08189	PRJNA1071982	SAMN39872252	SRX23709201	MFD08189.fa			
MFD08190	PRJNA1071982	SAMN39872253	SRX23709212	MFD08190.fa			
MFD08191	PRJNA1071982	SAMN39872254	SRX23709223	MFD08191.fa			
MFD08192	PRJNA1071982	SAMN39872255	SRX23709451	MFD08192.fa			
MFD08193	PRJNA1071982	SAMN39872256	SRX23709462	MFD08193.fa			
MFD08194	PRJNA1071982	SAMN39872257	SRX23709938	MFD08194.fa			
MFD08195	PRJNA1071982	SAMN39872258	SRX23709949	MFD08195.fa			
MFD08196	PRJNA1071982	SAMN39872259	SRX23709961	MFD08196.fa			
MFD08197	PRJNA1071982	SAMN39872260	SRX23709872	MFD08197.fa			
MFD08198	PRJNA1071982	SAMN39872261	SRX23709883	MFD08198.fa			
MFD08199	PRJNA1071982	SAMN39872262	SRX23709228	MFD08199.fa			
MFD08200	PRJNA1071982	SAMN39872263	SRX23709239	MFD08200.fa			
MFD08201	PRJNA1071982	SAMN39872264	SRX23709250	MFD08201.fa			
MFD08202	PRJNA1071982	SAMN39872265	SRX23709478	MFD08202.fa			
MFD08203	PRJNA1071982	SAMN39872266	SRX23709489	MFD08203.fa			
MFD08204	PRJNA1071982	SAMN39872267	SRX23709965	MFD08204.fa			
MFD08205	PRJNA1071982	SAMN39872268	SRX23709976	MFD08205.fa			
MFD08206	PRJNA1071982	SAMN39872269	SRX23709988	MFD08206.fa			
MFD08207	PRJNA1071982	SAMN39872270	SRX23709899	MFD08207.fa			
MFD08208	PRJNA1071982	SAMN39872271	SRX23709910	MFD08208.fa			
MFD08209	PRJNA1071982	SAMN39872272	SRX23709255	MFD08209.fa			
MFD08210	PRJNA1071982	SAMN39872273	SRX23709266	MFD08210.fa			
MFD08211	PRJNA1071982	SAMN39872274	SRX23709271	MFD08211.fa			
MFD08212	PRJNA1071982	SAMN39872275	SRX23709272	MFD08212.fa			
MFD08213	PRJNA1071982	SAMN39872276	SRX23709273	MFD08213.fa			
MFD08214	PRJNA1071982	SAMN39872277	SRX23709274	MFD08214.fa			
MFD08215	PRJNA1071982	SAMN39872278	SRX23709275	MFD08215.fa			
MFD08216	PRJNA1071982	SAMN39872279	SRX23709643	MFD08216.fa			
MFD08217	PRJNA1071982	SAMN39872280	SRX23709644	MFD08217.fa			
MFD08218	PRJNA1071982	SAMN39872281	SRX23709645	MFD08218.fa			
MFD08219	PRJNA1071982	SAMN39872282	SRX23709646	MFD08219.fa			
MFD08220	PRJNA1071982	SAMN39872283	SRX23709647	MFD08220.fa			
MFD08221	PRJNA1071982	SAMN39872284	SRX23709648	MFD08221.fa			
MFD08222	PRJNA1071982	SAMN39872285	SRX23709649	MFD08222.fa			
MFD08223	PRJNA1071982	SAMN39872286	SRX23709650	MFD08223.fa			
MFD08224	PRJNA1071982	SAMN39872287	SRX23709651	MFD08224.fa			
MFD08225	PRJNA1071982	SAMN39872288	SRX23709652	MFD08225.fa			
MFD08226	PRJNA1071982	SAMN39872289	SRX23709654	MFD08226.fa			
MFD08227	PRJNA1071982	SAMN39872290	SRX23709655	MFD08227.fa			
MFD08228	PRJNA1071982	SAMN39872291	SRX23709656	MFD08228.fa			
MFD08229	PRJNA1071982	SAMN39872292	SRX23709657	MFD08229.fa			
MFD08230	PRJNA1071982	SAMN39872293	SRX23709658	MFD08230.fa			
MFD08231	PRJNA1071982	SAMN39872294	SRX23709659	MFD08231.fa			
MFD08232	PRJNA1071982	SAMN39872295	SRX23709660	MFD08232.fa			
MFD08233	PRJNA1071982	SAMN39872296	SRX23709661	MFD08233.fa			
MFD08234	PRJNA1071982	SAMN39872297	SRX23709662	MFD08234.fa			
MFD08235	PRJNA1071982	SAMN39872298	SRX23709663	MFD08235.fa			
MFD08236	PRJNA1071982	SAMN39872299	SRX23709665	MFD08236.fa			
MFD08237	PRJNA1071982	SAMN39872300	SRX23709666	MFD08237.fa			
MFD08238	PRJNA1071982	SAMN39872301	SRX23709667	MFD08238.fa			
MFD08239	PRJNA1071982	SAMN39872302	SRX23709668	MFD08239.fa			
MFD08240	PRJNA1071982	SAMN39872303	SRX23709669	MFD08240.fa			
MFD08241	PRJNA1071982	SAMN39872304	SRX23709670	MFD08241.fa			
MFD08242	PRJNA1071982	SAMN39872305	SRX23709671	MFD08242.fa			
MFD08243	PRJNA1071982	SAMN39872306	SRX23709672	MFD08243.fa			
MFD08244	PRJNA1071982	SAMN39872307	SRX23709673	MFD08244.fa			
MFD08245	PRJNA1071982	SAMN39872308	SRX23709674	MFD08245.fa			
MFD08246	PRJNA1071982	SAMN39872309	SRX23709676	MFD08246.fa			
MFD08247	PRJNA1071982	SAMN39872310	SRX23709677	MFD08247.fa			
MFD08248	PRJNA1071982	SAMN39872311	SRX23709678	MFD08248.fa			
MFD08249	PRJNA1071982	SAMN39872312	SRX23709679	MFD08249.fa			
MFD08250	PRJNA1071982	SAMN39872313	SRX23709680	MFD08250.fa			
MFD08251	PRJNA1071982	SAMN39872314	SRX23709681	MFD08251.fa			
MFD08252	PRJNA1071982	SAMN39872315	SRX23709682	MFD08252.fa			
MFD08253	PRJNA1071982	SAMN39872316	SRX23709683	MFD08253.fa			
MFD08254	PRJNA1071982	SAMN39872317	SRX23709684	MFD08254.fa			
MFD08255	PRJNA1071982	SAMN39872318	SRX23709685	MFD08255.fa			
MFD08256	PRJNA1071982	SAMN39872319	SRX23709687	MFD08256.fa			
MFD08257	PRJNA1071982	SAMN39872320	SRX23709688	MFD08257.fa			
MFD08258	PRJNA1071982	SAMN39872321	SRX23709689	MFD08258.fa			
MFD08259	PRJNA1071982	SAMN39872322	SRX23709690	MFD08259.fa			
MFD08260	PRJNA1071982	SAMN39872323	SRX23709691	MFD08260.fa			
MFD08261	PRJNA1071982	SAMN39872324	SRX23709692	MFD08261.fa			
MFD08262	PRJNA1071982	SAMN39872325	SRX23709693	MFD08262.fa			
MFD08263	PRJNA1071982	SAMN39872326	SRX23709694	MFD08263.fa			
MFD08264	PRJNA1071982	SAMN39872327	SRX23709695	MFD08264.fa			
MFD08265	PRJNA1071982	SAMN39872328	SRX23709920	MFD08265.fa			
MFD08266	PRJNA1071982	SAMN39872329	SRX23709922	MFD08266.fa			
MFD08267	PRJNA1071982	SAMN39872330	SRX23709923	MFD08267.fa			
MFD08268	PRJNA1071982	SAMN39872331	SRX23709924	MFD08268.fa			
MFD08269	PRJNA1071982	SAMN39872332	SRX23709925	MFD08269.fa			
MFD08270	PRJNA1071982	SAMN39872333	SRX23709926	MFD08270.fa	SRX23628046	SRX23628045	SRX23662505
MFD08271	PRJNA1071982	SAMN39872334	SRX23709927	MFD08271.fa			
MFD08272	PRJNA1071982	SAMN39872335	SRX23709928	MFD08272.fa			
MFD08273	PRJNA1071982	SAMN39872336	SRX23709929	MFD08273.fa			
MFD08274	PRJNA1071982	SAMN39872337	SRX23709930	MFD08274.fa			
MFD08275	PRJNA1071982	SAMN39872338	SRX23709931	MFD08275.fa			
MFD08276	PRJNA1071982	SAMN39872339	SRX23709933	MFD08276.fa			
MFD08277	PRJNA1071982	SAMN39872340	SRX23709934	MFD08277.fa			
MFD08278	PRJNA1071982	SAMN39872341	SRX23709935	MFD08278.fa			
MFD08279	PRJNA1071982	SAMN39872342	SRX23709936	MFD08279.fa			
MFD08280	PRJNA1071982	SAMN39872343	SRX23709937	MFD08280.fa			
MFD08281	PRJNA1071982	SAMN39872344	SRX23709048	MFD08281.fa			
MFD08282	PRJNA1071982	SAMN39872345	SRX23709049	MFD08282.fa			
MFD08283	PRJNA1071982	SAMN39872346	SRX23709050	MFD08283.fa			
MFD08284	PRJNA1071982	SAMN39872347	SRX23709051	MFD08284.fa			
MFD08285	PRJNA1071982	SAMN39872348	SRX23709052	MFD08285.fa			
MFD08286	PRJNA1071982	SAMN39872349	SRX23709054	MFD08286.fa			
MFD08287	PRJNA1071982	SAMN39872350	SRX23709055	MFD08287.fa			
MFD08288	PRJNA1071982	SAMN39872351	SRX23709056	MFD08288.fa			
MFD08289	PRJNA1071982	SAMN39872352	SRX23709057	MFD08289.fa			
MFD08290	PRJNA1071982	SAMN39872353	SRX23709276	MFD08290.fa			
MFD08291	PRJNA1071982	SAMN39872354	SRX23709277	MFD08291.fa	SRX23628048	SRX23628047	SRX23662506
MFD08292	PRJNA1071982	SAMN39872355	SRX23709278	MFD08292.fa			
MFD08293	PRJNA1071982	SAMN39872356	SRX23709279	MFD08293.fa			
MFD08294	PRJNA1071982	SAMN39872357	SRX23709280	MFD08294.fa			
MFD08295	PRJNA1071982	SAMN39872358	SRX23709281	MFD08295.fa			
MFD08296	PRJNA1071982	SAMN39872359	SRX23709283	MFD08296.fa			
MFD08297	PRJNA1071982	SAMN39872360	SRX23709284	MFD08297.fa			
MFD08298	PRJNA1071982	SAMN39872361	SRX23709285	MFD08298.fa			
MFD08299	PRJNA1071982	SAMN39872362	SRX23709286	MFD08299.fa			
MFD08300	PRJNA1071982	SAMN39872363	SRX23709287	MFD08300.fa			
MFD08301	PRJNA1071982	SAMN39872364	SRX23709288	MFD08301.fa			
MFD08302	PRJNA1071982	SAMN39872365	SRX23709289	MFD08302.fa			
MFD08303	PRJNA1071982	SAMN39872366	SRX23709290	MFD08303.fa			
MFD08304	PRJNA1071982	SAMN39872367	SRX23709291	MFD08304.fa			
MFD08305	PRJNA1071982	SAMN39872368	SRX23709292	MFD08305.fa			
MFD08306	PRJNA1071982	SAMN39872369	SRX23709294	MFD08306.fa			
MFD08307	PRJNA1071982	SAMN39872370	SRX23709295	MFD08307.fa			
MFD08308	PRJNA1071982	SAMN39872371	SRX23709296	MFD08308.fa			
MFD08309	PRJNA1071982	SAMN39872372	SRX23709297	MFD08309.fa			
MFD08310	PRJNA1071982	SAMN39872373	SRX23709298	MFD08310.fa			
MFD08311	PRJNA1071982	SAMN39872374	SRX23709299	MFD08311.fa			
MFD08312	PRJNA1071982	SAMN39872375	SRX23709300	MFD08312.fa			
MFD08313	PRJNA1071982	SAMN39872376	SRX23709301	MFD08313.fa			
MFD08314	PRJNA1071982	SAMN39872377	SRX23709302	MFD08314.fa			
MFD08315	PRJNA1071982	SAMN39872378	SRX23709303	MFD08315.fa			
MFD08316	PRJNA1071982	SAMN39872379	SRX23709501	MFD08316.fa			
MFD08317	PRJNA1071982	SAMN39872380	SRX23709502	MFD08317.fa			
MFD08318	PRJNA1071982	SAMN39872381	SRX23709503	MFD08318.fa			
MFD08319	PRJNA1071982	SAMN39872382	SRX23709504	MFD08319.fa			
MFD08320	PRJNA1071982	SAMN39872383	SRX23709505	MFD08320.fa			
MFD08321	PRJNA1071982	SAMN39872384	SRX23709506	MFD08321.fa			
MFD08322	PRJNA1071982	SAMN39872385	SRX23709507	MFD08322.fa			
MFD08323	PRJNA1071982	SAMN39872386	SRX23709508	MFD08323.fa			
MFD08324	PRJNA1071982	SAMN39872387	SRX23709509	MFD08324.fa			
MFD08325	PRJNA1071982	SAMN39872388	SRX23709510	MFD08325.fa			
MFD08326	PRJNA1071982	SAMN39872389	SRX23709512	MFD08326.fa			
MFD08327	PRJNA1071982	SAMN39872390	SRX23709513	MFD08327.fa			
MFD08328	PRJNA1071982	SAMN39872391	SRX23709514	MFD08328.fa			
MFD08330	PRJNA1071982	SAMN39872392	SRX23709515	MFD08330.fa			
MFD08331	PRJNA1071982	SAMN39872393	SRX23709516	MFD08331.fa			
MFD08332	PRJNA1071982	SAMN39872394	SRX23709517	MFD08332.fa			
MFD08333	PRJNA1071982	SAMN39872395	SRX23709518	MFD08333.fa			
MFD08334	PRJNA1071982	SAMN39872396	SRX23709519	MFD08334.fa			
MFD08335	PRJNA1071982	SAMN39872397	SRX23709520	MFD08335.fa			
MFD08336	PRJNA1071982	SAMN39872398	SRX23709521	MFD08336.fa			
MFD08337	PRJNA1071982	SAMN39872399	SRX23709523	MFD08337.fa			
MFD08338	PRJNA1071982	SAMN39872400	SRX23709524	MFD08338.fa			
MFD08339	PRJNA1071982	SAMN39872401	SRX23709525	MFD08339.fa			
MFD08340	PRJNA1071982	SAMN39872402	SRX23709526	MFD08340.fa			
MFD08342	PRJNA1071982	SAMN39872403	SRX23709696	MFD08342.fa			
MFD08343	PRJNA1071982	SAMN39872404	SRX23709697	MFD08343.fa			
MFD08344	PRJNA1071982	SAMN39872405	SRX23709698	MFD08344.fa			
MFD08345	PRJNA1071982	SAMN39872406	SRX23709699	MFD08345.fa			
MFD08346	PRJNA1071982	SAMN39872407	SRX23709700	MFD08346.fa			
MFD08347	PRJNA1071982	SAMN39872408	SRX23709701	MFD08347.fa			
MFD08348	PRJNA1071982	SAMN39872409	SRX23709703	MFD08348.fa			
MFD08349	PRJNA1071982	SAMN39872410	SRX23709704	MFD08349.fa			
MFD08350	PRJNA1071982	SAMN39872411	SRX23709705	MFD08350.fa			
MFD08351	PRJNA1071982	SAMN39872412	SRX23709706	MFD08351.fa			
MFD08352	PRJNA1071982	SAMN39872413	SRX23709707	MFD08352.fa			
MFD08353	PRJNA1071982	SAMN39872414	SRX23709708	MFD08353.fa			
MFD08354	PRJNA1071982	SAMN39872415	SRX23709709	MFD08354.fa			
MFD08355	PRJNA1071982	SAMN39872416	SRX23709710	MFD08355.fa			
MFD08356	PRJNA1071982	SAMN39872417	SRX23709711	MFD08356.fa			
MFD08357	PRJNA1071982	SAMN39872418	SRX23709712	MFD08357.fa			
MFD08358	PRJNA1071982	SAMN39872419	SRX23709714	MFD08358.fa			
MFD08359	PRJNA1071982	SAMN39872420	SRX23709715	MFD08359.fa			
MFD08360	PRJNA1071982	SAMN39872421	SRX23709716	MFD08360.fa			
MFD08361	PRJNA1071982	SAMN39872422	SRX23709717	MFD08361.fa			
MFD08362	PRJNA1071982	SAMN39872423	SRX23709718	MFD08362.fa			
MFD08363	PRJNA1071982	SAMN39872424	SRX23709719	MFD08363.fa			
MFD08364	PRJNA1071982	SAMN39872425	SRX23709720	MFD08364.fa			
MFD08365	PRJNA1071982	SAMN39872426	SRX23709721	MFD08365.fa			
MFD08366	PRJNA1071982	SAMN39872427	SRX23709722	MFD08366.fa			
MFD08367	PRJNA1071982	SAMN39872428	SRX23709723	MFD08367.fa			
MFD08368	PRJNA1071982	SAMN39872429	SRX23709059	MFD08368.fa			
MFD08369	PRJNA1071982	SAMN39872430	SRX23709060	MFD08369.fa			
MFD08370	PRJNA1071982	SAMN39872431	SRX23709061	MFD08370.fa			
MFD08371	PRJNA1071982	SAMN39872432	SRX23709062	MFD08371.fa			
MFD08372	PRJNA1071982	SAMN39872433	SRX23709063	MFD08372.fa			
MFD08373	PRJNA1071982	SAMN39872434	SRX23709064	MFD08373.fa			
MFD08374	PRJNA1071982	SAMN39872435	SRX23709065	MFD08374.fa			
MFD08375	PRJNA1071982	SAMN39872436	SRX23709066	MFD08375.fa			
MFD08376	PRJNA1071982	SAMN39872437	SRX23709067	MFD08376.fa			
MFD08377	PRJNA1071982	SAMN39872438	SRX23709068	MFD08377.fa			
MFD08378	PRJNA1071982	SAMN39872439	SRX23709070	MFD08378.fa			
MFD08379	PRJNA1071982	SAMN39872440	SRX23709071	MFD08379.fa			
MFD08380	PRJNA1071982	SAMN39872441	SRX23709072	MFD08380.fa			
MFD08381	PRJNA1071982	SAMN39872442	SRX23709073	MFD08381.fa			
MFD08382	PRJNA1071982	SAMN39872443	SRX23709074	MFD08382.fa			
MFD08383	PRJNA1071982	SAMN39872444	SRX23709075	MFD08383.fa			
MFD08384	PRJNA1071982	SAMN39872445	SRX23709076	MFD08384.fa			
MFD08385	PRJNA1071982	SAMN39872446	SRX23709077	MFD08385.fa			
MFD08386	PRJNA1071982	SAMN39872447	SRX23709078	MFD08386.fa			
MFD08387	PRJNA1071982	SAMN39872448	SRX23709079	MFD08387.fa			
MFD08388	PRJNA1071982	SAMN39872449	SRX23709081	MFD08388.fa			
MFD08389	PRJNA1071982	SAMN39872450	SRX23709082	MFD08389.fa			
MFD08390	PRJNA1071982	SAMN39872451	SRX23709083	MFD08390.fa			
MFD08391	PRJNA1071982	SAMN39872452	SRX23709084	MFD08391.fa			
MFD08392	PRJNA1071982	SAMN39872453	SRX23709085	MFD08392.fa			
MFD08393	PRJNA1071982	SAMN39872454	SRX23709304	MFD08393.fa			
MFD08394	PRJNA1071982	SAMN39872455	SRX23709305	MFD08394.fa			
MFD08395	PRJNA1071982	SAMN39872456	SRX23709306	MFD08395.fa			
MFD08396	PRJNA1071982	SAMN39872457	SRX23709307	MFD08396.fa			
MFD08397	PRJNA1071982	SAMN39872458	SRX23709308	MFD08397.fa			
MFD08398	PRJNA1071982	SAMN39872459	SRX23709310	MFD08398.fa			
MFD08399	PRJNA1071982	SAMN39872460	SRX23709311	MFD08399.fa			
MFD08400	PRJNA1071982	SAMN39872461	SRX23709312	MFD08400.fa			
MFD08401	PRJNA1071982	SAMN39872462	SRX23709313	MFD08401.fa			
MFD08402	PRJNA1071982	SAMN39872463	SRX23709314	MFD08402.fa			
MFD08403	PRJNA1071982	SAMN39872464	SRX23709315	MFD08403.fa			
MFD08404	PRJNA1071982	SAMN39872465	SRX23709316	MFD08404.fa			
MFD08405	PRJNA1071982	SAMN39872466	SRX23709317	MFD08405.fa			
MFD08406	PRJNA1071982	SAMN39872467	SRX23709318	MFD08406.fa			
MFD08407	PRJNA1071982	SAMN39872468	SRX23709319	MFD08407.fa			
MFD08408	PRJNA1071982	SAMN39872469	SRX23709321	MFD08408.fa			
MFD08409	PRJNA1071982	SAMN39872470	SRX23709322	MFD08409.fa			
MFD08410	PRJNA1071982	SAMN39872471	SRX23709323	MFD08410.fa			
MFD08411	PRJNA1071982	SAMN39872472	SRX23709324	MFD08411.fa			
MFD08412	PRJNA1071982	SAMN39872473	SRX23709325	MFD08412.fa			
MFD08413	PRJNA1071982	SAMN39872474	SRX23709326	MFD08413.fa			
MFD08414	PRJNA1071982	SAMN39872475	SRX23709327	MFD08414.fa			
MFD08415	PRJNA1071982	SAMN39872476	SRX23709328	MFD08415.fa			
MFD08416	PRJNA1071982	SAMN39872477	SRX23709329	MFD08416.fa			
MFD08417	PRJNA1071982	SAMN39872478	SRX23709330	MFD08417.fa			
MFD08418	PRJNA1071982	SAMN39872479	SRX23709528	MFD08418.fa			
MFD08419	PRJNA1071982	SAMN39872480	SRX23709529	MFD08419.fa	SRX23628050	SRX23628049	SRX23662507
MFD08420	PRJNA1071982	SAMN39872481	SRX23709530	MFD08420.fa			
MFD08421	PRJNA1071982	SAMN39872482	SRX23709531	MFD08421.fa			
MFD08422	PRJNA1071982	SAMN39872483	SRX23709532	MFD08422.fa			
MFD08423	PRJNA1071982	SAMN39872484	SRX23709533	MFD08423.fa			
MFD08424	PRJNA1071982	SAMN39872485	SRX23709534	MFD08424.fa			
MFD08425	PRJNA1071982	SAMN39872486	SRX23709535	MFD08425.fa			
MFD08426	PRJNA1071982	SAMN39872487	SRX23709536	MFD08426.fa			
MFD08427	PRJNA1071982	SAMN39872488	SRX23709537	MFD08427.fa			
MFD08428	PRJNA1071982	SAMN39872489	SRX23709539	MFD08428.fa			
MFD08429	PRJNA1071982	SAMN39872490	SRX23709540	MFD08429.fa			
MFD08430	PRJNA1071982	SAMN39872491	SRX23709541	MFD08430.fa			
MFD08431	PRJNA1071982	SAMN39872492	SRX23709542	MFD08431.fa			
MFD08432	PRJNA1071982	SAMN39872493	SRX23709543	MFD08432.fa			
MFD08433	PRJNA1071982	SAMN39872494	SRX23709544	MFD08433.fa			
MFD08434	PRJNA1071982	SAMN39872495	SRX23709545	MFD08434.fa			
MFD08435	PRJNA1071982	SAMN39872496	SRX23709546	MFD08435.fa			
MFD08436	PRJNA1071982	SAMN39872497	SRX23709547	MFD08436.fa			
MFD08437	PRJNA1071982	SAMN39872498	SRX23709548	MFD08437.fa			
MFD08438	PRJNA1071982	SAMN39872499	SRX23709550	MFD08438.fa	SRX23628052	SRX23628051	SRX23662508
MFD08439	PRJNA1071982	SAMN39872500	SRX23709551	MFD08439.fa			
MFD08440	PRJNA1071982	SAMN39872501	SRX23709552	MFD08440.fa			
MFD08441	PRJNA1071982	SAMN39872502	SRX23709553	MFD08441.fa			
MFD08442	PRJNA1071982	SAMN39872503	SRX23709554	MFD08442.fa			
MFD08443	PRJNA1071982	SAMN39872504	SRX23709724	MFD08443.fa			
MFD08444	PRJNA1071982	SAMN39872505	SRX23709725	MFD08444.fa			
MFD08445	PRJNA1071982	SAMN39872506	SRX23709726	MFD08445.fa			
MFD08446	PRJNA1071982	SAMN39872507	SRX23709727	MFD08446.fa			
MFD08447	PRJNA1071982	SAMN39872508	SRX23709728	MFD08447.fa			
MFD08448	PRJNA1071982	SAMN39872509	SRX23709730	MFD08448.fa			
MFD08449	PRJNA1071982	SAMN39872510	SRX23709731	MFD08449.fa			
MFD08450	PRJNA1071982	SAMN39872511	SRX23709732	MFD08450.fa			
MFD08451	PRJNA1071982	SAMN39872512	SRX23709733	MFD08451.fa			
MFD08452	PRJNA1071982	SAMN39872513	SRX23709734	MFD08452.fa			
MFD08453	PRJNA1071982	SAMN39872514	SRX23709735	MFD08453.fa			
MFD08454	PRJNA1071982	SAMN39872515	SRX23709736	MFD08454.fa			
MFD08455	PRJNA1071982	SAMN39872516	SRX23709737	MFD08455.fa			
MFD08456	PRJNA1071982	SAMN39872517	SRX23709738	MFD08456.fa			
MFD08457	PRJNA1071982	SAMN39872518	SRX23709739	MFD08457.fa			
MFD08458	PRJNA1071982	SAMN39872519	SRX23709741	MFD08458.fa			
MFD08459	PRJNA1071982	SAMN39872520	SRX23709742	MFD08459.fa			
MFD08460	PRJNA1071982	SAMN39872521	SRX23709743	MFD08460.fa			
MFD08461	PRJNA1071982	SAMN39872522	SRX23709744	MFD08461.fa			
MFD08462	PRJNA1071982	SAMN39872523	SRX23709745	MFD08462.fa			
MFD08463	PRJNA1071982	SAMN39872524	SRX23709746	MFD08463.fa			
MFD08464	PRJNA1071982	SAMN39872525	SRX23709747	MFD08464.fa			
MFD08465	PRJNA1071982	SAMN39872526	SRX23709748	MFD08465.fa			
MFD08466	PRJNA1071982	SAMN39872527	SRX23709749	MFD08466.fa			
MFD08467	PRJNA1071982	SAMN39872528	SRX23709750	MFD08467.fa			
MFD08468	PRJNA1071982	SAMN39872529	SRX23709086	MFD08468.fa			
MFD08469	PRJNA1071982	SAMN39872530	SRX23709087	MFD08469.fa			
MFD08470	PRJNA1071982	SAMN39872531	SRX23709088	MFD08470.fa			
MFD08471	PRJNA1071982	SAMN39872532	SRX23709089	MFD08471.fa			
MFD08472	PRJNA1071982	SAMN39872533	SRX23709090	MFD08472.fa			
MFD08473	PRJNA1071982	SAMN39872534	SRX23709091	MFD08473.fa			
MFD08474	PRJNA1071982	SAMN39872535	SRX23709092	MFD08474.fa			
MFD08475	PRJNA1071982	SAMN39872536	SRX23709093	MFD08475.fa			
MFD08476	PRJNA1071982	SAMN39872537	SRX23709094	MFD08476.fa			
MFD08477	PRJNA1071982	SAMN39872538	SRX23709095	MFD08477.fa			
MFD08478	PRJNA1071982	SAMN39872539	SRX23709097	MFD08478.fa			
MFD08479	PRJNA1071982	SAMN39872540	SRX23709098	MFD08479.fa			
MFD08480	PRJNA1071982	SAMN39872541	SRX23709099	MFD08480.fa			
MFD08481	PRJNA1071982	SAMN39872542	SRX23709100	MFD08481.fa			
MFD08482	PRJNA1071982	SAMN39872543	SRX23709101	MFD08482.fa			
MFD08483	PRJNA1071982	SAMN39872544	SRX23709102	MFD08483.fa			
MFD08484	PRJNA1071982	SAMN39872545	SRX23709103	MFD08484.fa			
MFD08485	PRJNA1071982	SAMN39872546	SRX23709104	MFD08485.fa			
MFD08486	PRJNA1071982	SAMN39872547	SRX23709105	MFD08486.fa			
MFD08487	PRJNA1071982	SAMN39872548	SRX23709106	MFD08487.fa			
MFD08488	PRJNA1071982	SAMN39872549	SRX23709108	MFD08488.fa			
MFD08489	PRJNA1071982	SAMN39872550	SRX23709109	MFD08489.fa			
MFD08490	PRJNA1071982	SAMN39872551	SRX23709110	MFD08490.fa			
MFD08491	PRJNA1071982	SAMN39872552	SRX23709111	MFD08491.fa			
MFD08492	PRJNA1071982	SAMN39872553	SRX23709112	MFD08492.fa			
MFD08493	PRJNA1071982	SAMN39872554	SRX23709113	MFD08493.fa			
MFD08494	PRJNA1071982	SAMN39872555	SRX23709332	MFD08494.fa			
MFD08495	PRJNA1071982	SAMN39872556	SRX23709333	MFD08495.fa			
MFD08496	PRJNA1071982	SAMN39872557	SRX23709334	MFD08496.fa			
MFD08497	PRJNA1071982	SAMN39872558	SRX23709335	MFD08497.fa			
MFD08498	PRJNA1071982	SAMN39872559	SRX23709337	MFD08498.fa			
MFD08499	PRJNA1071982	SAMN39872560	SRX23709338	MFD08499.fa			
MFD08500	PRJNA1071982	SAMN39872561	SRX23709339	MFD08500.fa			
MFD08501	PRJNA1071982	SAMN39872562	SRX23709340	MFD08501.fa			
MFD08502	PRJNA1071982	SAMN39872563	SRX23709341	MFD08502.fa			
MFD08503	PRJNA1071982	SAMN39872564	SRX23709342	MFD08503.fa			
MFD08504	PRJNA1071982	SAMN39872565	SRX23709343	MFD08504.fa			
MFD08505	PRJNA1071982	SAMN39872566	SRX23709344	MFD08505.fa			
MFD08506	PRJNA1071982	SAMN39872567	SRX23709345	MFD08506.fa			
MFD08507	PRJNA1071982	SAMN39872568	SRX23709346	MFD08507.fa			
MFD08508	PRJNA1071982	SAMN39872569	SRX23709348	MFD08508.fa			
MFD08509	PRJNA1071982	SAMN39872570	SRX23709349	MFD08509.fa			
MFD08510	PRJNA1071982	SAMN39872571	SRX23709350	MFD08510.fa			
MFD08511	PRJNA1071982	SAMN39872572	SRX23709351	MFD08511.fa			
MFD08512	PRJNA1071982	SAMN39872573	SRX23709352	MFD08512.fa			
MFD08513	PRJNA1071982	SAMN39872574	SRX23709353	MFD08513.fa			
MFD08514	PRJNA1071982	SAMN39872575	SRX23709354	MFD08514.fa			
MFD08515	PRJNA1071982	SAMN39872576	SRX23709355	MFD08515.fa			
MFD08516	PRJNA1071982	SAMN39872577	SRX23709356	MFD08516.fa			
MFD08517	PRJNA1071982	SAMN39872578	SRX23709357	MFD08517.fa			
MFD08518	PRJNA1071982	SAMN39872579	SRX23709555	MFD08518.fa			
MFD08519	PRJNA1071982	SAMN39872580	SRX23709556	MFD08519.fa			
MFD08520	PRJNA1071982	SAMN39872581	SRX23709557	MFD08520.fa			
MFD08521	PRJNA1071982	SAMN39872582	SRX23709558	MFD08521.fa			
MFD08522	PRJNA1071982	SAMN39872583	SRX23709559	MFD08522.fa			
MFD08523	PRJNA1071982	SAMN39872584	SRX23709560	MFD08523.fa			
MFD08524	PRJNA1071982	SAMN39872585	SRX23709561	MFD08524.fa			
MFD08525	PRJNA1071982	SAMN39872586	SRX23709562	MFD08525.fa			
MFD08526	PRJNA1071982	SAMN39872587	SRX23709563	MFD08526.fa			
MFD08527	PRJNA1071982	SAMN39872588	SRX23709564	MFD08527.fa			
MFD08528	PRJNA1071982	SAMN39872589	SRX23709566	MFD08528.fa			
MFD08529	PRJNA1071982	SAMN39872590	SRX23709567	MFD08529.fa			
MFD08530	PRJNA1071982	SAMN39872591	SRX23709568	MFD08530.fa			
MFD08531	PRJNA1071982	SAMN39872592	SRX23709569	MFD08531.fa			
MFD08532	PRJNA1071982	SAMN39872593	SRX23709570	MFD08532.fa			
MFD08533	PRJNA1071982	SAMN39872594	SRX23709571	MFD08533.fa			
MFD08534	PRJNA1071982	SAMN39872595	SRX23709572	MFD08534.fa			
MFD08535	PRJNA1071982	SAMN39872596	SRX23709573	MFD08535.fa			
MFD08536	PRJNA1071982	SAMN39872597	SRX23709574	MFD08536.fa			
MFD08537	PRJNA1071982	SAMN39872598	SRX23709575	MFD08537.fa			
MFD08538	PRJNA1071982	SAMN39872599	SRX23709577	MFD08538.fa			
MFD08539	PRJNA1071982	SAMN39872600	SRX23709578	MFD08539.fa			
MFD08540	PRJNA1071982	SAMN39872601	SRX23709579	MFD08540.fa			
MFD08541	PRJNA1071982	SAMN39872602	SRX23709580	MFD08541.fa			
MFD08542	PRJNA1071982	SAMN39872603	SRX23709581	MFD08542.fa			
MFD08543	PRJNA1071982	SAMN39872604	SRX23709582	MFD08543.fa			
MFD08544	PRJNA1071982	SAMN39872605	SRX23709752	MFD08544.fa			
MFD08546	PRJNA1071982	SAMN39872606	SRX23709753	MFD08546.fa	SRX23628054	SRX23628053	SRX23662509
MFD08547	PRJNA1071982	SAMN39872607	SRX23709754	MFD08547.fa			
MFD08548	PRJNA1071982	SAMN39872608	SRX23709755	MFD08548.fa			
MFD08549	PRJNA1071982	SAMN39872609	SRX23709757	MFD08549.fa			
MFD08550	PRJNA1071982	SAMN39872610	SRX23709758	MFD08550.fa			
MFD08551	PRJNA1071982	SAMN39872611	SRX23709759	MFD08551.fa			
MFD08552	PRJNA1071982	SAMN39872612	SRX23709760	MFD08552.fa			
MFD08553	PRJNA1071982	SAMN39872613	SRX23709761	MFD08553.fa			
MFD08554	PRJNA1071982	SAMN39872614	SRX23709762	MFD08554.fa			
MFD08555	PRJNA1071982	SAMN39872615	SRX23709763	MFD08555.fa			
MFD08556	PRJNA1071982	SAMN39872616	SRX23709764	MFD08556.fa			
MFD08557	PRJNA1071982	SAMN39872617	SRX23709765	MFD08557.fa			
MFD08558	PRJNA1071982	SAMN39872618	SRX23709766	MFD08558.fa			
MFD08559	PRJNA1071982	SAMN39872619	SRX23709768	MFD08559.fa			
MFD08560	PRJNA1071982	SAMN39872620	SRX23709769	MFD08560.fa			
MFD08561	PRJNA1071982	SAMN39872621	SRX23709770	MFD08561.fa			
MFD08562	PRJNA1071982	SAMN39872622	SRX23709771	MFD08562.fa			
MFD08563	PRJNA1071982	SAMN39872623	SRX23709772	MFD08563.fa			
MFD08564	PRJNA1071982	SAMN39872624	SRX23709773	MFD08564.fa			
MFD08565	PRJNA1071982	SAMN39872625	SRX23709774	MFD08565.fa			
MFD08566	PRJNA1071982	SAMN39872626	SRX23709775	MFD08566.fa			
MFD08567	PRJNA1071982	SAMN39872627	SRX23709776	MFD08567.fa			
MFD08568	PRJNA1071982	SAMN39872628	SRX23709777	MFD08568.fa			
MFD08569	PRJNA1071982	SAMN39872629	SRX23709779	MFD08569.fa			
MFD08570	PRJNA1071982	SAMN39872630	SRX23709114	MFD08570.fa			
MFD08571	PRJNA1071982	SAMN39872631	SRX23709115	MFD08571.fa			
MFD08572	PRJNA1071982	SAMN39872632	SRX23709116	MFD08572.fa			
MFD08573	PRJNA1071982	SAMN39872633	SRX23709117	MFD08573.fa			
MFD08574	PRJNA1071982	SAMN39872634	SRX23709118	MFD08574.fa			
MFD08575	PRJNA1071982	SAMN39872635	SRX23709119	MFD08575.fa			
MFD08576	PRJNA1071982	SAMN39872636	SRX23709120	MFD08576.fa			
MFD08577	PRJNA1071982	SAMN39872637	SRX23709121	MFD08577.fa			
MFD08578	PRJNA1071982	SAMN39872638	SRX23709122	MFD08578.fa			
MFD08579	PRJNA1071982	SAMN39872639	SRX23709124	MFD08579.fa			
MFD08580	PRJNA1071982	SAMN39872640	SRX23709125	MFD08580.fa			
MFD08581	PRJNA1071982	SAMN39872641	SRX23709126	MFD08581.fa			
MFD08582	PRJNA1071982	SAMN39872642	SRX23709127	MFD08582.fa			
MFD08583	PRJNA1071982	SAMN39872643	SRX23709128	MFD08583.fa			
MFD08584	PRJNA1071982	SAMN39872644	SRX23709129	MFD08584.fa			
MFD08585	PRJNA1071982	SAMN39872645	SRX23709130	MFD08585.fa			
MFD08586	PRJNA1071982	SAMN39872646	SRX23709131	MFD08586.fa			
MFD08587	PRJNA1071982	SAMN39872647	SRX23709132	MFD08587.fa			
MFD08588	PRJNA1071982	SAMN39872648	SRX23709133	MFD08588.fa			
MFD08589	PRJNA1071982	SAMN39872649	SRX23709135	MFD08589.fa			
MFD08590	PRJNA1071982	SAMN39872650	SRX23709136	MFD08590.fa			
MFD08591	PRJNA1071982	SAMN39872651	SRX23709137	MFD08591.fa			
MFD08592	PRJNA1071982	SAMN39872652	SRX23709138	MFD08592.fa			
MFD08593	PRJNA1071982	SAMN39872653	SRX23709139	MFD08593.fa			
MFD08594	PRJNA1071982	SAMN39872654	SRX23709140	MFD08594.fa			
MFD08595	PRJNA1071982	SAMN39872655	SRX23709141	MFD08595.fa			
MFD08596	PRJNA1071982	SAMN39872656	SRX23709360	MFD08596.fa			
MFD08597	PRJNA1071982	SAMN39872657	SRX23709361	MFD08597.fa			
MFD08598	PRJNA1071982	SAMN39872658	SRX23709362	MFD08598.fa			
MFD08599	PRJNA1071982	SAMN39872659	SRX23709364	MFD08599.fa			
MFD08600	PRJNA1071982	SAMN39872660	SRX23709365	MFD08600.fa			
MFD08601	PRJNA1071982	SAMN39872661	SRX23709366	MFD08601.fa			
MFD08602	PRJNA1071982	SAMN39872662	SRX23709367	MFD08602.fa			
MFD08603	PRJNA1071982	SAMN39872663	SRX23709368	MFD08603.fa			
MFD08604	PRJNA1071982	SAMN39872664	SRX23709369	MFD08604.fa			
MFD08605	PRJNA1071982	SAMN39872665	SRX23709370	MFD08605.fa			
MFD08606	PRJNA1071982	SAMN39872666	SRX23709371	MFD08606.fa			
MFD08607	PRJNA1071982	SAMN39872667	SRX23709372	MFD08607.fa			
MFD08608	PRJNA1071982	SAMN39872668	SRX23709373	MFD08608.fa			
MFD08609	PRJNA1071982	SAMN39872669	SRX23709375	MFD08609.fa			
MFD08610	PRJNA1071982	SAMN39872670	SRX23709376	MFD08610.fa			
MFD08611	PRJNA1071982	SAMN39872671	SRX23709377	MFD08611.fa			
MFD08612	PRJNA1071982	SAMN39872672	SRX23709378	MFD08612.fa			
MFD08613	PRJNA1071982	SAMN39872673	SRX23709379	MFD08613.fa			
MFD08614	PRJNA1071982	SAMN39872674	SRX23709380	MFD08614.fa			
MFD08615	PRJNA1071982	SAMN39872675	SRX23709381	MFD08615.fa			
MFD08616	PRJNA1071982	SAMN39872676	SRX23709382	MFD08616.fa			
MFD08617	PRJNA1071982	SAMN39872677	SRX23709383	MFD08617.fa			
MFD08618	PRJNA1071982	SAMN39872678	SRX23709384	MFD08618.fa			
MFD08619	PRJNA1071982	SAMN39872679	SRX23709583	MFD08619.fa			
MFD08620	PRJNA1071982	SAMN39872680	SRX23709584	MFD08620.fa			
MFD08621	PRJNA1071982	SAMN39872681	SRX23709585	MFD08621.fa			
MFD08622	PRJNA1071982	SAMN39872682	SRX23709586	MFD08622.fa			
MFD08623	PRJNA1071982	SAMN39872683	SRX23709587	MFD08623.fa			
MFD08624	PRJNA1071982	SAMN39872684	SRX23709588	MFD08624.fa			
MFD08625	PRJNA1071982	SAMN39872685	SRX23709589	MFD08625.fa			
MFD08626	PRJNA1071982	SAMN39872686	SRX23709590	MFD08626.fa			
MFD08627	PRJNA1071982	SAMN39872687	SRX23709591	MFD08627.fa			
MFD08628	PRJNA1071982	SAMN39872688	SRX23709592	MFD08628.fa			
MFD08629	PRJNA1071982	SAMN39872689	SRX23709594	MFD08629.fa			
MFD08630	PRJNA1071982	SAMN39872690	SRX23709595	MFD08630.fa			
MFD08631	PRJNA1071982	SAMN39872691	SRX23709596	MFD08631.fa			
MFD08632	PRJNA1071982	SAMN39872692	SRX23709597	MFD08632.fa			
MFD08633	PRJNA1071982	SAMN39872693	SRX23709598	MFD08633.fa			
MFD08634	PRJNA1071982	SAMN39872694	SRX23709599	MFD08634.fa			
MFD08635	PRJNA1071982	SAMN39872695	SRX23709600	MFD08635.fa			
MFD08636	PRJNA1071982	SAMN39872696	SRX23709601	MFD08636.fa			
MFD08637	PRJNA1071982	SAMN39872697	SRX23709602	MFD08637.fa			
MFD08638	PRJNA1071982	SAMN39872698	SRX23709603	MFD08638.fa			
MFD08639	PRJNA1071982	SAMN39872699	SRX23709605	MFD08639.fa			
MFD08640	PRJNA1071982	SAMN39872700	SRX23709606	MFD08640.fa			
MFD08641	PRJNA1071982	SAMN39872701	SRX23709607	MFD08641.fa			
MFD08642	PRJNA1071982	SAMN39872702	SRX23709608	MFD08642.fa			
MFD08643	PRJNA1071982	SAMN39872703	SRX23709609	MFD08643.fa			
MFD08644	PRJNA1071982	SAMN39872704	SRX23709610	MFD08644.fa			
MFD08645	PRJNA1071982	SAMN39872705	SRX23709780	MFD08645.fa			
MFD08646	PRJNA1071982	SAMN39872706	SRX23709781	MFD08646.fa			
MFD08647	PRJNA1071982	SAMN39872707	SRX23709782	MFD08647.fa	SRX23628057	SRX23628056	SRX23662510
MFD08648	PRJNA1071982	SAMN39872708	SRX23709783	MFD08648.fa			
MFD08649	PRJNA1071982	SAMN39872709	SRX23709785	MFD08649.fa			
MFD08650	PRJNA1071982	SAMN39872710	SRX23709786	MFD08650.fa			
MFD08651	PRJNA1071982	SAMN39872711	SRX23709787	MFD08651.fa			
MFD08652	PRJNA1071982	SAMN39872712	SRX23709788	MFD08652.fa			
MFD08653	PRJNA1071982	SAMN39872713	SRX23709789	MFD08653.fa			
MFD08654	PRJNA1071982	SAMN39872714	SRX23709790	MFD08654.fa			
MFD08655	PRJNA1071982	SAMN39872715	SRX23709791	MFD08655.fa			
MFD08656	PRJNA1071982	SAMN39872716	SRX23709792	MFD08656.fa			
MFD08657	PRJNA1071982	SAMN39872717	SRX23709793	MFD08657.fa			
MFD08658	PRJNA1071982	SAMN39872718	SRX23709794	MFD08658.fa			
MFD08659	PRJNA1071982	SAMN39872719	SRX23709796	MFD08659.fa			
MFD08660	PRJNA1071982	SAMN39872720	SRX23709797	MFD08660.fa			
MFD08661	PRJNA1071982	SAMN39872721	SRX23709798	MFD08661.fa			
MFD08662	PRJNA1071982	SAMN39872722	SRX23709799	MFD08662.fa			
MFD08663	PRJNA1071982	SAMN39872723	SRX23709800	MFD08663.fa			
MFD08664	PRJNA1071982	SAMN39872724	SRX23709801	MFD08664.fa			
MFD08665	PRJNA1071982	SAMN39872725	SRX23709802	MFD08665.fa			
MFD08666	PRJNA1071982	SAMN39872726	SRX23709803	MFD08666.fa			
MFD08667	PRJNA1071982	SAMN39872727	SRX23709804	MFD08667.fa			
MFD08668	PRJNA1071982	SAMN39872728	SRX23709805	MFD08668.fa			
MFD08669	PRJNA1071982	SAMN39872729	SRX23709807	MFD08669.fa			
MFD08670	PRJNA1071982	SAMN39872730	SRX23709142	MFD08670.fa			
MFD08671	PRJNA1071982	SAMN39872731	SRX23709143	MFD08671.fa			
MFD08672	PRJNA1071982	SAMN39872732	SRX23709144	MFD08672.fa			
MFD08673	PRJNA1071982	SAMN39872733	SRX23709145	MFD08673.fa			
MFD08674	PRJNA1071982	SAMN39872734	SRX23709146	MFD08674.fa			
MFD08675	PRJNA1071982	SAMN39872735	SRX23709147	MFD08675.fa			
MFD08676	PRJNA1071982	SAMN39872736	SRX23709148	MFD08676.fa			
MFD08677	PRJNA1071982	SAMN39872737	SRX23709149	MFD08677.fa			
MFD08678	PRJNA1071982	SAMN39872738	SRX23709150	MFD08678.fa			
MFD08679	PRJNA1071982	SAMN39872739	SRX23709152	MFD08679.fa			
MFD08680	PRJNA1071982	SAMN39872740	SRX23709153	MFD08680.fa			
MFD08681	PRJNA1071982	SAMN39872741	SRX23709154	MFD08681.fa			
MFD08682	PRJNA1071982	SAMN39872742	SRX23709155	MFD08682.fa			
MFD08683	PRJNA1071982	SAMN39872743	SRX23709156	MFD08683.fa			
MFD08684	PRJNA1071982	SAMN39872744	SRX23709157	MFD08684.fa			
MFD08685	PRJNA1071982	SAMN39872745	SRX23709158	MFD08685.fa			
MFD08686	PRJNA1071982	SAMN39872746	SRX23709159	MFD08686.fa			
MFD08687	PRJNA1071982	SAMN39872747	SRX23709160	MFD08687.fa			
MFD08688	PRJNA1071982	SAMN39872748	SRX23709161	MFD08688.fa			
MFD08689	PRJNA1071982	SAMN39872749	SRX23709163	MFD08689.fa			
MFD08690	PRJNA1071982	SAMN39872750	SRX23709164	MFD08690.fa			
MFD08691	PRJNA1071982	SAMN39872751	SRX23709165	MFD08691.fa			
MFD08692	PRJNA1071982	SAMN39872752	SRX23709166	MFD08692.fa			
MFD08693	PRJNA1071982	SAMN39872753	SRX23709167	MFD08693.fa			
MFD08694	PRJNA1071982	SAMN39872754	SRX23709168	MFD08694.fa			
MFD08695	PRJNA1071982	SAMN39872755	SRX23709169	MFD08695.fa			
MFD08696	PRJNA1071982	SAMN39872756	SRX23709387	MFD08696.fa			
MFD08697	PRJNA1071982	SAMN39872757	SRX23709388	MFD08697.fa			
MFD08698	PRJNA1071982	SAMN39872758	SRX23709389	MFD08698.fa			
MFD08699	PRJNA1071982	SAMN39872759	SRX23709391	MFD08699.fa			
MFD08700	PRJNA1071982	SAMN39872760	SRX23709392	MFD08700.fa			
MFD08701	PRJNA1071982	SAMN39872761	SRX23709393	MFD08701.fa			
MFD08702	PRJNA1071982	SAMN39872762	SRX23709394	MFD08702.fa			
MFD08703	PRJNA1071982	SAMN39872763	SRX23709395	MFD08703.fa			
MFD08704	PRJNA1071982	SAMN39872764	SRX23709396	MFD08704.fa			
MFD08705	PRJNA1071982	SAMN39872765	SRX23709397	MFD08705.fa			
MFD08706	PRJNA1071982	SAMN39872766	SRX23709398	MFD08706.fa			
MFD08707	PRJNA1071982	SAMN39872767	SRX23709399	MFD08707.fa			
MFD08708	PRJNA1071982	SAMN39872768	SRX23709400	MFD08708.fa			
MFD08709	PRJNA1071982	SAMN39872769	SRX23709402	MFD08709.fa			
MFD08710	PRJNA1071982	SAMN39872770	SRX23709403	MFD08710.fa			
MFD08711	PRJNA1071982	SAMN39872771	SRX23709404	MFD08711.fa			
MFD08712	PRJNA1071982	SAMN39872772	SRX23709405	MFD08712.fa			
MFD08713	PRJNA1071982	SAMN39872773	SRX23709406	MFD08713.fa			
MFD08714	PRJNA1071982	SAMN39872774	SRX23709407	MFD08714.fa			
MFD08715	PRJNA1071982	SAMN39872775	SRX23709408	MFD08715.fa			
MFD08716	PRJNA1071982	SAMN39872776	SRX23709409	MFD08716.fa			
MFD08717	PRJNA1071982	SAMN39872777	SRX23709410	MFD08717.fa			
MFD08718	PRJNA1071982	SAMN39872778	SRX23709411	MFD08718.fa			
MFD08719	PRJNA1071982	SAMN39872779	SRX23709414	MFD08719.fa			
MFD08720	PRJNA1071982	SAMN39872780	SRX23709808	MFD08720.fa			
MFD08721	PRJNA1071982	SAMN39872781	SRX23709809	MFD08721.fa			
MFD08722	PRJNA1071982	SAMN39872782	SRX23709810	MFD08722.fa			
MFD08723	PRJNA1071982	SAMN39872783	SRX23709811	MFD08723.fa			
MFD08724	PRJNA1071982	SAMN39872784	SRX23709812	MFD08724.fa			
MFD08725	PRJNA1071982	SAMN39872785	SRX23709813	MFD08725.fa			
MFD08726	PRJNA1071982	SAMN39872786	SRX23709814	MFD08726.fa			
MFD08727	PRJNA1071982	SAMN39872787	SRX23709815	MFD08727.fa			
MFD08728	PRJNA1071982	SAMN39872788	SRX23709816	MFD08728.fa			
MFD08729	PRJNA1071982	SAMN39872789	SRX23709818	MFD08729.fa			
MFD08730	PRJNA1071982	SAMN39872790	SRX23709819	MFD08730.fa			
MFD08731	PRJNA1071982	SAMN39872791	SRX23709820	MFD08731.fa			
MFD08732	PRJNA1071982	SAMN39872792	SRX23709821	MFD08732.fa			
MFD08733	PRJNA1071982	SAMN39872793	SRX23709822	MFD08733.fa			
MFD08734	PRJNA1071982	SAMN39872794	SRX23709823	MFD08734.fa			
MFD08735	PRJNA1071982	SAMN39872795	SRX23709824	MFD08735.fa			
MFD08736	PRJNA1071982	SAMN39872796	SRX23709825	MFD08736.fa			
MFD08737	PRJNA1071982	SAMN39872797	SRX23709826	MFD08737.fa			
MFD08738	PRJNA1071982	SAMN39872798	SRX23709827	MFD08738.fa			
MFD08739	PRJNA1071982	SAMN39872799	SRX23709829	MFD08739.fa			
MFD08740	PRJNA1071982	SAMN39872800	SRX23709830	MFD08740.fa			
MFD08741	PRJNA1071982	SAMN39872801	SRX23709831	MFD08741.fa			
MFD08742	PRJNA1071982	SAMN39872802	SRX23709832	MFD08742.fa			
MFD08743	PRJNA1071982	SAMN39872803	SRX23709833	MFD08743.fa			
MFD08744	PRJNA1071982	SAMN39872804	SRX23709834	MFD08744.fa			
MFD08745	PRJNA1071982	SAMN39872805	SRX23709835	MFD08745.fa			
MFD08746	PRJNA1071982	SAMN39872806	SRX23709170	MFD08746.fa			
MFD08747	PRJNA1071982	SAMN39872807	SRX23709171	MFD08747.fa			
MFD08748	PRJNA1071982	SAMN39872808	SRX23709172	MFD08748.fa			
MFD08749	PRJNA1071982	SAMN39872809	SRX23709174	MFD08749.fa			
MFD08750	PRJNA1071982	SAMN39872810	SRX23709175	MFD08750.fa			
MFD08751	PRJNA1071982	SAMN39872811	SRX23709176	MFD08751.fa			
MFD08752	PRJNA1071982	SAMN39872812	SRX23709177	MFD08752.fa	SRX23628059	SRX23628058	SRX23662511
MFD08753	PRJNA1071982	SAMN39872813	SRX23709178	MFD08753.fa			
MFD08754	PRJNA1071982	SAMN39872814	SRX23709179	MFD08754.fa			
MFD08755	PRJNA1071982	SAMN39872815	SRX23709180	MFD08755.fa			
MFD08756	PRJNA1071982	SAMN39872816	SRX23709181	MFD08756.fa			
MFD08757	PRJNA1071982	SAMN39872817	SRX23709182	MFD08757.fa			
MFD08758	PRJNA1071982	SAMN39872818	SRX23709183	MFD08758.fa			
MFD08759	PRJNA1071982	SAMN39872819	SRX23709185	MFD08759.fa			
MFD08760	PRJNA1071982	SAMN39872820	SRX23709186	MFD08760.fa			
MFD08761	PRJNA1071982	SAMN39872821	SRX23709187	MFD08761.fa			
MFD08762	PRJNA1071982	SAMN39872822	SRX23709188	MFD08762.fa			
MFD08763	PRJNA1071982	SAMN39872823	SRX23709189	MFD08763.fa			
MFD08764	PRJNA1071982	SAMN39872824	SRX23709190	MFD08764.fa			
MFD08765	PRJNA1071982	SAMN39872825	SRX23709191	MFD08765.fa			
MFD08766	PRJNA1071982	SAMN39872826	SRX23709192	MFD08766.fa			
MFD08767	PRJNA1071982	SAMN39872827	SRX23709193	MFD08767.fa			
MFD08768	PRJNA1071982	SAMN39872828	SRX23709194	MFD08768.fa			
MFD08769	PRJNA1071982	SAMN39872829	SRX23709196	MFD08769.fa			
MFD08770	PRJNA1071982	SAMN39872830	SRX23709197	MFD08770.fa			
MFD08771	PRJNA1071982	SAMN39872831	SRX23709415	MFD08771.fa			
MFD08772	PRJNA1071982	SAMN39872832	SRX23709416	MFD08772.fa			
MFD08773	PRJNA1071982	SAMN39872833	SRX23709417	MFD08773.fa			
MFD08774	PRJNA1071982	SAMN39872834	SRX23709418	MFD08774.fa			
MFD08775	PRJNA1071982	SAMN39872835	SRX23709419	MFD08775.fa			
MFD08776	PRJNA1071982	SAMN39872836	SRX23709420	MFD08776.fa			
MFD08777	PRJNA1071982	SAMN39872837	SRX23709421	MFD08777.fa			
MFD08778	PRJNA1071982	SAMN39872838	SRX23709422	MFD08778.fa			
MFD08779	PRJNA1071982	SAMN39872839	SRX23709424	MFD08779.fa			
MFD08780	PRJNA1071982	SAMN39872840	SRX23709425	MFD08780.fa			
MFD08781	PRJNA1071982	SAMN39872841	SRX23709426	MFD08781.fa			
MFD08782	PRJNA1071982	SAMN39872842	SRX23709427	MFD08782.fa			
MFD08783	PRJNA1071982	SAMN39872843	SRX23709428	MFD08783.fa			
MFD08784	PRJNA1071982	SAMN39872844	SRX23709429	MFD08784.fa			
MFD08785	PRJNA1071982	SAMN39872845	SRX23709430	MFD08785.fa			
MFD08786	PRJNA1071982	SAMN39872846	SRX23709431	MFD08786.fa			
MFD08787	PRJNA1071982	SAMN39872847	SRX23709432	MFD08787.fa			
MFD08788	PRJNA1071982	SAMN39872848	SRX23709433	MFD08788.fa			
MFD08789	PRJNA1071982	SAMN39872849	SRX23709435	MFD08789.fa			
MFD08790	PRJNA1071982	SAMN39872850	SRX23709436	MFD08790.fa			
MFD08791	PRJNA1071982	SAMN39872851	SRX23709437	MFD08791.fa			
MFD08792	PRJNA1071982	SAMN39872852	SRX23709438	MFD08792.fa			
MFD08793	PRJNA1071982	SAMN39872853	SRX23709439	MFD08793.fa			
MFD08794	PRJNA1071982	SAMN39872854	SRX23709440	MFD08794.fa			
MFD08795	PRJNA1071982	SAMN39872855	SRX23709441	MFD08795.fa			
MFD08796	PRJNA1071982	SAMN39872856	SRX23709442	MFD08796.fa			
MFD08797	PRJNA1071982	SAMN39872857	SRX23709611	MFD08797.fa			
MFD08798	PRJNA1071982	SAMN39872858	SRX23709612	MFD08798.fa			
MFD08799	PRJNA1071982	SAMN39872859	SRX23709614	MFD08799.fa			
MFD08800	PRJNA1071982	SAMN39872860	SRX23709615	MFD08800.fa			
MFD08801	PRJNA1071982	SAMN39872861	SRX23709616	MFD08801.fa			
MFD08802	PRJNA1071982	SAMN39872862	SRX23709617	MFD08802.fa			
MFD08803	PRJNA1071982	SAMN39872863	SRX23709618	MFD08803.fa			
MFD08804	PRJNA1071982	SAMN39872864	SRX23709619	MFD08804.fa			
MFD08805	PRJNA1071982	SAMN39872865	SRX23709620	MFD08805.fa			
MFD08806	PRJNA1071982	SAMN39872866	SRX23709621	MFD08806.fa			
MFD08807	PRJNA1071982	SAMN39872867	SRX23709622	MFD08807.fa			
MFD08808	PRJNA1071982	SAMN39872868	SRX23709623	MFD08808.fa			
MFD08809	PRJNA1071982	SAMN39872869	SRX23709625	MFD08809.fa			
MFD08810	PRJNA1071982	SAMN39872870	SRX23709626	MFD08810.fa			
MFD08811	PRJNA1071982	SAMN39872871	SRX23709627	MFD08811.fa			
MFD08812	PRJNA1071982	SAMN39872872	SRX23709628	MFD08812.fa			
MFD08813	PRJNA1071982	SAMN39872873	SRX23709629	MFD08813.fa			
MFD08814	PRJNA1071982	SAMN39872874	SRX23709630	MFD08814.fa			
MFD08815	PRJNA1071982	SAMN39872875	SRX23709631	MFD08815.fa			
MFD08816	PRJNA1071982	SAMN39872876	SRX23709632	MFD08816.fa			
MFD08817	PRJNA1071982	SAMN39872877	SRX23709633	MFD08817.fa			
MFD08818	PRJNA1071982	SAMN39872878	SRX23709634	MFD08818.fa			
MFD08819	PRJNA1071982	SAMN39872879	SRX23709637	MFD08819.fa			
MFD08820	PRJNA1071982	SAMN39872880	SRX23709836	MFD08820.fa			
MFD08821	PRJNA1071982	SAMN39872881	SRX23709837	MFD08821.fa			
MFD08822	PRJNA1071982	SAMN39872882	SRX23709838	MFD08822.fa			
MFD08823	PRJNA1071982	SAMN39872883	SRX23709839	MFD08823.fa			
MFD08824	PRJNA1071982	SAMN39872884	SRX23709840	MFD08824.fa			
MFD08825	PRJNA1071982	SAMN39872885	SRX23709841	MFD08825.fa			
MFD08826	PRJNA1071982	SAMN39872886	SRX23709842	MFD08826.fa			
MFD08827	PRJNA1071982	SAMN39872887	SRX23709843	MFD08827.fa			
MFD08828	PRJNA1071982	SAMN39872888	SRX23709844	MFD08828.fa			
MFD08829	PRJNA1071982	SAMN39872889	SRX23709846	MFD08829.fa			
MFD08830	PRJNA1071982	SAMN39872890	SRX23709847	MFD08830.fa			
MFD08831	PRJNA1071982	SAMN39872891	SRX23709848	MFD08831.fa			
MFD08832	PRJNA1071982	SAMN39872892	SRX23709849	MFD08832.fa			
MFD08833	PRJNA1071982	SAMN39872893	SRX23709850	MFD08833.fa			
MFD08834	PRJNA1071982	SAMN39872894	SRX23709851	MFD08834.fa			
MFD08835	PRJNA1071982	SAMN39872895	SRX23709852	MFD08835.fa			
MFD08836	PRJNA1071982	SAMN39872896	SRX23709853	MFD08836.fa			
MFD08837	PRJNA1071982	SAMN39872897	SRX23709854	MFD08837.fa			
MFD08838	PRJNA1071982	SAMN39872898	SRX23709855	MFD08838.fa			
MFD08839	PRJNA1071982	SAMN39872899	SRX23709857	MFD08839.fa			
MFD08840	PRJNA1071982	SAMN39872900	SRX23709858	MFD08840.fa			
MFD08841	PRJNA1071982	SAMN39872901	SRX23709859	MFD08841.fa			
MFD08842	PRJNA1071982	SAMN39872902	SRX23709860	MFD08842.fa			
MFD08843	PRJNA1071982	SAMN39872903	SRX23709861	MFD08843.fa			
MFD08844	PRJNA1071982	SAMN39872904	SRX23709862	MFD08844.fa			
MFD08845	PRJNA1071982	SAMN39872905	SRX23709863	MFD08845.fa			
MFD08846	PRJNA1071982	SAMN39872906	SRX23709198	MFD08846.fa			
MFD08847	PRJNA1071982	SAMN39872907	SRX23709199	MFD08847.fa			
MFD08848	PRJNA1071982	SAMN39872908	SRX23709200	MFD08848.fa			
MFD08849	PRJNA1071982	SAMN39872909	SRX23709202	MFD08849.fa			
MFD08850	PRJNA1071982	SAMN39872910	SRX23709203	MFD08850.fa			
MFD08851	PRJNA1071982	SAMN39872911	SRX23709204	MFD08851.fa			
MFD08852	PRJNA1071982	SAMN39872912	SRX23709205	MFD08852.fa			
MFD08853	PRJNA1071982	SAMN39872913	SRX23709206	MFD08853.fa			
MFD08854	PRJNA1071982	SAMN39872914	SRX23709207	MFD08854.fa			
MFD08855	PRJNA1071982	SAMN39872915	SRX23709208	MFD08855.fa			
MFD08856	PRJNA1071982	SAMN39872916	SRX23709209	MFD08856.fa			
MFD08857	PRJNA1071982	SAMN39872917	SRX23709210	MFD08857.fa			
MFD08858	PRJNA1071982	SAMN39872918	SRX23709211	MFD08858.fa			
MFD08859	PRJNA1071982	SAMN39872919	SRX23709213	MFD08859.fa			
MFD08860	PRJNA1071982	SAMN39872920	SRX23709214	MFD08860.fa			
MFD08861	PRJNA1071982	SAMN39872921	SRX23709215	MFD08861.fa			
MFD08862	PRJNA1071982	SAMN39872922	SRX23709216	MFD08862.fa			
MFD08863	PRJNA1071982	SAMN39872923	SRX23709217	MFD08863.fa			
MFD08864	PRJNA1071982	SAMN39872924	SRX23709218	MFD08864.fa			
MFD08865	PRJNA1071982	SAMN39872925	SRX23709219	MFD08865.fa			
MFD08866	PRJNA1071982	SAMN39872926	SRX23709220	MFD08866.fa			
MFD08867	PRJNA1071982	SAMN39872927	SRX23709221	MFD08867.fa			
MFD08868	PRJNA1071982	SAMN39872928	SRX23709222	MFD08868.fa			
MFD08869	PRJNA1071982	SAMN39872929	SRX23709224	MFD08869.fa			
MFD08870	PRJNA1071982	SAMN39872930	SRX23709225	MFD08870.fa			
MFD08871	PRJNA1071982	SAMN39872931	SRX23709443	MFD08871.fa			
MFD08872	PRJNA1071982	SAMN39872932	SRX23709444	MFD08872.fa			
MFD08873	PRJNA1071982	SAMN39872933	SRX23709445	MFD08873.fa			
MFD08874	PRJNA1071982	SAMN39872934	SRX23709446	MFD08874.fa			
MFD08875	PRJNA1071982	SAMN39872935	SRX23709447	MFD08875.fa			
MFD08876	PRJNA1071982	SAMN39872936	SRX23709448	MFD08876.fa			
MFD08877	PRJNA1071982	SAMN39872937	SRX23709449	MFD08877.fa			
MFD08878	PRJNA1071982	SAMN39872938	SRX23709450	MFD08878.fa			
MFD08879	PRJNA1071982	SAMN39872939	SRX23709452	MFD08879.fa			
MFD08880	PRJNA1071982	SAMN39872940	SRX23709453	MFD08880.fa			
MFD08881	PRJNA1071982	SAMN39872941	SRX23709454	MFD08881.fa			
MFD08882	PRJNA1071982	SAMN39872942	SRX23709455	MFD08882.fa			
MFD08883	PRJNA1071982	SAMN39872943	SRX23709456	MFD08883.fa			
MFD08884	PRJNA1071982	SAMN39872944	SRX23709457	MFD08884.fa			
MFD08885	PRJNA1071982	SAMN39872945	SRX23709458	MFD08885.fa			
MFD08886	PRJNA1071982	SAMN39872946	SRX23709459	MFD08886.fa			
MFD08887	PRJNA1071982	SAMN39872947	SRX23709460	MFD08887.fa			
MFD08888	PRJNA1071982	SAMN39872948	SRX23709461	MFD08888.fa			
MFD08889	PRJNA1071982	SAMN39872949	SRX23709463	MFD08889.fa			
MFD08890	PRJNA1071982	SAMN39872950	SRX23709464	MFD08890.fa			
MFD08891	PRJNA1071982	SAMN39872951	SRX23709465	MFD08891.fa			
MFD08892	PRJNA1071982	SAMN39872952	SRX23709466	MFD08892.fa			
MFD08893	PRJNA1071982	SAMN39872953	SRX23709467	MFD08893.fa			
MFD08894	PRJNA1071982	SAMN39872954	SRX23709468	MFD08894.fa			
MFD08895	PRJNA1071982	SAMN39872955	SRX23709469	MFD08895.fa			
MFD08896	PRJNA1071982	SAMN39872956	SRX23709470	MFD08896.fa			
MFD08897	PRJNA1071982	SAMN39872957	SRX23709638	MFD08897.fa			
MFD08898	PRJNA1071982	SAMN39872958	SRX23709639	MFD08898.fa			
MFD08899	PRJNA1071982	SAMN39872959	SRX23709939	MFD08899.fa			
MFD08900	PRJNA1071982	SAMN39872960	SRX23709940	MFD08900.fa			
MFD08901	PRJNA1071982	SAMN39872961	SRX23709941	MFD08901.fa			
MFD08902	PRJNA1071982	SAMN39872962	SRX23709942	MFD08902.fa			
MFD08903	PRJNA1071982	SAMN39872963	SRX23709943	MFD08903.fa			
MFD08904	PRJNA1071982	SAMN39872964	SRX23709944	MFD08904.fa			
MFD08905	PRJNA1071982	SAMN39872965	SRX23709945	MFD08905.fa			
MFD08906	PRJNA1071982	SAMN39872966	SRX23709946	MFD08906.fa			
MFD08907	PRJNA1071982	SAMN39872967	SRX23709947	MFD08907.fa			
MFD08908	PRJNA1071982	SAMN39872968	SRX23709948	MFD08908.fa			
MFD08909	PRJNA1071982	SAMN39872969	SRX23709950	MFD08909.fa			
MFD08910	PRJNA1071982	SAMN39872970	SRX23709951	MFD08910.fa			
MFD08911	PRJNA1071982	SAMN39872971	SRX23709952	MFD08911.fa			
MFD08912	PRJNA1071982	SAMN39872972	SRX23709953	MFD08912.fa			
MFD08913	PRJNA1071982	SAMN39872973	SRX23709954	MFD08913.fa			
MFD08914	PRJNA1071982	SAMN39872974	SRX23709955	MFD08914.fa			
MFD08915	PRJNA1071982	SAMN39872975	SRX23709956	MFD08915.fa			
MFD08916	PRJNA1071982	SAMN39872976	SRX23709957	MFD08916.fa			
MFD08917	PRJNA1071982	SAMN39872977	SRX23709958	MFD08917.fa			
MFD08918	PRJNA1071982	SAMN39872978	SRX23709959	MFD08918.fa			
MFD08919	PRJNA1071982	SAMN39872979	SRX23709962	MFD08919.fa			
MFD08920	PRJNA1071982	SAMN39872980	SRX23709963	MFD08920.fa			
MFD08921	PRJNA1071982	SAMN39872981	SRX23709864	MFD08921.fa			
MFD08922	PRJNA1071982	SAMN39872982	SRX23709865	MFD08922.fa			
MFD08923	PRJNA1071982	SAMN39872983	SRX23709866	MFD08923.fa			
MFD08924	PRJNA1071982	SAMN39872984	SRX23709867	MFD08924.fa			
MFD08925	PRJNA1071982	SAMN39872985	SRX23709868	MFD08925.fa			
MFD08926	PRJNA1071982	SAMN39872986	SRX23709869	MFD08926.fa			
MFD08927	PRJNA1071982	SAMN39872987	SRX23709870	MFD08927.fa			
MFD08928	PRJNA1071982	SAMN39872988	SRX23709871	MFD08928.fa			
MFD08929	PRJNA1071982	SAMN39872989	SRX23709873	MFD08929.fa			
MFD08930	PRJNA1071982	SAMN39872990	SRX23709874	MFD08930.fa			
MFD08931	PRJNA1071982	SAMN39872991	SRX23709875	MFD08931.fa			
MFD08932	PRJNA1071982	SAMN39872992	SRX23709876	MFD08932.fa			
MFD08933	PRJNA1071982	SAMN39872993	SRX23709877	MFD08933.fa			
MFD08934	PRJNA1071982	SAMN39872994	SRX23709878	MFD08934.fa			
MFD08935	PRJNA1071982	SAMN39872995	SRX23709879	MFD08935.fa			
MFD08936	PRJNA1071982	SAMN39872996	SRX23709880	MFD08936.fa			
MFD08937	PRJNA1071982	SAMN39872997	SRX23709881	MFD08937.fa			
MFD08938	PRJNA1071982	SAMN39872998	SRX23709882	MFD08938.fa			
MFD08939	PRJNA1071982	SAMN39872999	SRX23709884	MFD08939.fa			
MFD08940	PRJNA1071982	SAMN39873000	SRX23709885	MFD08940.fa			
MFD08941	PRJNA1071982	SAMN39873001	SRX23709886	MFD08941.fa			
MFD08942	PRJNA1071982	SAMN39873002	SRX23709887	MFD08942.fa			
MFD08943	PRJNA1071982	SAMN39873003	SRX23709888	MFD08943.fa			
MFD08944	PRJNA1071982	SAMN39873004	SRX23709889	MFD08944.fa			
MFD08945	PRJNA1071982	SAMN39873005	SRX23709890	MFD08945.fa			
MFD08946	PRJNA1071982	SAMN39873006	SRX23709891	MFD08946.fa			
MFD08947	PRJNA1071982	SAMN39873007	SRX23709226	MFD08947.fa	SRX23628061	SRX23628060	SRX23662512
MFD08948	PRJNA1071982	SAMN39873008	SRX23709227	MFD08948.fa			
MFD08949	PRJNA1071982	SAMN39873009	SRX23709229	MFD08949.fa			
MFD08950	PRJNA1071982	SAMN39873010	SRX23709230	MFD08950.fa			
MFD08951	PRJNA1071982	SAMN39873011	SRX23709231	MFD08951.fa			
MFD08952	PRJNA1071982	SAMN39873012	SRX23709232	MFD08952.fa			
MFD08953	PRJNA1071982	SAMN39873013	SRX23709233	MFD08953.fa			
MFD08954	PRJNA1071982	SAMN39873014	SRX23709234	MFD08954.fa			
MFD08955	PRJNA1071982	SAMN39873015	SRX23709235	MFD08955.fa			
MFD08956	PRJNA1071982	SAMN39873016	SRX23709236	MFD08956.fa			
MFD08957	PRJNA1071982	SAMN39873017	SRX23709237	MFD08957.fa			
MFD08958	PRJNA1071982	SAMN39873018	SRX23709238	MFD08958.fa			
MFD08959	PRJNA1071982	SAMN39873019	SRX23709240	MFD08959.fa			
MFD08960	PRJNA1071982	SAMN39873020	SRX23709241	MFD08960.fa			
MFD08961	PRJNA1071982	SAMN39873021	SRX23709242	MFD08961.fa			
MFD08962	PRJNA1071982	SAMN39873022	SRX23709243	MFD08962.fa			
MFD08963	PRJNA1071982	SAMN39873023	SRX23709244	MFD08963.fa			
MFD08964	PRJNA1071982	SAMN39873024	SRX23709245	MFD08964.fa			
MFD08965	PRJNA1071982	SAMN39873025	SRX23709246	MFD08965.fa			
MFD08966	PRJNA1071982	SAMN39873026	SRX23709247	MFD08966.fa			
MFD08967	PRJNA1071982	SAMN39873027	SRX23709248	MFD08967.fa			
MFD08968	PRJNA1071982	SAMN39873028	SRX23709249	MFD08968.fa			
MFD08969	PRJNA1071982	SAMN39873029	SRX23709251	MFD08969.fa			
MFD08970	PRJNA1071982	SAMN39873030	SRX23709252	MFD08970.fa			
MFD08971	PRJNA1071982	SAMN39873031	SRX23709253	MFD08971.fa			
MFD08972	PRJNA1071982	SAMN39873032	SRX23709471	MFD08972.fa			
MFD08973	PRJNA1071982	SAMN39873033	SRX23709472	MFD08973.fa			
MFD08974	PRJNA1071982	SAMN39873034	SRX23709473	MFD08974.fa			
MFD08975	PRJNA1071982	SAMN39873035	SRX23709474	MFD08975.fa			
MFD08976	PRJNA1071982	SAMN39873036	SRX23709475	MFD08976.fa			
MFD08977	PRJNA1071982	SAMN39873037	SRX23709476	MFD08977.fa			
MFD08978	PRJNA1071982	SAMN39873038	SRX23709477	MFD08978.fa			
MFD08979	PRJNA1071982	SAMN39873039	SRX23709479	MFD08979.fa			
MFD08980	PRJNA1071982	SAMN39873040	SRX23709480	MFD08980.fa			
MFD08981	PRJNA1071982	SAMN39873041	SRX23709481	MFD08981.fa			
MFD08982	PRJNA1071982	SAMN39873042	SRX23709482	MFD08982.fa			
MFD08983	PRJNA1071982	SAMN39873043	SRX23709483	MFD08983.fa			
MFD08984	PRJNA1071982	SAMN39873044	SRX23709484	MFD08984.fa			
MFD08985	PRJNA1071982	SAMN39873045	SRX23709485	MFD08985.fa			
MFD08986	PRJNA1071982	SAMN39873046	SRX23709486	MFD08986.fa			
MFD08987	PRJNA1071982	SAMN39873047	SRX23709487	MFD08987.fa			
MFD08988	PRJNA1071982	SAMN39873048	SRX23709488	MFD08988.fa			
MFD08989	PRJNA1071982	SAMN39873049	SRX23709490	MFD08989.fa			
MFD08990	PRJNA1071982	SAMN39873050	SRX23709491	MFD08990.fa			
MFD08991	PRJNA1071982	SAMN39873051	SRX23709492	MFD08991.fa			
MFD08992	PRJNA1071982	SAMN39873052	SRX23709493	MFD08992.fa			
MFD08993	PRJNA1071982	SAMN39873053	SRX23709494	MFD08993.fa			
MFD08994	PRJNA1071982	SAMN39873054	SRX23709495	MFD08994.fa			
MFD08995	PRJNA1071982	SAMN39873055	SRX23709496	MFD08995.fa			
MFD08996	PRJNA1071982	SAMN39873056	SRX23709497	MFD08996.fa			
MFD08997	PRJNA1071982	SAMN39873057	SRX23709498	MFD08997.fa			
MFD08998	PRJNA1071982	SAMN39873058	SRX23709964	MFD08998.fa			
MFD08999	PRJNA1071982	SAMN39873059	SRX23709966	MFD08999.fa			
MFD09000	PRJNA1071982	SAMN39873060	SRX23709967	MFD09000.fa			
MFD09001	PRJNA1071982	SAMN39873061	SRX23709968	MFD09001.fa			
MFD09002	PRJNA1071982	SAMN39873062	SRX23709969	MFD09002.fa			
MFD09003	PRJNA1071982	SAMN39873063	SRX23709970	MFD09003.fa			
MFD09004	PRJNA1071982	SAMN39873064	SRX23709971	MFD09004.fa			
MFD09005	PRJNA1071982	SAMN39873065	SRX23709972	MFD09005.fa			
MFD09006	PRJNA1071982	SAMN39873066	SRX23709973	MFD09006.fa			
MFD09007	PRJNA1071982	SAMN39873067	SRX23709974	MFD09007.fa			
MFD09008	PRJNA1071982	SAMN39873068	SRX23709975	MFD09008.fa			
MFD09009	PRJNA1071982	SAMN39873069	SRX23709977	MFD09009.fa			
MFD09010	PRJNA1071982	SAMN39873070	SRX23709978	MFD09010.fa			
MFD09011	PRJNA1071982	SAMN39873071	SRX23709979	MFD09011.fa			
MFD09012	PRJNA1071982	SAMN39873072	SRX23709980	MFD09012.fa			
MFD09014	PRJNA1071982	SAMN39873073	SRX23709981	MFD09014.fa			
MFD09015	PRJNA1071982	SAMN39873074	SRX23709982	MFD09015.fa			
MFD09016	PRJNA1071982	SAMN39873075	SRX23709983	MFD09016.fa			
MFD09017	PRJNA1071982	SAMN39873076	SRX23709984	MFD09017.fa			
MFD09018	PRJNA1071982	SAMN39873077	SRX23709985	MFD09018.fa			
MFD09019	PRJNA1071982	SAMN39873078	SRX23709986	MFD09019.fa			
MFD09020	PRJNA1071982	SAMN39873079	SRX23709989	MFD09020.fa			
MFD09021	PRJNA1071982	SAMN39873080	SRX23709990	MFD09021.fa			
MFD09022	PRJNA1071982	SAMN39873081	SRX23709991	MFD09022.fa			
MFD09023	PRJNA1071982	SAMN39873082	SRX23709892	MFD09023.fa			
MFD09024	PRJNA1071982	SAMN39873083	SRX23709893	MFD09024.fa			
MFD09025	PRJNA1071982	SAMN39873084	SRX23709894	MFD09025.fa			
MFD09026	PRJNA1071982	SAMN39873085	SRX23709895	MFD09026.fa			
MFD09027	PRJNA1071982	SAMN39873086	SRX23709896	MFD09027.fa			
MFD09028	PRJNA1071982	SAMN39873087	SRX23709897	MFD09028.fa			
MFD09029	PRJNA1071982	SAMN39873088	SRX23709898	MFD09029.fa			
MFD09030	PRJNA1071982	SAMN39873089	SRX23709900	MFD09030.fa			
MFD09031	PRJNA1071982	SAMN39873090	SRX23709901	MFD09031.fa			
MFD09032	PRJNA1071982	SAMN39873091	SRX23709902	MFD09032.fa			
MFD09033	PRJNA1071982	SAMN39873092	SRX23709903	MFD09033.fa			
MFD09034	PRJNA1071982	SAMN39873093	SRX23709904	MFD09034.fa			
MFD09035	PRJNA1071982	SAMN39873094	SRX23709905	MFD09035.fa			
MFD09036	PRJNA1071982	SAMN39873095	SRX23709906	MFD09036.fa			
MFD09037	PRJNA1071982	SAMN39873096	SRX23709907	MFD09037.fa			
MFD09038	PRJNA1071982	SAMN39873097	SRX23709908	MFD09038.fa			
MFD09039	PRJNA1071982	SAMN39873098	SRX23709909	MFD09039.fa			
MFD09040	PRJNA1071982	SAMN39873099	SRX23709911	MFD09040.fa			
MFD09041	PRJNA1071982	SAMN39873100	SRX23709912	MFD09041.fa	SRX23628063	SRX23628062	SRX23662513
MFD09042	PRJNA1071982	SAMN39873101	SRX23709913	MFD09042.fa			
MFD09043	PRJNA1071982	SAMN39873102	SRX23709914	MFD09043.fa			
MFD09044	PRJNA1071982	SAMN39873103	SRX23709915	MFD09044.fa			
MFD09045	PRJNA1071982	SAMN39873104	SRX23709916	MFD09045.fa			
MFD09046	PRJNA1071982	SAMN39873105	SRX23709917	MFD09046.fa			
MFD09047	PRJNA1071982	SAMN39873106	SRX23709918	MFD09047.fa			
MFD09048	PRJNA1071982	SAMN39873107	SRX23709919	MFD09048.fa			
MFD09049	PRJNA1071982	SAMN39873108	SRX23709254	MFD09049.fa			
MFD09050	PRJNA1071982	SAMN39873109	SRX23709256	MFD09050.fa			
MFD09051	PRJNA1071982	SAMN39873110	SRX23709257	MFD09051.fa			
MFD09052	PRJNA1071982	SAMN39873111	SRX23709258	MFD09052.fa			
MFD09053	PRJNA1071982	SAMN39873112	SRX23709259	MFD09053.fa			
MFD09054	PRJNA1071982	SAMN39873113	SRX23709260	MFD09054.fa			
MFD09055	PRJNA1071982	SAMN39873114	SRX23709261	MFD09055.fa			
MFD09056	PRJNA1071982	SAMN39873115	SRX23709262	MFD09056.fa			
MFD09057	PRJNA1071982	SAMN39873116	SRX23709263	MFD09057.fa			
MFD09058	PRJNA1071982	SAMN39873117	SRX23709264	MFD09058.fa			
MFD09059	PRJNA1071982	SAMN39873118	SRX23709265	MFD09059.fa			
MFD09060	PRJNA1071982	SAMN39873119	SRX23709267	MFD09060.fa			
MFD09061	PRJNA1071982	SAMN39873120	SRX23709268	MFD09061.fa			
MFD09062	PRJNA1071982	SAMN39873121	SRX23709269	MFD09062.fa			
MFD09063	PRJNA1071982	SAMN39873122	SRX23709270	MFD09063.fa			
MFD09064	PRJNA1071982	SAMN39873123	SRX23711026	MFD09064.fa			
MFD09065	PRJNA1071982	SAMN39873124	SRX23711027	MFD09065.fa			
MFD09067	PRJNA1071982	SAMN39873125	SRX23711054	MFD09067.fa	SRX23628065	SRX23628064	SRX23662514
MFD09068	PRJNA1071982	SAMN39873126	SRX23710884	MFD09068.fa			
MFD09069	PRJNA1071982	SAMN39873127	SRX23710911	MFD09069.fa			
MFD09070	PRJNA1071982	SAMN39873128	SRX23710940	MFD09070.fa	SRX23628260	SRX23628259	SRX23662516
MFD09071	PRJNA1071982	SAMN39873129	SRX23710967	MFD09071.fa			
MFD09072	PRJNA1071982	SAMN39873130	SRX23710995	MFD09072.fa			
MFD09073	PRJNA1071982	SAMN39873131	SRX23711022	MFD09073.fa			
MFD09074	PRJNA1071982	SAMN39873132	SRX23711701	MFD09074.fa			
MFD09075	PRJNA1071982	SAMN39873133	SRX23711028	MFD09075.fa			
MFD09076	PRJNA1071982	SAMN39873134	SRX23711066	MFD09076.fa			
MFD09077	PRJNA1071982	SAMN39873135	SRX23711077	MFD09077.fa			
MFD09078	PRJNA1071982	SAMN39873136	SRX23711282	MFD09078.fa			
MFD09079	PRJNA1071982	SAMN39873137	SRX23711293	MFD09079.fa			
MFD09080	PRJNA1071982	SAMN39873138	SRX23711304	MFD09080.fa			
MFD09081	PRJNA1071982	SAMN39873139	SRX23711510	MFD09081.fa			
MFD09082	PRJNA1071982	SAMN39873140	SRX23711521	MFD09082.fa			
MFD09083	PRJNA1071982	SAMN39873141	SRX23711032	MFD09083.fa			
MFD09084	PRJNA1071982	SAMN39873142	SRX23711043	MFD09084.fa			
MFD09085	PRJNA1071982	SAMN39873143	SRX23711055	MFD09085.fa			
MFD09086	PRJNA1071982	SAMN39873144	SRX23711094	MFD09086.fa			
MFD09087	PRJNA1071982	SAMN39873145	SRX23711105	MFD09087.fa			
MFD09088	PRJNA1071982	SAMN39873146	SRX23711310	MFD09088.fa			
MFD09089	PRJNA1071982	SAMN39873147	SRX23711321	MFD09089.fa			
MFD09090	PRJNA1071982	SAMN39873148	SRX23711332	MFD09090.fa			
MFD09091	PRJNA1071982	SAMN39873149	SRX23711538	MFD09091.fa			
MFD09092	PRJNA1071982	SAMN39873150	SRX23711549	MFD09092.fa			
MFD09093	PRJNA1071982	SAMN39873151	SRX23710862	MFD09093.fa			
MFD09094	PRJNA1071982	SAMN39873152	SRX23710873	MFD09094.fa			
MFD09095	PRJNA1071982	SAMN39873153	SRX23710885	MFD09095.fa			
MFD09096	PRJNA1071982	SAMN39873154	SRX23711122	MFD09096.fa			
MFD09097	PRJNA1071982	SAMN39873155	SRX23711133	MFD09097.fa			
MFD09098	PRJNA1071982	SAMN39873156	SRX23711338	MFD09098.fa			
MFD09099	PRJNA1071982	SAMN39873157	SRX23711349	MFD09099.fa			
MFD09100	PRJNA1071982	SAMN39873158	SRX23711360	MFD09100.fa			
MFD09101	PRJNA1071982	SAMN39873159	SRX23711565	MFD09101.fa			
MFD09102	PRJNA1071982	SAMN39873160	SRX23711576	MFD09102.fa			
MFD09103	PRJNA1071982	SAMN39873161	SRX23710889	MFD09103.fa			
MFD09104	PRJNA1071982	SAMN39873162	SRX23710900	MFD09104.fa			
MFD09105	PRJNA1071982	SAMN39873163	SRX23710912	MFD09105.fa			
MFD09106	PRJNA1071982	SAMN39873164	SRX23711149	MFD09106.fa			
MFD09107	PRJNA1071982	SAMN39873165	SRX23711160	MFD09107.fa			
MFD09108	PRJNA1071982	SAMN39873166	SRX23711366	MFD09108.fa			
MFD09109	PRJNA1071982	SAMN39873167	SRX23711377	MFD09109.fa			
MFD09110	PRJNA1071982	SAMN39873168	SRX23711388	MFD09110.fa			
MFD09111	PRJNA1071982	SAMN39873169	SRX23711593	MFD09111.fa			
MFD09112	PRJNA1071982	SAMN39873170	SRX23711604	MFD09112.fa			
MFD09113	PRJNA1071982	SAMN39873171	SRX23710918	MFD09113.fa			
MFD09114	PRJNA1071982	SAMN39873172	SRX23710929	MFD09114.fa			
MFD09115	PRJNA1071982	SAMN39873173	SRX23710941	MFD09115.fa			
MFD09116	PRJNA1071982	SAMN39873174	SRX23711177	MFD09116.fa			
MFD09117	PRJNA1071982	SAMN39873175	SRX23711188	MFD09117.fa			
MFD09118	PRJNA1071982	SAMN39873176	SRX23711394	MFD09118.fa			
MFD09119	PRJNA1071982	SAMN39873177	SRX23711405	MFD09119.fa			
MFD09120	PRJNA1071982	SAMN39873178	SRX23711416	MFD09120.fa			
MFD09121	PRJNA1071982	SAMN39873179	SRX23711620	MFD09121.fa			
MFD09122	PRJNA1071982	SAMN39873180	SRX23711631	MFD09122.fa			
MFD09123	PRJNA1071982	SAMN39873181	SRX23710945	MFD09123.fa			
MFD09124	PRJNA1071982	SAMN39873182	SRX23710956	MFD09124.fa			
MFD09125	PRJNA1071982	SAMN39873183	SRX23710968	MFD09125.fa			
MFD09126	PRJNA1071982	SAMN39873184	SRX23711204	MFD09126.fa			
MFD09127	PRJNA1071982	SAMN39873185	SRX23711215	MFD09127.fa			
MFD09128	PRJNA1071982	SAMN39873186	SRX23711421	MFD09128.fa			
MFD09129	PRJNA1071982	SAMN39873187	SRX23711432	MFD09129.fa			
MFD09130	PRJNA1071982	SAMN39873188	SRX23711443	MFD09130.fa			
MFD09131	PRJNA1071982	SAMN39873189	SRX23711648	MFD09131.fa			
MFD09132	PRJNA1071982	SAMN39873190	SRX23711659	MFD09132.fa			
MFD09133	PRJNA1071982	SAMN39873191	SRX23710973	MFD09133.fa			
MFD09134	PRJNA1071982	SAMN39873192	SRX23710984	MFD09134.fa			
MFD09135	PRJNA1071982	SAMN39873193	SRX23710996	MFD09135.fa			
MFD09136	PRJNA1071982	SAMN39873194	SRX23711232	MFD09136.fa			
MFD09137	PRJNA1071982	SAMN39873195	SRX23711243	MFD09137.fa			
MFD09138	PRJNA1071982	SAMN39873196	SRX23711448	MFD09138.fa			
MFD09139	PRJNA1071982	SAMN39873197	SRX23711459	MFD09139.fa			
MFD09140	PRJNA1071982	SAMN39873198	SRX23711470	MFD09140.fa			
MFD09141	PRJNA1071982	SAMN39873199	SRX23711675	MFD09141.fa			
MFD09142	PRJNA1071982	SAMN39873200	SRX23711686	MFD09142.fa			
MFD09143	PRJNA1071982	SAMN39873201	SRX23711000	MFD09143.fa			
MFD09144	PRJNA1071982	SAMN39873202	SRX23711011	MFD09144.fa			
MFD09145	PRJNA1071982	SAMN39873203	SRX23711023	MFD09145.fa			
MFD09146	PRJNA1071982	SAMN39873204	SRX23711260	MFD09146.fa			
MFD09147	PRJNA1071982	SAMN39873205	SRX23711271	MFD09147.fa			
MFD09148	PRJNA1071982	SAMN39873206	SRX23711477	MFD09148.fa			
MFD09149	PRJNA1071982	SAMN39873207	SRX23711488	MFD09149.fa			
MFD09150	PRJNA1071982	SAMN39873208	SRX23711499	MFD09150.fa			
MFD09151	PRJNA1071982	SAMN39873209	SRX23711697	MFD09151.fa			
MFD09152	PRJNA1071982	SAMN39873210	SRX23711698	MFD09152.fa			
MFD09153	PRJNA1071982	SAMN39873211	SRX23711699	MFD09153.fa			
MFD09154	PRJNA1071982	SAMN39873212	SRX23711700	MFD09154.fa			
MFD09155	PRJNA1071982	SAMN39873213	SRX23711702	MFD09155.fa			
MFD09156	PRJNA1071982	SAMN39873214	SRX23711703	MFD09156.fa			
MFD09157	PRJNA1071982	SAMN39873215	SRX23711704	MFD09157.fa			
MFD09158	PRJNA1071982	SAMN39873216	SRX23711705	MFD09158.fa			
MFD09159	PRJNA1071982	SAMN39873217	SRX23711706	MFD09159.fa			
MFD09160	PRJNA1071982	SAMN39873218	SRX23711707	MFD09160.fa			
MFD09161	PRJNA1071982	SAMN39873219	SRX23711708	MFD09161.fa			
MFD09162	PRJNA1071982	SAMN39873220	SRX23711709	MFD09162.fa	SRX23628262	SRX23628261	SRX23662517
MFD09163	PRJNA1071982	SAMN39873221	SRX23711710	MFD09163.fa			
MFD09164	PRJNA1071982	SAMN39873222	SRX23711711	MFD09164.fa			
MFD09165	PRJNA1071982	SAMN39873223	SRX23711029	MFD09165.fa			
MFD09166	PRJNA1071982	SAMN39873224	SRX23711057	MFD09166.fa			
MFD09167	PRJNA1071982	SAMN39873225	SRX23711058	MFD09167.fa			
MFD09168	PRJNA1071982	SAMN39873226	SRX23711059	MFD09168.fa			
MFD09169	PRJNA1071982	SAMN39873227	SRX23711060	MFD09169.fa			
MFD09170	PRJNA1071982	SAMN39873228	SRX23711061	MFD09170.fa			
MFD09171	PRJNA1071982	SAMN39873229	SRX23711062	MFD09171.fa			
MFD09172	PRJNA1071982	SAMN39873230	SRX23711063	MFD09172.fa			
MFD09173	PRJNA1071982	SAMN39873231	SRX23711064	MFD09173.fa			
MFD09174	PRJNA1071982	SAMN39873232	SRX23711065	MFD09174.fa			
MFD09175	PRJNA1071982	SAMN39873233	SRX23711067	MFD09175.fa			
MFD09176	PRJNA1071982	SAMN39873234	SRX23711068	MFD09176.fa			
MFD09177	PRJNA1071982	SAMN39873235	SRX23711069	MFD09177.fa			
MFD09178	PRJNA1071982	SAMN39873236	SRX23711070	MFD09178.fa			
MFD09179	PRJNA1071982	SAMN39873237	SRX23711071	MFD09179.fa			
MFD09180	PRJNA1071982	SAMN39873238	SRX23711072	MFD09180.fa			
MFD09181	PRJNA1071982	SAMN39873239	SRX23711073	MFD09181.fa			
MFD09182	PRJNA1071982	SAMN39873240	SRX23711074	MFD09182.fa			
MFD09183	PRJNA1071982	SAMN39873241	SRX23711075	MFD09183.fa			
MFD09184	PRJNA1071982	SAMN39873242	SRX23711076	MFD09184.fa			
MFD09185	PRJNA1071982	SAMN39873243	SRX23711078	MFD09185.fa			
MFD09186	PRJNA1071982	SAMN39873244	SRX23711079	MFD09186.fa			
MFD09187	PRJNA1071982	SAMN39873245	SRX23711080	MFD09187.fa			
MFD09188	PRJNA1071982	SAMN39873246	SRX23711081	MFD09188.fa			
MFD09189	PRJNA1071982	SAMN39873247	SRX23711082	MFD09189.fa			
MFD09190	PRJNA1071982	SAMN39873248	SRX23711083	MFD09190.fa			
MFD09191	PRJNA1071982	SAMN39873249	SRX23711084	MFD09191.fa			
MFD09192	PRJNA1071982	SAMN39873250	SRX23711279	MFD09192.fa			
MFD09193	PRJNA1071982	SAMN39873251	SRX23711280	MFD09193.fa			
MFD09194	PRJNA1071982	SAMN39873252	SRX23711281	MFD09194.fa			
MFD09195	PRJNA1071982	SAMN39873253	SRX23711283	MFD09195.fa			
MFD09196	PRJNA1071982	SAMN39873254	SRX23711284	MFD09196.fa			
MFD09197	PRJNA1071982	SAMN39873255	SRX23711285	MFD09197.fa			
MFD09198	PRJNA1071982	SAMN39873256	SRX23711286	MFD09198.fa			
MFD09199	PRJNA1071982	SAMN39873257	SRX23711287	MFD09199.fa			
MFD09200	PRJNA1071982	SAMN39873258	SRX23711288	MFD09200.fa			
MFD09201	PRJNA1071982	SAMN39873259	SRX23711289	MFD09201.fa			
MFD09202	PRJNA1071982	SAMN39873260	SRX23711290	MFD09202.fa			
MFD09203	PRJNA1071982	SAMN39873261	SRX23711291	MFD09203.fa			
MFD09204	PRJNA1071982	SAMN39873262	SRX23711292	MFD09204.fa			
MFD09205	PRJNA1071982	SAMN39873263	SRX23711294	MFD09205.fa			
MFD09206	PRJNA1071982	SAMN39873264	SRX23711295	MFD09206.fa			
MFD09207	PRJNA1071982	SAMN39873265	SRX23711296	MFD09207.fa			
MFD09208	PRJNA1071982	SAMN39873266	SRX23711297	MFD09208.fa			
MFD09209	PRJNA1071982	SAMN39873267	SRX23711298	MFD09209.fa			
MFD09210	PRJNA1071982	SAMN39873268	SRX23711299	MFD09210.fa			
MFD09211	PRJNA1071982	SAMN39873269	SRX23711300	MFD09211.fa			
MFD09212	PRJNA1071982	SAMN39873270	SRX23711301	MFD09212.fa			
MFD09213	PRJNA1071982	SAMN39873271	SRX23711302	MFD09213.fa			
MFD09214	PRJNA1071982	SAMN39873272	SRX23711303	MFD09214.fa			
MFD09215	PRJNA1071982	SAMN39873273	SRX23711305	MFD09215.fa			
MFD09216	PRJNA1071982	SAMN39873274	SRX23711306	MFD09216.fa			
MFD09217	PRJNA1071982	SAMN39873275	SRX23711502	MFD09217.fa			
MFD09218	PRJNA1071982	SAMN39873276	SRX23711503	MFD09218.fa			
MFD09219	PRJNA1071982	SAMN39873277	SRX23711504	MFD09219.fa			
MFD09220	PRJNA1071982	SAMN39873278	SRX23711505	MFD09220.fa			
MFD09222	PRJNA1071982	SAMN39873279	SRX23711506	MFD09222.fa			
MFD09223	PRJNA1071982	SAMN39873280	SRX23711507	MFD09223.fa			
MFD09224	PRJNA1071982	SAMN39873281	SRX23711508	MFD09224.fa			
MFD09225	PRJNA1071982	SAMN39873282	SRX23711509	MFD09225.fa			
MFD09226	PRJNA1071982	SAMN39873283	SRX23711511	MFD09226.fa			
MFD09227	PRJNA1071982	SAMN39873284	SRX23711512	MFD09227.fa			
MFD09228	PRJNA1071982	SAMN39873285	SRX23711513	MFD09228.fa			
MFD09229	PRJNA1071982	SAMN39873286	SRX23711514	MFD09229.fa			
MFD09230	PRJNA1071982	SAMN39873287	SRX23711515	MFD09230.fa			
MFD09231	PRJNA1071982	SAMN39873288	SRX23711516	MFD09231.fa			
MFD09232	PRJNA1071982	SAMN39873289	SRX23711517	MFD09232.fa			
MFD09233	PRJNA1071982	SAMN39873290	SRX23711518	MFD09233.fa			
MFD09234	PRJNA1071982	SAMN39873291	SRX23711519	MFD09234.fa			
MFD09235	PRJNA1071982	SAMN39873292	SRX23711520	MFD09235.fa			
MFD09236	PRJNA1071982	SAMN39873293	SRX23711522	MFD09236.fa			
MFD09237	PRJNA1071982	SAMN39873294	SRX23711523	MFD09237.fa			
MFD09238	PRJNA1071982	SAMN39873295	SRX23711524	MFD09238.fa			
MFD09239	PRJNA1071982	SAMN39873296	SRX23711525	MFD09239.fa			
MFD09240	PRJNA1071982	SAMN39873297	SRX23711526	MFD09240.fa			
MFD09241	PRJNA1071982	SAMN39873298	SRX23711527	MFD09241.fa			
MFD09242	PRJNA1071982	SAMN39873299	SRX23711528	MFD09242.fa			
MFD09243	PRJNA1071982	SAMN39873300	SRX23711529	MFD09243.fa			
MFD09244	PRJNA1071982	SAMN39873301	SRX23711030	MFD09244.fa			
MFD09245	PRJNA1071982	SAMN39873302	SRX23711031	MFD09245.fa			
MFD09246	PRJNA1071982	SAMN39873303	SRX23711033	MFD09246.fa			
MFD09247	PRJNA1071982	SAMN39873304	SRX23711034	MFD09247.fa			
MFD09248	PRJNA1071982	SAMN39873305	SRX23711035	MFD09248.fa			
MFD09249	PRJNA1071982	SAMN39873306	SRX23711036	MFD09249.fa			
MFD09250	PRJNA1071982	SAMN39873307	SRX23711037	MFD09250.fa			
MFD09251	PRJNA1071982	SAMN39873308	SRX23711038	MFD09251.fa			
MFD09252	PRJNA1071982	SAMN39873309	SRX23711039	MFD09252.fa			
MFD09253	PRJNA1071982	SAMN39873310	SRX23711040	MFD09253.fa			
MFD09254	PRJNA1071982	SAMN39873311	SRX23711041	MFD09254.fa			
MFD09255	PRJNA1071982	SAMN39873312	SRX23711042	MFD09255.fa			
MFD09256	PRJNA1071982	SAMN39873313	SRX23711044	MFD09256.fa			
MFD09257	PRJNA1071982	SAMN39873314	SRX23711045	MFD09257.fa			
MFD09258	PRJNA1071982	SAMN39873315	SRX23711046	MFD09258.fa			
MFD09259	PRJNA1071982	SAMN39873316	SRX23711047	MFD09259.fa			
MFD09260	PRJNA1071982	SAMN39873317	SRX23711048	MFD09260.fa			
MFD09261	PRJNA1071982	SAMN39873318	SRX23711049	MFD09261.fa			
MFD09262	PRJNA1071982	SAMN39873319	SRX23711050	MFD09262.fa			
MFD09263	PRJNA1071982	SAMN39873320	SRX23711051	MFD09263.fa			
MFD09264	PRJNA1071982	SAMN39873321	SRX23711052	MFD09264.fa			
MFD09265	PRJNA1071982	SAMN39873322	SRX23711053	MFD09265.fa			
MFD09266	PRJNA1071982	SAMN39873323	SRX23711056	MFD09266.fa			
MFD09267	PRJNA1071982	SAMN39873324	SRX23711085	MFD09267.fa			
MFD09269	PRJNA1071982	SAMN39873325	SRX23711086	MFD09269.fa			
MFD09270	PRJNA1071982	SAMN39873326	SRX23711087	MFD09270.fa			
MFD09271	PRJNA1071982	SAMN39873327	SRX23711088	MFD09271.fa			
MFD09272	PRJNA1071982	SAMN39873328	SRX23711089	MFD09272.fa			
MFD09273	PRJNA1071982	SAMN39873329	SRX23711090	MFD09273.fa			
MFD09274	PRJNA1071982	SAMN39873330	SRX23711091	MFD09274.fa			
MFD09275	PRJNA1071982	SAMN39873331	SRX23711092	MFD09275.fa			
MFD09276	PRJNA1071982	SAMN39873332	SRX23711093	MFD09276.fa			
MFD09277	PRJNA1071982	SAMN39873333	SRX23711095	MFD09277.fa			
MFD09278	PRJNA1071982	SAMN39873334	SRX23711096	MFD09278.fa			
MFD09279	PRJNA1071982	SAMN39873335	SRX23711097	MFD09279.fa			
MFD09280	PRJNA1071982	SAMN39873336	SRX23711098	MFD09280.fa			
MFD09281	PRJNA1071982	SAMN39873337	SRX23711099	MFD09281.fa			
MFD09282	PRJNA1071982	SAMN39873338	SRX23711100	MFD09282.fa			
MFD09283	PRJNA1071982	SAMN39873339	SRX23711101	MFD09283.fa			
MFD09284	PRJNA1071982	SAMN39873340	SRX23711102	MFD09284.fa			
MFD09285	PRJNA1071982	SAMN39873341	SRX23711103	MFD09285.fa			
MFD09286	PRJNA1071982	SAMN39873342	SRX23711104	MFD09286.fa			
MFD09287	PRJNA1071982	SAMN39873343	SRX23711106	MFD09287.fa			
MFD09288	PRJNA1071982	SAMN39873344	SRX23711107	MFD09288.fa			
MFD09289	PRJNA1071982	SAMN39873345	SRX23711108	MFD09289.fa			
MFD09290	PRJNA1071982	SAMN39873346	SRX23711109	MFD09290.fa			
MFD09291	PRJNA1071982	SAMN39873347	SRX23711110	MFD09291.fa			
MFD09292	PRJNA1071982	SAMN39873348	SRX23711111	MFD09292.fa			
MFD09293	PRJNA1071982	SAMN39873349	SRX23711112	MFD09293.fa			
MFD09294	PRJNA1071982	SAMN39873350	SRX23711307	MFD09294.fa			
MFD09295	PRJNA1071982	SAMN39873351	SRX23711308	MFD09295.fa			
MFD09297	PRJNA1071982	SAMN39873352	SRX23711309	MFD09297.fa			
MFD09299	PRJNA1071982	SAMN39873353	SRX23711311	MFD09299.fa			
MFD09300	PRJNA1071982	SAMN39873354	SRX23711312	MFD09300.fa			
MFD09301	PRJNA1071982	SAMN39873355	SRX23711313	MFD09301.fa			
MFD09302	PRJNA1071982	SAMN39873356	SRX23711314	MFD09302.fa			
MFD09303	PRJNA1071982	SAMN39873357	SRX23711315	MFD09303.fa			
MFD09304	PRJNA1071982	SAMN39873358	SRX23711316	MFD09304.fa			
MFD09305	PRJNA1071982	SAMN39873359	SRX23711317	MFD09305.fa			
MFD09306	PRJNA1071982	SAMN39873360	SRX23711318	MFD09306.fa			
MFD09307	PRJNA1071982	SAMN39873361	SRX23711319	MFD09307.fa			
MFD09308	PRJNA1071982	SAMN39873362	SRX23711320	MFD09308.fa			
MFD09309	PRJNA1071982	SAMN39873363	SRX23711322	MFD09309.fa			
MFD09310	PRJNA1071982	SAMN39873364	SRX23711323	MFD09310.fa			
MFD09311	PRJNA1071982	SAMN39873365	SRX23711324	MFD09311.fa			
MFD09312	PRJNA1071982	SAMN39873366	SRX23711325	MFD09312.fa			
MFD09313	PRJNA1071982	SAMN39873367	SRX23711326	MFD09313.fa			
MFD09314	PRJNA1071982	SAMN39873368	SRX23711327	MFD09314.fa			
MFD09315	PRJNA1071982	SAMN39873369	SRX23711328	MFD09315.fa			
MFD09316	PRJNA1071982	SAMN39873370	SRX23711329	MFD09316.fa			
MFD09317	PRJNA1071982	SAMN39873371	SRX23711330	MFD09317.fa			
MFD09319	PRJNA1071982	SAMN39873372	SRX23711331	MFD09319.fa			
MFD09320	PRJNA1071982	SAMN39873373	SRX23711333	MFD09320.fa			
MFD09321	PRJNA1071982	SAMN39873374	SRX23711334	MFD09321.fa			
MFD09323	PRJNA1071982	SAMN39873375	SRX23711530	MFD09323.fa	SRX23628264	SRX23628263	SRX23662518
MFD09325	PRJNA1071982	SAMN39873376	SRX23711531	MFD09325.fa			
MFD09326	PRJNA1071982	SAMN39873377	SRX23711532	MFD09326.fa			
MFD09327	PRJNA1071982	SAMN39874953	SRX23711533	MFD09327.fa			
MFD09328	PRJNA1071982	SAMN39873378	SRX23711534	MFD09328.fa			
MFD09329	PRJNA1071982	SAMN39873379	SRX23711535	MFD09329.fa			
MFD09330	PRJNA1071982	SAMN39873380	SRX23711536	MFD09330.fa			
MFD09331	PRJNA1071982	SAMN39873381	SRX23711537	MFD09331.fa			
MFD09332	PRJNA1071982	SAMN39873382	SRX23711539	MFD09332.fa			
MFD09333	PRJNA1071982	SAMN39873383	SRX23711540	MFD09333.fa			
MFD09334	PRJNA1071982	SAMN39873384	SRX23711541	MFD09334.fa			
MFD09335	PRJNA1071982	SAMN39873385	SRX23711542	MFD09335.fa			
MFD09336	PRJNA1071982	SAMN39873386	SRX23711543	MFD09336.fa			
MFD09337	PRJNA1071982	SAMN39873387	SRX23711544	MFD09337.fa			
MFD09338	PRJNA1071982	SAMN39873388	SRX23711545	MFD09338.fa			
MFD09339	PRJNA1071982	SAMN39873389	SRX23711546	MFD09339.fa			
MFD09340	PRJNA1071982	SAMN39873390	SRX23711547	MFD09340.fa			
MFD09341	PRJNA1071982	SAMN39873391	SRX23711548	MFD09341.fa			
MFD09342	PRJNA1071982	SAMN39873392	SRX23711550	MFD09342.fa			
MFD09345	PRJNA1071982	SAMN39873393	SRX23711551	MFD09345.fa			
MFD09346	PRJNA1071982	SAMN39873394	SRX23711552	MFD09346.fa			
MFD09347	PRJNA1071982	SAMN39873395	SRX23711553	MFD09347.fa			
MFD09348	PRJNA1071982	SAMN39873396	SRX23711554	MFD09348.fa			
MFD09349	PRJNA1071982	SAMN39873397	SRX23711555	MFD09349.fa			
MFD09350	PRJNA1071982	SAMN39873398	SRX23711556	MFD09350.fa			
MFD09351	PRJNA1071982	SAMN39873399	SRX23710859	MFD09351.fa			
MFD09352	PRJNA1071982	SAMN39873400	SRX23710860	MFD09352.fa			
MFD09353	PRJNA1071982	SAMN39873401	SRX23710861	MFD09353.fa			
MFD09354	PRJNA1071982	SAMN39873402	SRX23710863	MFD09354.fa			
MFD09355	PRJNA1071982	SAMN39873403	SRX23710864	MFD09355.fa			
MFD09356	PRJNA1071982	SAMN39873404	SRX23710865	MFD09356.fa			
MFD09357	PRJNA1071982	SAMN39873405	SRX23710866	MFD09357.fa			
MFD09358	PRJNA1071982	SAMN39873406	SRX23710867	MFD09358.fa			
MFD09359	PRJNA1071982	SAMN39873407	SRX23710868	MFD09359.fa			
MFD09360	PRJNA1071982	SAMN39873408	SRX23710869	MFD09360.fa			
MFD09361	PRJNA1071982	SAMN39873409	SRX23710870	MFD09361.fa			
MFD09362	PRJNA1071982	SAMN39873410	SRX23710871	MFD09362.fa			
MFD09363	PRJNA1071982	SAMN39873411	SRX23710872	MFD09363.fa			
MFD09364	PRJNA1071982	SAMN39873412	SRX23710874	MFD09364.fa			
MFD09366	PRJNA1071982	SAMN39873413	SRX23710875	MFD09366.fa			
MFD09367	PRJNA1071982	SAMN39873414	SRX23710876	MFD09367.fa			
MFD09368	PRJNA1071982	SAMN39873415	SRX23710877	MFD09368.fa			
MFD09369	PRJNA1071982	SAMN39873416	SRX23710878	MFD09369.fa			
MFD09370	PRJNA1071982	SAMN39873417	SRX23710879	MFD09370.fa			
MFD09371	PRJNA1071982	SAMN39873418	SRX23710880	MFD09371.fa			
MFD09372	PRJNA1071982	SAMN39873419	SRX23710881	MFD09372.fa	SRX23628266	SRX23628265	SRX23662519
MFD09373	PRJNA1071982	SAMN39873420	SRX23710882	MFD09373.fa			
MFD09374	PRJNA1071982	SAMN39873421	SRX23710883	MFD09374.fa			
MFD09375	PRJNA1071982	SAMN39873422	SRX23710886	MFD09375.fa			
MFD09376	PRJNA1071982	SAMN39873423	SRX23711113	MFD09376.fa			
MFD09377	PRJNA1071982	SAMN39873424	SRX23711114	MFD09377.fa			
MFD09378	PRJNA1071982	SAMN39873425	SRX23711115	MFD09378.fa			
MFD09379	PRJNA1071982	SAMN39873426	SRX23711116	MFD09379.fa			
MFD09380	PRJNA1071982	SAMN39873427	SRX23711117	MFD09380.fa			
MFD09382	PRJNA1071982	SAMN39873428	SRX23711118	MFD09382.fa			
MFD09383	PRJNA1071982	SAMN39873429	SRX23711119	MFD09383.fa	SRX23628268	SRX23628267	SRX23662520
MFD09384	PRJNA1071982	SAMN39873430	SRX23711120	MFD09384.fa			
MFD09385	PRJNA1071982	SAMN39873431	SRX23711121	MFD09385.fa	SRX23628272	SRX23628271	SRX23662521
MFD09386	PRJNA1071982	SAMN39873432	SRX23711123	MFD09386.fa			
MFD09387	PRJNA1071982	SAMN39873433	SRX23711124	MFD09387.fa			
MFD09388	PRJNA1071982	SAMN39873434	SRX23711125	MFD09388.fa			
MFD09389	PRJNA1071982	SAMN39873435	SRX23711126	MFD09389.fa			
MFD09390	PRJNA1071982	SAMN39873436	SRX23711127	MFD09390.fa			
MFD09391	PRJNA1071982	SAMN39873437	SRX23711128	MFD09391.fa			
MFD09392	PRJNA1071982	SAMN39873438	SRX23711129	MFD09392.fa			
MFD09394	PRJNA1071982	SAMN39873439	SRX23711130	MFD09394.fa			
MFD09395	PRJNA1071982	SAMN39873440	SRX23711131	MFD09395.fa			
MFD09396	PRJNA1071982	SAMN39873441	SRX23711132	MFD09396.fa			
MFD09397	PRJNA1071982	SAMN39873442	SRX23711134	MFD09397.fa			
MFD09398	PRJNA1071982	SAMN39873443	SRX23711135	MFD09398.fa			
MFD09399	PRJNA1071982	SAMN39873444	SRX23711136	MFD09399.fa			
MFD09400	PRJNA1071982	SAMN39873445	SRX23711137	MFD09400.fa			
MFD09401	PRJNA1071982	SAMN39873446	SRX23711138	MFD09401.fa			
MFD09402	PRJNA1071982	SAMN39873447	SRX23711139	MFD09402.fa			
MFD09403	PRJNA1071982	SAMN39873448	SRX23711140	MFD09403.fa			
MFD09404	PRJNA1071982	SAMN39873449	SRX23711335	MFD09404.fa			
MFD09405	PRJNA1071982	SAMN39873450	SRX23711336	MFD09405.fa			
MFD09406	PRJNA1071982	SAMN39873451	SRX23711337	MFD09406.fa			
MFD09408	PRJNA1071982	SAMN39873452	SRX23711339	MFD09408.fa			
MFD09409	PRJNA1071982	SAMN39873453	SRX23711340	MFD09409.fa			
MFD09410	PRJNA1071982	SAMN39873454	SRX23711341	MFD09410.fa			
MFD09411	PRJNA1071982	SAMN39873455	SRX23711342	MFD09411.fa			
MFD09412	PRJNA1071982	SAMN39873456	SRX23711343	MFD09412.fa			
MFD09413	PRJNA1071982	SAMN39873457	SRX23711344	MFD09413.fa			
MFD09414	PRJNA1071982	SAMN39873458	SRX23711345	MFD09414.fa			
MFD09415	PRJNA1071982	SAMN39873459	SRX23711346	MFD09415.fa			
MFD09416	PRJNA1071982	SAMN39873460	SRX23711347	MFD09416.fa			
MFD09417	PRJNA1071982	SAMN39873461	SRX23711348	MFD09417.fa			
MFD09418	PRJNA1071982	SAMN39873462	SRX23711350	MFD09418.fa			
MFD09419	PRJNA1071982	SAMN39873463	SRX23711351	MFD09419.fa			
MFD09420	PRJNA1071982	SAMN39873464	SRX23711352	MFD09420.fa			
MFD09421	PRJNA1071982	SAMN39873465	SRX23711353	MFD09421.fa			
MFD09422	PRJNA1071982	SAMN39873466	SRX23711354	MFD09422.fa			
MFD09423	PRJNA1071982	SAMN39873467	SRX23711355	MFD09423.fa			
MFD09424	PRJNA1071982	SAMN39873468	SRX23711356	MFD09424.fa			
MFD09425	PRJNA1071982	SAMN39873469	SRX23711357	MFD09425.fa			
MFD09426	PRJNA1071982	SAMN39873470	SRX23711358	MFD09426.fa	SRX23628274	SRX23628273	SRX23662522
MFD09427	PRJNA1071982	SAMN39873471	SRX23711359	MFD09427.fa			
MFD09428	PRJNA1071982	SAMN39873472	SRX23711361	MFD09428.fa			
MFD09429	PRJNA1071982	SAMN39873473	SRX23711362	MFD09429.fa			
MFD09430	PRJNA1071982	SAMN39873474	SRX23711557	MFD09430.fa			
MFD09431	PRJNA1071982	SAMN39873475	SRX23711558	MFD09431.fa			
MFD09432	PRJNA1071982	SAMN39873476	SRX23711559	MFD09432.fa			
MFD09433	PRJNA1071982	SAMN39873477	SRX23711560	MFD09433.fa			
MFD09434	PRJNA1071982	SAMN39873478	SRX23711561	MFD09434.fa			
MFD09435	PRJNA1071982	SAMN39873479	SRX23711562	MFD09435.fa			
MFD09436	PRJNA1071982	SAMN39873480	SRX23711563	MFD09436.fa			
MFD09437	PRJNA1071982	SAMN39873481	SRX23711564	MFD09437.fa			
MFD09438	PRJNA1071982	SAMN39873482	SRX23711566	MFD09438.fa			
MFD09439	PRJNA1071982	SAMN39873483	SRX23711567	MFD09439.fa			
MFD09440	PRJNA1071982	SAMN39873484	SRX23711568	MFD09440.fa			
MFD09441	PRJNA1071982	SAMN39873485	SRX23711569	MFD09441.fa			
MFD09442	PRJNA1071982	SAMN39873486	SRX23711570	MFD09442.fa			
MFD09443	PRJNA1071982	SAMN39873487	SRX23711571	MFD09443.fa			
MFD09444	PRJNA1071982	SAMN39873488	SRX23711572	MFD09444.fa			
MFD09445	PRJNA1071982	SAMN39873489	SRX23711573	MFD09445.fa			
MFD09446	PRJNA1071982	SAMN39873490	SRX23711574	MFD09446.fa			
MFD09447	PRJNA1071982	SAMN39873491	SRX23711575	MFD09447.fa			
MFD09448	PRJNA1071982	SAMN39873492	SRX23711577	MFD09448.fa			
MFD09449	PRJNA1071982	SAMN39873493	SRX23711578	MFD09449.fa			
MFD09450	PRJNA1071982	SAMN39873494	SRX23711579	MFD09450.fa			
MFD09451	PRJNA1071982	SAMN39873495	SRX23711580	MFD09451.fa			
MFD09452	PRJNA1071982	SAMN39873496	SRX23711581	MFD09452.fa			
MFD09453	PRJNA1071982	SAMN39873497	SRX23711582	MFD09453.fa			
MFD09454	PRJNA1071982	SAMN39873498	SRX23711583	MFD09454.fa			
MFD09455	PRJNA1071982	SAMN39873499	SRX23711584	MFD09455.fa			
MFD09456	PRJNA1071982	SAMN39873500	SRX23710887	MFD09456.fa			
MFD09457	PRJNA1071982	SAMN39873501	SRX23710888	MFD09457.fa			
MFD09458	PRJNA1071982	SAMN39873502	SRX23710890	MFD09458.fa			
MFD09459	PRJNA1071982	SAMN39873503	SRX23710891	MFD09459.fa			
MFD09460	PRJNA1071982	SAMN39873504	SRX23710892	MFD09460.fa			
MFD09461	PRJNA1071982	SAMN39873505	SRX23710893	MFD09461.fa			
MFD09462	PRJNA1071982	SAMN39873506	SRX23710894	MFD09462.fa			
MFD09463	PRJNA1071982	SAMN39873507	SRX23710895	MFD09463.fa			
MFD09464	PRJNA1071982	SAMN39873508	SRX23710896	MFD09464.fa			
MFD09465	PRJNA1071982	SAMN39873509	SRX23710897	MFD09465.fa			
MFD09466	PRJNA1071982	SAMN39873510	SRX23710898	MFD09466.fa	SRX23628276	SRX23628275	SRX23662679
MFD09467	PRJNA1071982	SAMN39873511	SRX23710899	MFD09467.fa			
MFD09468	PRJNA1071982	SAMN39873512	SRX23710901	MFD09468.fa			
MFD09469	PRJNA1071982	SAMN39873513	SRX23710902	MFD09469.fa			
MFD09470	PRJNA1071982	SAMN39873514	SRX23710903	MFD09470.fa			
MFD09471	PRJNA1071982	SAMN39873515	SRX23710904	MFD09471.fa			
MFD09472	PRJNA1071982	SAMN39873516	SRX23710905	MFD09472.fa			
MFD09473	PRJNA1071982	SAMN39873517	SRX23710906	MFD09473.fa			
MFD09474	PRJNA1071982	SAMN39873518	SRX23710907	MFD09474.fa			
MFD09475	PRJNA1071982	SAMN39873519	SRX23710908	MFD09475.fa			
MFD09476	PRJNA1071982	SAMN39873520	SRX23710909	MFD09476.fa			
MFD09477	PRJNA1071982	SAMN39873521	SRX23710910	MFD09477.fa			
MFD09478	PRJNA1071982	SAMN39873522	SRX23710913	MFD09478.fa			
MFD09479	PRJNA1071982	SAMN39873523	SRX23710914	MFD09479.fa			
MFD09480	PRJNA1071982	SAMN39873524	SRX23711141	MFD09480.fa			
MFD09481	PRJNA1071982	SAMN39873525	SRX23711142	MFD09481.fa			
MFD09482	PRJNA1071982	SAMN39873526	SRX23711143	MFD09482.fa			
MFD09483	PRJNA1071982	SAMN39873527	SRX23711144	MFD09483.fa			
MFD09484	PRJNA1071982	SAMN39873528	SRX23711145	MFD09484.fa			
MFD09485	PRJNA1071982	SAMN39873529	SRX23711146	MFD09485.fa			
MFD09486	PRJNA1071982	SAMN39873530	SRX23711147	MFD09486.fa			
MFD09487	PRJNA1071982	SAMN39873531	SRX23711148	MFD09487.fa			
MFD09488	PRJNA1071982	SAMN39873532	SRX23711150	MFD09488.fa			
MFD09489	PRJNA1071982	SAMN39873533	SRX23711151	MFD09489.fa			
MFD09490	PRJNA1071982	SAMN39873534	SRX23711152	MFD09490.fa			
MFD09491	PRJNA1071982	SAMN39873535	SRX23711153	MFD09491.fa			
MFD09492	PRJNA1071982	SAMN39873536	SRX23711154	MFD09492.fa			
MFD09493	PRJNA1071982	SAMN39873537	SRX23711155	MFD09493.fa			
MFD09494	PRJNA1071982	SAMN39873538	SRX23711156	MFD09494.fa	SRX23628278	SRX23628277	SRX23662680
MFD09495	PRJNA1071982	SAMN39873539	SRX23711157	MFD09495.fa			
MFD09496	PRJNA1071982	SAMN39873540	SRX23711158	MFD09496.fa	SRX23628280	SRX23628279	SRX23662681
MFD09497	PRJNA1071982	SAMN39873541	SRX23711159	MFD09497.fa			
MFD09498	PRJNA1071982	SAMN39873542	SRX23711161	MFD09498.fa			
MFD09499	PRJNA1071982	SAMN39873543	SRX23711162	MFD09499.fa			
MFD09500	PRJNA1071982	SAMN39873544	SRX23711163	MFD09500.fa			
MFD09501	PRJNA1071982	SAMN39873545	SRX23711164	MFD09501.fa			
MFD09502	PRJNA1071982	SAMN39873546	SRX23711165	MFD09502.fa			
MFD09503	PRJNA1071982	SAMN39873547	SRX23711166	MFD09503.fa			
MFD09504	PRJNA1071982	SAMN39873548	SRX23711167	MFD09504.fa			
MFD09505	PRJNA1071982	SAMN39874954	SRX23711363	MFD09505.fa			
MFD09506	PRJNA1071982	SAMN39873549	SRX23711364	MFD09506.fa			
MFD09507	PRJNA1071982	SAMN39873550	SRX23711365	MFD09507.fa			
MFD09508	PRJNA1071982	SAMN39873551	SRX23711367	MFD09508.fa			
MFD09509	PRJNA1071982	SAMN39873552	SRX23711368	MFD09509.fa			
MFD09510	PRJNA1071982	SAMN39873553	SRX23711369	MFD09510.fa			
MFD09511	PRJNA1071982	SAMN39873554	SRX23711370	MFD09511.fa			
MFD09512	PRJNA1071982	SAMN39873555	SRX23711371	MFD09512.fa			
MFD09513	PRJNA1071982	SAMN39873556	SRX23711372	MFD09513.fa			
MFD09514	PRJNA1071982	SAMN39873557	SRX23711373	MFD09514.fa			
MFD09515	PRJNA1071982	SAMN39873558	SRX23711374	MFD09515.fa			
MFD09516	PRJNA1071982	SAMN39873559	SRX23711375	MFD09516.fa			
MFD09517	PRJNA1071982	SAMN39873560	SRX23711376	MFD09517.fa			
MFD09518	PRJNA1071982	SAMN39873561	SRX23711378	MFD09518.fa			
MFD09519	PRJNA1071982	SAMN39873562	SRX23711379	MFD09519.fa			
MFD09520	PRJNA1071982	SAMN39873563	SRX23711380	MFD09520.fa			
MFD09521	PRJNA1071982	SAMN39873564	SRX23711381	MFD09521.fa			
MFD09522	PRJNA1071982	SAMN39873565	SRX23711382	MFD09522.fa			
MFD09523	PRJNA1071982	SAMN39873566	SRX23711383	MFD09523.fa			
MFD09524	PRJNA1071982	SAMN39873567	SRX23711384	MFD09524.fa			
MFD09525	PRJNA1071982	SAMN39873568	SRX23711385	MFD09525.fa			
MFD09526	PRJNA1071982	SAMN39873569	SRX23711386	MFD09526.fa			
MFD09527	PRJNA1071982	SAMN39873570	SRX23711387	MFD09527.fa			
MFD09528	PRJNA1071982	SAMN39873571	SRX23711389	MFD09528.fa			
MFD09529	PRJNA1071982	SAMN39873572	SRX23711390	MFD09529.fa			
MFD09530	PRJNA1071982	SAMN39873573	SRX23711585	MFD09530.fa			
MFD09531	PRJNA1071982	SAMN39873574	SRX23711586	MFD09531.fa			
MFD09532	PRJNA1071982	SAMN39873575	SRX23711587	MFD09532.fa			
MFD09533	PRJNA1071982	SAMN39873576	SRX23711588	MFD09533.fa			
MFD09534	PRJNA1071982	SAMN39873577	SRX23711589	MFD09534.fa	SRX23628283	SRX23628282	SRX23662683
MFD09535	PRJNA1071982	SAMN39874955	SRX23711590	MFD09535.fa			
MFD09536	PRJNA1071982	SAMN39873578	SRX23711591	MFD09536.fa			
MFD09537	PRJNA1071982	SAMN39873579	SRX23711592	MFD09537.fa			
MFD09539	PRJNA1071982	SAMN39873580	SRX23711594	MFD09539.fa			
MFD09540	PRJNA1071982	SAMN39873581	SRX23711595	MFD09540.fa			
MFD09541	PRJNA1071982	SAMN39873582	SRX23711596	MFD09541.fa			
MFD09542	PRJNA1071982	SAMN39873583	SRX23711597	MFD09542.fa			
MFD09543	PRJNA1071982	SAMN39873584	SRX23711598	MFD09543.fa			
MFD09544	PRJNA1071982	SAMN39873585	SRX23711599	MFD09544.fa			
MFD09545	PRJNA1071982	SAMN39878651	SRX23711600	MFD09545.fa			
MFD09546	PRJNA1071982	SAMN39873586	SRX23711601	MFD09546.fa			
MFD09547	PRJNA1071982	SAMN39873587	SRX23711602	MFD09547.fa			
MFD09548	PRJNA1071982	SAMN39873588	SRX23711603	MFD09548.fa			
MFD09549	PRJNA1071982	SAMN39873589	SRX23711605	MFD09549.fa			
MFD09550	PRJNA1071982	SAMN39873590	SRX23711606	MFD09550.fa			
MFD09551	PRJNA1071982	SAMN39873591	SRX23711607	MFD09551.fa			
MFD09553	PRJNA1071982	SAMN39873592	SRX23711608	MFD09553.fa			
MFD09554	PRJNA1071982	SAMN39873593	SRX23711609	MFD09554.fa			
MFD09555	PRJNA1071982	SAMN39873594	SRX23711610	MFD09555.fa			
MFD09556	PRJNA1071982	SAMN39873595	SRX23711611	MFD09556.fa			
MFD09557	PRJNA1071982	SAMN39873596	SRX23710915	MFD09557.fa			
MFD09558	PRJNA1071982	SAMN39873597	SRX23710916	MFD09558.fa			
MFD09559	PRJNA1071982	SAMN39873598	SRX23710917	MFD09559.fa			
MFD09560	PRJNA1071982	SAMN39873599	SRX23710919	MFD09560.fa			
MFD09561	PRJNA1071982	SAMN39873600	SRX23710920	MFD09561.fa			
MFD09562	PRJNA1071982	SAMN39873601	SRX23710921	MFD09562.fa			
MFD09563	PRJNA1071982	SAMN39873602	SRX23710922	MFD09563.fa			
MFD09564	PRJNA1071982	SAMN39873603	SRX23710923	MFD09564.fa			
MFD09565	PRJNA1071982	SAMN39873604	SRX23710924	MFD09565.fa			
MFD09566	PRJNA1071982	SAMN39873605	SRX23710925	MFD09566.fa			
MFD09567	PRJNA1071982	SAMN39873606	SRX23710926	MFD09567.fa			
MFD09568	PRJNA1071982	SAMN39873607	SRX23710927	MFD09568.fa			
MFD09569	PRJNA1071982	SAMN39873608	SRX23710928	MFD09569.fa			
MFD09570	PRJNA1071982	SAMN39873609	SRX23710930	MFD09570.fa			
MFD09571	PRJNA1071982	SAMN39873610	SRX23710931	MFD09571.fa			
MFD09572	PRJNA1071982	SAMN39873611	SRX23710932	MFD09572.fa			
MFD09573	PRJNA1071982	SAMN39873612	SRX23710933	MFD09573.fa			
MFD09574	PRJNA1071982	SAMN39873613	SRX23710934	MFD09574.fa			
MFD09575	PRJNA1071982	SAMN39873614	SRX23710935	MFD09575.fa			
MFD09576	PRJNA1071982	SAMN39873615	SRX23710936	MFD09576.fa			
MFD09577	PRJNA1071982	SAMN39873616	SRX23710937	MFD09577.fa			
MFD09578	PRJNA1071982	SAMN39873617	SRX23710938	MFD09578.fa			
MFD09579	PRJNA1071982	SAMN39873618	SRX23710939	MFD09579.fa			
MFD09580	PRJNA1071982	SAMN39873619	SRX23710942	MFD09580.fa			
MFD09581	PRJNA1071982	SAMN39873620	SRX23711168	MFD09581.fa			
MFD09582	PRJNA1071982	SAMN39873621	SRX23711169	MFD09582.fa			
MFD09583	PRJNA1071982	SAMN39873622	SRX23711170	MFD09583.fa			
MFD09584	PRJNA1071982	SAMN39873623	SRX23711171	MFD09584.fa			
MFD09585	PRJNA1071982	SAMN39873624	SRX23711172	MFD09585.fa			
MFD09586	PRJNA1071982	SAMN39873625	SRX23711173	MFD09586.fa			
MFD09587	PRJNA1071982	SAMN39873626	SRX23711174	MFD09587.fa			
MFD09588	PRJNA1071982	SAMN39873627	SRX23711175	MFD09588.fa			
MFD09589	PRJNA1071982	SAMN39873628	SRX23711176	MFD09589.fa			
MFD09590	PRJNA1071982	SAMN39873629	SRX23711178	MFD09590.fa			
MFD09591	PRJNA1071982	SAMN39873630	SRX23711179	MFD09591.fa			
MFD09592	PRJNA1071982	SAMN39873631	SRX23711180	MFD09592.fa			
MFD09593	PRJNA1071982	SAMN39873632	SRX23711181	MFD09593.fa			
MFD09594	PRJNA1071982	SAMN39873633	SRX23711182	MFD09594.fa			
MFD09595	PRJNA1071982	SAMN39873634	SRX23711183	MFD09595.fa			
MFD09596	PRJNA1071982	SAMN39873635	SRX23711184	MFD09596.fa			
MFD09597	PRJNA1071982	SAMN39873636	SRX23711185	MFD09597.fa	SRX23628285	SRX23628284	SRX23662684
MFD09598	PRJNA1071982	SAMN39873637	SRX23711186	MFD09598.fa			
MFD09599	PRJNA1071982	SAMN39873638	SRX23711187	MFD09599.fa			
MFD09600	PRJNA1071982	SAMN39873639	SRX23711189	MFD09600.fa			
MFD09601	PRJNA1071982	SAMN39873640	SRX23711190	MFD09601.fa			
MFD09602	PRJNA1071982	SAMN39873641	SRX23711191	MFD09602.fa			
MFD09603	PRJNA1071982	SAMN39873642	SRX23711192	MFD09603.fa			
MFD09605	PRJNA1071982	SAMN39873643	SRX23711193	MFD09605.fa			
MFD09606	PRJNA1071982	SAMN39873644	SRX23711194	MFD09606.fa			
MFD09607	PRJNA1071982	SAMN39873645	SRX23711195	MFD09607.fa			
MFD09608	PRJNA1071982	SAMN39873646	SRX23711391	MFD09608.fa			
MFD09609	PRJNA1071982	SAMN39873647	SRX23711392	MFD09609.fa			
MFD09610	PRJNA1071982	SAMN39873648	SRX23711393	MFD09610.fa			
MFD09611	PRJNA1071982	SAMN39873649	SRX23711395	MFD09611.fa			
MFD09612	PRJNA1071982	SAMN39873650	SRX23711396	MFD09612.fa			
MFD09613	PRJNA1071982	SAMN39873651	SRX23711397	MFD09613.fa			
MFD09614	PRJNA1071982	SAMN39873652	SRX23711398	MFD09614.fa			
MFD09615	PRJNA1071982	SAMN39873653	SRX23711399	MFD09615.fa			
MFD09616	PRJNA1071982	SAMN39873654	SRX23711400	MFD09616.fa			
MFD09617	PRJNA1071982	SAMN39873655	SRX23711401	MFD09617.fa			
MFD09618	PRJNA1071982	SAMN39873656	SRX23711402	MFD09618.fa			
MFD09619	PRJNA1071982	SAMN39873657	SRX23711403	MFD09619.fa			
MFD09620	PRJNA1071982	SAMN39873658	SRX23711404	MFD09620.fa			
MFD09621	PRJNA1071982	SAMN39873659	SRX23711406	MFD09621.fa			
MFD09622	PRJNA1071982	SAMN39873660	SRX23711407	MFD09622.fa			
MFD09623	PRJNA1071982	SAMN39873661	SRX23711408	MFD09623.fa			
MFD09624	PRJNA1071982	SAMN39873662	SRX23711409	MFD09624.fa			
MFD09625	PRJNA1071982	SAMN39873663	SRX23711410	MFD09625.fa			
MFD09626	PRJNA1071982	SAMN39873664	SRX23711411	MFD09626.fa			
MFD09627	PRJNA1071982	SAMN39873665	SRX23711412	MFD09627.fa			
MFD09628	PRJNA1071982	SAMN39873666	SRX23711413	MFD09628.fa			
MFD09629	PRJNA1071982	SAMN39873667	SRX23711414	MFD09629.fa			
MFD09630	PRJNA1071982	SAMN39873668	SRX23711415	MFD09630.fa			
MFD09631	PRJNA1071982	SAMN39873669	SRX23711417	MFD09631.fa			
MFD09632	PRJNA1071982	SAMN39873670	SRX23711418	MFD09632.fa			
MFD09633	PRJNA1071982	SAMN39873671	SRX23711612	MFD09633.fa			
MFD09635	PRJNA1071982	SAMN39873672	SRX23711613	MFD09635.fa			
MFD09637	PRJNA1071982	SAMN39873673	SRX23711614	MFD09637.fa			
MFD09638	PRJNA1071982	SAMN39873674	SRX23711615	MFD09638.fa			
MFD09639	PRJNA1071982	SAMN39873675	SRX23711616	MFD09639.fa			
MFD09640	PRJNA1071982	SAMN39873676	SRX23711617	MFD09640.fa			
MFD09641	PRJNA1071982	SAMN39873677	SRX23711618	MFD09641.fa			
MFD09642	PRJNA1071982	SAMN39873678	SRX23711619	MFD09642.fa			
MFD09643	PRJNA1071982	SAMN39873679	SRX23711621	MFD09643.fa			
MFD09644	PRJNA1071982	SAMN39873680	SRX23711622	MFD09644.fa			
MFD09645	PRJNA1071982	SAMN39873681	SRX23711623	MFD09645.fa			
MFD09646	PRJNA1071982	SAMN39873682	SRX23711624	MFD09646.fa			
MFD09647	PRJNA1071982	SAMN39873683	SRX23711625	MFD09647.fa			
MFD09648	PRJNA1071982	SAMN39873684	SRX23711626	MFD09648.fa			
MFD09649	PRJNA1071982	SAMN39873685	SRX23711627	MFD09649.fa			
MFD09650	PRJNA1071982	SAMN39873686	SRX23711628	MFD09650.fa			
MFD09651	PRJNA1071982	SAMN39873687	SRX23711629	MFD09651.fa			
MFD09652	PRJNA1071982	SAMN39873688	SRX23711630	MFD09652.fa			
MFD09654	PRJNA1071982	SAMN39873689	SRX23711632	MFD09654.fa			
MFD09655	PRJNA1071982	SAMN39873690	SRX23711633	MFD09655.fa			
MFD09656	PRJNA1071982	SAMN39873691	SRX23711634	MFD09656.fa			
MFD09657	PRJNA1071982	SAMN39873692	SRX23711635	MFD09657.fa			
MFD09659	PRJNA1071982	SAMN39873693	SRX23711636	MFD09659.fa			
MFD09660	PRJNA1071982	SAMN39873694	SRX23711637	MFD09660.fa			
MFD09661	PRJNA1071982	SAMN39873695	SRX23711638	MFD09661.fa			
MFD09662	PRJNA1071982	SAMN39873696	SRX23711639	MFD09662.fa	SRX23628287	SRX23628286	SRX23662685
MFD09663	PRJNA1071982	SAMN39873697	SRX23710943	MFD09663.fa			
MFD09665	PRJNA1071982	SAMN39873698	SRX23710944	MFD09665.fa			
MFD09666	PRJNA1071982	SAMN39873699	SRX23710946	MFD09666.fa			
MFD09667	PRJNA1071982	SAMN39873700	SRX23710947	MFD09667.fa			
MFD09668	PRJNA1071982	SAMN39873701	SRX23710948	MFD09668.fa			
MFD09669	PRJNA1071982	SAMN39873702	SRX23710949	MFD09669.fa			
MFD09670	PRJNA1071982	SAMN39873703	SRX23710950	MFD09670.fa			
MFD09671	PRJNA1071982	SAMN39873704	SRX23710951	MFD09671.fa			
MFD09672	PRJNA1071982	SAMN39873705	SRX23710952	MFD09672.fa			
MFD09673	PRJNA1071982	SAMN39873706	SRX23710953	MFD09673.fa			
MFD09674	PRJNA1071982	SAMN39873707	SRX23710954	MFD09674.fa			
MFD09675	PRJNA1071982	SAMN39873708	SRX23710955	MFD09675.fa			
MFD09676	PRJNA1071982	SAMN39873709	SRX23710957	MFD09676.fa			
MFD09677	PRJNA1071982	SAMN39873710	SRX23710958	MFD09677.fa			
MFD09678	PRJNA1071982	SAMN39873711	SRX23710959	MFD09678.fa			
MFD09679	PRJNA1071982	SAMN39873712	SRX23710960	MFD09679.fa			
MFD09680	PRJNA1071982	SAMN39873713	SRX23710961	MFD09680.fa			
MFD09682	PRJNA1071982	SAMN39873714	SRX23710962	MFD09682.fa			
MFD09683	PRJNA1071982	SAMN39873715	SRX23710963	MFD09683.fa	SRX23628289	SRX23628288	SRX23662686
MFD09684	PRJNA1071982	SAMN39873716	SRX23710964	MFD09684.fa			
MFD09685	PRJNA1071982	SAMN39873717	SRX23710965	MFD09685.fa			
MFD09686	PRJNA1071982	SAMN39873718	SRX23710966	MFD09686.fa			
MFD09687	PRJNA1071982	SAMN39873719	SRX23710969	MFD09687.fa			
MFD09688	PRJNA1071982	SAMN39873720	SRX23710970	MFD09688.fa			
MFD09689	PRJNA1071982	SAMN39873721	SRX23711196	MFD09689.fa			
MFD09690	PRJNA1071982	SAMN39873722	SRX23711197	MFD09690.fa			
MFD09692	PRJNA1071982	SAMN39873723	SRX23711198	MFD09692.fa			
MFD09693	PRJNA1071982	SAMN39873724	SRX23711199	MFD09693.fa			
MFD09696	PRJNA1071982	SAMN39873725	SRX23711200	MFD09696.fa			
MFD09697	PRJNA1071982	SAMN39873726	SRX23711201	MFD09697.fa			
MFD09698	PRJNA1071982	SAMN39873727	SRX23711202	MFD09698.fa			
MFD09699	PRJNA1071982	SAMN39873728	SRX23711203	MFD09699.fa			
MFD09700	PRJNA1071982	SAMN39873729	SRX23711205	MFD09700.fa			
MFD09701	PRJNA1071982	SAMN39873730	SRX23711206	MFD09701.fa			
MFD09702	PRJNA1071982	SAMN39873731	SRX23711207	MFD09702.fa			
MFD09703	PRJNA1071982	SAMN39873732	SRX23711208	MFD09703.fa			
MFD09704	PRJNA1071982	SAMN39873733	SRX23711209	MFD09704.fa			
MFD09705	PRJNA1071982	SAMN39873734	SRX23711210	MFD09705.fa			
MFD09706	PRJNA1071982	SAMN39873735	SRX23711211	MFD09706.fa			
MFD09707	PRJNA1071982	SAMN39873736	SRX23711212	MFD09707.fa			
MFD09708	PRJNA1071982	SAMN39873737	SRX23711213	MFD09708.fa			
MFD09709	PRJNA1071982	SAMN39873738	SRX23711214	MFD09709.fa			
MFD09710	PRJNA1071982	SAMN39873739	SRX23711216	MFD09710.fa			
MFD09711	PRJNA1071982	SAMN39873740	SRX23711217	MFD09711.fa			
MFD09712	PRJNA1071982	SAMN39873741	SRX23711218	MFD09712.fa			
MFD09715	PRJNA1071982	SAMN39873742	SRX23711219	MFD09715.fa			
MFD09716	PRJNA1071982	SAMN39873743	SRX23711220	MFD09716.fa			
MFD09717	PRJNA1071982	SAMN39873744	SRX23711221	MFD09717.fa			
MFD09718	PRJNA1071982	SAMN39873745	SRX23711222	MFD09718.fa			
MFD09719	PRJNA1071982	SAMN39873746	SRX23711223	MFD09719.fa			
MFD09720	PRJNA1071982	SAMN39873747	SRX23711419	MFD09720.fa			
MFD09721	PRJNA1071982	SAMN39873748	SRX23711420	MFD09721.fa			
MFD09722	PRJNA1071982	SAMN39873749	SRX23711422	MFD09722.fa			
MFD09723	PRJNA1071982	SAMN39873750	SRX23711423	MFD09723.fa			
MFD09724	PRJNA1071982	SAMN39873751	SRX23711424	MFD09724.fa			
MFD09725	PRJNA1071982	SAMN39873752	SRX23711425	MFD09725.fa			
MFD09726	PRJNA1071982	SAMN39873753	SRX23711426	MFD09726.fa			
MFD09727	PRJNA1071982	SAMN39873754	SRX23711427	MFD09727.fa			
MFD09728	PRJNA1071982	SAMN39873755	SRX23711428	MFD09728.fa			
MFD09729	PRJNA1071982	SAMN39873756	SRX23711429	MFD09729.fa			
MFD09730	PRJNA1071982	SAMN39873757	SRX23711430	MFD09730.fa			
MFD09731	PRJNA1071982	SAMN39873758	SRX23711431	MFD09731.fa			
MFD09732	PRJNA1071982	SAMN39873759	SRX23711433	MFD09732.fa			
MFD09733	PRJNA1071982	SAMN39873760	SRX23711434	MFD09733.fa			
MFD09734	PRJNA1071982	SAMN39873761	SRX23711435	MFD09734.fa			
MFD09735	PRJNA1071982	SAMN39873762	SRX23711436	MFD09735.fa			
MFD09736	PRJNA1071982	SAMN39873763	SRX23711437	MFD09736.fa			
MFD09737	PRJNA1071982	SAMN39873764	SRX23711438	MFD09737.fa			
MFD09738	PRJNA1071982	SAMN39873765	SRX23711439	MFD09738.fa			
MFD09739	PRJNA1071982	SAMN39873766	SRX23711440	MFD09739.fa			
MFD09740	PRJNA1071982	SAMN39873767	SRX23711441	MFD09740.fa			
MFD09741	PRJNA1071982	SAMN39873768	SRX23711442	MFD09741.fa			
MFD09742	PRJNA1071982	SAMN39873769	SRX23711444	MFD09742.fa			
MFD09743	PRJNA1071982	SAMN39873770	SRX23711445	MFD09743.fa			
MFD09744	PRJNA1071982	SAMN39873771	SRX23711640	MFD09744.fa			
MFD09745	PRJNA1071982	SAMN39873772	SRX23711641	MFD09745.fa			
MFD09746	PRJNA1071982	SAMN39873773	SRX23711642	MFD09746.fa			
MFD09747	PRJNA1071982	SAMN39873774	SRX23711643	MFD09747.fa			
MFD09748	PRJNA1071982	SAMN39873775	SRX23711644	MFD09748.fa			
MFD09749	PRJNA1071982	SAMN39873776	SRX23711645	MFD09749.fa			
MFD09750	PRJNA1071982	SAMN39873777	SRX23711646	MFD09750.fa			
MFD09751	PRJNA1071982	SAMN39873778	SRX23711647	MFD09751.fa			
MFD09753	PRJNA1071982	SAMN39873779	SRX23711649	MFD09753.fa			
MFD09754	PRJNA1071982	SAMN39873780	SRX23711650	MFD09754.fa			
MFD09755	PRJNA1071982	SAMN39873781	SRX23711651	MFD09755.fa			
MFD09756	PRJNA1071982	SAMN39873782	SRX23711652	MFD09756.fa			
MFD09757	PRJNA1071982	SAMN39873783	SRX23711653	MFD09757.fa			
MFD09758	PRJNA1071982	SAMN39873784	SRX23711654	MFD09758.fa	SRX23627519	SRX23628290	
MFD09759	PRJNA1071982	SAMN39873785	SRX23711655	MFD09759.fa			
MFD09760	PRJNA1071982	SAMN39873786	SRX23711656	MFD09760.fa			
MFD09761	PRJNA1071982	SAMN39873787	SRX23711657	MFD09761.fa			
MFD09762	PRJNA1071982	SAMN39873788	SRX23711658	MFD09762.fa			
MFD09763	PRJNA1071982	SAMN39873789	SRX23711660	MFD09763.fa			
MFD09764	PRJNA1071982	SAMN39873790	SRX23711661	MFD09764.fa			
MFD09765	PRJNA1071982	SAMN39873791	SRX23711662	MFD09765.fa			
MFD09766	PRJNA1071982	SAMN39873792	SRX23711663	MFD09766.fa			
MFD09767	PRJNA1071982	SAMN39873793	SRX23711664	MFD09767.fa			
MFD09768	PRJNA1071982	SAMN39873794	SRX23711665	MFD09768.fa			
MFD09769	PRJNA1071982	SAMN39873795	SRX23711666	MFD09769.fa			
MFD09771	PRJNA1071982	SAMN39873796	SRX23711667	MFD09771.fa			
MFD09772	PRJNA1071982	SAMN39873797	SRX23710971	MFD09772.fa			
MFD09773	PRJNA1071982	SAMN39873798	SRX23710972	MFD09773.fa			
MFD09774	PRJNA1071982	SAMN39873799	SRX23710974	MFD09774.fa			
MFD09776	PRJNA1071982	SAMN39873800	SRX23710975	MFD09776.fa			
MFD09777	PRJNA1071982	SAMN39873801	SRX23710976	MFD09777.fa			
MFD09778	PRJNA1071982	SAMN39873802	SRX23710977	MFD09778.fa			
MFD09779	PRJNA1071982	SAMN39873803	SRX23710978	MFD09779.fa			
MFD09780	PRJNA1071982	SAMN39873804	SRX23710979	MFD09780.fa			
MFD09781	PRJNA1071982	SAMN39873805	SRX23710980	MFD09781.fa			
MFD09782	PRJNA1071982	SAMN39873806	SRX23710981	MFD09782.fa			
MFD09783	PRJNA1071982	SAMN39873807	SRX23710982	MFD09783.fa			
MFD09784	PRJNA1071982	SAMN39873808	SRX23710983	MFD09784.fa			
MFD09785	PRJNA1071982	SAMN39873809	SRX23710985	MFD09785.fa			
MFD09786	PRJNA1071982	SAMN39873810	SRX23710986	MFD09786.fa			
MFD09787	PRJNA1071982	SAMN39873811	SRX23710987	MFD09787.fa			
MFD09788	PRJNA1071982	SAMN39873812	SRX23710988	MFD09788.fa			
MFD09789	PRJNA1071982	SAMN39873813	SRX23710989	MFD09789.fa			
MFD09790	PRJNA1071982	SAMN39873814	SRX23710990	MFD09790.fa			
MFD09791	PRJNA1071982	SAMN39873815	SRX23710991	MFD09791.fa			
MFD09792	PRJNA1071982	SAMN39873816	SRX23710992	MFD09792.fa			
MFD09793	PRJNA1071982	SAMN39873817	SRX23710993	MFD09793.fa			
MFD09794	PRJNA1071982	SAMN39873818	SRX23710994	MFD09794.fa			
MFD09795	PRJNA1071982	SAMN39873819	SRX23710997	MFD09795.fa			
MFD09796	PRJNA1071982	SAMN39873820	SRX23710998	MFD09796.fa			
MFD09797	PRJNA1071982	SAMN39873821	SRX23711224	MFD09797.fa			
MFD09798	PRJNA1071982	SAMN39873822	SRX23711225	MFD09798.fa			
MFD09799	PRJNA1071982	SAMN39873823	SRX23711226	MFD09799.fa			
MFD09802	PRJNA1071982	SAMN39873824	SRX23711227	MFD09802.fa			
MFD09803	PRJNA1071982	SAMN39873825	SRX23711228	MFD09803.fa			
MFD09804	PRJNA1071982	SAMN39873826	SRX23711229	MFD09804.fa			
MFD09805	PRJNA1071982	SAMN39873827	SRX23711230	MFD09805.fa			
MFD09807	PRJNA1071982	SAMN39873828	SRX23711231	MFD09807.fa			
MFD09808	PRJNA1071982	SAMN39873829	SRX23711233	MFD09808.fa			
MFD09809	PRJNA1071982	SAMN39873830	SRX23711234	MFD09809.fa			
MFD09810	PRJNA1071982	SAMN39873831	SRX23711235	MFD09810.fa			
MFD09811	PRJNA1071982	SAMN39873832	SRX23711236	MFD09811.fa			
MFD09812	PRJNA1071982	SAMN39873833	SRX23711237	MFD09812.fa			
MFD09813	PRJNA1071982	SAMN39873834	SRX23711238	MFD09813.fa			
MFD09814	PRJNA1071982	SAMN39873835	SRX23711239	MFD09814.fa			
MFD09815	PRJNA1071982	SAMN39873836	SRX23711240	MFD09815.fa			
MFD09816	PRJNA1071982	SAMN39873837	SRX23711241	MFD09816.fa			
MFD09817	PRJNA1071982	SAMN39873838	SRX23711242	MFD09817.fa			
MFD09818	PRJNA1071982	SAMN39873839	SRX23711244	MFD09818.fa			
MFD09819	PRJNA1071982	SAMN39873840	SRX23711245	MFD09819.fa			
MFD09820	PRJNA1071982	SAMN39873841	SRX23711246	MFD09820.fa			
MFD09821	PRJNA1071982	SAMN39873842	SRX23711247	MFD09821.fa			
MFD09822	PRJNA1071982	SAMN39873843	SRX23711248	MFD09822.fa			
MFD09823	PRJNA1071982	SAMN39873844	SRX23711249	MFD09823.fa			
MFD09824	PRJNA1071982	SAMN39873845	SRX23711250	MFD09824.fa			
MFD09825	PRJNA1071982	SAMN39873846	SRX23711251	MFD09825.fa			
MFD09826	PRJNA1071982	SAMN39873847	SRX23711446	MFD09826.fa			
MFD09827	PRJNA1071982	SAMN39873848	SRX23711447	MFD09827.fa			
MFD09828	PRJNA1071982	SAMN39873849	SRX23711449	MFD09828.fa			
MFD09829	PRJNA1071982	SAMN39873850	SRX23711450	MFD09829.fa			
MFD09830	PRJNA1071982	SAMN39873851	SRX23711451	MFD09830.fa			
MFD09831	PRJNA1071982	SAMN39873852	SRX23711452	MFD09831.fa			
MFD09832	PRJNA1071982	SAMN39873853	SRX23711453	MFD09832.fa			
MFD09833	PRJNA1071982	SAMN39873854	SRX23711454	MFD09833.fa			
MFD09834	PRJNA1071982	SAMN39873855	SRX23711455	MFD09834.fa			
MFD09835	PRJNA1071982	SAMN39873856	SRX23711456	MFD09835.fa			
MFD09836	PRJNA1071982	SAMN39873857	SRX23711457	MFD09836.fa			
MFD09838	PRJNA1071982	SAMN39873858	SRX23711458	MFD09838.fa			
MFD09839	PRJNA1071982	SAMN39873859	SRX23711460	MFD09839.fa			
MFD09840	PRJNA1071982	SAMN39873860	SRX23711461	MFD09840.fa			
MFD09841	PRJNA1071982	SAMN39873861	SRX23711462	MFD09841.fa			
MFD09842	PRJNA1071982	SAMN39873862	SRX23711463	MFD09842.fa			
MFD09843	PRJNA1071982	SAMN39873863	SRX23711464	MFD09843.fa			
MFD09844	PRJNA1071982	SAMN39873864	SRX23711465	MFD09844.fa			
MFD09845	PRJNA1071982	SAMN39873865	SRX23711466	MFD09845.fa			
MFD09846	PRJNA1071982	SAMN39873866	SRX23711467	MFD09846.fa			
MFD09847	PRJNA1071982	SAMN39873867	SRX23711468	MFD09847.fa			
MFD09848	PRJNA1071982	SAMN39873868	SRX23711469	MFD09848.fa			
MFD09850	PRJNA1071982	SAMN39873869	SRX23711471	MFD09850.fa			
MFD09851	PRJNA1071982	SAMN39873870	SRX23711472	MFD09851.fa			
MFD09852	PRJNA1071982	SAMN39873871	SRX23711473	MFD09852.fa			
MFD09853	PRJNA1071982	SAMN39873872	SRX23711668	MFD09853.fa			
MFD09854	PRJNA1071982	SAMN39873873	SRX23711669	MFD09854.fa			
MFD09855	PRJNA1071982	SAMN39873874	SRX23711670	MFD09855.fa			
MFD09856	PRJNA1071982	SAMN39873875	SRX23711671	MFD09856.fa			
MFD09857	PRJNA1071982	SAMN39873876	SRX23711672	MFD09857.fa			
MFD09859	PRJNA1071982	SAMN39873877	SRX23711673	MFD09859.fa			
MFD09860	PRJNA1071982	SAMN39873878	SRX23711674	MFD09860.fa			
MFD09861	PRJNA1071982	SAMN39873879	SRX23711676	MFD09861.fa			
MFD09863	PRJNA1071982	SAMN39873880	SRX23711677	MFD09863.fa			
MFD09864	PRJNA1071982	SAMN39873881	SRX23711678	MFD09864.fa			
MFD09865	PRJNA1071982	SAMN39873882	SRX23711679	MFD09865.fa			
MFD09866	PRJNA1071982	SAMN39873883	SRX23711680	MFD09866.fa			
MFD09867	PRJNA1071982	SAMN39873884	SRX23711681	MFD09867.fa			
MFD09868	PRJNA1071982	SAMN39873885	SRX23711682	MFD09868.fa			
MFD09869	PRJNA1071982	SAMN39873886	SRX23711683	MFD09869.fa			
MFD09870	PRJNA1071982	SAMN39873887	SRX23711684	MFD09870.fa			
MFD09871	PRJNA1071982	SAMN39873888	SRX23711685	MFD09871.fa			
MFD09872	PRJNA1071982	SAMN39873889	SRX23711687	MFD09872.fa			
MFD09873	PRJNA1071982	SAMN39873890	SRX23711688	MFD09873.fa			
MFD09875	PRJNA1071982	SAMN39873891	SRX23711689	MFD09875.fa			
MFD09876	PRJNA1071982	SAMN39873892	SRX23711690	MFD09876.fa			
MFD09877	PRJNA1071982	SAMN39873893	SRX23711691	MFD09877.fa			
MFD09878	PRJNA1071982	SAMN39873894	SRX23711692	MFD09878.fa			
MFD09879	PRJNA1071982	SAMN39873895	SRX23711693	MFD09879.fa			
MFD09881	PRJNA1071982	SAMN39873896	SRX23711694	MFD09881.fa			
MFD09882	PRJNA1071982	SAMN39873897	SRX23711695	MFD09882.fa			
MFD09883	PRJNA1071982	SAMN39873898	SRX23710999	MFD09883.fa			
MFD09884	PRJNA1071982	SAMN39873899	SRX23711001	MFD09884.fa			
MFD09885	PRJNA1071982	SAMN39873900	SRX23711002	MFD09885.fa			
MFD09886	PRJNA1071982	SAMN39873901	SRX23711003	MFD09886.fa			
MFD09887	PRJNA1071982	SAMN39873902	SRX23711004	MFD09887.fa			
MFD09888	PRJNA1071982	SAMN39873903	SRX23711005	MFD09888.fa			
MFD09889	PRJNA1071982	SAMN39873904	SRX23711006	MFD09889.fa			
MFD09890	PRJNA1071982	SAMN39873905	SRX23711007	MFD09890.fa			
MFD09891	PRJNA1071982	SAMN39873906	SRX23711008	MFD09891.fa			
MFD09892	PRJNA1071982	SAMN39873907	SRX23711009	MFD09892.fa			
MFD09893	PRJNA1071982	SAMN39873908	SRX23711010	MFD09893.fa			
MFD09894	PRJNA1071982	SAMN39873909	SRX23711012	MFD09894.fa			
MFD09895	PRJNA1071982	SAMN39873910	SRX23711013	MFD09895.fa			
MFD09896	PRJNA1071982	SAMN39873911	SRX23711014	MFD09896.fa			
MFD09897	PRJNA1071982	SAMN39873912	SRX23711015	MFD09897.fa			
MFD09898	PRJNA1071982	SAMN39873913	SRX23711016	MFD09898.fa			
MFD09899	PRJNA1071982	SAMN39873914	SRX23711017	MFD09899.fa			
MFD09900	PRJNA1071982	SAMN39873915	SRX23711018	MFD09900.fa			
MFD09901	PRJNA1071982	SAMN39873916	SRX23711019	MFD09901.fa			
MFD09902	PRJNA1071982	SAMN39873917	SRX23711020	MFD09902.fa			
MFD09903	PRJNA1071982	SAMN39873918	SRX23711021	MFD09903.fa			
MFD09904	PRJNA1071982	SAMN39873919	SRX23711024	MFD09904.fa			
MFD09905	PRJNA1071982	SAMN39873920	SRX23711025	MFD09905.fa			
MFD09906	PRJNA1071982	SAMN39873921	SRX23711252	MFD09906.fa			
MFD09908	PRJNA1071982	SAMN39873922	SRX23711253	MFD09908.fa			
MFD09909	PRJNA1071982	SAMN39873923	SRX23711254	MFD09909.fa			
MFD09910	PRJNA1071982	SAMN39873924	SRX23711255	MFD09910.fa			
MFD09911	PRJNA1071982	SAMN39873925	SRX23711256	MFD09911.fa			
MFD09912	PRJNA1071982	SAMN39873926	SRX23711257	MFD09912.fa			
MFD09913	PRJNA1071982	SAMN39873927	SRX23711258	MFD09913.fa			
MFD09914	PRJNA1071982	SAMN39873928	SRX23711259	MFD09914.fa			
MFD09915	PRJNA1071982	SAMN39873929	SRX23711261	MFD09915.fa			
MFD09916	PRJNA1071982	SAMN39873930	SRX23711262	MFD09916.fa			
MFD09917	PRJNA1071982	SAMN39873931	SRX23711263	MFD09917.fa			
MFD09918	PRJNA1071982	SAMN39873932	SRX23711264	MFD09918.fa			
MFD09919	PRJNA1071982	SAMN39873933	SRX23711265	MFD09919.fa			
MFD09921	PRJNA1071982	SAMN39873934	SRX23711266	MFD09921.fa			
MFD09922	PRJNA1071982	SAMN39873935	SRX23711267	MFD09922.fa			
MFD09924	PRJNA1071982	SAMN39873936	SRX23711268	MFD09924.fa			
MFD09925	PRJNA1071982	SAMN39873937	SRX23711269	MFD09925.fa			
MFD09926	PRJNA1071982	SAMN39873938	SRX23711270	MFD09926.fa			
MFD09927	PRJNA1071982	SAMN39873939	SRX23711272	MFD09927.fa			
MFD09928	PRJNA1071982	SAMN39873940	SRX23711273	MFD09928.fa			
MFD09929	PRJNA1071982	SAMN39873941	SRX23711274	MFD09929.fa			
MFD09930	PRJNA1071982	SAMN39873942	SRX23711275	MFD09930.fa			
MFD09931	PRJNA1071982	SAMN39873943	SRX23711276	MFD09931.fa			
MFD09933	PRJNA1071982	SAMN39873944	SRX23711277	MFD09933.fa			
MFD09934	PRJNA1071982	SAMN39873945	SRX23711278	MFD09934.fa			
MFD09935	PRJNA1071982	SAMN39873946	SRX23711474	MFD09935.fa			
MFD09936	PRJNA1071982	SAMN39873947	SRX23711475	MFD09936.fa			
MFD09937	PRJNA1071982	SAMN39873948	SRX23711476	MFD09937.fa			
MFD09938	PRJNA1071982	SAMN39873949	SRX23711478	MFD09938.fa			
MFD09939	PRJNA1071982	SAMN39873950	SRX23711479	MFD09939.fa			
MFD09940	PRJNA1071982	SAMN39873951	SRX23711480	MFD09940.fa			
MFD09941	PRJNA1071982	SAMN39873952	SRX23711481	MFD09941.fa			
MFD09942	PRJNA1071982	SAMN39873953	SRX23711482	MFD09942.fa			
MFD09943	PRJNA1071982	SAMN39873954	SRX23711483	MFD09943.fa			
MFD09944	PRJNA1071982	SAMN39873955	SRX23711484	MFD09944.fa			
MFD09945	PRJNA1071982	SAMN39873956	SRX23711485	MFD09945.fa			
MFD09946	PRJNA1071982	SAMN39873957	SRX23711486	MFD09946.fa			
MFD09947	PRJNA1071982	SAMN39873958	SRX23711487	MFD09947.fa			
MFD09948	PRJNA1071982	SAMN39873959	SRX23711489	MFD09948.fa			
MFD09949	PRJNA1071982	SAMN39873960	SRX23711490	MFD09949.fa			
MFD09950	PRJNA1071982	SAMN39873961	SRX23711491	MFD09950.fa			
MFD09951	PRJNA1071982	SAMN39873962	SRX23711492	MFD09951.fa			
MFD09952	PRJNA1071982	SAMN39873963	SRX23711493	MFD09952.fa			
MFD09953	PRJNA1071982	SAMN39873964	SRX23711494	MFD09953.fa			
MFD09955	PRJNA1071982	SAMN39873965	SRX23711495	MFD09955.fa			
MFD09956	PRJNA1071982	SAMN39873966	SRX23711496	MFD09956.fa			
MFD09958	PRJNA1071982	SAMN39873967	SRX23711497	MFD09958.fa			
MFD09959	PRJNA1071982	SAMN39873968	SRX23711498	MFD09959.fa			
MFD09960	PRJNA1071982	SAMN39873969	SRX23711500	MFD09960.fa			
MFD09961	PRJNA1071982	SAMN39873970	SRX23711501	MFD09961.fa			
MFD09962	PRJNA1071982	SAMN39873971	SRX23711696	MFD09962.fa	SRX23627522	SRX23627521	
MFD09963	PRJNA1071982	SAMN39873972	SRX23709992	MFD09963.fa			
MFD09964	PRJNA1071982	SAMN39873973	SRX23709993	MFD09964.fa			
MFD09965	PRJNA1071982	SAMN39873974	SRX23710798	MFD09965.fa			
MFD09966	PRJNA1071982	SAMN39873975	SRX23710104	MFD09966.fa			
MFD09967	PRJNA1071982	SAMN39873976	SRX23710187	MFD09967.fa			
MFD09970	PRJNA1071982	SAMN39873977	SRX23710242	MFD09970.fa			
MFD09971	PRJNA1071982	SAMN39873978	SRX23710335	MFD09971.fa			
MFD09972	PRJNA1071982	SAMN39873979	SRX23710687	MFD09972.fa			
MFD09973	PRJNA1071982	SAMN39873980	SRX23710420	MFD09973.fa			
MFD09974	PRJNA1071982	SAMN39873981	SRX23710552	MFD09974.fa			
MFD09975	PRJNA1071982	SAMN39873982	SRX23709994	MFD09975.fa			
MFD09976	PRJNA1071982	SAMN39873983	SRX23710005	MFD09976.fa			
MFD09977	PRJNA1071982	SAMN39873984	SRX23710016	MFD09977.fa			
MFD09978	PRJNA1071982	SAMN39873985	SRX23710638	MFD09978.fa			
MFD09979	PRJNA1071982	SAMN39873986	SRX23710649	MFD09979.fa			
MFD09980	PRJNA1071982	SAMN39873987	SRX23710743	MFD09980.fa			
MFD09981	PRJNA1071982	SAMN39873988	SRX23710754	MFD09981.fa			
MFD09982	PRJNA1071982	SAMN39873989	SRX23710765	MFD09982.fa			
MFD09983	PRJNA1071982	SAMN39873990	SRX23710776	MFD09983.fa			
MFD09985	PRJNA1071982	SAMN39873991	SRX23710787	MFD09985.fa	SRX23627524	SRX23627523	
MFD09986	PRJNA1071982	SAMN39873992	SRX23710799	MFD09986.fa			
MFD09987	PRJNA1071982	SAMN39873993	SRX23710810	MFD09987.fa			
MFD09988	PRJNA1071982	SAMN39873994	SRX23710821	MFD09988.fa			
MFD09989	PRJNA1071982	SAMN39873995	SRX23710027	MFD09989.fa			
MFD09990	PRJNA1071982	SAMN39873996	SRX23710038	MFD09990.fa			
MFD09993	PRJNA1071982	SAMN39873997	SRX23710049	MFD09993.fa			
MFD09994	PRJNA1071982	SAMN39873998	SRX23710060	MFD09994.fa			
MFD09995	PRJNA1071982	SAMN39873999	SRX23710071	MFD09995.fa			
MFD09996	PRJNA1071982	SAMN39874000	SRX23710082	MFD09996.fa			
MFD09997	PRJNA1071982	SAMN39874001	SRX23710093	MFD09997.fa			
MFD09998	PRJNA1071982	SAMN39874002	SRX23710105	MFD09998.fa			
MFD09999	PRJNA1071982	SAMN39874003	SRX23710116	MFD09999.fa			
MFD10000	PRJNA1071982	SAMN39874004	SRX23710127	MFD10000.fa			
MFD10001	PRJNA1071982	SAMN39874005	SRX23710832	MFD10001.fa			
MFD10002	PRJNA1071982	SAMN39874006	SRX23710843	MFD10002.fa			
MFD10003	PRJNA1071982	SAMN39874007	SRX23710132	MFD10003.fa			
MFD10004	PRJNA1071982	SAMN39874008	SRX23710143	MFD10004.fa			
MFD10005	PRJNA1071982	SAMN39874009	SRX23710154	MFD10005.fa			
MFD10006	PRJNA1071982	SAMN39874010	SRX23710165	MFD10006.fa			
MFD10007	PRJNA1071982	SAMN39874011	SRX23710176	MFD10007.fa			
MFD10008	PRJNA1071982	SAMN39874012	SRX23710188	MFD10008.fa			
MFD10009	PRJNA1071982	SAMN39874013	SRX23710199	MFD10009.fa			
MFD10010	PRJNA1071982	SAMN39874014	SRX23710210	MFD10010.fa			
MFD10011	PRJNA1071982	SAMN39874015	SRX23710286	MFD10011.fa			
MFD10012	PRJNA1071982	SAMN39874016	SRX23710297	MFD10012.fa			
MFD10013	PRJNA1071982	SAMN39874017	SRX23710447	MFD10013.fa			
MFD10014	PRJNA1071982	SAMN39874018	SRX23710458	MFD10014.fa			
MFD10015	PRJNA1071982	SAMN39874019	SRX23710469	MFD10015.fa			
MFD10016	PRJNA1071982	SAMN39874020	SRX23710220	MFD10016.fa			
MFD10017	PRJNA1071982	SAMN39874021	SRX23710231	MFD10017.fa			
MFD10018	PRJNA1071982	SAMN39874022	SRX23710243	MFD10018.fa			
MFD10019	PRJNA1071982	SAMN39874023	SRX23710254	MFD10019.fa			
MFD10020	PRJNA1071982	SAMN39874024	SRX23710265	MFD10020.fa			
MFD10021	PRJNA1071982	SAMN39874025	SRX23710314	MFD10021.fa			
MFD10022	PRJNA1071982	SAMN39874026	SRX23710325	MFD10022.fa			
MFD10023	PRJNA1071982	SAMN39874027	SRX23710475	MFD10023.fa			
MFD10024	PRJNA1071982	SAMN39874028	SRX23710486	MFD10024.fa			
MFD10025	PRJNA1071982	SAMN39874029	SRX23710497	MFD10025.fa			
MFD10026	PRJNA1071982	SAMN39874030	SRX23710663	MFD10026.fa			
MFD10027	PRJNA1071982	SAMN39874031	SRX23710674	MFD10027.fa			
MFD10028	PRJNA1071982	SAMN39874032	SRX23710336	MFD10028.fa			
MFD10029	PRJNA1071982	SAMN39874033	SRX23710347	MFD10029.fa			
MFD10030	PRJNA1071982	SAMN39874034	SRX23710358	MFD10030.fa			
MFD10031	PRJNA1071982	SAMN39874035	SRX23710509	MFD10031.fa			
MFD10032	PRJNA1071982	SAMN39874036	SRX23710520	MFD10032.fa			
MFD10033	PRJNA1071982	SAMN39874037	SRX23710272	MFD10033.fa			
MFD10034	PRJNA1071982	SAMN39874038	SRX23710283	MFD10034.fa			
MFD10036	PRJNA1071982	SAMN39874039	SRX23710571	MFD10036.fa			
MFD10037	PRJNA1071982	SAMN39874040	SRX23710370	MFD10037.fa			
MFD10039	PRJNA1071982	SAMN39874041	SRX23710381	MFD10039.fa			
MFD10040	PRJNA1071982	SAMN39874042	SRX23710688	MFD10040.fa			
MFD10041	PRJNA1071982	SAMN39874043	SRX23710699	MFD10041.fa			
MFD10042	PRJNA1071982	SAMN39874044	SRX23710710	MFD10042.fa			
MFD10043	PRJNA1071982	SAMN39874045	SRX23710583	MFD10043.fa			
MFD10044	PRJNA1071982	SAMN39874046	SRX23710594	MFD10044.fa			
MFD10045	PRJNA1071982	SAMN39874047	SRX23710605	MFD10045.fa			
MFD10046	PRJNA1071982	SAMN39874048	SRX23710616	MFD10046.fa			
MFD10048	PRJNA1071982	SAMN39874049	SRX23710627	MFD10048.fa			
MFD10049	PRJNA1071982	SAMN39874050	SRX23710398	MFD10049.fa			
MFD10051	PRJNA1071982	SAMN39874051	SRX23710409	MFD10051.fa			
MFD10052	PRJNA1071982	SAMN39874052	SRX23710421	MFD10052.fa			
MFD10053	PRJNA1071982	SAMN39874053	SRX23710432	MFD10053.fa			
MFD10054	PRJNA1071982	SAMN39874054	SRX23710443	MFD10054.fa			
MFD10055	PRJNA1071982	SAMN39874055	SRX23710720	MFD10055.fa			
MFD10056	PRJNA1071982	SAMN39874056	SRX23710731	MFD10056.fa			
MFD10057	PRJNA1071982	SAMN39874057	SRX23710530	MFD10057.fa			
MFD10058	PRJNA1071982	SAMN39874058	SRX23710541	MFD10058.fa			
MFD10059	PRJNA1071982	SAMN39874059	SRX23710549	MFD10059.fa			
MFD10060	PRJNA1071982	SAMN39874060	SRX23710550	MFD10060.fa			
MFD10061	PRJNA1071982	SAMN39874061	SRX23710551	MFD10061.fa			
MFD10062	PRJNA1071982	SAMN39874062	SRX23710553	MFD10062.fa			
MFD10063	PRJNA1071982	SAMN39874063	SRX23710554	MFD10063.fa			
MFD10064	PRJNA1071982	SAMN39874064	SRX23710555	MFD10064.fa			
MFD10065	PRJNA1071982	SAMN39874065	SRX23710556	MFD10065.fa			
MFD10066	PRJNA1071982	SAMN39874066	SRX23710557	MFD10066.fa			
MFD10067	PRJNA1071982	SAMN39874067	SRX23710558	MFD10067.fa			
MFD10068	PRJNA1071982	SAMN39874068	SRX23710559	MFD10068.fa			
MFD10069	PRJNA1071982	SAMN39874069	SRX23710560	MFD10069.fa			
MFD10070	PRJNA1071982	SAMN39874070	SRX23710561	MFD10070.fa			
MFD10071	PRJNA1071982	SAMN39874071	SRX23710562	MFD10071.fa			
MFD10072	PRJNA1071982	SAMN39874072	SRX23709995	MFD10072.fa			
MFD10073	PRJNA1071982	SAMN39874073	SRX23709996	MFD10073.fa			
MFD10074	PRJNA1071982	SAMN39874074	SRX23709997	MFD10074.fa			
MFD10075	PRJNA1071982	SAMN39874075	SRX23709998	MFD10075.fa			
MFD10076	PRJNA1071982	SAMN39874076	SRX23709999	MFD10076.fa			
MFD10077	PRJNA1071982	SAMN39874077	SRX23710000	MFD10077.fa			
MFD10078	PRJNA1071982	SAMN39874078	SRX23710001	MFD10078.fa			
MFD10079	PRJNA1071982	SAMN39874079	SRX23710002	MFD10079.fa			
MFD10080	PRJNA1071982	SAMN39874080	SRX23710003	MFD10080.fa			
MFD10081	PRJNA1071982	SAMN39874081	SRX23710004	MFD10081.fa			
MFD10082	PRJNA1071982	SAMN39874082	SRX23710006	MFD10082.fa			
MFD10083	PRJNA1071982	SAMN39874083	SRX23710007	MFD10083.fa			
MFD10084	PRJNA1071982	SAMN39874084	SRX23710008	MFD10084.fa			
MFD10090	PRJNA1071982	SAMN39874085	SRX23710009	MFD10090.fa	SRX23627526	SRX23627525	
MFD10091	PRJNA1071982	SAMN39874086	SRX23710010	MFD10091.fa			
MFD10092	PRJNA1071982	SAMN39874087	SRX23710011	MFD10092.fa			
MFD10093	PRJNA1071982	SAMN39874088	SRX23710012	MFD10093.fa			
MFD10094	PRJNA1071982	SAMN39874089	SRX23710013	MFD10094.fa			
MFD10095	PRJNA1071982	SAMN39874090	SRX23710014	MFD10095.fa			
MFD10096	PRJNA1071982	SAMN39874091	SRX23710015	MFD10096.fa			
MFD10097	PRJNA1071982	SAMN39874092	SRX23710017	MFD10097.fa			
MFD10098	PRJNA1071982	SAMN39874093	SRX23710018	MFD10098.fa			
MFD10099	PRJNA1071982	SAMN39874094	SRX23710630	MFD10099.fa			
MFD10100	PRJNA1071982	SAMN39874095	SRX23710631	MFD10100.fa			
MFD10101	PRJNA1071982	SAMN39874096	SRX23710632	MFD10101.fa			
MFD10102	PRJNA1071982	SAMN39874097	SRX23710633	MFD10102.fa			
MFD10103	PRJNA1071982	SAMN39874098	SRX23710634	MFD10103.fa			
MFD10104	PRJNA1071982	SAMN39874099	SRX23710635	MFD10104.fa			
MFD10105	PRJNA1071982	SAMN39874100	SRX23710636	MFD10105.fa			
MFD10106	PRJNA1071982	SAMN39874101	SRX23710637	MFD10106.fa			
MFD10107	PRJNA1071982	SAMN39874102	SRX23710639	MFD10107.fa			
MFD10108	PRJNA1071982	SAMN39874103	SRX23710640	MFD10108.fa			
MFD10109	PRJNA1071982	SAMN39874104	SRX23710641	MFD10109.fa	SRX23627528	SRX23627527	
MFD10110	PRJNA1071982	SAMN39874105	SRX23710642	MFD10110.fa			
MFD10111	PRJNA1071982	SAMN39874106	SRX23710643	MFD10111.fa			
MFD10112	PRJNA1071982	SAMN39874107	SRX23710644	MFD10112.fa			
MFD10113	PRJNA1071982	SAMN39874108	SRX23710645	MFD10113.fa			
MFD10114	PRJNA1071982	SAMN39874109	SRX23710646	MFD10114.fa			
MFD10116	PRJNA1071982	SAMN39874110	SRX23710647	MFD10116.fa			
MFD10117	PRJNA1071982	SAMN39874111	SRX23710648	MFD10117.fa			
MFD10118	PRJNA1071982	SAMN39874112	SRX23710650	MFD10118.fa			
MFD10119	PRJNA1071982	SAMN39874113	SRX23710651	MFD10119.fa			
MFD10120	PRJNA1071982	SAMN39874114	SRX23710652	MFD10120.fa			
MFD10121	PRJNA1071982	SAMN39874115	SRX23710653	MFD10121.fa			
MFD10122	PRJNA1071982	SAMN39874116	SRX23710654	MFD10122.fa			
MFD10124	PRJNA1071982	SAMN39874117	SRX23710655	MFD10124.fa			
MFD10125	PRJNA1071982	SAMN39874118	SRX23710656	MFD10125.fa			
MFD10128	PRJNA1071982	SAMN39874119	SRX23710740	MFD10128.fa			
MFD10132	PRJNA1071982	SAMN39874120	SRX23710741	MFD10132.fa			
MFD10133	PRJNA1071982	SAMN39874121	SRX23710742	MFD10133.fa			
MFD10135	PRJNA1071982	SAMN39874122	SRX23710744	MFD10135.fa			
MFD10136	PRJNA1071982	SAMN39874123	SRX23710745	MFD10136.fa			
MFD10138	PRJNA1071982	SAMN39874124	SRX23710746	MFD10138.fa			
MFD10139	PRJNA1071982	SAMN39874125	SRX23710747	MFD10139.fa			
MFD10140	PRJNA1071982	SAMN39874126	SRX23710748	MFD10140.fa			
MFD10142	PRJNA1071982	SAMN39874127	SRX23710749	MFD10142.fa			
MFD10143	PRJNA1071982	SAMN39874128	SRX23710750	MFD10143.fa			
MFD10144	PRJNA1071982	SAMN39874129	SRX23710751	MFD10144.fa			
MFD10145	PRJNA1071982	SAMN39874130	SRX23710752	MFD10145.fa			
MFD10146	PRJNA1071982	SAMN39874131	SRX23710753	MFD10146.fa			
MFD10147	PRJNA1071982	SAMN39874132	SRX23710755	MFD10147.fa			
MFD10148	PRJNA1071982	SAMN39874133	SRX23710756	MFD10148.fa			
MFD10150	PRJNA1071982	SAMN39874134	SRX23710757	MFD10150.fa			
MFD10152	PRJNA1071982	SAMN39874135	SRX23710758	MFD10152.fa			
MFD10153	PRJNA1071982	SAMN39874136	SRX23710759	MFD10153.fa			
MFD10154	PRJNA1071982	SAMN39874137	SRX23710760	MFD10154.fa			
MFD10155	PRJNA1071982	SAMN39874138	SRX23710761	MFD10155.fa			
MFD10157	PRJNA1071982	SAMN39874139	SRX23710762	MFD10157.fa			
MFD10159	PRJNA1071982	SAMN39874140	SRX23710763	MFD10159.fa			
MFD10162	PRJNA1071982	SAMN39874141	SRX23710764	MFD10162.fa			
MFD10165	PRJNA1071982	SAMN39874142	SRX23710766	MFD10165.fa			
MFD10166	PRJNA1071982	SAMN39874143	SRX23710767	MFD10166.fa			
MFD10167	PRJNA1071982	SAMN39874144	SRX23710768	MFD10167.fa			
MFD10168	PRJNA1071982	SAMN39874145	SRX23710769	MFD10168.fa			
MFD10169	PRJNA1071982	SAMN39874146	SRX23710770	MFD10169.fa			
MFD10175	PRJNA1071982	SAMN39874147	SRX23710771	MFD10175.fa			
MFD10178	PRJNA1071982	SAMN39874148	SRX23710772	MFD10178.fa			
MFD10179	PRJNA1071982	SAMN39874149	SRX23710773	MFD10179.fa			
MFD10182	PRJNA1071982	SAMN39874150	SRX23710774	MFD10182.fa			
MFD10183	PRJNA1071982	SAMN39874151	SRX23710775	MFD10183.fa			
MFD10184	PRJNA1071982	SAMN39874152	SRX23710777	MFD10184.fa			
MFD10186	PRJNA1071982	SAMN39874153	SRX23710778	MFD10186.fa			
MFD10187	PRJNA1071982	SAMN39874154	SRX23710779	MFD10187.fa			
MFD10188	PRJNA1071982	SAMN39874155	SRX23710780	MFD10188.fa			
MFD10190	PRJNA1071982	SAMN39874156	SRX23710781	MFD10190.fa			
MFD10193	PRJNA1071982	SAMN39874157	SRX23710782	MFD10193.fa			
MFD10194	PRJNA1071982	SAMN39874158	SRX23710783	MFD10194.fa			
MFD10196	PRJNA1071982	SAMN39874159	SRX23710784	MFD10196.fa			
MFD10197	PRJNA1071982	SAMN39874160	SRX23710785	MFD10197.fa			
MFD10198	PRJNA1071982	SAMN39874161	SRX23710786	MFD10198.fa			
MFD10199	PRJNA1071982	SAMN39874162	SRX23710788	MFD10199.fa			
MFD10200	PRJNA1071982	SAMN39874163	SRX23710789	MFD10200.fa			
MFD10201	PRJNA1071982	SAMN39874164	SRX23710790	MFD10201.fa			
MFD10203	PRJNA1071982	SAMN39874165	SRX23710791	MFD10203.fa			
MFD10204	PRJNA1071982	SAMN39874166	SRX23710792	MFD10204.fa			
MFD10205	PRJNA1071982	SAMN39874167	SRX23710793	MFD10205.fa	SRX23627530	SRX23627529	SRX23662687
MFD10206	PRJNA1071982	SAMN39874168	SRX23710794	MFD10206.fa			
MFD10207	PRJNA1071982	SAMN39874169	SRX23710795	MFD10207.fa			
MFD10208	PRJNA1071982	SAMN39874170	SRX23710796	MFD10208.fa			
MFD10209	PRJNA1071982	SAMN39874171	SRX23710797	MFD10209.fa			
MFD10210	PRJNA1071982	SAMN39874172	SRX23710800	MFD10210.fa			
MFD10211	PRJNA1071982	SAMN39874173	SRX23710801	MFD10211.fa			
MFD10212	PRJNA1071982	SAMN39874174	SRX23710802	MFD10212.fa			
MFD10213	PRJNA1071982	SAMN39874175	SRX23710803	MFD10213.fa			
MFD10215	PRJNA1071982	SAMN39874176	SRX23710804	MFD10215.fa			
MFD10216	PRJNA1071982	SAMN39874177	SRX23710805	MFD10216.fa			
MFD10217	PRJNA1071982	SAMN39874178	SRX23710806	MFD10217.fa			
MFD10219	PRJNA1071982	SAMN39874179	SRX23710807	MFD10219.fa			
MFD10220	PRJNA1071982	SAMN39874180	SRX23710808	MFD10220.fa			
MFD10221	PRJNA1071982	SAMN39874181	SRX23710809	MFD10221.fa			
MFD10222	PRJNA1071982	SAMN39874182	SRX23710811	MFD10222.fa			
MFD10223	PRJNA1071982	SAMN39874183	SRX23710812	MFD10223.fa			
MFD10224	PRJNA1071982	SAMN39874184	SRX23710813	MFD10224.fa			
MFD10225	PRJNA1071982	SAMN39874185	SRX23710814	MFD10225.fa			
MFD10226	PRJNA1071982	SAMN39874186	SRX23710815	MFD10226.fa			
MFD10227	PRJNA1071982	SAMN39874187	SRX23710816	MFD10227.fa			
MFD10228	PRJNA1071982	SAMN39874188	SRX23710817	MFD10228.fa			
MFD10229	PRJNA1071982	SAMN39874189	SRX23710818	MFD10229.fa			
MFD10230	PRJNA1071982	SAMN39874190	SRX23710819	MFD10230.fa			
MFD10231	PRJNA1071982	SAMN39874191	SRX23710820	MFD10231.fa			
MFD10232	PRJNA1071982	SAMN39874192	SRX23710822	MFD10232.fa			
MFD10233	PRJNA1071982	SAMN39874193	SRX23710823	MFD10233.fa			
MFD10234	PRJNA1071982	SAMN39874194	SRX23710019	MFD10234.fa			
MFD10235	PRJNA1071982	SAMN39874195	SRX23710020	MFD10235.fa			
MFD10236	PRJNA1071982	SAMN39874196	SRX23710021	MFD10236.fa			
MFD10237	PRJNA1071982	SAMN39874197	SRX23710022	MFD10237.fa			
MFD10238	PRJNA1071982	SAMN39874198	SRX23710023	MFD10238.fa			
MFD10239	PRJNA1071982	SAMN39874199	SRX23710024	MFD10239.fa			
MFD10240	PRJNA1071982	SAMN39874200	SRX23710025	MFD10240.fa			
MFD10241	PRJNA1071982	SAMN39874201	SRX23710026	MFD10241.fa			
MFD10242	PRJNA1071982	SAMN39874202	SRX23710028	MFD10242.fa			
MFD10243	PRJNA1071982	SAMN39874203	SRX23710029	MFD10243.fa			
MFD10244	PRJNA1071982	SAMN39874204	SRX23710030	MFD10244.fa			
MFD10245	PRJNA1071982	SAMN39874205	SRX23710031	MFD10245.fa			
MFD10246	PRJNA1071982	SAMN39874206	SRX23710032	MFD10246.fa			
MFD10247	PRJNA1071982	SAMN39874207	SRX23710033	MFD10247.fa			
MFD10248	PRJNA1071982	SAMN39874208	SRX23710034	MFD10248.fa			
MFD10249	PRJNA1071982	SAMN39874209	SRX23710035	MFD10249.fa			
MFD10250	PRJNA1071982	SAMN39874210	SRX23710036	MFD10250.fa			
MFD10251	PRJNA1071982	SAMN39874211	SRX23710037	MFD10251.fa	SRX23627533	SRX23627532	SRX23662688
MFD10252	PRJNA1071982	SAMN39874212	SRX23710039	MFD10252.fa			
MFD10253	PRJNA1071982	SAMN39874213	SRX23710040	MFD10253.fa			
MFD10254	PRJNA1071982	SAMN39874214	SRX23710041	MFD10254.fa			
MFD10255	PRJNA1071982	SAMN39874215	SRX23710042	MFD10255.fa			
MFD10256	PRJNA1071982	SAMN39874216	SRX23710043	MFD10256.fa			
MFD10257	PRJNA1071982	SAMN39874217	SRX23710044	MFD10257.fa			
MFD10258	PRJNA1071982	SAMN39874218	SRX23710045	MFD10258.fa	SRX23627535	SRX23627534	SRX23662689
MFD10260	PRJNA1071982	SAMN39874219	SRX23710046	MFD10260.fa			
MFD10261	PRJNA1071982	SAMN39874220	SRX23710047	MFD10261.fa			
MFD10262	PRJNA1071982	SAMN39874221	SRX23710048	MFD10262.fa			
MFD10263	PRJNA1071982	SAMN39874222	SRX23710050	MFD10263.fa			
MFD10264	PRJNA1071982	SAMN39874223	SRX23710051	MFD10264.fa			
MFD10265	PRJNA1071982	SAMN39874224	SRX23710052	MFD10265.fa			
MFD10266	PRJNA1071982	SAMN39874225	SRX23710053	MFD10266.fa			
MFD10267	PRJNA1071982	SAMN39874226	SRX23710054	MFD10267.fa			
MFD10268	PRJNA1071982	SAMN39874227	SRX23710055	MFD10268.fa			
MFD10269	PRJNA1071982	SAMN39874228	SRX23710056	MFD10269.fa			
MFD10270	PRJNA1071982	SAMN39874229	SRX23710057	MFD10270.fa			
MFD10271	PRJNA1071982	SAMN39874230	SRX23710058	MFD10271.fa			
MFD10272	PRJNA1071982	SAMN39874231	SRX23710059	MFD10272.fa			
MFD10273	PRJNA1071982	SAMN39874232	SRX23710061	MFD10273.fa			
MFD10274	PRJNA1071982	SAMN39874233	SRX23710062	MFD10274.fa			
MFD10275	PRJNA1071982	SAMN39874234	SRX23710063	MFD10275.fa			
MFD10276	PRJNA1071982	SAMN39874235	SRX23710064	MFD10276.fa			
MFD10278	PRJNA1071982	SAMN39874236	SRX23710065	MFD10278.fa			
MFD10279	PRJNA1071982	SAMN39874237	SRX23710066	MFD10279.fa			
MFD10280	PRJNA1071982	SAMN39874238	SRX23710067	MFD10280.fa	SRX23627537	SRX23627536	SRX23662690
MFD10281	PRJNA1071982	SAMN39874239	SRX23710068	MFD10281.fa			
MFD10282	PRJNA1071982	SAMN39874240	SRX23710069	MFD10282.fa			
MFD10283	PRJNA1071982	SAMN39874241	SRX23710070	MFD10283.fa			
MFD10284	PRJNA1071982	SAMN39874242	SRX23710072	MFD10284.fa	SRX23627539	SRX23627538	SRX23662691
MFD10285	PRJNA1071982	SAMN39874243	SRX23710073	MFD10285.fa			
MFD10286	PRJNA1071982	SAMN39874244	SRX23710074	MFD10286.fa			
MFD10287	PRJNA1071982	SAMN39874245	SRX23710075	MFD10287.fa			
MFD10288	PRJNA1071982	SAMN39874246	SRX23710076	MFD10288.fa			
MFD10289	PRJNA1071982	SAMN39874247	SRX23710077	MFD10289.fa			
MFD10292	PRJNA1071982	SAMN39874248	SRX23710078	MFD10292.fa			
MFD10293	PRJNA1071982	SAMN39874249	SRX23710079	MFD10293.fa	SRX23627541	SRX23627540	SRX23662692
MFD10294	PRJNA1071982	SAMN39874250	SRX23710080	MFD10294.fa			
MFD10295	PRJNA1071982	SAMN39874251	SRX23710081	MFD10295.fa			
MFD10296	PRJNA1071982	SAMN39874252	SRX23710083	MFD10296.fa			
MFD10297	PRJNA1071982	SAMN39874253	SRX23710084	MFD10297.fa			
MFD10298	PRJNA1071982	SAMN39874254	SRX23710085	MFD10298.fa			
MFD10299	PRJNA1071982	SAMN39874255	SRX23710086	MFD10299.fa			
MFD10300	PRJNA1071982	SAMN39874256	SRX23710087	MFD10300.fa			
MFD10301	PRJNA1071982	SAMN39874257	SRX23710088	MFD10301.fa			
MFD10302	PRJNA1071982	SAMN39874258	SRX23710089	MFD10302.fa			
MFD10303	PRJNA1071982	SAMN39874259	SRX23710090	MFD10303.fa			
MFD10304	PRJNA1071982	SAMN39874260	SRX23710091	MFD10304.fa			
MFD10305	PRJNA1071982	SAMN39874261	SRX23710092	MFD10305.fa			
MFD10306	PRJNA1071982	SAMN39874262	SRX23710094	MFD10306.fa			
MFD10307	PRJNA1071982	SAMN39874263	SRX23710095	MFD10307.fa	SRX23627544	SRX23627543	SRX23662695
MFD10308	PRJNA1071982	SAMN39874264	SRX23710096	MFD10308.fa			
MFD10309	PRJNA1071982	SAMN39874265	SRX23710097	MFD10309.fa			
MFD10310	PRJNA1071982	SAMN39874266	SRX23710098	MFD10310.fa			
MFD10311	PRJNA1071982	SAMN39874267	SRX23710099	MFD10311.fa			
MFD10312	PRJNA1071982	SAMN39874268	SRX23710100	MFD10312.fa			
MFD10313	PRJNA1071982	SAMN39874269	SRX23710101	MFD10313.fa			
MFD10314	PRJNA1071982	SAMN39874270	SRX23710102	MFD10314.fa			
MFD10315	PRJNA1071982	SAMN39874271	SRX23710103	MFD10315.fa			
MFD10316	PRJNA1071982	SAMN39874272	SRX23710106	MFD10316.fa			
MFD10317	PRJNA1071982	SAMN39874273	SRX23710107	MFD10317.fa	SRX23627546	SRX23627545	SRX23662696
MFD10318	PRJNA1071982	SAMN39874274	SRX23710108	MFD10318.fa			
MFD10320	PRJNA1071982	SAMN39874275	SRX23710109	MFD10320.fa			
MFD10321	PRJNA1071982	SAMN39874276	SRX23710110	MFD10321.fa	SRX23627548	SRX23627547	SRX23662697
MFD10324	PRJNA1071982	SAMN39874277	SRX23710111	MFD10324.fa			
MFD10325	PRJNA1071982	SAMN39874278	SRX23710112	MFD10325.fa			
MFD10326	PRJNA1071982	SAMN39874279	SRX23710113	MFD10326.fa			
MFD10327	PRJNA1071982	SAMN39874280	SRX23710114	MFD10327.fa			
MFD10328	PRJNA1071982	SAMN39874281	SRX23710115	MFD10328.fa			
MFD10329	PRJNA1071982	SAMN39874282	SRX23710117	MFD10329.fa			
MFD10330	PRJNA1071982	SAMN39874283	SRX23710118	MFD10330.fa			
MFD10331	PRJNA1071982	SAMN39874284	SRX23710119	MFD10331.fa			
MFD10332	PRJNA1071982	SAMN39874285	SRX23710120	MFD10332.fa			
MFD10333	PRJNA1071982	SAMN39874286	SRX23710121	MFD10333.fa			
MFD10334	PRJNA1071982	SAMN39874287	SRX23710122	MFD10334.fa			
MFD10335	PRJNA1071982	SAMN39874288	SRX23710123	MFD10335.fa			
MFD10336	PRJNA1071982	SAMN39874289	SRX23710124	MFD10336.fa			
MFD10337	PRJNA1071982	SAMN39874290	SRX23710125	MFD10337.fa			
MFD10338	PRJNA1071982	SAMN39874291	SRX23710126	MFD10338.fa			
MFD10339	PRJNA1071982	SAMN39950283		MFD10339.fa	SRX23627550	SRX23627549	SRX23662698
MFD10340	PRJNA1071982	SAMN39874292	SRX23710128	MFD10340.fa			
MFD10342	PRJNA1071982	SAMN39874293	SRX23710129	MFD10342.fa			
MFD10343	PRJNA1071982	SAMN39874294	SRX23710824	MFD10343.fa			
MFD10344	PRJNA1071982	SAMN39874295	SRX23710825	MFD10344.fa			
MFD10345	PRJNA1071982	SAMN39874296	SRX23710826	MFD10345.fa			
MFD10346	PRJNA1071982	SAMN39874297	SRX23710827	MFD10346.fa	SRX23628068	SRX23628067	SRX23662699
MFD10347	PRJNA1071982	SAMN39874298	SRX23710828	MFD10347.fa			
MFD10348	PRJNA1071982	SAMN39874299	SRX23710829	MFD10348.fa			
MFD10349	PRJNA1071982	SAMN39874300	SRX23710830	MFD10349.fa			
MFD10350	PRJNA1071982	SAMN39874301	SRX23710831	MFD10350.fa			
MFD10351	PRJNA1071982	SAMN39874302	SRX23710833	MFD10351.fa	SRX23628071	SRX23628070	SRX23662700
MFD10352	PRJNA1071982	SAMN39874303	SRX23710834	MFD10352.fa			
MFD10353	PRJNA1071982	SAMN39874304	SRX23710835	MFD10353.fa			
MFD10354	PRJNA1071982	SAMN39874305	SRX23710836	MFD10354.fa			
MFD10355	PRJNA1071982	SAMN39874306	SRX23710837	MFD10355.fa			
MFD10356	PRJNA1071982	SAMN39874307	SRX23710838	MFD10356.fa			
MFD10358	PRJNA1071982	SAMN39874308	SRX23710839	MFD10358.fa			
MFD10359	PRJNA1071982	SAMN39874309	SRX23710840	MFD10359.fa			
MFD10360	PRJNA1071982	SAMN39874310	SRX23710841	MFD10360.fa			
MFD10361	PRJNA1071982	SAMN39874311	SRX23710842	MFD10361.fa			
MFD10362	PRJNA1071982	SAMN39874312	SRX23710844	MFD10362.fa			
MFD10363	PRJNA1071982	SAMN39874313	SRX23710845	MFD10363.fa			
MFD10365	PRJNA1071982	SAMN39874314	SRX23710846	MFD10365.fa			
MFD10366	PRJNA1071982	SAMN39874315	SRX23710847	MFD10366.fa			SRX23662701
MFD10367	PRJNA1071982	SAMN39874316	SRX23710848	MFD10367.fa			
MFD10368	PRJNA1071982	SAMN39874317	SRX23710849	MFD10368.fa			
MFD10369	PRJNA1071982	SAMN39874318	SRX23710850	MFD10369.fa			
MFD10370	PRJNA1071982	SAMN39874319	SRX23710851	MFD10370.fa			
MFD10371	PRJNA1071982	SAMN39874320	SRX23710130	MFD10371.fa			
MFD10374	PRJNA1071982	SAMN39879181		MFD10374.fa			SRX23662702
MFD10383	PRJNA1071982	SAMN39879182		MFD10383.fa			SRX23662703
MFD10393	PRJNA1071982	SAMN39879183		MFD10393.fa			SRX23662704
MFD10409	PRJNA1071982	SAMN39879184		MFD10409.fa			SRX23662706
MFD10419	PRJNA1071982	SAMN39879185		MFD10419.fa			SRX23662707
MFD10459	PRJNA1071982	SAMN39874321	SRX23710131	MFD10459.fa			
MFD10460	PRJNA1071982	SAMN39874322	SRX23710133	MFD10460.fa			
MFD10461	PRJNA1071982	SAMN39874323	SRX23710134	MFD10461.fa			
MFD10462	PRJNA1071982	SAMN39874324	SRX23710135	MFD10462.fa			
MFD10463	PRJNA1071982	SAMN39874325	SRX23710136	MFD10463.fa			
MFD10464	PRJNA1071982	SAMN39874326	SRX23710137	MFD10464.fa			
MFD10465	PRJNA1071982	SAMN39874327	SRX23710138	MFD10465.fa			
MFD10466	PRJNA1071982	SAMN39874328	SRX23710139	MFD10466.fa			
MFD10467	PRJNA1071982	SAMN39874329	SRX23710140	MFD10467.fa			
MFD10468	PRJNA1071982	SAMN39874330	SRX23710141	MFD10468.fa			
MFD10469	PRJNA1071982	SAMN39874331	SRX23710142	MFD10469.fa			
MFD10470	PRJNA1071982	SAMN39874332	SRX23710144	MFD10470.fa			
MFD10471	PRJNA1071982	SAMN39874333	SRX23710145	MFD10471.fa			
MFD10472	PRJNA1071982	SAMN39874334	SRX23710146	MFD10472.fa			
MFD10473	PRJNA1071982	SAMN39874335	SRX23710147	MFD10473.fa			
MFD10474	PRJNA1071982	SAMN39874336	SRX23710148	MFD10474.fa			
MFD10475	PRJNA1071982	SAMN39874337	SRX23710149	MFD10475.fa			
MFD10476	PRJNA1071982	SAMN39874338	SRX23710150	MFD10476.fa			
MFD10477	PRJNA1071982	SAMN39874339	SRX23710151	MFD10477.fa			
MFD10478	PRJNA1071982	SAMN39874340	SRX23710152	MFD10478.fa			
MFD10479	PRJNA1071982	SAMN39874341	SRX23710153	MFD10479.fa			
MFD10480	PRJNA1071982	SAMN39874342	SRX23710155	MFD10480.fa			
MFD10481	PRJNA1071982	SAMN39874343	SRX23710156	MFD10481.fa			
MFD10482	PRJNA1071982	SAMN39874344	SRX23710157	MFD10482.fa			
MFD10483	PRJNA1071982	SAMN39874345	SRX23710158	MFD10483.fa			
MFD10484	PRJNA1071982	SAMN39874346	SRX23710159	MFD10484.fa			
MFD10485	PRJNA1071982	SAMN39874347	SRX23710160	MFD10485.fa			
MFD10486	PRJNA1071982	SAMN39874348	SRX23710161	MFD10486.fa			
MFD10487	PRJNA1071982	SAMN39874349	SRX23710162	MFD10487.fa			
MFD10488	PRJNA1071982	SAMN39874350	SRX23710163	MFD10488.fa			
MFD10489	PRJNA1071982	SAMN39874351	SRX23710164	MFD10489.fa			
MFD10490	PRJNA1071982	SAMN39874352	SRX23710166	MFD10490.fa			
MFD10491	PRJNA1071982	SAMN39874353	SRX23710167	MFD10491.fa			
MFD10492	PRJNA1071982	SAMN39874354	SRX23710168	MFD10492.fa			
MFD10493	PRJNA1071982	SAMN39874355	SRX23710169	MFD10493.fa			
MFD10494	PRJNA1071982	SAMN39874356	SRX23710170	MFD10494.fa			
MFD10495	PRJNA1071982	SAMN39874357	SRX23710171	MFD10495.fa			
MFD10496	PRJNA1071982	SAMN39874358	SRX23710172	MFD10496.fa			
MFD10497	PRJNA1071982	SAMN39874359	SRX23710173	MFD10497.fa			
MFD10498	PRJNA1071982	SAMN39874360	SRX23710174	MFD10498.fa			
MFD10499	PRJNA1071982	SAMN39874361	SRX23710175	MFD10499.fa			
MFD10500	PRJNA1071982	SAMN39874362	SRX23710177	MFD10500.fa			
MFD10501	PRJNA1071982	SAMN39874363	SRX23710178	MFD10501.fa			
MFD10502	PRJNA1071982	SAMN39874364	SRX23710179	MFD10502.fa			
MFD10503	PRJNA1071982	SAMN39874365	SRX23710180	MFD10503.fa			
MFD10504	PRJNA1071982	SAMN39874366	SRX23710181	MFD10504.fa			
MFD10505	PRJNA1071982	SAMN39874367	SRX23710182	MFD10505.fa			
MFD10506	PRJNA1071982	SAMN39874368	SRX23710183	MFD10506.fa			
MFD10507	PRJNA1071982	SAMN39874369	SRX23710184	MFD10507.fa			
MFD10508	PRJNA1071982	SAMN39874370	SRX23710185	MFD10508.fa			
MFD10509	PRJNA1071982	SAMN39874371	SRX23710186	MFD10509.fa			
MFD10510	PRJNA1071982	SAMN39874372	SRX23710189	MFD10510.fa			
MFD10511	PRJNA1071982	SAMN39874373	SRX23710190	MFD10511.fa			
MFD10512	PRJNA1071982	SAMN39874374	SRX23710191	MFD10512.fa			
MFD10513	PRJNA1071982	SAMN39874375	SRX23710192	MFD10513.fa			
MFD10514	PRJNA1071982	SAMN39874376	SRX23710193	MFD10514.fa			
MFD10515	PRJNA1071982	SAMN39874377	SRX23710194	MFD10515.fa			
MFD10516	PRJNA1071982	SAMN39874378	SRX23710195	MFD10516.fa			
MFD10517	PRJNA1071982	SAMN39874379	SRX23710196	MFD10517.fa			
MFD10518	PRJNA1071982	SAMN39874380	SRX23710197	MFD10518.fa			
MFD10519	PRJNA1071982	SAMN39874381	SRX23710198	MFD10519.fa			
MFD10520	PRJNA1071982	SAMN39874382	SRX23710200	MFD10520.fa			
MFD10521	PRJNA1071982	SAMN39874383	SRX23710201	MFD10521.fa			
MFD10522	PRJNA1071982	SAMN39874384	SRX23710202	MFD10522.fa			
MFD10523	PRJNA1071982	SAMN39874385	SRX23710203	MFD10523.fa			
MFD10524	PRJNA1071982	SAMN39874386	SRX23710204	MFD10524.fa			
MFD10525	PRJNA1071982	SAMN39874387	SRX23710205	MFD10525.fa			
MFD10526	PRJNA1071982	SAMN39874388	SRX23710206	MFD10526.fa			
MFD10527	PRJNA1071982	SAMN39874389	SRX23710207	MFD10527.fa			
MFD10528	PRJNA1071982	SAMN39874390	SRX23710208	MFD10528.fa			
MFD10529	PRJNA1071982	SAMN39874391	SRX23710209	MFD10529.fa			
MFD10530	PRJNA1071982	SAMN39874392	SRX23710211	MFD10530.fa			
MFD10531	PRJNA1071982	SAMN39874393	SRX23710212	MFD10531.fa			
MFD10532	PRJNA1071982	SAMN39874394	SRX23710213	MFD10532.fa			
MFD10533	PRJNA1071982	SAMN39874395	SRX23710852	MFD10533.fa			
MFD10534	PRJNA1071982	SAMN39874396	SRX23710853	MFD10534.fa			
MFD10535	PRJNA1071982	SAMN39874397	SRX23710854	MFD10535.fa			
MFD10536	PRJNA1071982	SAMN39874398	SRX23710855	MFD10536.fa			
MFD10537	PRJNA1071982	SAMN39874399	SRX23710856	MFD10537.fa			
MFD10538	PRJNA1071982	SAMN39874400	SRX23710857	MFD10538.fa			
MFD10539	PRJNA1071982	SAMN39874401	SRX23710858	MFD10539.fa			
MFD10540	PRJNA1071982	SAMN39874402	SRX23710287	MFD10540.fa			
MFD10541	PRJNA1071982	SAMN39874403	SRX23710288	MFD10541.fa			
MFD10542	PRJNA1071982	SAMN39874404	SRX23710289	MFD10542.fa			
MFD10543	PRJNA1071982	SAMN39874405	SRX23710290	MFD10543.fa			
MFD10544	PRJNA1071982	SAMN39874406	SRX23710291	MFD10544.fa			
MFD10545	PRJNA1071982	SAMN39874407	SRX23710292	MFD10545.fa			
MFD10546	PRJNA1071982	SAMN39874408	SRX23710293	MFD10546.fa			
MFD10547	PRJNA1071982	SAMN39874409	SRX23710294	MFD10547.fa			
MFD10548	PRJNA1071982	SAMN39874410	SRX23710295	MFD10548.fa			
MFD10549	PRJNA1071982	SAMN39874411	SRX23710296	MFD10549.fa			
MFD10550	PRJNA1071982	SAMN39874412	SRX23710298	MFD10550.fa			
MFD10551	PRJNA1071982	SAMN39874413	SRX23710299	MFD10551.fa			
MFD10552	PRJNA1071982	SAMN39874414	SRX23710300	MFD10552.fa			
MFD10553	PRJNA1071982	SAMN39874415	SRX23710301	MFD10553.fa			
MFD10554	PRJNA1071982	SAMN39874416	SRX23710302	MFD10554.fa			
MFD10555	PRJNA1071982	SAMN39874417	SRX23710303	MFD10555.fa			
MFD10556	PRJNA1071982	SAMN39874418	SRX23710304	MFD10556.fa			
MFD10557	PRJNA1071982	SAMN39874419	SRX23710305	MFD10557.fa			
MFD10558	PRJNA1071982	SAMN39874420	SRX23710306	MFD10558.fa			
MFD10559	PRJNA1071982	SAMN39874421	SRX23710446	MFD10559.fa			
MFD10560	PRJNA1071982	SAMN39874422	SRX23710448	MFD10560.fa			
MFD10561	PRJNA1071982	SAMN39874423	SRX23710449	MFD10561.fa			
MFD10562	PRJNA1071982	SAMN39874424	SRX23710450	MFD10562.fa			
MFD10563	PRJNA1071982	SAMN39874425	SRX23710451	MFD10563.fa			
MFD10564	PRJNA1071982	SAMN39874426	SRX23710452	MFD10564.fa			
MFD10565	PRJNA1071982	SAMN39874427	SRX23710453	MFD10565.fa			
MFD10566	PRJNA1071982	SAMN39874428	SRX23710454	MFD10566.fa			
MFD10567	PRJNA1071982	SAMN39874429	SRX23710455	MFD10567.fa			
MFD10568	PRJNA1071982	SAMN39874430	SRX23710456	MFD10568.fa			
MFD10569	PRJNA1071982	SAMN39874431	SRX23710457	MFD10569.fa			
MFD10570	PRJNA1071982	SAMN39874432	SRX23710459	MFD10570.fa			
MFD10571	PRJNA1071982	SAMN39874433	SRX23710460	MFD10571.fa			
MFD10572	PRJNA1071982	SAMN39874434	SRX23710461	MFD10572.fa			
MFD10573	PRJNA1071982	SAMN39874435	SRX23710462	MFD10573.fa			
MFD10574	PRJNA1071982	SAMN39874436	SRX23710463	MFD10574.fa			
MFD10575	PRJNA1071982	SAMN39874437	SRX23710464	MFD10575.fa			
MFD10576	PRJNA1071982	SAMN39874438	SRX23710465	MFD10576.fa			
MFD10577	PRJNA1071982	SAMN39874439	SRX23710466	MFD10577.fa			
MFD10578	PRJNA1071982	SAMN39874440	SRX23710467	MFD10578.fa			
MFD10579	PRJNA1071982	SAMN39874441	SRX23710468	MFD10579.fa			
MFD10580	PRJNA1071982	SAMN39874442	SRX23710470	MFD10580.fa			
MFD10581	PRJNA1071982	SAMN39874443	SRX23710471	MFD10581.fa			
MFD10582	PRJNA1071982	SAMN39874444	SRX23710472	MFD10582.fa			
MFD10583	PRJNA1071982	SAMN39874445	SRX23710473	MFD10583.fa			
MFD10584	PRJNA1071982	SAMN39874446	SRX23710214	MFD10584.fa			
MFD10585	PRJNA1071982	SAMN39874447	SRX23710215	MFD10585.fa			
MFD10586	PRJNA1071982	SAMN39874448	SRX23710216	MFD10586.fa			
MFD10587	PRJNA1071982	SAMN39874449	SRX23710217	MFD10587.fa			
MFD10588	PRJNA1071982	SAMN39874450	SRX23710218	MFD10588.fa			
MFD10589	PRJNA1071982	SAMN39874451	SRX23710219	MFD10589.fa			
MFD10590	PRJNA1071982	SAMN39874452	SRX23710221	MFD10590.fa			
MFD10591	PRJNA1071982	SAMN39874453	SRX23710222	MFD10591.fa			
MFD10592	PRJNA1071982	SAMN39874454	SRX23710223	MFD10592.fa			
MFD10593	PRJNA1071982	SAMN39874455	SRX23710224	MFD10593.fa			
MFD10594	PRJNA1071982	SAMN39874456	SRX23710225	MFD10594.fa			
MFD10595	PRJNA1071982	SAMN39874457	SRX23710226	MFD10595.fa			
MFD10596	PRJNA1071982	SAMN39874458	SRX23710227	MFD10596.fa			
MFD10597	PRJNA1071982	SAMN39874459	SRX23710228	MFD10597.fa			
MFD10598	PRJNA1071982	SAMN39874460	SRX23710229	MFD10598.fa			
MFD10599	PRJNA1071982	SAMN39874461	SRX23710230	MFD10599.fa			
MFD10600	PRJNA1071982	SAMN39874462	SRX23710232	MFD10600.fa			
MFD10602	PRJNA1071982	SAMN39874463	SRX23710233	MFD10602.fa			
MFD10604	PRJNA1071982	SAMN39874464	SRX23710234	MFD10604.fa			
MFD10605	PRJNA1071982	SAMN39874465	SRX23710235	MFD10605.fa			
MFD10606	PRJNA1071982	SAMN39874466	SRX23710236	MFD10606.fa			
MFD10607	PRJNA1071982	SAMN39874467	SRX23710237	MFD10607.fa			
MFD10610	PRJNA1071982	SAMN39874468	SRX23710238	MFD10610.fa			
MFD10612	PRJNA1071982	SAMN39874469	SRX23710239	MFD10612.fa			
MFD10613	PRJNA1071982	SAMN39874470	SRX23710240	MFD10613.fa			
MFD10614	PRJNA1071982	SAMN39874471	SRX23710241	MFD10614.fa			
MFD10616	PRJNA1071982	SAMN39874472	SRX23710244	MFD10616.fa			
MFD10617	PRJNA1071982	SAMN39874473	SRX23710245	MFD10617.fa			
MFD10619	PRJNA1071982	SAMN39874474	SRX23710246	MFD10619.fa			
MFD10620	PRJNA1071982	SAMN39874475	SRX23710247	MFD10620.fa			
MFD10621	PRJNA1071982	SAMN39874476	SRX23710248	MFD10621.fa			
MFD10622	PRJNA1071982	SAMN39874477	SRX23710249	MFD10622.fa			
MFD10623	PRJNA1071982	SAMN39874478	SRX23710250	MFD10623.fa			
MFD10625	PRJNA1071982	SAMN39874479	SRX23710251	MFD10625.fa			
MFD10626	PRJNA1071982	SAMN39874480	SRX23710252	MFD10626.fa			
MFD10627	PRJNA1071982	SAMN39874481	SRX23710253	MFD10627.fa			
MFD10628	PRJNA1071982	SAMN39874482	SRX23710255	MFD10628.fa			
MFD10629	PRJNA1071982	SAMN39874483	SRX23710256	MFD10629.fa			
MFD10630	PRJNA1071982	SAMN39874484	SRX23710257	MFD10630.fa			
MFD10633	PRJNA1071982	SAMN39874485	SRX23710258	MFD10633.fa			
MFD10634	PRJNA1071982	SAMN39874486	SRX23710259	MFD10634.fa			
MFD10635	PRJNA1071982	SAMN39874487	SRX23710260	MFD10635.fa			
MFD10636	PRJNA1071982	SAMN39874488	SRX23710261	MFD10636.fa			
MFD10637	PRJNA1071982	SAMN39874489	SRX23710262	MFD10637.fa			
MFD10639	PRJNA1071982	SAMN39874490	SRX23710263	MFD10639.fa			
MFD10640	PRJNA1071982	SAMN39874491	SRX23710264	MFD10640.fa			
MFD10642	PRJNA1071982	SAMN39874492	SRX23710266	MFD10642.fa			
MFD10644	PRJNA1071982	SAMN39874493	SRX23710267	MFD10644.fa			
MFD10645	PRJNA1071982	SAMN39874494	SRX23710268	MFD10645.fa			
MFD10646	PRJNA1071982	SAMN39874495	SRX23710307	MFD10646.fa			
MFD10647	PRJNA1071982	SAMN39874496	SRX23710308	MFD10647.fa			
MFD10651	PRJNA1071982	SAMN39874497	SRX23710309	MFD10651.fa			
MFD10652	PRJNA1071982	SAMN39874498	SRX23710310	MFD10652.fa			
MFD10653	PRJNA1071982	SAMN39874499	SRX23710311	MFD10653.fa			
MFD10654	PRJNA1071982	SAMN39874500	SRX23710312	MFD10654.fa			
MFD10655	PRJNA1071982	SAMN39874501	SRX23710313	MFD10655.fa			
MFD10656	PRJNA1071982	SAMN39874502	SRX23710315	MFD10656.fa			
MFD10657	PRJNA1071982	SAMN39874503	SRX23710316	MFD10657.fa			
MFD10658	PRJNA1071982	SAMN39874504	SRX23710317	MFD10658.fa			
MFD10661	PRJNA1071982	SAMN39874505	SRX23710318	MFD10661.fa			
MFD10662	PRJNA1071982	SAMN39874506	SRX23710319	MFD10662.fa			
MFD10663	PRJNA1071982	SAMN39874507	SRX23710320	MFD10663.fa			
MFD10664	PRJNA1071982	SAMN39874508	SRX23710321	MFD10664.fa			
MFD10665	PRJNA1071982	SAMN39874509	SRX23710322	MFD10665.fa			
MFD10666	PRJNA1071982	SAMN39874510	SRX23710323	MFD10666.fa			
MFD10667	PRJNA1071982	SAMN39874511	SRX23710324	MFD10667.fa			
MFD10668	PRJNA1071982	SAMN39874512	SRX23710326	MFD10668.fa			
MFD10669	PRJNA1071982	SAMN39874513	SRX23710327	MFD10669.fa			
MFD10670	PRJNA1071982	SAMN39874514	SRX23710328	MFD10670.fa			
MFD10671	PRJNA1071982	SAMN39874515	SRX23710329	MFD10671.fa			
MFD10672	PRJNA1071982	SAMN39874516	SRX23710330	MFD10672.fa			
MFD10673	PRJNA1071982	SAMN39874517	SRX23710331	MFD10673.fa			
MFD10674	PRJNA1071982	SAMN39874518	SRX23710332	MFD10674.fa			
MFD10675	PRJNA1071982	SAMN39874519	SRX23710333	MFD10675.fa			
MFD10677	PRJNA1071982	SAMN39874520	SRX23710334	MFD10677.fa			
MFD10678	PRJNA1071982	SAMN39874521	SRX23710474	MFD10678.fa			
MFD10679	PRJNA1071982	SAMN39874522	SRX23710476	MFD10679.fa			
MFD10680	PRJNA1071982	SAMN39874523	SRX23710477	MFD10680.fa			
MFD10681	PRJNA1071982	SAMN39874524	SRX23710478	MFD10681.fa			
MFD10682	PRJNA1071982	SAMN39874525	SRX23710479	MFD10682.fa			
MFD10683	PRJNA1071982	SAMN39874526	SRX23710480	MFD10683.fa			
MFD10685	PRJNA1071982	SAMN39874527	SRX23710481	MFD10685.fa			
MFD10686	PRJNA1071982	SAMN39874528	SRX23710482	MFD10686.fa			
MFD10687	PRJNA1071982	SAMN39874529	SRX23710483	MFD10687.fa			
MFD10688	PRJNA1071982	SAMN39874530	SRX23710484	MFD10688.fa			
MFD10691	PRJNA1071982	SAMN39874531	SRX23710485	MFD10691.fa			
MFD10692	PRJNA1071982	SAMN39874532	SRX23710487	MFD10692.fa			
MFD10695	PRJNA1071982	SAMN39874533	SRX23710488	MFD10695.fa			
MFD10697	PRJNA1071982	SAMN39874534	SRX23710489	MFD10697.fa			
MFD10698	PRJNA1071982	SAMN39874535	SRX23710490	MFD10698.fa			
MFD10700	PRJNA1071982	SAMN39874536	SRX23710491	MFD10700.fa			
MFD10704	PRJNA1071982	SAMN39874537	SRX23710492	MFD10704.fa			
MFD10705	PRJNA1071982	SAMN39874538	SRX23710493	MFD10705.fa			
MFD10706	PRJNA1071982	SAMN39874539	SRX23710494	MFD10706.fa			
MFD10707	PRJNA1071982	SAMN39874540	SRX23710495	MFD10707.fa			
MFD10708	PRJNA1071982	SAMN39874541	SRX23710496	MFD10708.fa			
MFD10709	PRJNA1071982	SAMN39874542	SRX23710498	MFD10709.fa			
MFD10711	PRJNA1071982	SAMN39874543	SRX23710499	MFD10711.fa			
MFD10716	PRJNA1071982	SAMN39874544	SRX23710500	MFD10716.fa			
MFD10717	PRJNA1071982	SAMN39874545	SRX23710501	MFD10717.fa			
MFD10718	PRJNA1071982	SAMN39874967	SRX23710657	MFD10718.fa			
MFD10719	PRJNA1071982	SAMN39874546	SRX23710658	MFD10719.fa			
MFD10720	PRJNA1071982	SAMN39878577	SRX23710659	MFD10720.fa			
MFD10721	PRJNA1071982	SAMN39878521	SRX23710660	MFD10721.fa			
MFD10722	PRJNA1071982	SAMN39878527	SRX23710661	MFD10722.fa			
MFD10723	PRJNA1071982	SAMN39878628	SRX23710662	MFD10723.fa			
MFD10724	PRJNA1071982	SAMN39874547	SRX23710664	MFD10724.fa			
MFD10725	PRJNA1071982	SAMN39878515	SRX23710665	MFD10725.fa			
MFD10726	PRJNA1071982	SAMN39878631	SRX23710666	MFD10726.fa			
MFD10727	PRJNA1071982	SAMN39874548	SRX23710667	MFD10727.fa			
MFD10728	PRJNA1071982	SAMN39874997	SRX23710668	MFD10728.fa			
MFD10729	PRJNA1071982	SAMN39874990	SRX23710669	MFD10729.fa			
MFD10730	PRJNA1071982	SAMN39874549	SRX23710670	MFD10730.fa			
MFD10731	PRJNA1071982	SAMN39878539	SRX23710671	MFD10731.fa			
MFD10732	PRJNA1071982	SAMN39878545	SRX23710672	MFD10732.fa			
MFD10733	PRJNA1071982	SAMN39874550	SRX23710673	MFD10733.fa			
MFD10734	PRJNA1071982	SAMN39874981	SRX23710675	MFD10734.fa			
MFD10735	PRJNA1071982	SAMN39874994	SRX23710676	MFD10735.fa			
MFD10736	PRJNA1071982	SAMN39874551	SRX23710677	MFD10736.fa			
MFD10737	PRJNA1071982	SAMN39875083	SRX23710678	MFD10737.fa			
MFD10739	PRJNA1071982	SAMN39874552	SRX23710679	MFD10739.fa			
MFD10740	PRJNA1071982	SAMN39874553	SRX23710680	MFD10740.fa			
MFD10741	PRJNA1071982	SAMN39874554	SRX23710681	MFD10741.fa			
MFD10742	PRJNA1071982	SAMN39878627	SRX23710682	MFD10742.fa			
MFD10743	PRJNA1071982	SAMN39878530	SRX23710683	MFD10743.fa			
MFD10744	PRJNA1071982	SAMN39878569	SRX23710684	MFD10744.fa			
MFD10745	PRJNA1071982	SAMN39878517	SRX23710337	MFD10745.fa			
MFD10746	PRJNA1071982	SAMN39878599	SRX23710338	MFD10746.fa			
MFD10747	PRJNA1071982	SAMN39875081	SRX23710339	MFD10747.fa			
MFD10748	PRJNA1071982	SAMN39874555	SRX23710340	MFD10748.fa			
MFD10749	PRJNA1071982	SAMN39874985	SRX23710341	MFD10749.fa			
MFD10750	PRJNA1071982	SAMN39878557	SRX23710342	MFD10750.fa			
MFD10751	PRJNA1071982	SAMN39878620	SRX23710343	MFD10751.fa			
MFD10752	PRJNA1071982	SAMN39878534	SRX23710344	MFD10752.fa			
MFD10753	PRJNA1071982	SAMN39874556	SRX23710345	MFD10753.fa			
MFD10754	PRJNA1071982	SAMN39874557	SRX23710346	MFD10754.fa			
MFD10755	PRJNA1071982	SAMN39878563	SRX23710348	MFD10755.fa			
MFD10756	PRJNA1071982	SAMN39874983	SRX23710349	MFD10756.fa			
MFD10757	PRJNA1071982	SAMN39874558	SRX23710350	MFD10757.fa			
MFD10758	PRJNA1071982	SAMN39878546	SRX23710351	MFD10758.fa			
MFD10759	PRJNA1071982	SAMN39874559	SRX23710352	MFD10759.fa			
MFD10760	PRJNA1071982	SAMN39874560	SRX23710353	MFD10760.fa			
MFD10761	PRJNA1071982	SAMN39878632	SRX23710354	MFD10761.fa			
MFD10762	PRJNA1071982	SAMN39874561	SRX23710355	MFD10762.fa			
MFD10763	PRJNA1071982	SAMN39874562	SRX23710356	MFD10763.fa			
MFD10764	PRJNA1071982	SAMN39874563	SRX23710357	MFD10764.fa			
MFD10765	PRJNA1071982	SAMN39875003	SRX23710359	MFD10765.fa			
MFD10766	PRJNA1071982	SAMN39878513	SRX23710360	MFD10766.fa			
MFD10767	PRJNA1071982	SAMN39875082	SRX23710361	MFD10767.fa			
MFD10768	PRJNA1071982	SAMN39878518	SRX23710502	MFD10768.fa			
MFD10769	PRJNA1071982	SAMN39874564	SRX23710503	MFD10769.fa			
MFD10770	PRJNA1071982	SAMN39874565	SRX23710504	MFD10770.fa			
MFD10771	PRJNA1071982	SAMN39878500	SRX23710505	MFD10771.fa			
MFD10772	PRJNA1071982	SAMN39874566	SRX23710506	MFD10772.fa			
MFD10773	PRJNA1071982	SAMN39874567	SRX23710507	MFD10773.fa			
MFD10774	PRJNA1071982	SAMN39878519	SRX23710508	MFD10774.fa			
MFD10775	PRJNA1071982	SAMN39874568	SRX23710510	MFD10775.fa			
MFD10776	PRJNA1071982	SAMN39874569	SRX23710511	MFD10776.fa			
MFD10777	PRJNA1071982	SAMN39878504	SRX23710512	MFD10777.fa			
MFD10778	PRJNA1071982	SAMN39878565	SRX23710513	MFD10778.fa			
MFD10779	PRJNA1071982	SAMN39874570	SRX23710514	MFD10779.fa			
MFD10780	PRJNA1071982	SAMN39874571	SRX23710515	MFD10780.fa			
MFD10781	PRJNA1071982	SAMN39874572	SRX23710516	MFD10781.fa			
MFD10782	PRJNA1071982	SAMN39874573	SRX23710517	MFD10782.fa			
MFD10783	PRJNA1071982	SAMN39878558	SRX23710518	MFD10783.fa			
MFD10784	PRJNA1071982	SAMN39874574	SRX23710519	MFD10784.fa			
MFD10785	PRJNA1071982	SAMN39874970	SRX23710521	MFD10785.fa			
MFD10786	PRJNA1071982	SAMN39874575	SRX23710522	MFD10786.fa			
MFD10787	PRJNA1071982	SAMN39874576	SRX23710523	MFD10787.fa			
MFD10788	PRJNA1071982	SAMN39878572	SRX23710524	MFD10788.fa			
MFD10789	PRJNA1071982	SAMN39874577	SRX23710525	MFD10789.fa			
MFD10790	PRJNA1071982	SAMN39874578	SRX23710526	MFD10790.fa			
MFD10791	PRJNA1071982	SAMN39874579	SRX23710527	MFD10791.fa			
MFD10792	PRJNA1071982	SAMN39878526	SRX23710269	MFD10792.fa			
MFD10793	PRJNA1071982	SAMN39878638	SRX23710270	MFD10793.fa			
MFD10794	PRJNA1071982	SAMN39878538	SRX23710271	MFD10794.fa			
MFD10795	PRJNA1071982	SAMN39878567	SRX23710273	MFD10795.fa			
MFD10796	PRJNA1071982	SAMN39874971	SRX23710274	MFD10796.fa			
MFD10797	PRJNA1071982	SAMN39878547	SRX23710275	MFD10797.fa			
MFD10798	PRJNA1071982	SAMN39874979	SRX23710276	MFD10798.fa			
MFD10799	PRJNA1071982	SAMN39874580	SRX23710277	MFD10799.fa			
MFD10800	PRJNA1071982	SAMN39874581	SRX23710278	MFD10800.fa			
MFD10801	PRJNA1071982	SAMN39874991	SRX23710279	MFD10801.fa			
MFD10802	PRJNA1071982	SAMN39874582	SRX23710280	MFD10802.fa			
MFD10803	PRJNA1071982	SAMN39874995	SRX23710281	MFD10803.fa			
MFD10804	PRJNA1071982	SAMN39874583	SRX23710282	MFD10804.fa			
MFD10805	PRJNA1071982	SAMN39874584	SRX23710284	MFD10805.fa			
MFD10806	PRJNA1071982	SAMN39875010	SRX23710285	MFD10806.fa			
MFD10807	PRJNA1071982	SAMN39874992	SRX23710563	MFD10807.fa			
MFD10808	PRJNA1071982	SAMN39874585	SRX23710564	MFD10808.fa			
MFD10809	PRJNA1071982	SAMN39878622	SRX23710565	MFD10809.fa			
MFD10810	PRJNA1071982	SAMN39874586	SRX23710566	MFD10810.fa			
MFD10811	PRJNA1071982	SAMN39874987	SRX23710567	MFD10811.fa			
MFD10812	PRJNA1071982	SAMN39878630	SRX23710568	MFD10812.fa			
MFD10813	PRJNA1071982	SAMN39875042	SRX23710569	MFD10813.fa			
MFD10814	PRJNA1071982	SAMN39874587	SRX23710570	MFD10814.fa			
MFD10815	PRJNA1071982	SAMN39874996	SRX23710572	MFD10815.fa			
MFD10816	PRJNA1071982	SAMN39874588	SRX23710573	MFD10816.fa			
MFD10817	PRJNA1071982	SAMN39875032	SRX23710362	MFD10817.fa			
MFD10818	PRJNA1071982	SAMN39874589	SRX23710363	MFD10818.fa			
MFD10819	PRJNA1071982	SAMN39878514	SRX23710364	MFD10819.fa			
MFD10820	PRJNA1071982	SAMN39874988	SRX23710365	MFD10820.fa			
MFD10821	PRJNA1071982	SAMN39878533	SRX23710366	MFD10821.fa			
MFD10822	PRJNA1071982	SAMN39878573	SRX23710367	MFD10822.fa			
MFD10823	PRJNA1071982	SAMN39878562	SRX23710368	MFD10823.fa			
MFD10824	PRJNA1071982	SAMN39874993	SRX23710369	MFD10824.fa			
MFD10825	PRJNA1071982	SAMN39874590	SRX23710371	MFD10825.fa			
MFD10826	PRJNA1071982	SAMN39874966	SRX23710372	MFD10826.fa			
MFD10827	PRJNA1071982	SAMN39878501	SRX23710373	MFD10827.fa			
MFD10828	PRJNA1071982	SAMN39878570	SRX23710374	MFD10828.fa			
MFD10829	PRJNA1071982	SAMN39874591	SRX23710375	MFD10829.fa			
MFD10830	PRJNA1071982	SAMN39878540	SRX23710376	MFD10830.fa			
MFD10831	PRJNA1071982	SAMN39875001	SRX23710377	MFD10831.fa			
MFD10832	PRJNA1071982	SAMN39878541	SRX23710378	MFD10832.fa			
MFD10833	PRJNA1071982	SAMN39874592	SRX23710379	MFD10833.fa			
MFD10834	PRJNA1071982	SAMN39878523	SRX23710380	MFD10834.fa			
MFD10835	PRJNA1071982	SAMN39874593	SRX23710382	MFD10835.fa			
MFD10836	PRJNA1071982	SAMN39878542	SRX23710383	MFD10836.fa			
MFD10837	PRJNA1071982	SAMN39878529	SRX23710384	MFD10837.fa			
MFD10838	PRJNA1071982	SAMN39874594	SRX23710385	MFD10838.fa			
MFD10839	PRJNA1071982	SAMN39878516	SRX23710386	MFD10839.fa			
MFD10840	PRJNA1071982	SAMN39878548	SRX23710387	MFD10840.fa			
MFD10841	PRJNA1071982	SAMN39874595	SRX23710388	MFD10841.fa			
MFD10842	PRJNA1071982	SAMN39878624	SRX23710389	MFD10842.fa			
MFD10843	PRJNA1071982	SAMN39875004	SRX23710685	MFD10843.fa			
MFD10844	PRJNA1071982	SAMN39874596	SRX23710686	MFD10844.fa			
MFD10845	PRJNA1071982	SAMN39878566	SRX23710689	MFD10845.fa			
MFD10846	PRJNA1071982	SAMN39878520	SRX23710690	MFD10846.fa			
MFD10847	PRJNA1071982	SAMN39878522	SRX23710691	MFD10847.fa			
MFD10848	PRJNA1071982	SAMN39875071	SRX23710692	MFD10848.fa			
MFD10849	PRJNA1071982	SAMN39878511	SRX23710693	MFD10849.fa			
MFD10850	PRJNA1071982	SAMN39874597	SRX23710694	MFD10850.fa			
MFD10851	PRJNA1071982	SAMN39878568	SRX23710695	MFD10851.fa			
MFD10852	PRJNA1071982	SAMN39874973	SRX23710696	MFD10852.fa			
MFD10853	PRJNA1071982	SAMN39878537	SRX23710697	MFD10853.fa			
MFD10854	PRJNA1071982	SAMN39878578	SRX23710698	MFD10854.fa			
MFD10855	PRJNA1071982	SAMN39874598	SRX23710700	MFD10855.fa			
MFD10856	PRJNA1071982	SAMN39874599	SRX23710701	MFD10856.fa			
MFD10857	PRJNA1071982	SAMN39874969	SRX23710702	MFD10857.fa			
MFD10858	PRJNA1071982	SAMN39874961	SRX23710703	MFD10858.fa			
MFD10859	PRJNA1071982	SAMN39878634	SRX23710704	MFD10859.fa			
MFD10860	PRJNA1071982	SAMN39874600	SRX23710705	MFD10860.fa			
MFD10861	PRJNA1071982	SAMN39874601	SRX23710706	MFD10861.fa			
MFD10862	PRJNA1071982	SAMN39874602	SRX23710707	MFD10862.fa			
MFD10863	PRJNA1071982	SAMN39874603	SRX23710708	MFD10863.fa			
MFD10864	PRJNA1071982	SAMN39878623	SRX23710709	MFD10864.fa			
MFD10865	PRJNA1071982	SAMN39878637	SRX23710711	MFD10865.fa			
MFD10866	PRJNA1071982	SAMN39878524	SRX23710574	MFD10866.fa			
MFD10867	PRJNA1071982	SAMN39878559	SRX23710575	MFD10867.fa			
MFD10868	PRJNA1071982	SAMN39878532	SRX23710576	MFD10868.fa			
MFD10869	PRJNA1071982	SAMN39878525	SRX23710577	MFD10869.fa			
MFD10870	PRJNA1071982	SAMN39875033	SRX23710578	MFD10870.fa			
MFD10871	PRJNA1071982	SAMN39878549	SRX23710579	MFD10871.fa			
MFD10872	PRJNA1071982	SAMN39874604	SRX23710580	MFD10872.fa			
MFD10873	PRJNA1071982	SAMN39878528	SRX23710581	MFD10873.fa			
MFD10874	PRJNA1071982	SAMN39875063	SRX23710582	MFD10874.fa			
MFD10875	PRJNA1071982	SAMN39875021	SRX23710584	MFD10875.fa			
MFD10876	PRJNA1071982	SAMN39878582	SRX23710585	MFD10876.fa			
MFD10877	PRJNA1071982	SAMN39874975	SRX23710586	MFD10877.fa			
MFD10878	PRJNA1071982	SAMN39878581	SRX23710587	MFD10878.fa			
MFD10879	PRJNA1071982	SAMN39878580	SRX23710588	MFD10879.fa			
MFD10880	PRJNA1071982	SAMN39874957	SRX23710589	MFD10880.fa			
MFD10881	PRJNA1071982	SAMN39874605	SRX23710590	MFD10881.fa			
MFD10882	PRJNA1071982	SAMN39878564	SRX23710591	MFD10882.fa			
MFD10883	PRJNA1071982	SAMN39874959	SRX23710592	MFD10883.fa			
MFD10884	PRJNA1071982	SAMN39874606	SRX23710593	MFD10884.fa			
MFD10885	PRJNA1071982	SAMN39878626	SRX23710595	MFD10885.fa			
MFD10886	PRJNA1071982	SAMN39874607	SRX23710596	MFD10886.fa			
MFD10887	PRJNA1071982	SAMN39874977	SRX23710597	MFD10887.fa			
MFD10888	PRJNA1071982	SAMN39874978	SRX23710598	MFD10888.fa			
MFD10889	PRJNA1071982	SAMN39874608	SRX23710599	MFD10889.fa			
MFD10890	PRJNA1071982	SAMN39875051	SRX23710600	MFD10890.fa			
MFD10891	PRJNA1071982	SAMN39878575	SRX23710601	MFD10891.fa			
MFD10892	PRJNA1071982	SAMN39874965	SRX23710602	MFD10892.fa			
MFD10893	PRJNA1071982	SAMN39875012	SRX23710603	MFD10893.fa			
MFD10894	PRJNA1071982	SAMN39878544	SRX23710604	MFD10894.fa			
MFD10895	PRJNA1071982	SAMN39878633	SRX23710606	MFD10895.fa			
MFD10896	PRJNA1071982	SAMN39878583	SRX23710607	MFD10896.fa			
MFD10897	PRJNA1071982	SAMN39874609	SRX23710608	MFD10897.fa			
MFD10898	PRJNA1071982	SAMN39878543	SRX23710609	MFD10898.fa			
MFD10899	PRJNA1071982	SAMN39874610	SRX23710610	MFD10899.fa			
MFD10900	PRJNA1071982	SAMN39874611	SRX23710611	MFD10900.fa			
MFD10901	PRJNA1071982	SAMN39874612	SRX23710612	MFD10901.fa			
MFD10902	PRJNA1071982	SAMN39874613	SRX23710613	MFD10902.fa			
MFD10903	PRJNA1071982	SAMN39874614	SRX23710614	MFD10903.fa			
MFD10904	PRJNA1071982	SAMN39875039	SRX23710615	MFD10904.fa			
MFD10905	PRJNA1071982	SAMN39874984	SRX23710617	MFD10905.fa			
MFD10906	PRJNA1071982	SAMN39875068	SRX23710618	MFD10906.fa			
MFD10907	PRJNA1071982	SAMN39874986	SRX23710619	MFD10907.fa			
MFD10908	PRJNA1071982	SAMN39874615	SRX23710620	MFD10908.fa			
MFD10909	PRJNA1071982	SAMN39878574	SRX23710621	MFD10909.fa			
MFD10910	PRJNA1071982	SAMN39874616	SRX23710622	MFD10910.fa			
MFD10911	PRJNA1071982	SAMN39874989	SRX23710623	MFD10911.fa			
MFD10912	PRJNA1071982	SAMN39875046	SRX23710624	MFD10912.fa			
MFD10913	PRJNA1071982	SAMN39874968	SRX23710625	MFD10913.fa			
MFD10914	PRJNA1071982	SAMN39874974	SRX23710626	MFD10914.fa			
MFD10915	PRJNA1071982	SAMN39878536	SRX23710628	MFD10915.fa			
MFD10916	PRJNA1071982	SAMN39874617	SRX23710629	MFD10916.fa			
MFD10917	PRJNA1071982	SAMN39878571	SRX23710390	MFD10917.fa			
MFD10918	PRJNA1071982	SAMN39874998	SRX23710391	MFD10918.fa			
MFD10919	PRJNA1071982	SAMN39875029	SRX23710392	MFD10919.fa			
MFD10920	PRJNA1071982	SAMN39878621	SRX23710393	MFD10920.fa			
MFD10921	PRJNA1071982	SAMN39878576	SRX23710394	MFD10921.fa			
MFD10922	PRJNA1071982	SAMN39878561	SRX23710395	MFD10922.fa			
MFD10923	PRJNA1071982	SAMN39878625	SRX23710396	MFD10923.fa			
MFD10924	PRJNA1071982	SAMN39878535	SRX23710397	MFD10924.fa			
MFD10925	PRJNA1071982	SAMN39874976	SRX23710399	MFD10925.fa			
MFD10926	PRJNA1071982	SAMN39874980	SRX23710400	MFD10926.fa			
MFD10927	PRJNA1071982	SAMN39878629	SRX23710401	MFD10927.fa			
MFD10928	PRJNA1071982	SAMN39878560	SRX23710402	MFD10928.fa			
MFD10929	PRJNA1071982	SAMN39875008	SRX23710403	MFD10929.fa			
MFD10930	PRJNA1071982	SAMN39874958	SRX23710404	MFD10930.fa			
MFD10931	PRJNA1071982	SAMN39875045	SRX23710405	MFD10931.fa			
MFD10932	PRJNA1071982	SAMN39878635	SRX23710406	MFD10932.fa			
MFD10933	PRJNA1071982	SAMN39874982	SRX23710407	MFD10933.fa			
MFD10934	PRJNA1071982	SAMN39875014	SRX23710408	MFD10934.fa			
MFD10935	PRJNA1071982	SAMN39878579	SRX23710410	MFD10935.fa			
MFD10937	PRJNA1071982	SAMN39878531	SRX23710411	MFD10937.fa			
MFD10938	PRJNA1071982	SAMN39874972	SRX23710412	MFD10938.fa			
MFD10939	PRJNA1071982	SAMN39878636	SRX23710413	MFD10939.fa			
MFD10940	PRJNA1071982	SAMN39875065	SRX23710414	MFD10940.fa			
MFD10941	PRJNA1071982	SAMN39874962	SRX23710415	MFD10941.fa			
MFD10944	PRJNA1071982	SAMN39874618	SRX23710416	MFD10944.fa	SRX23628073	SRX23628072	
MFD10945	PRJNA1071982	SAMN39874619	SRX23710417	MFD10945.fa	SRX23628075	SRX23628074	
MFD10946	PRJNA1071982	SAMN39874620	SRX23710418	MFD10946.fa			
MFD10947	PRJNA1071982	SAMN39874621	SRX23710419	MFD10947.fa			
MFD10948	PRJNA1071982	SAMN39874622	SRX23710422	MFD10948.fa			
MFD10949	PRJNA1071982	SAMN39874623	SRX23710423	MFD10949.fa			
MFD10950	PRJNA1071982	SAMN39874624	SRX23710424	MFD10950.fa			
MFD10951	PRJNA1071982	SAMN39874625	SRX23710425	MFD10951.fa			
MFD10952	PRJNA1071982	SAMN39874626	SRX23710426	MFD10952.fa			
MFD10953	PRJNA1071982	SAMN39874627	SRX23710427	MFD10953.fa			
MFD10954	PRJNA1071982	SAMN39874628	SRX23710428	MFD10954.fa			
MFD10955	PRJNA1071982	SAMN39874629	SRX23710429	MFD10955.fa	SRX23628077	SRX23628076	
MFD10956	PRJNA1071982	SAMN39874630	SRX23710430	MFD10956.fa			
MFD10957	PRJNA1071982	SAMN39874631	SRX23710431	MFD10957.fa			
MFD10958	PRJNA1071982	SAMN39874632	SRX23710433	MFD10958.fa			
MFD10959	PRJNA1071982	SAMN39874633	SRX23710434	MFD10959.fa			
MFD10960	PRJNA1071982	SAMN39874634	SRX23710435	MFD10960.fa			
MFD10961	PRJNA1071982	SAMN39874635	SRX23710436	MFD10961.fa			
MFD10962	PRJNA1071982	SAMN39874636	SRX23710437	MFD10962.fa	SRX23628079	SRX23628078	
MFD10963	PRJNA1071982	SAMN39874637	SRX23710438	MFD10963.fa			
MFD10964	PRJNA1071982	SAMN39874638	SRX23710439	MFD10964.fa			
MFD10965	PRJNA1071982	SAMN39874639	SRX23710440	MFD10965.fa			
MFD10966	PRJNA1071982	SAMN39874640	SRX23710441	MFD10966.fa			
MFD10967	PRJNA1071982	SAMN39874641	SRX23710442	MFD10967.fa			
MFD10968	PRJNA1071982	SAMN39874642	SRX23710444	MFD10968.fa			
MFD10969	PRJNA1071982	SAMN39878509	SRX23710445	MFD10969.fa			
MFD10970	PRJNA1071982	SAMN39875038	SRX23710712	MFD10970.fa			
MFD10971	PRJNA1071982	SAMN39875062	SRX23710713	MFD10971.fa			
MFD10972	PRJNA1071982	SAMN39878589	SRX23710714	MFD10972.fa			
MFD10973	PRJNA1071982	SAMN39878602	SRX23710715	MFD10973.fa			
MFD10974	PRJNA1071982	SAMN39875013	SRX23710716	MFD10974.fa			
MFD10976	PRJNA1071982	SAMN39875016	SRX23710717	MFD10976.fa			
MFD10977	PRJNA1071982	SAMN39875057	SRX23710718	MFD10977.fa			
MFD10978	PRJNA1071982	SAMN39875058	SRX23710719	MFD10978.fa			
MFD10979	PRJNA1071982	SAMN39875075	SRX23710721	MFD10979.fa			
MFD10980	PRJNA1071982	SAMN39878595	SRX23710722	MFD10980.fa			
MFD10981	PRJNA1071982	SAMN39878551	SRX23710723	MFD10981.fa			
MFD10982	PRJNA1071982	SAMN39878590	SRX23710724	MFD10982.fa			
MFD10983	PRJNA1071982	SAMN39878616	SRX23710725	MFD10983.fa			
MFD10984	PRJNA1071982	SAMN39875073	SRX23710726	MFD10984.fa			
MFD10985	PRJNA1071982	SAMN39878618	SRX23710727	MFD10985.fa			
MFD10986	PRJNA1071982	SAMN39875030	SRX23710728	MFD10986.fa			
MFD10987	PRJNA1071982	SAMN39875011	SRX23710729	MFD10987.fa			
MFD10988	PRJNA1071982	SAMN39878603	SRX23710730	MFD10988.fa			
MFD10989	PRJNA1071982	SAMN39875056	SRX23710732	MFD10989.fa			
MFD10990	PRJNA1071982	SAMN39875044	SRX23710733	MFD10990.fa			
MFD10991	PRJNA1071982	SAMN39878591	SRX23710734	MFD10991.fa			
MFD10992	PRJNA1071982	SAMN39878585	SRX23710735	MFD10992.fa			
MFD10994	PRJNA1071982	SAMN39875006	SRX23710736	MFD10994.fa			
MFD10995	PRJNA1071982	SAMN39878593	SRX23710737	MFD10995.fa			
MFD10996	PRJNA1071982	SAMN39875061	SRX23710738	MFD10996.fa			
MFD10997	PRJNA1071982	SAMN39878592	SRX23710739	MFD10997.fa			
MFD10998	PRJNA1071982	SAMN39878588	SRX23710528	MFD10998.fa			
MFD10999	PRJNA1071982	SAMN39875080	SRX23710529	MFD10999.fa			
MFD11000	PRJNA1071982	SAMN39875066	SRX23710531	MFD11000.fa			
MFD11001	PRJNA1071982	SAMN39875074	SRX23710532	MFD11001.fa			
MFD11002	PRJNA1071982	SAMN39875020	SRX23710533	MFD11002.fa			
MFD11004	PRJNA1071982	SAMN39875040	SRX23710534	MFD11004.fa			
MFD11005	PRJNA1071982	SAMN39878584	SRX23710535	MFD11005.fa			
MFD11006	PRJNA1071982	SAMN39878553	SRX23710536	MFD11006.fa			
MFD11007	PRJNA1071982	SAMN39875067	SRX23710537	MFD11007.fa			
MFD11008	PRJNA1071982	SAMN39878552	SRX23710538	MFD11008.fa			
MFD11009	PRJNA1071982	SAMN39878498	SRX23710539	MFD11009.fa			
MFD11010	PRJNA1071982	SAMN39875023	SRX23710540	MFD11010.fa			
MFD11011	PRJNA1071982	SAMN39875005	SRX23710542	MFD11011.fa			
MFD11012	PRJNA1071982	SAMN39875017	SRX23710543	MFD11012.fa			
MFD11013	PRJNA1071982	SAMN39875034	SRX23710544	MFD11013.fa			
MFD11014	PRJNA1071982	SAMN39875078	SRX23710545	MFD11014.fa			
MFD11015	PRJNA1071982	SAMN39878556	SRX23710546	MFD11015.fa			
MFD11016	PRJNA1071982	SAMN39878507	SRX23710547	MFD11016.fa			
MFD11017	PRJNA1071982	SAMN39875041	SRX23710548	MFD11017.fa			
MFD11018	PRJNA1071982	SAMN39878619	SRX23712344	MFD11018.fa			
MFD11019	PRJNA1071982	SAMN39875035	SRX23712345	MFD11019.fa			
MFD11020	PRJNA1071982	SAMN39875055	SRX23712004	MFD11020.fa			
MFD11021	PRJNA1071982	SAMN39878610	SRX23712632	MFD11021.fa			
MFD11022	PRJNA1071982	SAMN39875002	SRX23712222	MFD11022.fa			
MFD11023	PRJNA1071982	SAMN39878611	SRX23711830	MFD11023.fa			
MFD11024	PRJNA1071982	SAMN39874964	SRX23712505	MFD11024.fa			
MFD11025	PRJNA1071982	SAMN39878587	SRX23711912	MFD11025.fa			
MFD11026	PRJNA1071982	SAMN39875025	SRX23712325	MFD11026.fa			
MFD11027	PRJNA1071982	SAMN39878554	SRX23712581	MFD11027.fa			
MFD11029	PRJNA1071982	SAMN39875047	SRX23712346	MFD11029.fa			
MFD11030	PRJNA1071982	SAMN39875048	SRX23712369	MFD11030.fa			
MFD11031	PRJNA1071982	SAMN39875077	SRX23712358	MFD11031.fa			
MFD11032	PRJNA1071982	SAMN39875024	SRX23712607	MFD11032.fa			
MFD11033	PRJNA1071982	SAMN39878608	SRX23712596	MFD11033.fa			
MFD11034	PRJNA1071982	SAMN39874999	SRX23712392	MFD11034.fa			
MFD11035	PRJNA1071982	SAMN39878506	SRX23712381	MFD11035.fa			
MFD11036	PRJNA1071982	SAMN39875059	SRX23711991	MFD11036.fa			
MFD11037	PRJNA1071982	SAMN39875072	SRX23712403	MFD11037.fa			
MFD11038	PRJNA1071982	SAMN39875064	SRX23712154	MFD11038.fa			
MFD11039	PRJNA1071982	SAMN39878606	SRX23712005	MFD11039.fa			
MFD11040	PRJNA1071982	SAMN39874963	SRX23712175	MFD11040.fa			
MFD11042	PRJNA1071982	SAMN39875018	SRX23712163	MFD11042.fa			
MFD11043	PRJNA1071982	SAMN39875019	SRX23712423	MFD11043.fa			
MFD11046	PRJNA1071982	SAMN39875052	SRX23712413	MFD11046.fa			
MFD11047	PRJNA1071982	SAMN39875037	SRX23712023	MFD11047.fa			
MFD11048	PRJNA1071982	SAMN39878586	SRX23712012	MFD11048.fa			
MFD11049	PRJNA1071982	SAMN39878609	SRX23712621	MFD11049.fa			
MFD11051	PRJNA1071982	SAMN39875043	SRX23712034	MFD11051.fa			
MFD11053	PRJNA1071982	SAMN39878502	SRX23712179	MFD11053.fa			
MFD11054	PRJNA1071982	SAMN39875022	SRX23712633	MFD11054.fa			
MFD11055	PRJNA1071982	SAMN39878614	SRX23712203	MFD11055.fa			
MFD11056	PRJNA1071982	SAMN39875079	SRX23712191	MFD11056.fa			
MFD11057	PRJNA1071982	SAMN39875054	SRX23712454	MFD11057.fa			
MFD11058	PRJNA1071982	SAMN39878508	SRX23712443	MFD11058.fa			
MFD11059	PRJNA1071982	SAMN39875036	SRX23711772	MFD11059.fa			
MFD11060	PRJNA1071982	SAMN39875028	SRX23711760	MFD11060.fa			
MFD11061	PRJNA1071982	SAMN39878601	SRX23712212	MFD11061.fa			
MFD11062	PRJNA1071982	SAMN39878510	SRX23711781	MFD11062.fa			
MFD11063	PRJNA1071982	SAMN39874960	SRX23712036	MFD11063.fa			
MFD11064	PRJNA1071982	SAMN39878503	SRX23712223	MFD11064.fa			
MFD11065	PRJNA1071982	SAMN39875026	SRX23712058	MFD11065.fa			
MFD11066	PRJNA1071982	SAMN39875015	SRX23712049	MFD11066.fa			
MFD11067	PRJNA1071982	SAMN39875027	SRX23711801	MFD11067.fa			
MFD11069	PRJNA1071982	SAMN39878594	SRX23711790	MFD11069.fa			
MFD11070	PRJNA1071982	SAMN39878596	SRX23711803	MFD11070.fa			
MFD11071	PRJNA1071982	SAMN39878600	SRX23712066	MFD11071.fa			
MFD11072	PRJNA1071982	SAMN39878607	SRX23712077	MFD11072.fa			
MFD11073	PRJNA1071982	SAMN39878613	SRX23712088	MFD11073.fa			
MFD11074	PRJNA1071982	SAMN39878555	SRX23711819	MFD11074.fa			
MFD11075	PRJNA1071982	SAMN39878617	SRX23711831	MFD11075.fa			
MFD11076	PRJNA1071982	SAMN39875007	SRX23712232	MFD11076.fa			
MFD11077	PRJNA1071982	SAMN39878512	SRX23712243	MFD11077.fa			
MFD11078	PRJNA1071982	SAMN39875050	SRX23712257	MFD11078.fa			
MFD11079	PRJNA1071982	SAMN39878605	SRX23712468	MFD11079.fa			
MFD11080	PRJNA1071982	SAMN39875053	SRX23712478	MFD11080.fa			
MFD11081	PRJNA1071982	SAMN39875009	SRX23711841	MFD11081.fa			
MFD11082	PRJNA1071982	SAMN39875076	SRX23711853	MFD11082.fa			
MFD11083	PRJNA1071982	SAMN39875000	SRX23711864	MFD11083.fa			
MFD11084	PRJNA1071982	SAMN39875060	SRX23712494	MFD11084.fa			
MFD11085	PRJNA1071982	SAMN39875069	SRX23712506	MFD11085.fa			
MFD11087	PRJNA1071982	SAMN39878499	SRX23711870	MFD11087.fa			
MFD11088	PRJNA1071982	SAMN39878505	SRX23711881	MFD11088.fa			
MFD11090	PRJNA1071982	SAMN39875049	SRX23711890	MFD11090.fa			
MFD11091	PRJNA1071982	SAMN39878612	SRX23712265	MFD11091.fa			
MFD11092	PRJNA1071982	SAMN39875070	SRX23712277	MFD11092.fa			
MFD11093	PRJNA1071982	SAMN39878550	SRX23712092	MFD11093.fa			
MFD11094	PRJNA1071982	SAMN39878604	SRX23712103	MFD11094.fa			
MFD11095	PRJNA1071982	SAMN39875031	SRX23712114	MFD11095.fa			
MFD11096	PRJNA1071982	SAMN39878615	SRX23711901	MFD11096.fa			
MFD11097	PRJNA1071982	SAMN39878597	SRX23711913	MFD11097.fa			
MFD11098	PRJNA1071982	SAMN39878598	SRX23712290	MFD11098.fa			
MFD12000	PRJNA1071982	SAMN39874643	SRX23712301	MFD12000.fa			
MFD12001	PRJNA1071982	SAMN39874644	SRX23712310	MFD12001.fa			
MFD12002	PRJNA1071982	SAMN39874645	SRX23712521	MFD12002.fa			
MFD12003	PRJNA1071982	SAMN39874646	SRX23712531	MFD12003.fa			
MFD12004	PRJNA1071982	SAMN39874647	SRX23712542	MFD12004.fa			
MFD12005	PRJNA1071982	SAMN39874648	SRX23711934	MFD12005.fa			
MFD12006	PRJNA1071982	SAMN39874649	SRX23712130	MFD12006.fa			
MFD12007	PRJNA1071982	SAMN39874650	SRX23711951	MFD12007.fa			
MFD12008	PRJNA1071982	SAMN39874651	SRX23712326	MFD12008.fa			
MFD12009	PRJNA1071982	SAMN39874652	SRX23712146	MFD12009.fa			
MFD12010	PRJNA1071982	SAMN39874653	SRX23712343	MFD12010.fa	SRX23628082	SRX23628081	
MFD12011	PRJNA1071982	SAMN39874654	SRX23712334	MFD12011.fa			
MFD12012	PRJNA1071982	SAMN39874655	SRX23712582	MFD12012.fa			
MFD12013	PRJNA1071982	SAMN39874656	SRX23712551	MFD12013.fa			
MFD12014	PRJNA1071982	SAMN39874657	SRX23712574	MFD12014.fa			
MFD12015	PRJNA1071982	SAMN39874658	SRX23711971	MFD12015.fa			
MFD12016	PRJNA1071982	SAMN39874659	SRX23711957	MFD12016.fa			
MFD12017	PRJNA1071982	SAMN39874660	SRX23712580	MFD12017.fa	SRX23628084	SRX23628083	
MFD12018	PRJNA1071982	SAMN39874661	SRX23711979	MFD12018.fa			
MFD12019	PRJNA1071982	SAMN39874662	SRX23711965	MFD12019.fa			
MFD12020	PRJNA1071982	SAMN39874663	SRX23711960	MFD12020.fa			
MFD12021	PRJNA1071982	SAMN39874664	SRX23711961	MFD12021.fa			
MFD12022	PRJNA1071982	SAMN39874665	SRX23711975	MFD12022.fa			
MFD12023	PRJNA1071982	SAMN39874666	SRX23711976	MFD12023.fa			
MFD12024	PRJNA1071982	SAMN39874667	SRX23711977	MFD12024.fa			
MFD12025	PRJNA1071982	SAMN39874668	SRX23711978	MFD12025.fa			
MFD12026	PRJNA1071982	SAMN39874669	SRX23712575	MFD12026.fa			
MFD12027	PRJNA1071982	SAMN39874670	SRX23712577	MFD12027.fa	SRX23628086	SRX23628085	
MFD12029	PRJNA1071982	SAMN39874671	SRX23712354	MFD12029.fa			
MFD12030	PRJNA1071982	SAMN39874672	SRX23712353	MFD12030.fa			
MFD12031	PRJNA1071982	SAMN39874673	SRX23712352	MFD12031.fa			
MFD12032	PRJNA1071982	SAMN39874674	SRX23712351	MFD12032.fa			
MFD12033	PRJNA1071982	SAMN39874675	SRX23712350	MFD12033.fa			
MFD12034	PRJNA1071982	SAMN39874676	SRX23712349	MFD12034.fa			
MFD12035	PRJNA1071982	SAMN39874677	SRX23712348	MFD12035.fa			
MFD12036	PRJNA1071982	SAMN39874678	SRX23712347	MFD12036.fa			
MFD12037	PRJNA1071982	SAMN39874679	SRX23712371	MFD12037.fa			
MFD12038	PRJNA1071982	SAMN39874680	SRX23712370	MFD12038.fa			
MFD12039	PRJNA1071982	SAMN39874681	SRX23712368	MFD12039.fa			
MFD12040	PRJNA1071982	SAMN39874682	SRX23712367	MFD12040.fa			
MFD12041	PRJNA1071982	SAMN39874683	SRX23712366	MFD12041.fa			
MFD12042	PRJNA1071982	SAMN39874684	SRX23712365	MFD12042.fa			
MFD12043	PRJNA1071982	SAMN39874685	SRX23712364	MFD12043.fa			
MFD12044	PRJNA1071982	SAMN39874686	SRX23712363	MFD12044.fa			
MFD12045	PRJNA1071982	SAMN39874687	SRX23712362	MFD12045.fa			
MFD12046	PRJNA1071982	SAMN39874688	SRX23712361	MFD12046.fa			
MFD12047	PRJNA1071982	SAMN39874689	SRX23712360	MFD12047.fa			
MFD12048	PRJNA1071982	SAMN39874690	SRX23712359	MFD12048.fa			
MFD12049	PRJNA1071982	SAMN39874691	SRX23712357	MFD12049.fa			
MFD12050	PRJNA1071982	SAMN39874692	SRX23712356	MFD12050.fa			
MFD12051	PRJNA1071982	SAMN39874693	SRX23712355	MFD12051.fa			
MFD12052	PRJNA1071982	SAMN39874694	SRX23712372	MFD12052.fa			
MFD12053	PRJNA1071982	SAMN39874695	SRX23712373	MFD12053.fa			
MFD12054	PRJNA1071982	SAMN39874696	SRX23712374	MFD12054.fa			
MFD12055	PRJNA1071982	SAMN39874697	SRX23712375	MFD12055.fa			
MFD12056	PRJNA1071982	SAMN39874698	SRX23712584	MFD12056.fa			
MFD12057	PRJNA1071982	SAMN39874699	SRX23712585	MFD12057.fa			
MFD12058	PRJNA1071982	SAMN39874700	SRX23712606	MFD12058.fa			
MFD12059	PRJNA1071982	SAMN39874701	SRX23712586	MFD12059.fa			
MFD12060	PRJNA1071982	SAMN39874702	SRX23712587	MFD12060.fa			
MFD12061	PRJNA1071982	SAMN39874703	SRX23712588	MFD12061.fa			
MFD12062	PRJNA1071982	SAMN39874704	SRX23712589	MFD12062.fa			
MFD12063	PRJNA1071982	SAMN39874705	SRX23712590	MFD12063.fa			
MFD12064	PRJNA1071982	SAMN39874706	SRX23712591	MFD12064.fa			
MFD12065	PRJNA1071982	SAMN39874707	SRX23712592	MFD12065.fa			
MFD12066	PRJNA1071982	SAMN39874708	SRX23712593	MFD12066.fa			
MFD12067	PRJNA1071982	SAMN39874709	SRX23712594	MFD12067.fa			
MFD12068	PRJNA1071982	SAMN39874710	SRX23712595	MFD12068.fa			
MFD12069	PRJNA1071982	SAMN39874711	SRX23712597	MFD12069.fa			
MFD12070	PRJNA1071982	SAMN39874712	SRX23712598	MFD12070.fa			
MFD12071	PRJNA1071982	SAMN39874713	SRX23712599	MFD12071.fa			
MFD12072	PRJNA1071982	SAMN39874714	SRX23712600	MFD12072.fa			
MFD12073	PRJNA1071982	SAMN39874715	SRX23712601	MFD12073.fa			
MFD12074	PRJNA1071982	SAMN39874716	SRX23712602	MFD12074.fa			
MFD12075	PRJNA1071982	SAMN39874717	SRX23712603	MFD12075.fa			
MFD12076	PRJNA1071982	SAMN39874718	SRX23712604	MFD12076.fa			
MFD12077	PRJNA1071982	SAMN39874719	SRX23712605	MFD12077.fa			
MFD12078	PRJNA1071982	SAMN39874720	SRX23712391	MFD12078.fa			
MFD12079	PRJNA1071982	SAMN39874721	SRX23712393	MFD12079.fa	SRX23628088	SRX23628087	
MFD12080	PRJNA1071982	SAMN39874722	SRX23712608	MFD12080.fa			
MFD12081	PRJNA1071982	SAMN39874723	SRX23712609	MFD12081.fa			
MFD12082	PRJNA1071982	SAMN39874724	SRX23712610	MFD12082.fa			
MFD12083	PRJNA1071982	SAMN39874725	SRX23712611	MFD12083.fa			
MFD12084	PRJNA1071982	SAMN39874726	SRX23712376	MFD12084.fa			
MFD12085	PRJNA1071982	SAMN39874727	SRX23712377	MFD12085.fa	SRX23628090	SRX23628089	
MFD12086	PRJNA1071982	SAMN39874728	SRX23712378	MFD12086.fa			
MFD12087	PRJNA1071982	SAMN39874729	SRX23712379	MFD12087.fa			
MFD12088	PRJNA1071982	SAMN39874730	SRX23712380	MFD12088.fa			
MFD12089	PRJNA1071982	SAMN39874731	SRX23712382	MFD12089.fa			
MFD12090	PRJNA1071982	SAMN39874732	SRX23712383	MFD12090.fa			
MFD12091	PRJNA1071982	SAMN39874733	SRX23712384	MFD12091.fa			
MFD12092	PRJNA1071982	SAMN39874734	SRX23712385	MFD12092.fa			
MFD12093	PRJNA1071982	SAMN39874735	SRX23712386	MFD12093.fa			
MFD12094	PRJNA1071982	SAMN39874736	SRX23712387	MFD12094.fa			
MFD12095	PRJNA1071982	SAMN39874737	SRX23712388	MFD12095.fa			
MFD12096	PRJNA1071982	SAMN39874738	SRX23712389	MFD12096.fa			
MFD12097	PRJNA1071982	SAMN39874739	SRX23712390	MFD12097.fa			
MFD12098	PRJNA1071982	SAMN39874740	SRX23711989	MFD12098.fa			
MFD12099	PRJNA1071982	SAMN39874741	SRX23711992	MFD12099.fa			
MFD12100	PRJNA1071982	SAMN39874742	SRX23712394	MFD12100.fa			
MFD12101	PRJNA1071982	SAMN39874743	SRX23712395	MFD12101.fa			
MFD12102	PRJNA1071982	SAMN39874744	SRX23712396	MFD12102.fa			
MFD12103	PRJNA1071982	SAMN39874745	SRX23712397	MFD12103.fa			
MFD12104	PRJNA1071982	SAMN39874746	SRX23712398	MFD12104.fa			
MFD12105	PRJNA1071982	SAMN39874747	SRX23712399	MFD12105.fa			
MFD12106	PRJNA1071982	SAMN39874748	SRX23712400	MFD12106.fa			
MFD12107	PRJNA1071982	SAMN39874749	SRX23712401	MFD12107.fa			
MFD12108	PRJNA1071982	SAMN39874750	SRX23712402	MFD12108.fa			
MFD12109	PRJNA1071982	SAMN39874751	SRX23711980	MFD12109.fa			
MFD12110	PRJNA1071982	SAMN39874752	SRX23711981	MFD12110.fa			
MFD12111	PRJNA1071982	SAMN39874753	SRX23711982	MFD12111.fa			
MFD12112	PRJNA1071982	SAMN39874754	SRX23711983	MFD12112.fa			
MFD12113	PRJNA1071982	SAMN39874755	SRX23711984	MFD12113.fa			
MFD12114	PRJNA1071982	SAMN39879082	SRX23711985	MFD12114.fa			
MFD12115	PRJNA1071982	SAMN39879083	SRX23711986	MFD12115.fa			
MFD12116	PRJNA1071982	SAMN39879084	SRX23711987	MFD12116.fa			
MFD12117	PRJNA1071982	SAMN39879085	SRX23711988	MFD12117.fa			
MFD12118	PRJNA1071982	SAMN39879086	SRX23711990	MFD12118.fa	SRX23628093	SRX23628092	
MFD12119	PRJNA1071982	SAMN39879087	SRX23712155	MFD12119.fa			
MFD12120	PRJNA1071982	SAMN39879088	SRX23711993	MFD12120.fa			
MFD12121	PRJNA1071982	SAMN39879089	SRX23711994	MFD12121.fa			
MFD12122	PRJNA1071982	SAMN39879090	SRX23711995	MFD12122.fa			
MFD12123	PRJNA1071982	SAMN39879091	SRX23711996	MFD12123.fa			
MFD12124	PRJNA1071982	SAMN39879092	SRX23711997	MFD12124.fa	SRX23628095	SRX23628094	
MFD12125	PRJNA1071982	SAMN39879093	SRX23711998	MFD12125.fa			
MFD12126	PRJNA1071982	SAMN39879094	SRX23711999	MFD12126.fa			
MFD12127	PRJNA1071982	SAMN39879095	SRX23712002	MFD12127.fa			
MFD12128	PRJNA1071982	SAMN39879096	SRX23712003	MFD12128.fa			
MFD12129	PRJNA1071982	SAMN39879097	SRX23712006	MFD12129.fa			
MFD12130	PRJNA1071982	SAMN39879098	SRX23712007	MFD12130.fa			
MFD12131	PRJNA1071982	SAMN39879099	SRX23712148	MFD12131.fa			
MFD12133	PRJNA1071982	SAMN39879100	SRX23712149	MFD12133.fa			
MFD12134	PRJNA1071982	SAMN39879101	SRX23712150	MFD12134.fa			
MFD12135	PRJNA1071982	SAMN39879102	SRX23712151	MFD12135.fa			
MFD12136	PRJNA1071982	SAMN39879103	SRX23712152	MFD12136.fa			
MFD12137	PRJNA1071982	SAMN39879104	SRX23712153	MFD12137.fa			
MFD12138	PRJNA1071982	SAMN39879105	SRX23712173	MFD12138.fa			
MFD12139	PRJNA1071982	SAMN39879106	SRX23712174	MFD12139.fa			
MFD12140	PRJNA1071982	SAMN39879107	SRX23712404	MFD12140.fa			
MFD12141	PRJNA1071982	SAMN39879108	SRX23712156	MFD12141.fa			
MFD12142	PRJNA1071982	SAMN39879109	SRX23712157	MFD12142.fa	SRX23628097	SRX23628096	
MFD12143	PRJNA1071982	SAMN39879110	SRX23712158	MFD12143.fa			
MFD12144	PRJNA1071982	SAMN39879111	SRX23712159	MFD12144.fa			
MFD12145	PRJNA1071982	SAMN39879112	SRX23712160	MFD12145.fa			
MFD12146	PRJNA1071982	SAMN39879113	SRX23712161	MFD12146.fa			
MFD12147	PRJNA1071982	SAMN39879114	SRX23712000	MFD12147.fa			
MFD12148	PRJNA1071982	SAMN39879115	SRX23712001	MFD12148.fa			
MFD12149	PRJNA1071982	SAMN39879116	SRX23712162	MFD12149.fa			
MFD12150	PRJNA1071982	SAMN39879117	SRX23712164	MFD12150.fa			
MFD12151	PRJNA1071982	SAMN39879118	SRX23712165	MFD12151.fa			
MFD12152	PRJNA1071982	SAMN39879119	SRX23712166	MFD12152.fa			
MFD12153	PRJNA1071982	SAMN39879120	SRX23712167	MFD12153.fa			
MFD12154	PRJNA1071982	SAMN39879121	SRX23712168	MFD12154.fa			
MFD12155	PRJNA1071982	SAMN39879122	SRX23712169	MFD12155.fa			
MFD12156	PRJNA1071982	SAMN39879123	SRX23712170	MFD12156.fa			
MFD12157	PRJNA1071982	SAMN39879124	SRX23712171	MFD12157.fa			
MFD12158	PRJNA1071982	SAMN39879125	SRX23712172	MFD12158.fa	SRX23627843	SRX23628098	
MFD12159	PRJNA1071982	SAMN39879126	SRX23712422	MFD12159.fa			
MFD12160	PRJNA1071982	SAMN39879127	SRX23712425	MFD12160.fa			
MFD12161	PRJNA1071982	SAMN39879128	SRX23712426	MFD12161.fa			
MFD12162	PRJNA1071982	SAMN39879129	SRX23712405	MFD12162.fa			
MFD12163	PRJNA1071982	SAMN39879130	SRX23712406	MFD12163.fa			
MFD12164	PRJNA1071982	SAMN39879131	SRX23712407	MFD12164.fa			
MFD12165	PRJNA1071982	SAMN39879132	SRX23712408	MFD12165.fa			
MFD12166	PRJNA1071982	SAMN39879133	SRX23712409	MFD12166.fa			
MFD12167	PRJNA1071982	SAMN39879134	SRX23712410	MFD12167.fa			
MFD12168	PRJNA1071982	SAMN39879135	SRX23712411	MFD12168.fa			
MFD12169	PRJNA1071982	SAMN39879136	SRX23712412	MFD12169.fa			
MFD12170	PRJNA1071982	SAMN39879137	SRX23712414	MFD12170.fa			
MFD12171	PRJNA1071982	SAMN39879138	SRX23712415	MFD12171.fa			
MFD12172	PRJNA1071982	SAMN39879139	SRX23712416	MFD12172.fa			
MFD12173	PRJNA1071982	SAMN39879140	SRX23712417	MFD12173.fa			
MFD12174	PRJNA1071982	SAMN39879141	SRX23712418	MFD12174.fa			
MFD12175	PRJNA1071982	SAMN39879142	SRX23712419	MFD12175.fa			
MFD12176	PRJNA1071982	SAMN39879143	SRX23712420	MFD12176.fa			
MFD12177	PRJNA1071982	SAMN39879144	SRX23712421	MFD12177.fa			
MFD12178	PRJNA1071982	SAMN39879145	SRX23712424	MFD12178.fa			
MFD12179	PRJNA1071982	SAMN39879146	SRX23712022	MFD12179.fa			
MFD12180	PRJNA1071982	SAMN39879147	SRX23712024	MFD12180.fa			
MFD12181	PRJNA1071982	SAMN39879150	SRX23712427	MFD12181.fa			
MFD12182	PRJNA1071982	SAMN39879151	SRX23712428	MFD12182.fa			
MFD12183	PRJNA1071982	SAMN39879152	SRX23712429	MFD12183.fa			
MFD12184	PRJNA1071982	SAMN39879153	SRX23712430	MFD12184.fa			
MFD12185	PRJNA1071982	SAMN39879154	SRX23712431	MFD12185.fa			
MFD12186	PRJNA1071982	SAMN39879155	SRX23712008	MFD12186.fa			
MFD12187	PRJNA1071982	SAMN39879148	SRX23712009	MFD12187.fa			
MFD12188	PRJNA1071982	SAMN39879149	SRX23712010	MFD12188.fa			
MFD12189	PRJNA1071982	SAMN39878652	SRX23712011	MFD12189.fa			
MFD12190	PRJNA1071982	SAMN39878653	SRX23712013	MFD12190.fa			
MFD12191	PRJNA1071982	SAMN39878654	SRX23712014	MFD12191.fa			
MFD12192	PRJNA1071982	SAMN39878655	SRX23712015	MFD12192.fa			
MFD12193	PRJNA1071982	SAMN39878656	SRX23712016	MFD12193.fa			
MFD12194	PRJNA1071982	SAMN39878657	SRX23712017	MFD12194.fa			
MFD12195	PRJNA1071982	SAMN39878658	SRX23712018	MFD12195.fa			
MFD12196	PRJNA1071982	SAMN39878659	SRX23712019	MFD12196.fa			
MFD12197	PRJNA1071982	SAMN39878660	SRX23712020	MFD12197.fa			
MFD12198	PRJNA1071982	SAMN39878661	SRX23712021	MFD12198.fa			
MFD12199	PRJNA1071982	SAMN39878662	SRX23712620	MFD12199.fa			
MFD12200	PRJNA1071982	SAMN39878663	SRX23712622	MFD12200.fa			
MFD12201	PRJNA1071982	SAMN39878664	SRX23712025	MFD12201.fa			
MFD12202	PRJNA1071982	SAMN39878665	SRX23712026	MFD12202.fa			
MFD12203	PRJNA1071982	SAMN39878666	SRX23712027	MFD12203.fa			
MFD12204	PRJNA1071982	SAMN39878667	SRX23712028	MFD12204.fa			
MFD12205	PRJNA1071982	SAMN39878668	SRX23712029	MFD12205.fa			
MFD12206	PRJNA1071982	SAMN39878669	SRX23712030	MFD12206.fa			
MFD12207	PRJNA1071982	SAMN39878670	SRX23712031	MFD12207.fa			
MFD12208	PRJNA1071982	SAMN39878671	SRX23712032	MFD12208.fa			
MFD12209	PRJNA1071982	SAMN39879156	SRX23712033	MFD12209.fa			
MFD12210	PRJNA1071982	SAMN39879157	SRX23712035	MFD12210.fa			
MFD12211	PRJNA1071982	SAMN39879158	SRX23712612	MFD12211.fa			
MFD12212	PRJNA1071982	SAMN39879159	SRX23712613	MFD12212.fa			
MFD12213	PRJNA1071982	SAMN39879160	SRX23712614	MFD12213.fa			
MFD12214	PRJNA1071982	SAMN39879161	SRX23712615	MFD12214.fa			
MFD12215	PRJNA1071982	SAMN39879162	SRX23712616	MFD12215.fa			
MFD12216	PRJNA1071982	SAMN39879163	SRX23712617	MFD12216.fa			
MFD12217	PRJNA1071982	SAMN39879164	SRX23712618	MFD12217.fa			
MFD12218	PRJNA1071982	SAMN39879165	SRX23712619	MFD12218.fa			
MFD12219	PRJNA1071982	SAMN39879166	SRX23712178	MFD12219.fa			
MFD12220	PRJNA1071982	SAMN39879167	SRX23712180	MFD12220.fa			
MFD12221	PRJNA1071982	SAMN39879168	SRX23712623	MFD12221.fa			
MFD12222	PRJNA1071982	SAMN39879169	SRX23712624	MFD12222.fa			
MFD12223	PRJNA1071982	SAMN39879170	SRX23712625	MFD12223.fa			
MFD12224	PRJNA1071982	SAMN39879171	SRX23712626	MFD12224.fa			
MFD12225	PRJNA1071982	SAMN39879172	SRX23712627	MFD12225.fa			
MFD12226	PRJNA1071982	SAMN39879173	SRX23712628	MFD12226.fa			
MFD12401	PRJNA1071982	SAMN39874756	SRX23712629	MFD12401.fa			
MFD12402	PRJNA1071982	SAMN39874757	SRX23712630	MFD12402.fa			
MFD12403	PRJNA1071982	SAMN39874758	SRX23712631	MFD12403.fa			
MFD12404	PRJNA1071982	SAMN39874759	SRX23712634	MFD12404.fa			
MFD12405	PRJNA1071982	SAMN39874760	SRX23712635	MFD12405.fa			
MFD12406	PRJNA1071982	SAMN39874761	SRX23712636	MFD12406.fa			
MFD12407	PRJNA1071982	SAMN39874762	SRX23712637	MFD12407.fa			
MFD12408	PRJNA1071982	SAMN39874763	SRX23712638	MFD12408.fa			
MFD12409	PRJNA1071982	SAMN39874764	SRX23712639	MFD12409.fa			
MFD12410	PRJNA1071982	SAMN39874765	SRX23712176	MFD12410.fa			
MFD12411	PRJNA1071982	SAMN39874766	SRX23712177	MFD12411.fa			
MFD12412	PRJNA1071982	SAMN39874767	SRX23712200	MFD12412.fa			
MFD12413	PRJNA1071982	SAMN39874768	SRX23712202	MFD12413.fa			
MFD12414	PRJNA1071982	SAMN39874769	SRX23712181	MFD12414.fa			
MFD12415	PRJNA1071982	SAMN39874770	SRX23712182	MFD12415.fa			
MFD12416	PRJNA1071982	SAMN39874771	SRX23712183	MFD12416.fa			
MFD12417	PRJNA1071982	SAMN39874772	SRX23712184	MFD12417.fa			
MFD12418	PRJNA1071982	SAMN39874773	SRX23712185	MFD12418.fa			
MFD12419	PRJNA1071982	SAMN39874774	SRX23712186	MFD12419.fa			
MFD12420	PRJNA1071982	SAMN39874775	SRX23712187	MFD12420.fa			
MFD12421	PRJNA1071982	SAMN39874776	SRX23712188	MFD12421.fa			
MFD12422	PRJNA1071982	SAMN39874777	SRX23712189	MFD12422.fa			
MFD12423	PRJNA1071982	SAMN39874778	SRX23712190	MFD12423.fa			
MFD12424	PRJNA1071982	SAMN39874779	SRX23712192	MFD12424.fa			
MFD12425	PRJNA1071982	SAMN39874780	SRX23712193	MFD12425.fa			
MFD12426	PRJNA1071982	SAMN39874781	SRX23712194	MFD12426.fa			
MFD12427	PRJNA1071982	SAMN39874782	SRX23712195	MFD12427.fa			
MFD12428	PRJNA1071982	SAMN39874783	SRX23712196	MFD12428.fa			
MFD12429	PRJNA1071982	SAMN39874784	SRX23712197	MFD12429.fa			
MFD12430	PRJNA1071982	SAMN39874785	SRX23712198	MFD12430.fa			
MFD12431	PRJNA1071982	SAMN39874786	SRX23712199	MFD12431.fa			
MFD12432	PRJNA1071982	SAMN39874787	SRX23712201	MFD12432.fa			
MFD12433	PRJNA1071982	SAMN39874788	SRX23712453	MFD12433.fa			
MFD12434	PRJNA1071982	SAMN39874789	SRX23712432	MFD12434.fa			
MFD12435	PRJNA1071982	SAMN39874790	SRX23712433	MFD12435.fa			
MFD12436	PRJNA1071982	SAMN39874791	SRX23712434	MFD12436.fa			
MFD12437	PRJNA1071982	SAMN39874792	SRX23712436	MFD12437.fa			
MFD12438	PRJNA1071982	SAMN39874793	SRX23712437	MFD12438.fa			
MFD12439	PRJNA1071982	SAMN39874794	SRX23712438	MFD12439.fa			
MFD12440	PRJNA1071982	SAMN39874795	SRX23712439	MFD12440.fa			
MFD12441	PRJNA1071982	SAMN39874796	SRX23712440	MFD12441.fa			
MFD12442	PRJNA1071982	SAMN39874797	SRX23712441	MFD12442.fa			
MFD12443	PRJNA1071982	SAMN39874798	SRX23712442	MFD12443.fa			
MFD12444	PRJNA1071982	SAMN39874799	SRX23712444	MFD12444.fa			
MFD12445	PRJNA1071982	SAMN39874800	SRX23712445	MFD12445.fa			
MFD12446	PRJNA1071982	SAMN39874801	SRX23712446	MFD12446.fa			
MFD12447	PRJNA1071982	SAMN39874802	SRX23712447	MFD12447.fa			
MFD12448	PRJNA1071982	SAMN39874803	SRX23712448	MFD12448.fa			
MFD12449	PRJNA1071982	SAMN39874804	SRX23712449	MFD12449.fa			
MFD12450	PRJNA1071982	SAMN39874805	SRX23712450	MFD12450.fa			
MFD12451	PRJNA1071982	SAMN39874806	SRX23712451	MFD12451.fa			
MFD12452	PRJNA1071982	SAMN39874807	SRX23712452	MFD12452.fa			
MFD12453	PRJNA1071982	SAMN39874808	SRX23711771	MFD12453.fa			
MFD12454	PRJNA1071982	SAMN39874809	SRX23711773	MFD12454.fa			
MFD12455	PRJNA1071982	SAMN39874810	SRX23712455	MFD12455.fa			
MFD12456	PRJNA1071982	SAMN39874811	SRX23712456	MFD12456.fa			
MFD12457	PRJNA1071982	SAMN39874812	SRX23712435	MFD12457.fa			
MFD12458	PRJNA1071982	SAMN39874813	SRX23712457	MFD12458.fa			
MFD12459	PRJNA1071982	SAMN39874814	SRX23712458	MFD12459.fa			
MFD12460	PRJNA1071982	SAMN39874815	SRX23712459	MFD12460.fa			
MFD12461	PRJNA1071982	SAMN39874816	SRX23712640	MFD12461.fa			
MFD12462	PRJNA1071982	SAMN39874817	SRX23711757	MFD12462.fa			
MFD12463	PRJNA1071982	SAMN39874818	SRX23711759	MFD12463.fa			
MFD12464	PRJNA1071982	SAMN39874819	SRX23711761	MFD12464.fa			
MFD12465	PRJNA1071982	SAMN39874820	SRX23711762	MFD12465.fa			
MFD12466	PRJNA1071982	SAMN39874821	SRX23711763	MFD12466.fa			
MFD12467	PRJNA1071982	SAMN39874822	SRX23711765	MFD12467.fa			
MFD12468	PRJNA1071982	SAMN39874823	SRX23711766	MFD12468.fa			
MFD12469	PRJNA1071982	SAMN39874824	SRX23711767	MFD12469.fa			
MFD12470	PRJNA1071982	SAMN39874825	SRX23711768	MFD12470.fa			
MFD12471	PRJNA1071982	SAMN39874826	SRX23711769	MFD12471.fa			
MFD12472	PRJNA1071982	SAMN39874827	SRX23711770	MFD12472.fa			
MFD12473	PRJNA1071982	SAMN39874828	SRX23712211	MFD12473.fa			
MFD12474	PRJNA1071982	SAMN39874829	SRX23712213	MFD12474.fa			
MFD12475	PRJNA1071982	SAMN39874830	SRX23712214	MFD12475.fa			
MFD12476	PRJNA1071982	SAMN39874831	SRX23711774	MFD12476.fa			
MFD12477	PRJNA1071982	SAMN39874832	SRX23711775	MFD12477.fa			
MFD12478	PRJNA1071982	SAMN39874833	SRX23711776	MFD12478.fa			
MFD12479	PRJNA1071982	SAMN39874834	SRX23711777	MFD12479.fa			
MFD12480	PRJNA1071982	SAMN39874835	SRX23711778	MFD12480.fa			
MFD12481	PRJNA1071982	SAMN39874836	SRX23711779	MFD12481.fa			
MFD12482	PRJNA1071982	SAMN39874837	SRX23711758	MFD12482.fa			
MFD12483	PRJNA1071982	SAMN39874838	SRX23711780	MFD12483.fa			
MFD12484	PRJNA1071982	SAMN39874839	SRX23711782	MFD12484.fa			
MFD12485	PRJNA1071982	SAMN39874840	SRX23711783	MFD12485.fa			
MFD12486	PRJNA1071982	SAMN39874841	SRX23712204	MFD12486.fa			
MFD12487	PRJNA1071982	SAMN39874842	SRX23711764	MFD12487.fa			
MFD12488	PRJNA1071982	SAMN39874843	SRX23712205	MFD12488.fa			
MFD12489	PRJNA1071982	SAMN39874844	SRX23712206	MFD12489.fa			
MFD12490	PRJNA1071982	SAMN39874845	SRX23712207	MFD12490.fa			
MFD12491	PRJNA1071982	SAMN39874846	SRX23712208	MFD12491.fa			
MFD12492	PRJNA1071982	SAMN39874847	SRX23712209	MFD12492.fa			
MFD12493	PRJNA1071982	SAMN39874848	SRX23712210	MFD12493.fa			
MFD12494	PRJNA1071982	SAMN39874849	SRX23712037	MFD12494.fa			
MFD12495	PRJNA1071982	SAMN39874850	SRX23712038	MFD12495.fa			
MFD12496	PRJNA1071982	SAMN39874851	SRX23712039	MFD12496.fa			
MFD12497	PRJNA1071982	SAMN39874852	SRX23712215	MFD12497.fa			
MFD12498	PRJNA1071982	SAMN39874853	SRX23712216	MFD12498.fa			
MFD12499	PRJNA1071982	SAMN39874854	SRX23712217	MFD12499.fa			
MFD12500	PRJNA1071982	SAMN39874855	SRX23712218	MFD12500.fa			
MFD12501	PRJNA1071982	SAMN39874856	SRX23712219	MFD12501.fa			
MFD12504	PRJNA1071982	SAMN39874857	SRX23712220	MFD12504.fa			
MFD12505	PRJNA1071982	SAMN39874858	SRX23712221	MFD12505.fa			
MFD12506	PRJNA1071982	SAMN39874859	SRX23712224	MFD12506.fa			
MFD12507	PRJNA1071982	SAMN39874860	SRX23712225	MFD12507.fa			
MFD12508	PRJNA1071982	SAMN39874861	SRX23712226	MFD12508.fa			
MFD12509	PRJNA1071982	SAMN39874862	SRX23712227	MFD12509.fa			
MFD12510	PRJNA1071982	SAMN39874863	SRX23712228	MFD12510.fa			
MFD12511	PRJNA1071982	SAMN39874864	SRX23712229	MFD12511.fa			
MFD12512	PRJNA1071982	SAMN39874865	SRX23712230	MFD12512.fa			
MFD12513	PRJNA1071982	SAMN39874866	SRX23712231	MFD12513.fa			
MFD12514	PRJNA1071982	SAMN39874867	SRX23712056	MFD12514.fa			
MFD12515	PRJNA1071982	SAMN39874868	SRX23712057	MFD12515.fa			
MFD12516	PRJNA1071982	SAMN39874869	SRX23712059	MFD12516.fa			
MFD12517	PRJNA1071982	SAMN39874870	SRX23712040	MFD12517.fa			
MFD12518	PRJNA1071982	SAMN39874871	SRX23712041	MFD12518.fa			
MFD12519	PRJNA1071982	SAMN39874872	SRX23712042	MFD12519.fa			
MFD12520	PRJNA1071982	SAMN39874873	SRX23712043	MFD12520.fa			
MFD12521	PRJNA1071982	SAMN39874874	SRX23712044	MFD12521.fa			
MFD12522	PRJNA1071982	SAMN39874875	SRX23712045	MFD12522.fa			
MFD12523	PRJNA1071982	SAMN39874876	SRX23712046	MFD12523.fa			
MFD12524	PRJNA1071982	SAMN39874877	SRX23712047	MFD12524.fa			
MFD12525	PRJNA1071982	SAMN39874878	SRX23712048	MFD12525.fa			
MFD12901	PRJNA1071982	SAMN39879174	SRX23712050	MFD12901.fa			
MFD12902	PRJNA1071982	SAMN39879175	SRX23712051	MFD12902.fa			
MFD12920	PRJNA1071982	SAMN39878737	SRX23712052	MFD12920.fa			
MFD12921	PRJNA1071982	SAMN39878738	SRX23712053	MFD12921.fa			
MFD12922	PRJNA1071982	SAMN39878739	SRX23712054	MFD12922.fa			
MFD12923	PRJNA1071982	SAMN39878740	SRX23712055	MFD12923.fa			
MFD12924	PRJNA1071982	SAMN39878741	SRX23711796	MFD12924.fa			
MFD12925	PRJNA1071982	SAMN39878742	SRX23711797	MFD12925.fa			
MFD12926	PRJNA1071982	SAMN39878743	SRX23711799	MFD12926.fa			
MFD12927	PRJNA1071982	SAMN39878744	SRX23711800	MFD12927.fa			
MFD12928	PRJNA1071982	SAMN39878745	SRX23712060	MFD12928.fa			
MFD12929	PRJNA1071982	SAMN39878746	SRX23712061	MFD12929.fa			
MFD12930	PRJNA1071982	SAMN39878747	SRX23712062	MFD12930.fa			
MFD12931	PRJNA1071982	SAMN39878736	SRX23712063	MFD12931.fa			
MFD12932	PRJNA1071982	SAMN39878748	SRX23711784	MFD12932.fa			
MFD12933	PRJNA1071982	SAMN39878749	SRX23711785	MFD12933.fa			
MFD12934	PRJNA1071982	SAMN39878750	SRX23711786	MFD12934.fa			
MFD12935	PRJNA1071982	SAMN39878751	SRX23711787	MFD12935.fa			
MFD12936	PRJNA1071982	SAMN39878752	SRX23711788	MFD12936.fa			
MFD12937	PRJNA1071982	SAMN39878753	SRX23711789	MFD12937.fa			
MFD12938	PRJNA1071982	SAMN39878754	SRX23711791	MFD12938.fa			
MFD12939	PRJNA1071982	SAMN39878755	SRX23711792	MFD12939.fa			
MFD12940	PRJNA1071982	SAMN39878756	SRX23711793	MFD12940.fa			
MFD12941	PRJNA1071982	SAMN39878757	SRX23711794	MFD12941.fa			
MFD12942	PRJNA1071982	SAMN39878758	SRX23711795	MFD12942.fa			
MFD12943	PRJNA1071982	SAMN39878759	SRX23711798	MFD12943.fa			
MFD12944	PRJNA1071982	SAMN39878760	SRX23712073	MFD12944.fa			
MFD12945	PRJNA1071982	SAMN39878761	SRX23712074	MFD12945.fa			
MFD12946	PRJNA1071982	SAMN39878762	SRX23712075	MFD12946.fa			
MFD12947	PRJNA1071982	SAMN39878763	SRX23711802	MFD12947.fa			
MFD12948	PRJNA1071982	SAMN39878764	SRX23711804	MFD12948.fa			
MFD12949	PRJNA1071982	SAMN39878765	SRX23711805	MFD12949.fa			
MFD12950	PRJNA1071982	SAMN39878766	SRX23711806	MFD12950.fa			
MFD12951	PRJNA1071982	SAMN39878767	SRX23711807	MFD12951.fa			
MFD12952	PRJNA1071982	SAMN39878768	SRX23711808	MFD12952.fa			
MFD12953	PRJNA1071982	SAMN39878769	SRX23711809	MFD12953.fa			
MFD12954	PRJNA1071982	SAMN39878770	SRX23711810	MFD12954.fa			
MFD12955	PRJNA1071982	SAMN39878771	SRX23711811	MFD12955.fa			
MFD12956	PRJNA1071982	SAMN39878772	SRX23712064	MFD12956.fa			
MFD12957	PRJNA1071982	SAMN39878773	SRX23712065	MFD12957.fa			
MFD12958	PRJNA1071982	SAMN39878774	SRX23712067	MFD12958.fa			
MFD12959	PRJNA1071982	SAMN39878775	SRX23712068	MFD12959.fa			
MFD12960	PRJNA1071982	SAMN39878776	SRX23712069	MFD12960.fa			
MFD12961	PRJNA1071982	SAMN39878777	SRX23712070	MFD12961.fa	SRX23627845	SRX23627844	
MFD12962	PRJNA1071982	SAMN39878778	SRX23712071	MFD12962.fa			
MFD12963	PRJNA1071982	SAMN39878779	SRX23712072	MFD12963.fa			
MFD12964	PRJNA1071982	SAMN39878780	SRX23711815	MFD12964.fa			
MFD12965	PRJNA1071982	SAMN39878781	SRX23711816	MFD12965.fa			
MFD12966	PRJNA1071982	SAMN39878782	SRX23711817	MFD12966.fa			
MFD12967	PRJNA1071982	SAMN39878783	SRX23712076	MFD12967.fa			
MFD12968	PRJNA1071982	SAMN39878784	SRX23712078	MFD12968.fa			
MFD12969	PRJNA1071982	SAMN39878785	SRX23712079	MFD12969.fa			
MFD12970	PRJNA1071982	SAMN39878786	SRX23712080	MFD12970.fa			
MFD12971	PRJNA1071982	SAMN39878787	SRX23712081	MFD12971.fa			
MFD12972	PRJNA1071982	SAMN39878788	SRX23712082	MFD12972.fa			
MFD12973	PRJNA1071982	SAMN39878789	SRX23712083	MFD12973.fa			
MFD12974	PRJNA1071982	SAMN39878790	SRX23712084	MFD12974.fa			
MFD12975	PRJNA1071982	SAMN39878791	SRX23712085	MFD12975.fa			
MFD12976	PRJNA1071982	SAMN39878792	SRX23712086	MFD12976.fa			
MFD12977	PRJNA1071982	SAMN39878793	SRX23712087	MFD12977.fa			
MFD12978	PRJNA1071982	SAMN39878794	SRX23712089	MFD12978.fa			
MFD12979	PRJNA1071982	SAMN39878795	SRX23712090	MFD12979.fa			
MFD12980	PRJNA1071982	SAMN39878796	SRX23712091	MFD12980.fa			
MFD12981	PRJNA1071982	SAMN39878797	SRX23711812	MFD12981.fa			
MFD12982	PRJNA1071982	SAMN39878798	SRX23711813	MFD12982.fa			
MFD12983	PRJNA1071982	SAMN39878799	SRX23711814	MFD12983.fa			
MFD12984	PRJNA1071982	SAMN39878800	SRX23711835	MFD12984.fa			
MFD12985	PRJNA1071982	SAMN39878801	SRX23711836	MFD12985.fa			
MFD12986	PRJNA1071982	SAMN39878802	SRX23711837	MFD12986.fa			
MFD12987	PRJNA1071982	SAMN39878803	SRX23711818	MFD12987.fa			
MFD12988	PRJNA1071982	SAMN39878804	SRX23711820	MFD12988.fa			
MFD12989	PRJNA1071982	SAMN39878805	SRX23711821	MFD12989.fa			
MFD12990	PRJNA1071982	SAMN39878806	SRX23711822	MFD12990.fa			
MFD12991	PRJNA1071982	SAMN39878807	SRX23711823	MFD12991.fa			
MFD12992	PRJNA1071982	SAMN39878808	SRX23711824	MFD12992.fa			
MFD12993	PRJNA1071982	SAMN39878809	SRX23711825	MFD12993.fa			
MFD12994	PRJNA1071982	SAMN39878810	SRX23711826	MFD12994.fa			
MFD12995	PRJNA1071982	SAMN39878811	SRX23711827	MFD12995.fa			
MFD12996	PRJNA1071982	SAMN39878812	SRX23711828	MFD12996.fa			
MFD12997	PRJNA1071982	SAMN39878813	SRX23711829	MFD12997.fa			
MFD12998	PRJNA1071982	SAMN39878814	SRX23711832	MFD12998.fa			
MFD12999	PRJNA1071982	SAMN39878815	SRX23711833	MFD12999.fa			
MFD13000	PRJNA1071982	SAMN39878816	SRX23711834	MFD13000.fa			
MFD13001	PRJNA1071982	SAMN39878817	SRX23712247	MFD13001.fa			
MFD13002	PRJNA1071982	SAMN39878818	SRX23712248	MFD13002.fa			
MFD13003	PRJNA1071982	SAMN39878819	SRX23712250	MFD13003.fa			
MFD13004	PRJNA1071982	SAMN39878820	SRX23712251	MFD13004.fa			
MFD13005	PRJNA1071982	SAMN39878821	SRX23712252	MFD13005.fa			
MFD13006	PRJNA1071982	SAMN39878822	SRX23711838	MFD13006.fa			
MFD13007	PRJNA1071982	SAMN39878823	SRX23711839	MFD13007.fa			
MFD13008	PRJNA1071982	SAMN39878824	SRX23712233	MFD13008.fa			
MFD13009	PRJNA1071982	SAMN39878825	SRX23712234	MFD13009.fa			
MFD13010	PRJNA1071982	SAMN39878826	SRX23712235	MFD13010.fa			
MFD13011	PRJNA1071982	SAMN39878827	SRX23712236	MFD13011.fa			
MFD13012	PRJNA1071982	SAMN39878828	SRX23712237	MFD13012.fa			
MFD13013	PRJNA1071982	SAMN39878829	SRX23712238	MFD13013.fa			
MFD13014	PRJNA1071982	SAMN39878830	SRX23712239	MFD13014.fa			
MFD13015	PRJNA1071982	SAMN39878831	SRX23712240	MFD13015.fa			
MFD13016	PRJNA1071982	SAMN39878832	SRX23712241	MFD13016.fa			
MFD13017	PRJNA1071982	SAMN39878833	SRX23712242	MFD13017.fa			
MFD13018	PRJNA1071982	SAMN39878834	SRX23712244	MFD13018.fa			
MFD13019	PRJNA1071982	SAMN39878835	SRX23712245	MFD13019.fa			
MFD13020	PRJNA1071982	SAMN39878836	SRX23712246	MFD13020.fa			
MFD13021	PRJNA1071982	SAMN39878837	SRX23712249	MFD13021.fa			
MFD13022	PRJNA1071982	SAMN39878838	SRX23712473	MFD13022.fa			
MFD13023	PRJNA1071982	SAMN39878839	SRX23712474	MFD13023.fa			
MFD13024	PRJNA1071982	SAMN39878840	SRX23712253	MFD13024.fa			
MFD13025	PRJNA1071982	SAMN39878841	SRX23712254	MFD13025.fa			
MFD13026	PRJNA1071982	SAMN39878842	SRX23712255	MFD13026.fa			
MFD13027	PRJNA1071982	SAMN39878843	SRX23712256	MFD13027.fa			
MFD13028	PRJNA1071982	SAMN39878844	SRX23712258	MFD13028.fa			
MFD13029	PRJNA1071982	SAMN39878845	SRX23712259	MFD13029.fa			
MFD13030	PRJNA1071982	SAMN39878846	SRX23712460	MFD13030.fa			
MFD13031	PRJNA1071982	SAMN39878847	SRX23712461	MFD13031.fa			
MFD13032	PRJNA1071982	SAMN39878848	SRX23712462	MFD13032.fa			
MFD13033	PRJNA1071982	SAMN39878849	SRX23712463	MFD13033.fa			
MFD13034	PRJNA1071982	SAMN39878850	SRX23712464	MFD13034.fa			
MFD13035	PRJNA1071982	SAMN39878851	SRX23712465	MFD13035.fa			
MFD13036	PRJNA1071982	SAMN39878852	SRX23712466	MFD13036.fa			
MFD13037	PRJNA1071982	SAMN39878853	SRX23712467	MFD13037.fa			
MFD13038	PRJNA1071982	SAMN39878854	SRX23712469	MFD13038.fa			
MFD13039	PRJNA1071982	SAMN39878855	SRX23712470	MFD13039.fa			
MFD13040	PRJNA1071982	SAMN39878856	SRX23712471	MFD13040.fa			
MFD13041	PRJNA1071982	SAMN39878857	SRX23712472	MFD13041.fa			
MFD13042	PRJNA1071982	SAMN39878858	SRX23711846	MFD13042.fa			
MFD13043	PRJNA1071982	SAMN39878859	SRX23711847	MFD13043.fa			
MFD13044	PRJNA1071982	SAMN39878860	SRX23711848	MFD13044.fa			
MFD13045	PRJNA1071982	SAMN39878861	SRX23712475	MFD13045.fa			
MFD13046	PRJNA1071982	SAMN39878862	SRX23712476	MFD13046.fa			
MFD13047	PRJNA1071982	SAMN39878863	SRX23712477	MFD13047.fa			
MFD13048	PRJNA1071982	SAMN39878864	SRX23712479	MFD13048.fa			
MFD13049	PRJNA1071982	SAMN39878865	SRX23712480	MFD13049.fa			
MFD13050	PRJNA1071982	SAMN39878866	SRX23712481	MFD13050.fa			
MFD13051	PRJNA1071982	SAMN39878867	SRX23712482	MFD13051.fa			
MFD13052	PRJNA1071982	SAMN39878868	SRX23712483	MFD13052.fa			
MFD13053	PRJNA1071982	SAMN39878869	SRX23712484	MFD13053.fa			
MFD13054	PRJNA1071982	SAMN39878870	SRX23712485	MFD13054.fa			
MFD13055	PRJNA1071982	SAMN39878871	SRX23712486	MFD13055.fa			
MFD13056	PRJNA1071982	SAMN39878872	SRX23712487	MFD13056.fa			
MFD13057	PRJNA1071982	SAMN39878873	SRX23711840	MFD13057.fa			
MFD13058	PRJNA1071982	SAMN39878874	SRX23711842	MFD13058.fa			
MFD13059	PRJNA1071982	SAMN39878875	SRX23711843	MFD13059.fa			
MFD13060	PRJNA1071982	SAMN39878876	SRX23711844	MFD13060.fa			
MFD13061	PRJNA1071982	SAMN39878877	SRX23711845	MFD13061.fa			
MFD13062	PRJNA1071982	SAMN39878878	SRX23712489	MFD13062.fa			
MFD13063	PRJNA1071982	SAMN39878879	SRX23712490	MFD13063.fa			
MFD13064	PRJNA1071982	SAMN39878880	SRX23712491	MFD13064.fa			
MFD13065	PRJNA1071982	SAMN39878881	SRX23711849	MFD13065.fa			
MFD13066	PRJNA1071982	SAMN39878882	SRX23711850	MFD13066.fa			
MFD13067	PRJNA1071982	SAMN39878883	SRX23711852	MFD13067.fa			
MFD13068	PRJNA1071982	SAMN39878884	SRX23711854	MFD13068.fa			
MFD13069	PRJNA1071982	SAMN39878885	SRX23711855	MFD13069.fa			
MFD13070	PRJNA1071982	SAMN39878886	SRX23711856	MFD13070.fa			
MFD13071	PRJNA1071982	SAMN39878887	SRX23711857	MFD13071.fa			
MFD13072	PRJNA1071982	SAMN39878888	SRX23711858	MFD13072.fa			
MFD13073	PRJNA1071982	SAMN39878889	SRX23711859	MFD13073.fa			
MFD13074	PRJNA1071982	SAMN39878890	SRX23711860	MFD13074.fa			
MFD13075	PRJNA1071982	SAMN39878891	SRX23711861	MFD13075.fa			
MFD13076	PRJNA1071982	SAMN39878892	SRX23711862	MFD13076.fa			
MFD13077	PRJNA1071982	SAMN39878893	SRX23711863	MFD13077.fa			
MFD13078	PRJNA1071982	SAMN39878894	SRX23711865	MFD13078.fa			
MFD13079	PRJNA1071982	SAMN39878895	SRX23711866	MFD13079.fa			
MFD13080	PRJNA1071982	SAMN39878896	SRX23711867	MFD13080.fa			
MFD13081	PRJNA1071982	SAMN39878897	SRX23712488	MFD13081.fa			
MFD13082	PRJNA1071982	SAMN39878898	SRX23712512	MFD13082.fa			
MFD13083	PRJNA1071982	SAMN39878899	SRX23712513	MFD13083.fa			
MFD13084	PRJNA1071982	SAMN39878900	SRX23712514	MFD13084.fa			
MFD13085	PRJNA1071982	SAMN39878901	SRX23712492	MFD13085.fa			
MFD13086	PRJNA1071982	SAMN39878902	SRX23711851	MFD13086.fa			
MFD13087	PRJNA1071982	SAMN39878903	SRX23712493	MFD13087.fa			
MFD13088	PRJNA1071982	SAMN39878904	SRX23712495	MFD13088.fa			
MFD13089	PRJNA1071982	SAMN39878905	SRX23712496	MFD13089.fa			
MFD13090	PRJNA1071982	SAMN39878906	SRX23712497	MFD13090.fa			
MFD13091	PRJNA1071982	SAMN39878907	SRX23712498	MFD13091.fa			
MFD13092	PRJNA1071982	SAMN39878908	SRX23712499	MFD13092.fa			
MFD13093	PRJNA1071982	SAMN39878909	SRX23712500	MFD13093.fa			
MFD13094	PRJNA1071982	SAMN39878910	SRX23712501	MFD13094.fa			
MFD13095	PRJNA1071982	SAMN39878911	SRX23712502	MFD13095.fa			
MFD13096	PRJNA1071982	SAMN39878912	SRX23712503	MFD13096.fa			
MFD13097	PRJNA1071982	SAMN39878913	SRX23712504	MFD13097.fa			
MFD13098	PRJNA1071982	SAMN39878914	SRX23712507	MFD13098.fa			
MFD13099	PRJNA1071982	SAMN39878915	SRX23712508	MFD13099.fa			
MFD13100	PRJNA1071982	SAMN39878916	SRX23712509	MFD13100.fa			
MFD13101	PRJNA1071982	SAMN39878917	SRX23712510	MFD13101.fa			
MFD13102	PRJNA1071982	SAMN39878918	SRX23712511	MFD13102.fa			
MFD13103	PRJNA1071982	SAMN39878919	SRX23711886	MFD13103.fa			
MFD13104	PRJNA1071982	SAMN39878920	SRX23711887	MFD13104.fa			
MFD13105	PRJNA1071982	SAMN39878921	SRX23712515	MFD13105.fa			
MFD13106	PRJNA1071982	SAMN39878922	SRX23711868	MFD13106.fa			
MFD13107	PRJNA1071982	SAMN39878923	SRX23711869	MFD13107.fa			
MFD13108	PRJNA1071982	SAMN39878924	SRX23711871	MFD13108.fa			
MFD13109	PRJNA1071982	SAMN39878925	SRX23711872	MFD13109.fa			
MFD13110	PRJNA1071982	SAMN39878926	SRX23711873	MFD13110.fa			
MFD13111	PRJNA1071982	SAMN39878927	SRX23711874	MFD13111.fa			
MFD13112	PRJNA1071982	SAMN39878928	SRX23711875	MFD13112.fa			
MFD13113	PRJNA1071982	SAMN39878929	SRX23711876	MFD13113.fa			
MFD13114	PRJNA1071982	SAMN39878930	SRX23711877	MFD13114.fa			
MFD13115	PRJNA1071982	SAMN39878931	SRX23711878	MFD13115.fa	SRX23627848	SRX23627847	
MFD13116	PRJNA1071982	SAMN39878932	SRX23711879	MFD13116.fa			
MFD13117	PRJNA1071982	SAMN39878933	SRX23711880	MFD13117.fa			
MFD13118	PRJNA1071982	SAMN39878934	SRX23711882	MFD13118.fa			
MFD13119	PRJNA1071982	SAMN39878935	SRX23711883	MFD13119.fa			
MFD13120	PRJNA1071982	SAMN39878936	SRX23711884	MFD13120.fa			
MFD13121	PRJNA1071982	SAMN39878937	SRX23711885	MFD13121.fa			
MFD13122	PRJNA1071982	SAMN39878938	SRX23712270	MFD13122.fa			
MFD13123	PRJNA1071982	SAMN39878939	SRX23712271	MFD13123.fa			
MFD13124	PRJNA1071982	SAMN39878940	SRX23712272	MFD13124.fa			
MFD13125	PRJNA1071982	SAMN39878941	SRX23712273	MFD13125.fa			
MFD13126	PRJNA1071982	SAMN39878942	SRX23711888	MFD13126.fa			
MFD13127	PRJNA1071982	SAMN39878943	SRX23711889	MFD13127.fa			
MFD13128	PRJNA1071982	SAMN39878944	SRX23711891	MFD13128.fa			
MFD13129	PRJNA1071982	SAMN39878945	SRX23711892	MFD13129.fa			
MFD13130	PRJNA1071982	SAMN39878946	SRX23711893	MFD13130.fa			
MFD13131	PRJNA1071982	SAMN39878947	SRX23711894	MFD13131.fa			
MFD13132	PRJNA1071982	SAMN39878948	SRX23711895	MFD13132.fa			
MFD13133	PRJNA1071982	SAMN39878949	SRX23712260	MFD13133.fa			
MFD13134	PRJNA1071982	SAMN39878950	SRX23712261	MFD13134.fa			
MFD13135	PRJNA1071982	SAMN39878951	SRX23712262	MFD13135.fa			
MFD13136	PRJNA1071982	SAMN39878952	SRX23712263	MFD13136.fa			
MFD13137	PRJNA1071982	SAMN39878953	SRX23712264	MFD13137.fa			
MFD13138	PRJNA1071982	SAMN39878954	SRX23712266	MFD13138.fa			
MFD13139	PRJNA1071982	SAMN39878955	SRX23712267	MFD13139.fa			
MFD13140	PRJNA1071982	SAMN39878956	SRX23712268	MFD13140.fa			
MFD13141	PRJNA1071982	SAMN39878957	SRX23712269	MFD13141.fa			
MFD13142	PRJNA1071982	SAMN39878958	SRX23712096	MFD13142.fa			
MFD13143	PRJNA1071982	SAMN39878959	SRX23712098	MFD13143.fa			
MFD13144	PRJNA1071982	SAMN39878960	SRX23712099	MFD13144.fa			
MFD13145	PRJNA1071982	SAMN39878961	SRX23712274	MFD13145.fa			
MFD13146	PRJNA1071982	SAMN39878962	SRX23712275	MFD13146.fa			
MFD13147	PRJNA1071982	SAMN39878963	SRX23712276	MFD13147.fa			
MFD13148	PRJNA1071982	SAMN39878964	SRX23712278	MFD13148.fa			
MFD13149	PRJNA1071982	SAMN39878965	SRX23712279	MFD13149.fa			
MFD13150	PRJNA1071982	SAMN39878966	SRX23712280	MFD13150.fa			
MFD13151	PRJNA1071982	SAMN39878967	SRX23712281	MFD13151.fa			
MFD13152	PRJNA1071982	SAMN39878968	SRX23712282	MFD13152.fa			
MFD13153	PRJNA1071982	SAMN39878969	SRX23712283	MFD13153.fa			
MFD13154	PRJNA1071982	SAMN39878970	SRX23712284	MFD13154.fa			
MFD13155	PRJNA1071982	SAMN39878971	SRX23712285	MFD13155.fa			
MFD13156	PRJNA1071982	SAMN39878972	SRX23712286	MFD13156.fa			
MFD13157	PRJNA1071982	SAMN39878973	SRX23712287	MFD13157.fa			
MFD13158	PRJNA1071982	SAMN39878974	SRX23712093	MFD13158.fa			
MFD13159	PRJNA1071982	SAMN39878975	SRX23712094	MFD13159.fa			
MFD13160	PRJNA1071982	SAMN39878976	SRX23712095	MFD13160.fa			
MFD13161	PRJNA1071982	SAMN39878977	SRX23712097	MFD13161.fa			
MFD13162	PRJNA1071982	SAMN39878978	SRX23712119	MFD13162.fa			
MFD13163	PRJNA1071982	SAMN39878979	SRX23711896	MFD13163.fa			
MFD13164	PRJNA1071982	SAMN39878980	SRX23711897	MFD13164.fa			
MFD13165	PRJNA1071982	SAMN39878981	SRX23712100	MFD13165.fa			
MFD13166	PRJNA1071982	SAMN39878982	SRX23712101	MFD13166.fa			
MFD13167	PRJNA1071982	SAMN39878983	SRX23712102	MFD13167.fa			
MFD13168	PRJNA1071982	SAMN39878984	SRX23712104	MFD13168.fa			
MFD13169	PRJNA1071982	SAMN39878985	SRX23712105	MFD13169.fa			
MFD13170	PRJNA1071982	SAMN39878986	SRX23712106	MFD13170.fa			
MFD13171	PRJNA1071982	SAMN39878987	SRX23712107	MFD13171.fa			
MFD13172	PRJNA1071982	SAMN39878988	SRX23712108	MFD13172.fa			
MFD13173	PRJNA1071982	SAMN39878989	SRX23712109	MFD13173.fa			
MFD13174	PRJNA1071982	SAMN39878990	SRX23712110	MFD13174.fa			
MFD13175	PRJNA1071982	SAMN39878991	SRX23712111	MFD13175.fa			
MFD13176	PRJNA1071982	SAMN39878992	SRX23712112	MFD13176.fa			
MFD13177	PRJNA1071982	SAMN39878993	SRX23712113	MFD13177.fa			
MFD13178	PRJNA1071982	SAMN39878994	SRX23712115	MFD13178.fa			
MFD13179	PRJNA1071982	SAMN39878995	SRX23712116	MFD13179.fa			
MFD13180	PRJNA1071982	SAMN39878996	SRX23712117	MFD13180.fa			
MFD13181	PRJNA1071982	SAMN39878997	SRX23712118	MFD13181.fa			
MFD13182	PRJNA1071982	SAMN39878998	SRX23711917	MFD13182.fa			
MFD13183	PRJNA1071982	SAMN39878999	SRX23711919	MFD13183.fa			
MFD13184	PRJNA1071982	SAMN39879000	SRX23711920	MFD13184.fa	SRX23627850	SRX23627849	
MFD13185	PRJNA1071982	SAMN39879001	SRX23711898	MFD13185.fa			
MFD13186	PRJNA1071982	SAMN39879002	SRX23711899	MFD13186.fa			
MFD13187	PRJNA1071982	SAMN39879003	SRX23711900	MFD13187.fa			
MFD13188	PRJNA1071982	SAMN39879004	SRX23711902	MFD13188.fa			
MFD13189	PRJNA1071982	SAMN39879005	SRX23711903	MFD13189.fa			
MFD13190	PRJNA1071982	SAMN39879006	SRX23711904	MFD13190.fa	SRX23627852	SRX23627851	
MFD13191	PRJNA1071982	SAMN39879007	SRX23711905	MFD13191.fa			
MFD13192	PRJNA1071982	SAMN39879008	SRX23711906	MFD13192.fa			
MFD13193	PRJNA1071982	SAMN39879009	SRX23711907	MFD13193.fa			
MFD13194	PRJNA1071982	SAMN39879010	SRX23711908	MFD13194.fa			
MFD13195	PRJNA1071982	SAMN39879011	SRX23711909	MFD13195.fa			
MFD13196	PRJNA1071982	SAMN39879012	SRX23711910	MFD13196.fa			
MFD13197	PRJNA1071982	SAMN39879013	SRX23711911	MFD13197.fa			
MFD13198	PRJNA1071982	SAMN39879014	SRX23711914	MFD13198.fa			
MFD13199	PRJNA1071982	SAMN39879015	SRX23711915	MFD13199.fa			
MFD13200	PRJNA1071982	SAMN39879016	SRX23711916	MFD13200.fa			
MFD13201	PRJNA1071982	SAMN39879017	SRX23712305	MFD13201.fa			
MFD13202	PRJNA1071982	SAMN39879018	SRX23712306	MFD13202.fa			
MFD13203	PRJNA1071982	SAMN39879019	SRX23712307	MFD13203.fa			
MFD13204	PRJNA1071982	SAMN39879020	SRX23711921	MFD13204.fa	SRX23627854	SRX23627853	
MFD13205	PRJNA1071982	SAMN39879021	SRX23711922	MFD13205.fa			
MFD13206	PRJNA1071982	SAMN39879022	SRX23712288	MFD13206.fa			
MFD13207	PRJNA1071982	SAMN39879023	SRX23712289	MFD13207.fa			
MFD13208	PRJNA1071982	SAMN39879024	SRX23712291	MFD13208.fa			
MFD13209	PRJNA1071982	SAMN39879025	SRX23712292	MFD13209.fa			
MFD13210	PRJNA1071982	SAMN39879026	SRX23712293	MFD13210.fa			
MFD13211	PRJNA1071982	SAMN39879027	SRX23712294	MFD13211.fa			
MFD13212	PRJNA1071982	SAMN39879028	SRX23712295	MFD13212.fa	SRX23627856	SRX23627855	
MFD13215	PRJNA1071982	SAMN39879029	SRX23712296	MFD13215.fa			
MFD13216	PRJNA1071982	SAMN39879030	SRX23712297	MFD13216.fa			
MFD13217	PRJNA1071982	SAMN39879031	SRX23712298	MFD13217.fa			
MFD13423	PRJNA1071982	SAMN39878735	SRX23712299	MFD13423.fa			
MFD13424	PRJNA1071982	SAMN39878734	SRX23712300	MFD13424.fa			
MFD13425	PRJNA1071982	SAMN39878733	SRX23712302	MFD13425.fa			
MFD13426	PRJNA1071982	SAMN39878732	SRX23712303	MFD13426.fa			
MFD13427	PRJNA1071982	SAMN39878731	SRX23712304	MFD13427.fa			
MFD13428	PRJNA1071982	SAMN39878730	SRX23711918	MFD13428.fa			
MFD13429	PRJNA1071982	SAMN39878729	SRX23712526	MFD13429.fa			
MFD13431	PRJNA1071982	SAMN39878728	SRX23712527	MFD13431.fa			
MFD13432	PRJNA1071982	SAMN39878727	SRX23712528	MFD13432.fa			
MFD13433	PRJNA1071982	SAMN39878726	SRX23712308	MFD13433.fa			
MFD13434	PRJNA1071982	SAMN39878725	SRX23711923	MFD13434.fa			
MFD13435	PRJNA1071982	SAMN39878724	SRX23712309	MFD13435.fa			
MFD13436	PRJNA1071982	SAMN39878723	SRX23712311	MFD13436.fa			
MFD13437	PRJNA1071982	SAMN39878722	SRX23712312	MFD13437.fa			
MFD13439	PRJNA1071982	SAMN39879043	SRX23712313	MFD13439.fa			
MFD13440	PRJNA1071982	SAMN39879042	SRX23712314	MFD13440.fa			
MFD13441	PRJNA1071982	SAMN39879041	SRX23712315	MFD13441.fa			
MFD13442	PRJNA1071982	SAMN39879040	SRX23712516	MFD13442.fa			
MFD13443	PRJNA1071982	SAMN39879039	SRX23712517	MFD13443.fa			
MFD13444	PRJNA1071982	SAMN39879038	SRX23712518	MFD13444.fa			
MFD13445	PRJNA1071982	SAMN39879037	SRX23712519	MFD13445.fa			
MFD13446	PRJNA1071982	SAMN39879036	SRX23712520	MFD13446.fa			
MFD13447	PRJNA1071982	SAMN39879035	SRX23712522	MFD13447.fa			
MFD13448	PRJNA1071982	SAMN39879034	SRX23712523	MFD13448.fa			
MFD13449	PRJNA1071982	SAMN39879033	SRX23712524	MFD13449.fa			
MFD13450	PRJNA1071982	SAMN39879032	SRX23712525	MFD13450.fa			
MFD13455	PRJNA1071982	SAMN39879081	SRX23711927	MFD13455.fa			
MFD13456	PRJNA1071982	SAMN39879080	SRX23711928	MFD13456.fa			
MFD13457	PRJNA1071982	SAMN39879079	SRX23711929	MFD13457.fa			
MFD13458	PRJNA1071982	SAMN39879078	SRX23711930	MFD13458.fa			
MFD13459	PRJNA1071982	SAMN39879077	SRX23712529	MFD13459.fa			
MFD13460	PRJNA1071982	SAMN39879076	SRX23712530	MFD13460.fa			
MFD13461	PRJNA1071982	SAMN39879075	SRX23712532	MFD13461.fa			
MFD13462	PRJNA1071982	SAMN39879074	SRX23712533	MFD13462.fa			
MFD13463	PRJNA1071982	SAMN39879073	SRX23712534	MFD13463.fa			
MFD13464	PRJNA1071982	SAMN39879072	SRX23712535	MFD13464.fa			
MFD13465	PRJNA1071982	SAMN39879071	SRX23712536	MFD13465.fa			
MFD13466	PRJNA1071982	SAMN39879070	SRX23712537	MFD13466.fa			
MFD13467	PRJNA1071982	SAMN39879069	SRX23712538	MFD13467.fa			
MFD13468	PRJNA1071982	SAMN39879068	SRX23712539	MFD13468.fa			
MFD13469	PRJNA1071982	SAMN39879067	SRX23712540	MFD13469.fa			
MFD13470	PRJNA1071982	SAMN39879066	SRX23712541	MFD13470.fa			
MFD13471	PRJNA1071982	SAMN39879065	SRX23712543	MFD13471.fa			
MFD13472	PRJNA1071982	SAMN39879064	SRX23711924	MFD13472.fa			
MFD13473	PRJNA1071982	SAMN39879063	SRX23711925	MFD13473.fa			
MFD13474	PRJNA1071982	SAMN39879062	SRX23711926	MFD13474.fa			
MFD13475	PRJNA1071982	SAMN39879061	SRX23711945	MFD13475.fa			
MFD13476	PRJNA1071982	SAMN39879060	SRX23711946	MFD13476.fa			
MFD13477	PRJNA1071982	SAMN39879059	SRX23711947	MFD13477.fa			
MFD13478	PRJNA1071982	SAMN39879058	SRX23711931	MFD13478.fa			
MFD13479	PRJNA1071982	SAMN39879057	SRX23711932	MFD13479.fa			
MFD13480	PRJNA1071982	SAMN39879056	SRX23711933	MFD13480.fa			
MFD13481	PRJNA1071982	SAMN39879055	SRX23711935	MFD13481.fa			
MFD13482	PRJNA1071982	SAMN39879054	SRX23711936	MFD13482.fa			
MFD13483	PRJNA1071982	SAMN39879053	SRX23711937	MFD13483.fa			
MFD13484	PRJNA1071982	SAMN39879052	SRX23711938	MFD13484.fa			
MFD13485	PRJNA1071982	SAMN39879051	SRX23711939	MFD13485.fa			
MFD13486	PRJNA1071982	SAMN39879050	SRX23711940	MFD13486.fa			
MFD13487	PRJNA1071982	SAMN39879049	SRX23711941	MFD13487.fa			
MFD13488	PRJNA1071982	SAMN39879048	SRX23711942	MFD13488.fa			
MFD13489	PRJNA1071982	SAMN39879047	SRX23711943	MFD13489.fa			
MFD13490	PRJNA1071982	SAMN39879046	SRX23711944	MFD13490.fa			
MFD13491	PRJNA1071982	SAMN39879045	SRX23712131	MFD13491.fa			
MFD13492	PRJNA1071982	SAMN39879044	SRX23712132	MFD13492.fa			
MFD13494	PRJNA1071982	SAMN39874915	SRX23712133	MFD13494.fa			
MFD13495	PRJNA1071982	SAMN39874914	SRX23712134	MFD13495.fa			
MFD13496	PRJNA1071982	SAMN39874913	SRX23712135	MFD13496.fa			
MFD13497	PRJNA1071982	SAMN39874912	SRX23712136	MFD13497.fa			
MFD13498	PRJNA1071982	SAMN39874911	SRX23712137	MFD13498.fa			
MFD13499	PRJNA1071982	SAMN39874910	SRX23711948	MFD13499.fa			
MFD13500	PRJNA1071982	SAMN39874909	SRX23711949	MFD13500.fa			
MFD13501	PRJNA1071982	SAMN39874908	SRX23711950	MFD13501.fa			
MFD13502	PRJNA1071982	SAMN39874907	SRX23712120	MFD13502.fa			
MFD13503	PRJNA1071982	SAMN39874906	SRX23712121	MFD13503.fa			
MFD13504	PRJNA1071982	SAMN39874905	SRX23712122	MFD13504.fa			
MFD13505	PRJNA1071982	SAMN39874904	SRX23712124	MFD13505.fa			
MFD13506	PRJNA1071982	SAMN39874903	SRX23712125	MFD13506.fa			
MFD13507	PRJNA1071982	SAMN39874902	SRX23712126	MFD13507.fa			
MFD13508	PRJNA1071982	SAMN39874901	SRX23712127	MFD13508.fa			
MFD13509	PRJNA1071982	SAMN39874900	SRX23712128	MFD13509.fa			
MFD13510	PRJNA1071982	SAMN39874899	SRX23712129	MFD13510.fa			
MFD13511	PRJNA1071982	SAMN39874898	SRX23712319	MFD13511.fa			
MFD13512	PRJNA1071982	SAMN39874897	SRX23712327	MFD13512.fa			
MFD13513	PRJNA1071982	SAMN39874896	SRX23712138	MFD13513.fa			
MFD13514	PRJNA1071982	SAMN39874895	SRX23712139	MFD13514.fa			
MFD13515	PRJNA1071982	SAMN39874894	SRX23712140	MFD13515.fa			
MFD13516	PRJNA1071982	SAMN39874893	SRX23712141	MFD13516.fa			
MFD13517	PRJNA1071982	SAMN39874892	SRX23712142	MFD13517.fa			
MFD13518	PRJNA1071982	SAMN39874891	SRX23712143	MFD13518.fa			
MFD13519	PRJNA1071982	SAMN39874890	SRX23712123	MFD13519.fa			
MFD13520	PRJNA1071982	SAMN39874889	SRX23712144	MFD13520.fa			
MFD13521	PRJNA1071982	SAMN39874888	SRX23712145	MFD13521.fa			
MFD13522	PRJNA1071982	SAMN39874887	SRX23712147	MFD13522.fa			
MFD13523	PRJNA1071982	SAMN39874886	SRX23712316	MFD13523.fa			
MFD13524	PRJNA1071982	SAMN39874885	SRX23712317	MFD13524.fa			
MFD13525	PRJNA1071982	SAMN39874884	SRX23712318	MFD13525.fa			
MFD13526	PRJNA1071982	SAMN39874883	SRX23712320	MFD13526.fa			
MFD13527	PRJNA1071982	SAMN39874882	SRX23712321	MFD13527.fa			
MFD13528	PRJNA1071982	SAMN39874881	SRX23712322	MFD13528.fa			
MFD13529	PRJNA1071982	SAMN39874880	SRX23712323	MFD13529.fa			
MFD13530	PRJNA1071982	SAMN39874879	SRX23712324	MFD13530.fa			
MFD13531	PRJNA1071982	SAMN39879177	SRX23712342	MFD13531.fa	SRX23627859	SRX23627858	
MFD13532	PRJNA1071982	SAMN39879176	SRX23712544	MFD13532.fa	SRX23627861	SRX23627860	
MFD13533	PRJNA1071982	SAMN39879178	SRX23712328	MFD13533.fa	SRX23627863	SRX23627862	
MFD13534	PRJNA1071982	SAMN39879179	SRX23712329	MFD13534.fa	SRX23627865	SRX23627864	
MFD13535	PRJNA1071982	SAMN39879180	SRX23712330	MFD13535.fa	SRX23627867	SRX23627866	
MFD13536	PRJNA1071982	SAMN39878672	SRX23712555	MFD13536.fa			
MFD13537	PRJNA1071982	SAMN39878673	SRX23712556	MFD13537.fa			
MFD13538	PRJNA1071982	SAMN39878674	SRX23712331	MFD13538.fa			
MFD13539	PRJNA1071982	SAMN39878675	SRX23712332	MFD13539.fa			
MFD13540	PRJNA1071982	SAMN39878676	SRX23712333	MFD13540.fa			
MFD13541	PRJNA1071982	SAMN39878677	SRX23712557	MFD13541.fa			
MFD13542	PRJNA1071982	SAMN39878678	SRX23712335	MFD13542.fa			
MFD13543	PRJNA1071982	SAMN39878679	SRX23712336	MFD13543.fa			
MFD13544	PRJNA1071982	SAMN39878680	SRX23712337	MFD13544.fa			
MFD13545	PRJNA1071982	SAMN39878681	SRX23712338	MFD13545.fa			
MFD13546	PRJNA1071982	SAMN39878682	SRX23711969	MFD13546.fa			
MFD13547	PRJNA1071982	SAMN39878683	SRX23711970	MFD13547.fa			
MFD13548	PRJNA1071982	SAMN39878684	SRX23712339	MFD13548.fa			
MFD13549	PRJNA1071982	SAMN39878685	SRX23712340	MFD13549.fa			
MFD13550	PRJNA1071982	SAMN39878686	SRX23712341	MFD13550.fa			
MFD13551	PRJNA1071982	SAMN39878687	SRX23712561	MFD13551.fa			
MFD13552	PRJNA1071982	SAMN39878688	SRX23712583	MFD13552.fa			
MFD13553	PRJNA1071982	SAMN39878689	SRX23712545	MFD13553.fa			
MFD13554	PRJNA1071982	SAMN39878690	SRX23712546	MFD13554.fa			
MFD13555	PRJNA1071982	SAMN39878691	SRX23712547	MFD13555.fa			
MFD13556	PRJNA1071982	SAMN39878692	SRX23712572	MFD13556.fa			
MFD13557	PRJNA1071982	SAMN39878693	SRX23712573	MFD13557.fa			
MFD13558	PRJNA1071982	SAMN39878694	SRX23712548	MFD13558.fa			
MFD13559	PRJNA1071982	SAMN39878695	SRX23712549	MFD13559.fa			
MFD13560	PRJNA1071982	SAMN39878696	SRX23712550	MFD13560.fa			
MFD13561	PRJNA1071982	SAMN39878697	SRX23712578	MFD13561.fa			
MFD13562	PRJNA1071982	SAMN39878698	SRX23712552	MFD13562.fa			
MFD13563	PRJNA1071982	SAMN39878699	SRX23712558	MFD13563.fa			
MFD13564	PRJNA1071982	SAMN39878700	SRX23712559	MFD13564.fa			
MFD13565	PRJNA1071982	SAMN39878701	SRX23712560	MFD13565.fa			
MFD13566	PRJNA1071982	SAMN39878702	SRX23711955	MFD13566.fa			
MFD13567	PRJNA1071982	SAMN39878703	SRX23711956	MFD13567.fa			
MFD13568	PRJNA1071982	SAMN39878704	SRX23712562	MFD13568.fa			
MFD13569	PRJNA1071982	SAMN39878705	SRX23712553	MFD13569.fa			
MFD13570	PRJNA1071982	SAMN39878706	SRX23712554	MFD13570.fa			
MFD13571	PRJNA1071982	SAMN39878707	SRX23711963	MFD13571.fa			
MFD13572	PRJNA1071982	SAMN39878708	SRX23712576	MFD13572.fa			
MFD13573	PRJNA1071982	SAMN39878709	SRX23712566	MFD13573.fa			
MFD13574	PRJNA1071982	SAMN39878710	SRX23712567	MFD13574.fa			
MFD13575	PRJNA1071982	SAMN39878711	SRX23712568	MFD13575.fa			
MFD13576	PRJNA1071982	SAMN39878712	SRX23711959	MFD13576.fa			
MFD13577	PRJNA1071982	SAMN39878713	SRX23711962	MFD13577.fa			
MFD13578	PRJNA1071982	SAMN39878714	SRX23712563	MFD13578.fa			
MFD13579	PRJNA1071982	SAMN39878715	SRX23712564	MFD13579.fa			
MFD13580	PRJNA1071982	SAMN39878716	SRX23712565	MFD13580.fa			
MFD13581	PRJNA1071982	SAMN39878717	SRX23712579	MFD13581.fa			
MFD13582	PRJNA1071982	SAMN39878718	SRX23711972	MFD13582.fa			
MFD13583	PRJNA1071982	SAMN39878719	SRX23711952	MFD13583.fa			
MFD13584	PRJNA1071982	SAMN39878720	SRX23711953	MFD13584.fa			
MFD13585	PRJNA1071982	SAMN39878721	SRX23712569	MFD13585.fa			
MFD13964	PRJNA1071982	SAMN39878639	SRX23712570	MFD13964.fa			
MFD13965	PRJNA1071982	SAMN39878640	SRX23712571	MFD13965.fa			
MFD13966	PRJNA1071982	SAMN39878641	SRX23711966	MFD13966.fa			
MFD13967	PRJNA1071982	SAMN39878642	SRX23711967	MFD13967.fa			
MFD13968	PRJNA1071982	SAMN39878643	SRX23711968	MFD13968.fa			
MFD13969	PRJNA1071982	SAMN39878644	SRX23711954	MFD13969.fa			
MFD13970	PRJNA1071982	SAMN39878645	SRX23711958	MFD13970.fa			
MFD13971	PRJNA1071982	SAMN39878646	SRX23711973	MFD13971.fa			
MFD13972	PRJNA1071982	SAMN39878647	SRX23711974	MFD13972.fa			
MFD13973	PRJNA1071982	SAMN39878648	SRX23711964	MFD13973.fa			
