study	submitted_id	internal_lib_name	genome_acc	wgs_acc	biosample	ncbi_taxonomy
PRJNA1071982	MFD13461_ilm_asm_bin19	LIB-MJ413-B11_01.19	GCA_049657445.1	JBASNQ000000000	SAMN40012083	Acetivibrionales bacterium
PRJNA1071982	MFD13457_ilm_asm_bin3	LIB-MJ413-F11_01.3	GCA_049652085.1	JBASDI000000000	SAMN40012353	Acetivibrionales bacterium
PRJNA1071982	MFD13477_ilm_asm_bin3	LIB-MJ413-H8_01.3	GCA_049274205.1	JBASSG000000000	SAMN40012580	Acetivibrionales bacterium
PRJNA1071982	MFD00132_ilm_asm_bin2	LIB-MJ054-G6_03.2	GCA_049284215.1	JBAPXM000000000	SAMN40007702	Acetobacteraceae bacterium
PRJNA1071982	MFD05764_ilm_asm_bin82	LIB-MJ352-E7_03_v_LIB-MJ368-E7_01.82	GCA_049792535.1	JBARAZ000000000	SAMN40011126	Acetobacteraceae bacterium
PRJNA1071982	MFD05722_ilm_asm_bin16	LIB-MJ177-D8_03.16	GCA_049591635.1	JBAWFF000000000	SAMN40008797	Acetobacteraceae bacterium
PRJNA1071982	MFD05776_ilm_asm_bin8	LIB-MJ228-E7_01.8	GCA_049586975.1	JBAVDA000000000	SAMN40009260	Acetobacteraceae bacterium
PRJNA1071982	MFD04887_ilm_asm_bin7	LIB-MJ254-F4_02.7	GCA_049583485.1	JBAUVY000000000	SAMN40009439	Acetobacteraceae bacterium
PRJNA1071982	MFD13457_ilm_asm_bin24	LIB-MJ413-F11_01.24	GCA_049652145.1	JBASDL000000000	SAMN40012350	Acetomicrobium sp.
PRJNA1071982	MFD13480_ilm_asm_bin5	LIB-MJ413-E8_01.5	GCA_049652625.1	JBASEP000000000	SAMN40012320	Acetomicrobium sp.
PRJNA1071982	MFD13489_ilm_asm_bin70	LIB-MJ413-D7_01.70	GCA_049654505.1	JBASHY000000000	SAMN40012231	Acetomicrobium sp.
PRJNA1071982	MFD13465_ilm_asm_bin31	LIB-MJ413-E10_01.31	GCA_049653565.1	JBASGN000000000	SAMN40012268	Acetomicrobium sp.
PRJNA1071982	MFD13458_ilm_asm_bin8	LIB-MJ413-E11_01.8	GCA_049653205.1	JBASFV000000000	SAMN40012288	Acetomicrobium sp.
PRJNA1071982	MFD13460_ilm_asm_bin20	LIB-MJ413-C11_01.20	GCA_049656245.1	JBASLH000000000	SAMN40012144	Acetomicrobium sp.
PRJNA1071982	MFD13474_ilm_asm_bin15	LIB-MJ413-C9_01.15	GCA_049655745.1	JBASKH000000000	SAMN40012170	Acetomicrobium sp.
PRJNA1071982	MFD13485_ilm_asm_bin19	LIB-MJ413-H7_01.19	GCA_049274665.1	JBASTA000000000	SAMN40012560	Acetomicrobium sp.
PRJNA1071982	MFD13478_ilm_asm_bin8	LIB-MJ413-G8_01.8	GCA_049275895.1	JBASVK000000000	SAMN40012498	Acetomicrobium sp.
PRJNA1071982	MFD13463_ilm_asm_bin32	LIB-MJ413-H10_01.32	GCA_049275455.1	JBASUO000000000	SAMN40012520	Acetomicrobium sp.
PRJNA1071982	MFD13472_ilm_asm_bin14	LIB-MJ413-E9_01.14	GCA_049654325.1	JBASEI000000000	SAMN40012327	Acholeplasmatales bacterium
PRJNA1071982	MFD12221_ilm_asm_bin17	LIB-MJ388-D9_02.17	GCA_049651105.1	JBASBK000000000	SAMN40011639	Achromobacter pulmonis
PRJNA1071982	MFD12220_ilm_asm_bin14	LIB-MJ389-D6_03.14	GCA_049647645.1	JBARYB000000000	SAMN40011726	Achromobacter sp.
PRJNA1071982	MFD12133_ilm_asm_bin15	LIB-MJ389-F9_03.15	GCA_049647005.1	JBARWW000000000	SAMN40011757	Acidaminobacteraceae bacterium
PRJNA1071982	MFD01223_ilm_asm_bin9	LIB-MJ106-H9_01.9	GCA_049279055.1	JBAPNI000000000	SAMN40007966	Acidimicrobiales bacterium
PRJNA1071982	MFD00111_ilm_asm_bin14	LIB-MJ055-A6_04.14	GCA_049284135.1	JBAPXI000000000	SAMN40007706	Acidimicrobiales bacterium
PRJNA1071982	MFD01308_ilm_asm_bin35	LIB-MJ088-C8_04_v_LIB-MJ365-C8_02.35	GCA_049283575.1	JBAPWG000000000	SAMN40007734	Acidimicrobiales bacterium
PRJNA1071982	MFD00673_ilm_asm_bin33	LIB-MJ089-G9_02.33	GCA_049282715.1	JBAPUO000000000	SAMN40007778	Acidimicrobiales bacterium
PRJNA1071982	MFD01230_ilm_asm_bin12	LIB-MJ092-B4_01.12	GCA_049281195.1	JBAPRR000000000	SAMN40007853	Acidimicrobiales bacterium
PRJNA1071982	MFD03398_ilm_asm_bin7	LIB-MJ105-B10_01.7	GCA_049280395.1	JBAPQA000000000	SAMN40007896	Acidimicrobiales bacterium
PRJNA1071982	MFD01112_ilm_asm_bin26	LIB-MJ306-H8_01.26	GCA_049288175.1	JBAQHE000000000	SAMN40010243	Acidimicrobiales bacterium
PRJNA1071982	MFD00012_ilm_asm_bin12	LIB-MJ050-F11_02.12	GCA_049285295.1	JBAPZP000000000	SAMN40007647	Acidimicrobiales bacterium
PRJNA1071982	MFD13442_ilm_asm_bin24	LIB-MJ390-C7_03.24	GCA_049644885.1	JBARST000000000	SAMN40011864	Acidimicrobiales bacterium
PRJNA1071982	MFD02913_ilm_asm_bin1	LIB-MJ132-H3_03.1	GCA_049696635.1	JBAVUF000000000	SAMN40008449	Acidimicrobiales bacterium
PRJNA1071982	MFD04521_ilm_asm_bin2	LIB-MJ151-B12_04.2	GCA_049689835.1	JBAVMG000000000	SAMN40008656	Acidimicrobiales bacterium
PRJNA1071982	MFD04521_ilm_asm_bin15	LIB-MJ151-B12_04.15	GCA_049689815.1	JBAVMH000000000	SAMN40008655	Acidimicrobiales bacterium
PRJNA1071982	MFD03800_ilm_asm_bin11	LIB-MJ281-C1_01.11	GCA_049685495.1	JBAVHD000000000	SAMN40009647	Acidimicrobiales bacterium
PRJNA1071982	MFD10772_ilm_asm_bin27	LIB-MJ354-H3_04_v_LIB-MJ367-H3_04.27	GCA_049679505.1	JBAUGD000000000	SAMN40011249	Acidimicrobiales bacterium
PRJNA1071982	MFD10772_ilm_asm_bin51	LIB-MJ354-H3_04_v_LIB-MJ367-H3_04.51	GCA_049679385.1	JBAUFY000000000	SAMN40011254	Acidimicrobiales bacterium
PRJNA1071982	MFD10205_ilm_asm_bin39	LIB-MJ283-B2_04.39	GCA_049669565.1	JBATKO000000000	SAMN40009704	Acidimicrobiales bacterium
PRJNA1071982	MFD10856_ilm_asm_bin7	LIB-MJ353-B8_03_v_LIB-MJ367-B8_03.7	GCA_049790955.1	JBAQZL000000000	SAMN40011167	Acidimicrobiales bacterium
PRJNA1071982	MFD09730_ilm_asm_bin4	LIB-MJ352-C4_03.4	GCA_049793395.1	JBARBV000000000	SAMN40011104	Acidimicrobiales bacterium
PRJNA1071982	MFD05764_ilm_asm_bin239	LIB-MJ352-E7_03_v_LIB-MJ368-E7_01.239	GCA_049793015.1	JBARBL000000000	SAMN40011114	Acidimicrobiales bacterium
PRJNA1071982	MFD09904_ilm_asm_bin24	LIB-MJ338-E1_04.24	GCA_049801955.1	JBARLO000000000	SAMN40010851	Acidimicrobiales bacterium
PRJNA1071982	MFD06128_ilm_asm_bin12	LIB-MJ341-B4_02_v_LIB-MJ367-B4_04.12	GCA_049799595.1	JBARIE000000000	SAMN40010939	Acidimicrobiales bacterium
PRJNA1071982	MFD06538_ilm_asm_bin23	LIB-MJ341-E5_02_v_LIB-MJ406-B2_04.23	GCA_049799355.1	JBARHS000000000	SAMN40010951	Acidimicrobiales bacterium
PRJNA1071982	MFD01947_ilm_asm_bin47	LIB-MJ259-A2_04.47	GCA_049581565.1	JBAUSF000000000	SAMN40009536	Acidimicrobiales bacterium
PRJNA1071982	MFD09235_ilm_asm_bin58	LIB-MJ250-C5_04_v_LIB-MJ365-C5_03.58	GCA_049585755.1	JBAVAO000000000	SAMN40009324	Acidimicrobiales bacterium
PRJNA1071982	MFD09265_ilm_asm_bin61	LIB-MJ250-F2_04_v_LIB-MJ365-F2_03.61	GCA_049585395.1	JBAUZS000000000	SAMN40009343	Acidimicrobiales bacterium
PRJNA1071982	MFD01742_ilm_asm_bin7	LIB-MJ254-B6_02.7	GCA_049583915.1	JBAUWT000000000	SAMN40009418	Acidimicrobiales bacterium
PRJNA1071982	MFD02248_ilm_asm_bin18	LIB-MJ254-E3_02.18	GCA_049583795.1	JBAUWN000000000	SAMN40009424	Acidimicrobiales bacterium
PRJNA1071982	MFD04492_ilm_asm_bin6	LIB-MJ227-E5_02.6	GCA_049587415.1	JBAVDW000000000	SAMN40009238	Acidimicrobiales bacterium
PRJNA1071982	MFD05683_ilm_asm_bin43	LIB-MJ197-H2_03_v_LIB-MJ415-H8_04.43	GCA_049579345.1	JBAUNS000000000	SAMN40009029	Acidimicrobiales bacterium
PRJNA1071982	MFD05684_ilm_asm_bin20	LIB-MJ198-E1_03.20	GCA_049579045.1	JBAUNC000000000	SAMN40009045	Acidimicrobiia bacterium
PRJNA1071982	MFD04996_ilm_asm_bin2	LIB-MJ198-F1_03.2	GCA_049579005.1	JBAUNA000000000	SAMN40009047	Acidimicrobiia bacterium
PRJNA1071982	MFD01837_ilm_asm_bin13	LIB-MJ199-A9_04.13	GCA_049578725.1	JBAUMP000000000	SAMN40009058	Acidimicrobiia bacterium
PRJNA1071982	MFD09314_ilm_asm_bin41	LIB-MJ201-D10_03.41	GCA_049578105.1	JBAULI000000000	SAMN40009091	Acidimicrobiia bacterium
PRJNA1071982	MFD04776_ilm_asm_bin14	LIB-MJ192-E4_04.14	GCA_049589855.1	JBAWBP000000000	SAMN40008891	Acidimicrobiia bacterium
PRJNA1071982	MFD09415_ilm_asm_bin2	LIB-MJ255-G7_02.2	GCA_049582505.1	JBAUUC000000000	SAMN40009487	Acidimicrobiia bacterium
PRJNA1071982	MFD06716_ilm_asm_bin1	LIB-MJ341-A4_02.1	GCA_049799655.1	JBARII000000000	SAMN40010935	Acidimicrobiia bacterium
PRJNA1071982	MFD10219_ilm_asm_bin20	LIB-MJ283-B4_04.20	GCA_049669275.1	JBATKJ000000000	SAMN40009709	Acidimicrobiia bacterium
PRJNA1071982	MFD10196_ilm_asm_bin44	LIB-MJ283-A1_04_v_LIB-MJ415-A6_04.44	GCA_049670105.1	JBATLF000000000	SAMN40009687	Acidimicrobiia bacterium
PRJNA1071982	MFD10222_ilm_asm_bin6	LIB-MJ283-E4_04.6	GCA_049668405.1	JBATJI000000000	SAMN40009736	Acidimicrobiia bacterium
PRJNA1071982	MFD10224_ilm_asm_bin26	LIB-MJ283-G4_04.26	GCA_049667825.1	JBATIR000000000	SAMN40009753	Acidimicrobiia bacterium
PRJNA1071982	MFD10257_ilm_asm_bin7	LIB-MJ283-H8_04.7	GCA_049667065.1	JBATHT000000000	SAMN40009777	Acidimicrobiia bacterium
PRJNA1071982	MFD10316_ilm_asm_bin39	LIB-MJ284-C5_03.39	GCA_049666265.1	JBATGZ000000000	SAMN40009797	Acidimicrobiia bacterium
PRJNA1071982	MFD10337_ilm_asm_bin27	LIB-MJ284-H7_03.27	GCA_049664425.1	JBATFC000000000	SAMN40009846	Acidimicrobiia bacterium
PRJNA1071982	MFD10345_ilm_asm_bin22	LIB-MJ284-H8_03.22	GCA_049664285.1	JBATFA000000000	SAMN40009848	Acidimicrobiia bacterium
PRJNA1071982	MFD02594_ilm_asm_bin11	LIB-MJ263-C2_04.11	GCA_049686815.1	JBAVIK000000000	SAMN40009614	Acidimicrobiia bacterium
PRJNA1071982	MFD02586_ilm_asm_bin11	LIB-MJ140-A4_02.11	GCA_049692815.1	JBAVPF000000000	SAMN40008579	Acidimicrobiia bacterium
PRJNA1071982	MFD03804_ilm_asm_bin4	LIB-MJ110-D2_04_v_LIB-MJ415-F1_04.4	GCA_049698555.1	JBAVXZ000000000	SAMN40008351	Acidimicrobiia bacterium
PRJNA1071982	MFD13439_ilm_asm_bin45	LIB-MJ390-F7_03.45	GCA_049642885.1	JBARPG000000000	SAMN40011955	Acidimicrobiia bacterium
PRJNA1071982	MFD10512_ilm_asm_bin25	LIB-MJ305-H7_04.25	GCA_049289005.1	JBAQIU000000000	SAMN40010201	Acidimicrobiia bacterium
PRJNA1071982	MFD01065_ilm_asm_bin30	LIB-MJ091-H3_03.30	GCA_049281315.1	JBAPRW000000000	SAMN40007848	Acidimicrobiia bacterium
PRJNA1071982	MFD01219_ilm_asm_bin25	LIB-MJ091-B7_03.25	GCA_049282215.1	JBAPTP000000000	SAMN40007803	Acidimicrobiia bacterium
PRJNA1071982	MFD00166_ilm_asm_bin5	LIB-MJ051-G5_02.5	GCA_049284615.1	JBAPYG000000000	SAMN40007682	Acidimicrobiia bacterium
PRJNA1071982	MFD01318_ilm_asm_bin49	LIB-MJ089-B7_02.49	GCA_049283195.1	JBAPVN000000000	SAMN40007753	Acidobacteriaceae bacterium
PRJNA1071982	MFD01152_ilm_asm_bin3	LIB-MJ091-E11_03.3	GCA_049281835.1	JBAPSW000000000	SAMN40007822	Acidobacteriaceae bacterium
PRJNA1071982	MFD01230_ilm_asm_bin11	LIB-MJ092-B4_01.11	GCA_049281235.1	JBAPRS000000000	SAMN40007852	Acidobacteriaceae bacterium
PRJNA1071982	MFD02850_ilm_asm_bin10	LIB-MJ093-A12_02_v_LIB-MJ408-C11_04.10	GCA_049280995.1	JBAPRH000000000	SAMN40007863	Acidobacteriaceae bacterium
PRJNA1071982	MFD00971_ilm_asm_bin24	LIB-MJ093-A5_02.24	GCA_049280915.1	JBAPRB000000000	SAMN40007869	Acidobacteriaceae bacterium
PRJNA1071982	MFD09353_ilm_asm_bin13	LIB-MJ306-C6_01.13	GCA_049288645.1	JBAQIC000000000	SAMN40010219	Acidobacteriaceae bacterium
PRJNA1071982	MFD00151_ilm_asm_bin48	LIB-MJ050-D6_02_v_LIB-MJ408-D10_04.48	GCA_049285415.1	JBAPZV000000000	SAMN40007641	Acidobacteriaceae bacterium
PRJNA1071982	MFD03685_ilm_asm_bin39	LIB-MJ109-H4_01.39	GCA_049698835.1	JBAVYP000000000	SAMN40008335	Acidobacteriaceae bacterium
PRJNA1071982	MFD02434_ilm_asm_bin1	LIB-MJ130-H5_01.1	GCA_049697555.1	JBAVVZ000000000	SAMN40008403	Acidobacteriaceae bacterium
PRJNA1071982	MFD03092_ilm_asm_bin12	LIB-MJ140-E2_02.12	GCA_049692235.1	JBAVOQ000000000	SAMN40008594	Acidobacteriaceae bacterium
PRJNA1071982	MFD02913_ilm_asm_bin22	LIB-MJ132-H3_03.22	GCA_049696575.1	JBAVUB000000000	SAMN40008453	Acidobacteriaceae bacterium
PRJNA1071982	MFD00689_ilm_asm_bin12	LIB-MJ139-C1_01.12	GCA_049693715.1	JBAVQC000000000	SAMN40008556	Acidobacteriaceae bacterium
PRJNA1071982	MFD10855_ilm_asm_bin16	LIB-MJ354-G9_04.16	GCA_049679565.1	JBAUGH000000000	SAMN40011245	Acidobacteriaceae bacterium
PRJNA1071982	MFD05762_ilm_asm_bin2	LIB-MJ354-C5_04_v_LIB-MJ403-G2_03.2	GCA_049680205.1	JBAUHJ000000000	SAMN40011217	Acidobacteriaceae bacterium
PRJNA1071982	MFD03298_ilm_asm_bin9	LIB-MJ354-D10_04.9	GCA_049680085.1	JBAUHD000000000	SAMN40011223	Acidobacteriaceae bacterium
PRJNA1071982	MFD06608_ilm_asm_bin37	LIB-MJ354-E8_04_v_LIB-MJ403-G4_03.37	GCA_049679885.1	JBAUGT000000000	SAMN40011233	Acidobacteriaceae bacterium
PRJNA1071982	MFD06608_ilm_asm_bin5	LIB-MJ354-E8_04_v_LIB-MJ403-G4_03.5	GCA_049679845.1	JBAUGR000000000	SAMN40011235	Acidobacteriaceae bacterium
PRJNA1071982	MFD10743_ilm_asm_bin2	LIB-MJ381-C1_02.2	GCA_049678485.1	JBAUEG000000000	SAMN40011298	Acidobacteriaceae bacterium
PRJNA1071982	MFD10743_ilm_asm_bin22	LIB-MJ381-C1_02.22	GCA_049678445.1	JBAUEE000000000	SAMN40011300	Acidobacteriaceae bacterium
PRJNA1071982	MFD10743_ilm_asm_bin27	LIB-MJ381-C1_02.27	GCA_049678405.1	JBAUEC000000000	SAMN40011302	Acidobacteriaceae bacterium
PRJNA1071982	MFD10722_ilm_asm_bin53	LIB-MJ383-D1_01.53	GCA_049676975.1	JBAUBS000000000	SAMN40011364	Acidobacteriaceae bacterium
PRJNA1071982	MFD10911_ilm_asm_bin12	LIB-MJ385-B1_04.12	GCA_049674165.1	JBATYQ000000000	SAMN40011444	Acidobacteriaceae bacterium
PRJNA1071982	MFD10911_ilm_asm_bin25	LIB-MJ385-B1_04.25	GCA_049674105.1	JBATYO000000000	SAMN40011446	Acidobacteriaceae bacterium
PRJNA1071982	MFD10792_ilm_asm_bin7	LIB-MJ386-C12_04.7	GCA_049672365.1	JBATWB000000000	SAMN40011511	Acidobacteriaceae bacterium
PRJNA1071982	MFD09535_ilm_asm_bin16	LIB-MJ386-F7_04.16	GCA_049671725.1	JBATVK000000000	SAMN40011528	Acidobacteriaceae bacterium
PRJNA1071982	MFD10881_ilm_asm_bin2	LIB-MJ354-A1_04_v_LIB-MJ367-A1_04.2	GCA_049790395.1	JBAQYX000000000	SAMN40011181	Acidobacteriaceae bacterium
PRJNA1071982	MFD06725_ilm_asm_bin41	LIB-MJ341-B10_02_v_LIB-MJ367-B10_04.41	GCA_049799675.1	JBARIH000000000	SAMN40010936	Acidobacteriaceae bacterium
PRJNA1071982	MFD06549_ilm_asm_bin4	LIB-MJ343-A6_01.4	GCA_049797775.1	JBARGA000000000	SAMN40010995	Acidobacteriaceae bacterium
PRJNA1071982	MFD06656_ilm_asm_bin26	LIB-MJ344-C1_04.26	GCA_049796755.1	JBARFA000000000	SAMN40011021	Acidobacteriaceae bacterium
PRJNA1071982	MFD06171_ilm_asm_bin16	LIB-MJ344-E9_04.16	GCA_049796435.1	JBARET000000000	SAMN40011028	Acidobacteriaceae bacterium
PRJNA1071982	MFD06571_ilm_asm_bin46	LIB-MJ338-C2_04.46	GCA_049802015.1	JBARLQ000000000	SAMN40010849	Acidobacteriaceae bacterium
PRJNA1071982	MFD06478_ilm_asm_bin34	LIB-MJ338-A5_04.34	GCA_049802135.1	JBARLW000000000	SAMN40010843	Acidobacteriaceae bacterium
PRJNA1071982	MFD06420_ilm_asm_bin2	LIB-MJ338-H10_04.2	GCA_049801775.1	JBARLE000000000	SAMN40010861	Acidobacteriaceae bacterium
PRJNA1071982	MFD06508_ilm_asm_bin1	LIB-MJ337-F9_03.1	GCA_049802575.1	JBARMS000000000	SAMN40010821	Acidobacteriaceae bacterium
PRJNA1071982	MFD06508_ilm_asm_bin41	LIB-MJ337-F9_03.41	GCA_049802515.1	JBARMP000000000	SAMN40010824	Acidobacteriaceae bacterium
PRJNA1071982	MFD06234_ilm_asm_bin62	LIB-MJ339-C9_03.62	GCA_049800575.1	JBARKB000000000	SAMN40010890	Acidobacteriaceae bacterium
PRJNA1071982	MFD06234_ilm_asm_bin117	LIB-MJ339-C9_03.117	GCA_049800615.1	JBARKD000000000	SAMN40010888	Acidobacteriaceae bacterium
PRJNA1071982	MFD09303_ilm_asm_bin3	LIB-MJ255-A7_02.3	GCA_049583105.1	JBAUVG000000000	SAMN40009457	Acidobacteriaceae bacterium
PRJNA1071982	MFD02197_ilm_asm_bin31	LIB-MJ255-B9_02.31	GCA_049582985.1	JBAUVA000000000	SAMN40009463	Acidobacteriaceae bacterium
PRJNA1071982	MFD02197_ilm_asm_bin37	LIB-MJ255-B9_02.37	GCA_049582965.1	JBAUUZ000000000	SAMN40009464	Acidobacteriaceae bacterium
PRJNA1071982	MFD01947_ilm_asm_bin45	LIB-MJ259-A2_04.45	GCA_049581605.1	JBAUSG000000000	SAMN40009535	Acidobacteriaceae bacterium
PRJNA1071982	MFD02167_ilm_asm_bin26	LIB-MJ259-E11_04.26	GCA_049581085.1	JBAURE000000000	SAMN40009563	Acidobacteriaceae bacterium
PRJNA1071982	MFD09294_ilm_asm_bin17	LIB-MJ250-F4_04.17	GCA_049585375.1	JBAUZR000000000	SAMN40009344	Acidobacteriaceae bacterium
PRJNA1071982	MFD09819_ilm_asm_bin20	LIB-MJ231-A8_04.20	GCA_049586355.1	JBAVBT000000000	SAMN40009293	Acidobacteriaceae bacterium
PRJNA1071982	MFD09400_ilm_asm_bin16	LIB-MJ191-C4_04.16	GCA_049590395.1	JBAWCV000000000	SAMN40008859	Acidobacteriaceae bacterium
PRJNA1071982	MFD01356_ilm_asm_bin2	LIB-MJ228-D11_01.2	GCA_049587035.1	JBAVDD000000000	SAMN40009257	Acidobacteriaceae bacterium
PRJNA1071982	MFD05469_ilm_asm_bin27	LIB-MJ200-H4_04.27	GCA_049578265.1	JBAULP000000000	SAMN40009084	Acidobacteriaceae bacterium
PRJNA1071982	MFD05564_ilm_asm_bin3	LIB-MJ198-D8_03.3	GCA_049579145.1	JBAUNG000000000	SAMN40009041	Acidobacteriaceae bacterium
PRJNA1071982	MFD04660_ilm_asm_bin19	LIB-MJ196-E8_02.19	GCA_049579805.1	JBAUOP000000000	SAMN40009006	Acidobacteriaceae bacterium
PRJNA1071982	MFD05605_ilm_asm_bin15	LIB-MJ174-G5_01.15	GCA_049593115.1	JBAWGS000000000	SAMN40008758	Acidobacteriaceae bacterium
PRJNA1071982	MFD04429_ilm_asm_bin1	LIB-MJ175-F2_02.1	GCA_049592415.1	JBAWGA000000000	SAMN40008776	Acidobacteriaceae bacterium
PRJNA1071982	MFD02204_ilm_asm_bin14	LIB-MJ177-G1_03.14	GCA_049591295.1	JBAWEQ000000000	SAMN40008812	Acidobacteriota bacterium
PRJNA1071982	MFD01219_ilm_asm_bin26	LIB-MJ091-B7_03.26	GCA_049282195.1	JBAPTO000000000	SAMN40007804	Acidobacteriota bacterium
PRJNA1071982	MFD12106_ilm_asm_bin5	LIB-MJ335-C12_02.5	GCA_049302255.1	JBAQLY000000000	SAMN40010719	Acidovorax sp.
PRJNA1071982	MFD12015_ilm_asm_bin49	LIB-MJ334-G11_01.49	GCA_049295555.1	JBAQQW000000000	SAMN40010590	Acidovorax sp.
PRJNA1071982	MFD00636_ilm_asm_bin2	LIB-MJ139-H6_01.2	GCA_049692935.1	JBAVPJ000000000	SAMN40008575	Acinetobacter bohemicus
PRJNA1071982	MFD01240_ilm_asm_bin5	LIB-MJ089-E11_02.5	GCA_049282855.1	JBAPUV000000000	SAMN40007771	Acinetobacter bohemicus
PRJNA1071982	MFD00758_ilm_asm_bin3	LIB-MJ132-F4_03.3	GCA_049696795.1	JBAVUN000000000	SAMN40008441	Acinetobacter calcoaceticus
PRJNA1071982	MFD02954_ilm_asm_bin6	LIB-MJ134-F9_03.6	GCA_049695315.1	JBAVRY000000000	SAMN40008508	Acinetobacter calcoaceticus
PRJNA1071982	MFD00208_ilm_asm_bin16	LIB-MJ054-D1_03.16	GCA_049284435.1	JBAPXX000000000	SAMN40007691	Acinetobacter sp.
PRJNA1071982	MFD01377_ilm_asm_bin22	LIB-MJ190-G9_02.22	GCA_049590775.1	JBAWDO000000000	SAMN40008840	Acinetobacter sp.
PRJNA1071982	MFD04419_ilm_asm_bin17	LIB-MJ229-G7_03.17	GCA_049586755.1	JBAVCQ000000000	SAMN40009270	Acinetobacter sp.
PRJNA1071982	MFD03894_ilm_asm_bin12	LIB-MJ135-H5_04.12	GCA_049694835.1	JBAVRH000000000	SAMN40008525	Acinetobacter sp.
PRJNA1071982	MFD02383_ilm_asm_bin12	LIB-MJ130-E1_01.12	GCA_049697715.1	JBAVWF000000000	SAMN40008397	Acinetobacter sp.
PRJNA1071982	MFD12217_ilm_asm_bin9	LIB-MJ387-A7_01.9	GCA_049670925.1	JBATUC000000000	SAMN40011562	Acinetobacter venetianus
PRJNA1071982	MFD09533_ilm_asm_bin3	LIB-MJ255-E1_02_v_LIB-MJ405-G8_01.3	GCA_049582705.1	JBAUUM000000000	SAMN40009477	Actinocatenispora sp.
PRJNA1071982	MFD12931_ilm_asm_bin8	LIB-MJ390-E1_03.8	GCA_049643745.1	JBARQN000000000	SAMN40011922	Actinomycetes bacterium
PRJNA1071982	MFD02847_ilm_asm_bin1	LIB-MJ090-H10_04.1	GCA_049282455.1	JBAPUB000000000	SAMN40007791	Actinomycetes bacterium
PRJNA1071982	MFD13529_ilm_asm_bin10	LIB-MJ414-D9_03.10	GCA_049273905.1	JBASRP000000000	SAMN40012597	Actinomycetota bacterium
PRJNA1071982	MFD12059_ilm_asm_bin8	LIB-MJ335-B6_02.8	GCA_049302895.1	JBAQMN000000000	SAMN40010704	Actinomycetota bacterium
PRJNA1071982	MFD02482_ilm_asm_bin6	LIB-MJ260-E4_01.6	GCA_049687635.1	JBAVJF000000000	SAMN40009593	Actinomycetota bacterium
PRJNA1071982	MFD04307_ilm_asm_bin8	LIB-MJ226-E8_01.8	GCA_049587975.1	JBAVEY000000000	SAMN40009210	Actinomycetota bacterium
PRJNA1071982	MFD04287_ilm_asm_bin1	LIB-MJ389-F7_03.1	GCA_049647105.1	JBARWZ000000000	SAMN40011754	Actinophytocola sp.
PRJNA1071982	MFD13472_ilm_asm_bin38	LIB-MJ413-E9_01.38	GCA_049652345.1	JBASDV000000000	SAMN40012340	Acutalibacteraceae bacterium
PRJNA1071982	MFD13471_ilm_asm_bin51	LIB-MJ413-F9_01.51	GCA_049277675.1	JBASYX000000000	SAMN40012407	Acutalibacteraceae bacterium
PRJNA1071982	MFD13470_ilm_asm_bin3	LIB-MJ413-G9_01.3	GCA_049275755.1	JBASVC000000000	SAMN40012506	Acutalibacteraceae bacterium
PRJNA1071982	MFD12211_ilm_asm_bin18	LIB-MJ389-G11_03.18	GCA_049646885.1	JBARWQ000000000	SAMN40011763	Aequorivita sp.
PRJNA1071982	MFD01617_ilm_asm_bin8	LIB-MJ131-H9_01.8	GCA_049697095.1	JBAVVC000000000	SAMN40008426	Aeromicrobium sp.
PRJNA1071982	MFD05455_ilm_asm_bin22	LIB-MJ228-A8_01.22	GCA_049587115.1	JBAVDI000000000	SAMN40009252	Aeromicrobium sp.
PRJNA1071982	MFD09716_ilm_asm_bin5	LIB-MJ228-A7_01.5	GCA_049587195.1	JBAVDK000000000	SAMN40009250	Aeromicrobium sp.
PRJNA1071982	MFD05649_ilm_asm_bin28	LIB-MJ190-E8_02.28	GCA_049590815.1	JBAWDR000000000	SAMN40008837	Aeromicrobium sp.
PRJNA1071982	MFD05648_ilm_asm_bin17	LIB-MJ230-D8_03.17	GCA_049586495.1	JBAVCB000000000	SAMN40009285	Aeromicrobium sp.
PRJNA1071982	MFD00707_ilm_asm_bin14	LIB-MJ088-C1_04.14	GCA_049283675.1	JBAPWL000000000	SAMN40007729	Aeromicrobium sp.
PRJNA1071982	MFD12162_ilm_asm_bin24	LIB-MJ386-B10_04.24	GCA_049672985.1	JBATXA000000000	SAMN40011486	Aeromonas molluscorum
PRJNA1071982	MFD02971_ilm_asm_bin4	LIB-MJ145-A2_01.4	GCA_049691635.1	JBAVOA000000000	SAMN40008610	Aestuariivirga sp.
PRJNA1071982	MFD01576_ilm_asm_bin7	LIB-MJ129-G10_02.7	GCA_049698055.1	JBAVWZ000000000	SAMN40008377	Aestuariivirga sp.
PRJNA1071982	MFD13444_ilm_asm_bin28	LIB-MJ390-A7_03.28	GCA_049646125.1	JBARVH000000000	SAMN40011798	Aestuariivirga sp.
PRJNA1071982	MFD01381_ilm_asm_bin2	LIB-MJ198-G4_03.2	GCA_049578885.1	JBAUMV000000000	SAMN40009052	Aestuariivirga sp.
PRJNA1071982	MFD06880_ilm_asm_bin2	LIB-MJ413-G3_01.2	GCA_049276915.1	JBASXK000000000	SAMN40012446	Aestuariivita sp.
PRJNA1071982	MFD10569_ilm_asm_bin13	LIB-MJ334-A4_01.13	GCA_049286565.1	JBAQED000000000	SAMN40010322	Agathobacter rectalis
PRJNA1071982	MFD10593_ilm_asm_bin19	LIB-MJ334-A7_01.19	GCA_049286325.1	JBAQDL000000000	SAMN40010340	Agathobacter rectalis
PRJNA1071982	MFD10547_ilm_asm_bin7	LIB-MJ334-A1_01.7	GCA_049287365.1	JBAQFR000000000	SAMN40010282	Agathobacter rectalis
PRJNA1071982	MFD10534_ilm_asm_bin36	LIB-MJ305-H10_04.36	GCA_049289775.1	JBATMI000000000	SAMN40010164	Agathobacter rectalis
PRJNA1071982	MFD10551_ilm_asm_bin19	LIB-MJ334-E1_01.19	GCA_049297535.1	JBAQUM000000000	SAMN40010496	Agathobacter rectalis
PRJNA1071982	MFD10581_ilm_asm_bin29	LIB-MJ334-E5_01.29	GCA_049297075.1	JBAQTQ000000000	SAMN40010518	Agathobacter rectalis
PRJNA1071982	MFD10554_ilm_asm_bin17	LIB-MJ334-H1_01.17	GCA_049305535.1	JBAQPF000000000	SAMN40010633	Agathobacter rectalis
PRJNA1071982	MFD10530_ilm_asm_bin34	LIB-MJ305-B10_04.34	GCA_049662705.1	JBATCD000000000	SAMN40009923	Agathobacter rectalis
PRJNA1071982	MFD10537_ilm_asm_bin17	LIB-MJ305-C11_04.17	GCA_049661665.1	JBATAH000000000	SAMN40009971	Agathobacter rectalis
PRJNA1071982	MFD10535_ilm_asm_bin18	LIB-MJ305-A11_04.18	GCA_049663665.1	JBATDV000000000	SAMN40009879	Agathobacter rectalis
PRJNA1071982	MFD13492_ilm_asm_bin9	LIB-MJ413-A7_01.9	GCA_049659085.1	JBASPI000000000	SAMN40012039	Aggregatilineales bacterium
PRJNA1071982	MFD12139_ilm_asm_bin15	LIB-MJ388-A6_02.15	GCA_049682915.1	JBAUIL000000000	SAMN40011624	Ahrensia sp.
PRJNA1071982	MFD10474_ilm_asm_bin34	LIB-MJ305-H2_04.34	GCA_049289375.1	JBATLP000000000	SAMN40010183	Albidovulum sp.
PRJNA1071982	MFD10475_ilm_asm_bin36	LIB-MJ305-A3_04.36	GCA_049663365.1	JBATDH000000000	SAMN40009893	Albidovulum sp.
PRJNA1071982	MFD12160_ilm_asm_bin5	LIB-MJ389-H5_03.5	GCA_049646285.1	JBARVN000000000	SAMN40011792	Albidovulum sp.
PRJNA1071982	MFD12160_ilm_asm_bin2	LIB-MJ389-H5_03.2	GCA_049646345.1	JBARVQ000000000	SAMN40011789	Albidovulum sp.
PRJNA1071982	MFD13441_ilm_asm_bin1	LIB-MJ390-D7_03.1	GCA_049644245.1	JBARRN000000000	SAMN40011896	Albidovulum sp.
PRJNA1071982	MFD03265_ilm_asm_bin3	LIB-MJ354-B12_04.3	GCA_049682675.1	JBAUIF000000000	SAMN40011195	Albidovulum sp.
PRJNA1071982	MFD03264_ilm_asm_bin1	LIB-MJ354-C4_04_v_LIB-MJ403-A2_03.1	GCA_049680425.1	JBAUHT000000000	SAMN40011207	Albidovulum sp.
PRJNA1071982	MFD03264_ilm_asm_bin2	LIB-MJ354-C4_04_v_LIB-MJ403-A2_03.2	GCA_049680345.1	JBAUHP000000000	SAMN40011211	Albidovulum sp.
PRJNA1071982	MFD12161_ilm_asm_bin12	LIB-MJ387-E5_01.12	GCA_049670445.1	JBATTI000000000	SAMN40011582	Albidovulum sp.
PRJNA1071982	MFD12161_ilm_asm_bin8	LIB-MJ387-E5_01.8	GCA_049670405.1	JBATTF000000000	SAMN40011585	Albidovulum sp.
PRJNA1071982	MFD03251_ilm_asm_bin3	LIB-MJ352-E1_03.3	GCA_049793335.1	JBARBS000000000	SAMN40011107	Albidovulum sp.
PRJNA1071982	MFD03261_ilm_asm_bin13	LIB-MJ352-A5_03.13	GCA_049794115.1	JBARCM000000000	SAMN40011087	Albidovulum sp.
PRJNA1071982	MFD10241_ilm_asm_bin31	LIB-MJ283-H6_04.31	GCA_049667265.1	JBATHX000000000	SAMN40009773	Algibacter sp.
PRJNA1071982	MFD01323_ilm_asm_bin9	LIB-MJ134-A12_03_v_LIB-MJ404-C8_03.9	GCA_049696095.1	JBAVTK000000000	SAMN40008470	Aliidongia sp.
PRJNA1071982	MFD10902_ilm_asm_bin62	LIB-MJ352-G5_03_v_LIB-MJ368-G5_01.62	GCA_049791815.1	JBARAG000000000	SAMN40011145	Alloacidobacterium sp.
PRJNA1071982	MFD12177_ilm_asm_bin8	LIB-MJ389-G5_03.8	GCA_049646745.1	JBARWI000000000	SAMN40011771	Allopontixanthobacter sediminis
PRJNA1071982	MFD12178_ilm_asm_bin11	LIB-MJ387-F2_01.11	GCA_049670185.1	JBATSZ000000000	SAMN40011591	Allopontixanthobacter sediminis
PRJNA1071982	MFD05727_ilm_asm_bin24	LIB-MJ191-H6_04.24	GCA_049590095.1	JBAWCC000000000	SAMN40008878	Allosphingosinicella sp.
PRJNA1071982	MFD02472_ilm_asm_bin11	LIB-MJ130-F1_01.11	GCA_049697595.1	JBAVWC000000000	SAMN40008400	Alphaproteobacteria bacterium
PRJNA1071982	MFD03833_ilm_asm_bin3	LIB-MJ147-D9_02.3	GCA_049691095.1	JBAVNO000000000	SAMN40008622	Alphaproteobacteria bacterium
PRJNA1071982	MFD13444_ilm_asm_bin70	LIB-MJ390-A7_03.70	GCA_049646105.1	JBARVE000000000	SAMN40011801	Alphaproteobacteria bacterium
PRJNA1071982	MFD03500_ilm_asm_bin1	LIB-MJ413-E5_01.1	GCA_049653105.1	JBASFQ000000000	SAMN40012293	Alphaproteobacteria bacterium
PRJNA1071982	MFD03500_ilm_asm_bin21	LIB-MJ413-E5_01.21	GCA_049653045.1	JBASFN000000000	SAMN40012296	Alphaproteobacteria bacterium
PRJNA1071982	MFD03500_ilm_asm_bin31	LIB-MJ413-E5_01.31	GCA_049652985.1	JBASFK000000000	SAMN40012299	Alphaproteobacteria bacterium
PRJNA1071982	MFD03231_ilm_asm_bin56	LIB-MJ413-G5_01.56	GCA_049276515.1	JBASWO000000000	SAMN40012468	Alphaproteobacteria bacterium
PRJNA1071982	MFD09810_ilm_asm_bin8	LIB-MJ307-A1_01.8	GCA_049288095.1	JBAQHC000000000	SAMN40010245	Alphaproteobacteria bacterium
PRJNA1071982	MFD03335_ilm_asm_bin2	LIB-MJ105-C8_01_v_LIB-MJ367-C8_04.2	GCA_049280315.1	JBAPPV000000000	SAMN40007901	Alphaproteobacteria bacterium
PRJNA1071982	MFD03283_ilm_asm_bin13	LIB-MJ334-D8_01.13	GCA_049297755.1	JBAQUW000000000	SAMN40010486	Alphaproteobacteria bacterium
PRJNA1071982	MFD03283_ilm_asm_bin39	LIB-MJ334-D8_01.39	GCA_049297695.1	JBAQUT000000000	SAMN40010489	Alphaproteobacteria bacterium
PRJNA1071982	MFD12116_ilm_asm_bin46	LIB-MJ389-H4_03.46	GCA_049646405.1	JBARVT000000000	SAMN40011786	Alteraurantiacibacter sp.
PRJNA1071982	MFD12120_ilm_asm_bin10	LIB-MJ388-F1_02.10	GCA_049650885.1	JBASBA000000000	SAMN40011649	Alteraurantiacibacter sp.
PRJNA1071982	MFD05464_ilm_asm_bin3	LIB-MJ172-B5_04.3	GCA_049688035.1	JBAVJY000000000	SAMN40008716	Anaerobacillus sp.
PRJNA1071982	MFD05631_ilm_asm_bin7	LIB-MJ195-B9_01.7	GCA_049588575.1	JBAVZC000000000	SAMN40008956	Anaerobacillus sp.
PRJNA1071982	MFD02586_ilm_asm_bin5	LIB-MJ140-A4_02.5	GCA_049692775.1	JBAVPE000000000	SAMN40008580	Anaerocolumna sp.
PRJNA1071982	MFD12067_ilm_asm_bin1	LIB-MJ335-B7_02.1	GCA_049302815.1	JBAQMM000000000	SAMN40010705	Anaerolineaceae bacterium
PRJNA1071982	MFD12032_ilm_asm_bin14	LIB-MJ335-E2_02.14	GCA_049301715.1	JBAQLH000000000	SAMN40010736	Anaerolineaceae bacterium
PRJNA1071982	MFD03995_ilm_asm_bin8	LIB-MJ149-B8_03.8	GCA_049690375.1	JBAVMU000000000	SAMN40008642	Anaerolineaceae bacterium
PRJNA1071982	MFD13489_ilm_asm_bin58	LIB-MJ413-D7_01.58	GCA_049654685.1	JBASIH000000000	SAMN40012222	Anaerolineaceae bacterium
PRJNA1071982	MFD12108_ilm_asm_bin33	LIB-MJ413-B1_01.33	GCA_049657925.1	JBASOE000000000	SAMN40012069	Anaerolineaceae bacterium
PRJNA1071982	MFD05674_ilm_asm_bin9	LIB-MJ193-H10_01_v_LIB-MJ402-F8_04.9	GCA_049589295.1	JBAWAL000000000	SAMN40008921	Anaerolineaceae bacterium
PRJNA1071982	MFD04381_ilm_asm_bin11	LIB-MJ193-G1_01.11	GCA_049589355.1	JBAWAP000000000	SAMN40008917	Anaerolineae bacterium
PRJNA1071982	MFD10521_ilm_asm_bin18	LIB-MJ305-A9_04.18	GCA_049662905.1	JBATCN000000000	SAMN40009913	Anaerolineae bacterium
PRJNA1071982	MFD10461_ilm_asm_bin3	LIB-MJ305-C1_04.3	GCA_049661785.1	JBATAK000000000	SAMN40009968	Anaerolineae bacterium
PRJNA1071982	MFD12958_ilm_asm_bin33	LIB-MJ388-B2_02.33	GCA_049651285.1	JBASBT000000000	SAMN40011629	Anaerolineae bacterium
PRJNA1071982	MFD13444_ilm_asm_bin69	LIB-MJ390-A7_03.69	GCA_049646165.1	JBARVF000000000	SAMN40011800	Anaerolineae bacterium
PRJNA1071982	MFD13450_ilm_asm_bin25	LIB-MJ390-C6_03.25	GCA_049645025.1	JBARTB000000000	SAMN40011856	Anaerolineae bacterium
PRJNA1071982	MFD13448_ilm_asm_bin10	LIB-MJ390-E6_03.10	GCA_049643665.1	JBARQM000000000	SAMN40011923	Anaerolineae bacterium
PRJNA1071982	MFD03971_ilm_asm_bin21	LIB-MJ138-E11_03.21	GCA_049694275.1	JBAVQS000000000	SAMN40008540	Anaerolineae bacterium
PRJNA1071982	MFD01591_ilm_asm_bin2	LIB-MJ130-E6_01.2	GCA_049697655.1	JBAVWD000000000	SAMN40008399	Anaerolineae bacterium
PRJNA1071982	MFD12951_ilm_asm_bin1	LIB-MJ386-H6_04.1	GCA_049671185.1	JBATUO000000000	SAMN40011550	Anaerolineae bacterium
PRJNA1071982	MFD10571_ilm_asm_bin2	LIB-MJ334-C4_01.2	GCA_049299595.1	JBAQXQ000000000	SAMN40010414	Anaerolineae bacterium
PRJNA1071982	MFD10595_ilm_asm_bin30	LIB-MJ334-C7_01.30	GCA_049299095.1	JBAQWV000000000	SAMN40010435	Anaerolineae bacterium
PRJNA1071982	MFD10550_ilm_asm_bin8	LIB-MJ334-D1_01.8	GCA_049298855.1	JBAQWJ000000000	SAMN40010447	Anaerolineae bacterium
PRJNA1071982	MFD10565_ilm_asm_bin13	LIB-MJ334-D3_01.13	GCA_049298635.1	JBAQVZ000000000	SAMN40010457	Anaerolineae bacterium
PRJNA1071982	MFD10477_ilm_asm_bin8	LIB-MJ305-D3_04.8	GCA_049292835.1	JBATRV000000000	SAMN40010021	Anaerolineae bacterium
PRJNA1071982	MFD10470_ilm_asm_bin25	LIB-MJ305-D2_04.25	GCA_049292995.1	JBATSA000000000	SAMN40010016	Anaerolineae bacterium
PRJNA1071982	MFD10471_ilm_asm_bin10	LIB-MJ305-E2_04.10	GCA_049291835.1	JBATQC000000000	SAMN40010066	Anaerolineae bacterium
PRJNA1071982	MFD10501_ilm_asm_bin16	LIB-MJ305-E6_04.16	GCA_049291675.1	JBATPW000000000	SAMN40010072	Anaerolineae bacterium
PRJNA1071982	MFD10509_ilm_asm_bin4	LIB-MJ305-E7_04.4	GCA_049291635.1	JBATPT000000000	SAMN40010075	Anaerolineae bacterium
PRJNA1071982	MFD10517_ilm_asm_bin35	LIB-MJ305-E8_04.35	GCA_049291535.1	JBATPP000000000	SAMN40010079	Anaerolineae bacterium
PRJNA1071982	MFD10525_ilm_asm_bin5	LIB-MJ305-E9_04.5	GCA_049291275.1	JBATPD000000000	SAMN40010091	Anaerolineae bacterium
PRJNA1071982	MFD10502_ilm_asm_bin21	LIB-MJ305-F6_04.21	GCA_049290855.1	JBATOH000000000	SAMN40010113	Anaerolineae bacterium
PRJNA1071982	MFD10510_ilm_asm_bin4	LIB-MJ305-F7_04.4	GCA_049290735.1	JBATOC000000000	SAMN40010118	Anaerolineae bacterium
PRJNA1071982	MFD10570_ilm_asm_bin10	LIB-MJ334-B4_01.10	GCA_049294015.1	JBAQCH000000000	SAMN40010370	Anaerolineae bacterium
PRJNA1071982	MFD10503_ilm_asm_bin21	LIB-MJ305-G6_04.21	GCA_049290055.1	JBATMW000000000	SAMN40010150	Anaerolineae bacterium
PRJNA1071982	MFD10511_ilm_asm_bin14	LIB-MJ305-G7_04.14	GCA_049289955.1	JBATMS000000000	SAMN40010154	Anaerolineae bacterium
PRJNA1071982	MFD06995_ilm_asm_bin3	LIB-MJ307-H11_01.3	GCA_049287485.1	JBAQFX000000000	SAMN40010276	Anaerolineales bacterium
PRJNA1071982	MFD02339_ilm_asm_bin15	LIB-MJ091-E10_03.15	GCA_049281855.1	JBAPSY000000000	SAMN40007820	Anaerolineales bacterium
PRJNA1071982	MFD01223_ilm_asm_bin23	LIB-MJ106-H9_01.23	GCA_049279135.1	JBAPNM000000000	SAMN40007962	Anaerolineales bacterium
PRJNA1071982	MFD05764_ilm_asm_bin8	LIB-MJ352-E7_03_v_LIB-MJ368-E7_01.8	GCA_049792555.1	JBARBA000000000	SAMN40011125	Anaerolineales bacterium
PRJNA1071982	MFD13193_ilm_asm_bin9	LIB-MJ387-B3_01.9	GCA_049670765.1	JBATTU000000000	SAMN40011570	Anaerolineales bacterium
PRJNA1071982	MFD13174_ilm_asm_bin5	LIB-MJ384-D2_01.5	GCA_049674545.1	JBATZH000000000	SAMN40011427	Anaerolineales bacterium
PRJNA1071982	MFD06967_ilm_asm_bin4	LIB-MJ282-G4_03.4	GCA_049684495.1	JBAVFZ000000000	SAMN40009677	Anaerolineales bacterium
PRJNA1071982	MFD13088_ilm_asm_bin36	LIB-MJ380-A3_03.36	GCA_049679165.1	JBAUFN000000000	SAMN40011265	Anaerolineales bacterium
PRJNA1071982	MFD12934_ilm_asm_bin19	LIB-MJ380-C1_03.19	GCA_049679085.1	JBAUFI000000000	SAMN40011270	Anaerolineales bacterium
PRJNA1071982	MFD01609_ilm_asm_bin14	LIB-MJ131-G9_01.14	GCA_049697155.1	JBAVVF000000000	SAMN40008423	Anaerolineales bacterium
PRJNA1071982	MFD01311_ilm_asm_bin16	LIB-MJ260-C5_01.16	GCA_049687655.1	JBAVJG000000000	SAMN40009592	Anaerolineales bacterium
PRJNA1071982	MFD01689_ilm_asm_bin23	LIB-MJ148-G5_02.23	GCA_049690635.1	JBAVNA000000000	SAMN40008636	Anaerolineales bacterium
PRJNA1071982	MFD12959_ilm_asm_bin31	LIB-MJ390-D1_03.31	GCA_049644705.1	JBARSK000000000	SAMN40011873	Anaerolineales bacterium
PRJNA1071982	MFD12959_ilm_asm_bin38	LIB-MJ390-D1_03.38	GCA_049644685.1	JBARSJ000000000	SAMN40011874	Anaerolineales bacterium
PRJNA1071982	MFD12959_ilm_asm_bin40	LIB-MJ390-D1_03.40	GCA_049644665.1	JBARSI000000000	SAMN40011875	Anaerolineales bacterium
PRJNA1071982	MFD12959_ilm_asm_bin54	LIB-MJ390-D1_03.54	GCA_049644605.1	JBARSF000000000	SAMN40011878	Anaerolineales bacterium
PRJNA1071982	MFD12960_ilm_asm_bin29	LIB-MJ388-H10_02.29	GCA_049650285.1	JBARZV000000000	SAMN40011680	Anaerolineales bacterium
PRJNA1071982	MFD04398_ilm_asm_bin8	LIB-MJ192-B6_04.8	GCA_049590015.1	JBAWBW000000000	SAMN40008884	Anaerolineales bacterium
PRJNA1071982	MFD01928_ilm_asm_bin33	LIB-MJ218-C12_04.33	GCA_049588275.1	JBAVFN000000000	SAMN40009195	Anaerolineales bacterium
PRJNA1071982	MFD05467_ilm_asm_bin9	LIB-MJ200-A8_04.9	GCA_049578465.1	JBAUMB000000000	SAMN40009072	Anaerolineales bacterium
PRJNA1071982	MFD02138_ilm_asm_bin53	LIB-MJ259-G6_04.53	GCA_049580765.1	JBAUQQ000000000	SAMN40009577	Anaerolineales bacterium
PRJNA1071982	MFD04419_ilm_asm_bin16	LIB-MJ229-G7_03.16	GCA_049586815.1	JBAVCR000000000	SAMN40009269	Anaeromyxobacteraceae bacterium
PRJNA1071982	MFD03638_ilm_asm_bin5	LIB-MJ134-A11_03.5	GCA_049696175.1	JBAVTL000000000	SAMN40008469	Anaeromyxobacteraceae bacterium
PRJNA1071982	MFD10532_ilm_asm_bin62	LIB-MJ305-E10_04.62	GCA_049292015.1	JBATQL000000000	SAMN40010057	Anaerostipes hadrus
PRJNA1071982	MFD03256_ilm_asm_bin2	LIB-MJ354-G10_04.2	GCA_049679775.1	JBAUGO000000000	SAMN40011238	Anderseniella sp.
PRJNA1071982	MFD10329_ilm_asm_bin28	LIB-MJ284-H6_03.28	GCA_049664585.1	JBATFH000000000	SAMN40009841	Anderseniella sp.
PRJNA1071982	MFD03232_ilm_asm_bin13	LIB-MJ413-H5_01.13	GCA_049274935.1	JBASTO000000000	SAMN40012546	Aquabacterium commune
PRJNA1071982	MFD03232_ilm_asm_bin76	LIB-MJ413-H5_01.76	GCA_049274795.1	JBASTH000000000	SAMN40012553	Aquabacterium sp.
PRJNA1071982	MFD03280_ilm_asm_bin7	LIB-MJ334-A8_01.7	GCA_049294555.1	JBAQDC000000000	SAMN40010349	Aquabacterium sp.
PRJNA1071982	MFD00208_ilm_asm_bin23	LIB-MJ054-D1_03.23	GCA_049284395.1	JBAPXV000000000	SAMN40007693	Aquabacterium sp.
PRJNA1071982	MFD06885_ilm_asm_bin37	LIB-MJ413-A5_01.37	GCA_049659825.1	JBASQD000000000	SAMN40012018	Aquiluna sp.
PRJNA1071982	MFD12113_ilm_asm_bin11	LIB-MJ413-G1_01.11	GCA_049277535.1	JBASYO000000000	SAMN40012416	Aquirufa antheringensis
PRJNA1071982	MFD12113_ilm_asm_bin34	LIB-MJ413-G1_01.34	GCA_049277475.1	JBASYL000000000	SAMN40012419	Aquirufa ecclesiirivi
PRJNA1071982	MFD13467_ilm_asm_bin28	LIB-MJ413-B10_01.28	GCA_049657605.1	JBASNU000000000	SAMN40012079	Arcanobacterium sp.
PRJNA1071982	MFD13484_ilm_asm_bin33	LIB-MJ413-A8_01.33	GCA_049658765.1	JBASOZ000000000	SAMN40012048	Arcanobacterium sp.
PRJNA1071982	MFD13486_ilm_asm_bin1	LIB-MJ413-G7_01.1	GCA_049276415.1	JBASWJ000000000	SAMN40012473	Arcanobacterium sp.
PRJNA1071982	MFD13469_ilm_asm_bin9	LIB-MJ413-H9_01.9	GCA_049273985.1	JBASRT000000000	SAMN40012593	Arcanobacterium sp.
PRJNA1071982	MFD12141_ilm_asm_bin1	LIB-MJ386-H7_04.1	GCA_049671125.1	JBATUL000000000	SAMN40011553	Arcobacter sp.
PRJNA1071982	MFD12169_ilm_asm_bin5	LIB-MJ387-H6_01.5	GCA_049683275.1	JBAUIY000000000	SAMN40011611	Arcobacter sp.
PRJNA1071982	MFD12123_ilm_asm_bin4	LIB-MJ387-B2_01.4	GCA_049670825.1	JBATTX000000000	SAMN40011567	Arcobacteraceae bacterium
PRJNA1071982	MFD12119_ilm_asm_bin14	LIB-MJ388-G6_02.14	GCA_049650525.1	JBASAI000000000	SAMN40011667	Arcobacteraceae bacterium
PRJNA1071982	MFD01219_ilm_asm_bin38	LIB-MJ091-B7_03.38	GCA_049282175.1	JBAPTL000000000	SAMN40007807	Arenicellales bacterium
PRJNA1071982	MFD10204_ilm_asm_bin17	LIB-MJ283-A2_04.17	GCA_049669905.1	JBATKZ000000000	SAMN40009693	Arenicellales bacterium
PRJNA1071982	MFD10226_ilm_asm_bin22	LIB-MJ283-A5_04.22	GCA_049669845.1	JBATKX000000000	SAMN40009695	Arenicellales bacterium
PRJNA1071982	MFD10329_ilm_asm_bin13	LIB-MJ284-H6_03.13	GCA_049664665.1	JBATFJ000000000	SAMN40009839	Arenicellales bacterium
PRJNA1071982	MFD10351_ilm_asm_bin8	LIB-MJ284-F9_03.8	GCA_049665325.1	JBATGA000000000	SAMN40009822	Arenicellales bacterium
PRJNA1071982	MFD10320_ilm_asm_bin5	LIB-MJ284-G5_03.5	GCA_049665265.1	JBATFX000000000	SAMN40009825	Arenicellales bacterium
PRJNA1071982	MFD09702_ilm_asm_bin17	LIB-MJ254-E8_02.17	GCA_049583715.1	JBAUWJ000000000	SAMN40009428	Arenicellales bacterium
PRJNA1071982	MFD05055_ilm_asm_bin16	LIB-MJ190-H10_02.16	GCA_049590735.1	JBAWDM000000000	SAMN40008842	Asticcacaulis sp.
PRJNA1071982	MFD10582_ilm_asm_bin22	LIB-MJ334-F5_01.22	GCA_049296355.1	JBAQSI000000000	SAMN40010552	Atopobiaceae bacterium
PRJNA1071982	MFD13478_ilm_asm_bin17	LIB-MJ413-G8_01.17	GCA_049276135.1	JBASVV000000000	SAMN40012487	Atribacterales bacterium
PRJNA1071982	MFD13492_ilm_asm_bin14	LIB-MJ413-A7_01.14	GCA_049659745.1	JBASQA000000000	SAMN40012021	Atribacterales bacterium
PRJNA1071982	MFD13460_ilm_asm_bin19	LIB-MJ413-C11_01.19	GCA_049656285.1	JBASLJ000000000	SAMN40012142	Atribacterales bacterium
PRJNA1071982	MFD13432_ilm_asm_bin25	LIB-MJ390-E8_03.25	GCA_049643525.1	JBARQD000000000	SAMN40011932	Atribacterota bacterium
PRJNA1071982	MFD13096_ilm_asm_bin1	LIB-MJ384-D10_01.1	GCA_049674565.1	JBATZI000000000	SAMN40011426	Atribacterota bacterium
PRJNA1071982	MFD12983_ilm_asm_bin5	LIB-MJ383-G1_01.5	GCA_049676265.1	JBAUBA000000000	SAMN40011382	Atribacterota bacterium
PRJNA1071982	MFD10570_ilm_asm_bin12	LIB-MJ334-B4_01.12	GCA_049293995.1	JBAQCG000000000	SAMN40010371	Atribacterota bacterium
PRJNA1071982	MFD10287_ilm_asm_bin2	LIB-MJ284-D1_03.2	GCA_049666045.1	JBATGU000000000	SAMN40009802	Aureibaculum sp.
PRJNA1071982	MFD10211_ilm_asm_bin5	LIB-MJ283-H2_04.5	GCA_049667405.1	JBATIB000000000	SAMN40009769	Aureibaculum sp.
PRJNA1071982	MFD03280_ilm_asm_bin15	LIB-MJ334-A8_01.15	GCA_049294655.1	JBAQDI000000000	SAMN40010343	Azonexus sp.
PRJNA1071982	MFD03281_ilm_asm_bin34	LIB-MJ334-B8_01.34	GCA_049293695.1	JBAQBQ000000000	SAMN40010387	Azonexus sp.
PRJNA1071982	MFD10484_ilm_asm_bin12	LIB-MJ305-D4_04.12	GCA_049292735.1	JBATRU000000000	SAMN40010022	Azonexus sp.
PRJNA1071982	MFD00032_ilm_asm_bin14	LIB-MJ048-C2_04.14	GCA_049285835.1	JBAQAR000000000	SAMN40007619	Azonexus sp.
PRJNA1071982	MFD06848_ilm_asm_bin2	LIB-MJ306-C4_01.2	GCA_049288665.1	JBAQID000000000	SAMN40010218	Azonexus sp.
PRJNA1071982	MFD09804_ilm_asm_bin2	LIB-MJ301-A6_01.2	GCA_049664245.1	JBATEW000000000	SAMN40009852	Azonexus sp.
PRJNA1071982	MFD06972_ilm_asm_bin5	LIB-MJ282-H1_03.5	GCA_049684455.1	JBAVFY000000000	SAMN40009678	Azonexus sp.
PRJNA1071982	MFD06948_ilm_asm_bin10	LIB-MJ282-H2_03.10	GCA_049684355.1	JBAVFW000000000	SAMN40009680	Azonexus sp.
PRJNA1071982	MFD02735_ilm_asm_bin22	LIB-MJ110-B6_04.22	GCA_049698715.1	JBAVYJ000000000	SAMN40008341	Azonexus sp.
PRJNA1071982	MFD02567_ilm_asm_bin1	LIB-MJ129-D7_02.1	GCA_049698255.1	JBAVXI000000000	SAMN40008368	Azonexus sp.
PRJNA1071982	MFD03000_ilm_asm_bin2	LIB-MJ131-B5_01.2	GCA_049697455.1	JBAVVT000000000	SAMN40008409	Azonexus sp.
PRJNA1071982	MFD02729_ilm_asm_bin5	LIB-MJ134-B11_03.5	GCA_049695935.1	JBAVTD000000000	SAMN40008477	Azonexus sp.
PRJNA1071982	MFD03961_ilm_asm_bin18	LIB-MJ138-H5_03.18	GCA_049693995.1	JBAVQK000000000	SAMN40008548	Azonexus sp.
PRJNA1071982	MFD03015_ilm_asm_bin10	LIB-MJ148-E11_02.10	GCA_049690915.1	JBAVNH000000000	SAMN40008629	Azonexus sp.
PRJNA1071982	MFD02995_ilm_asm_bin1	LIB-MJ147-H7_02.1	GCA_049690995.1	JBAVNK000000000	SAMN40008626	Azonexus sp.
PRJNA1071982	MFD03980_ilm_asm_bin2	LIB-MJ169-A2_01.2	GCA_049688575.1	JBAVKZ000000000	SAMN40008689	Azonexus sp.
PRJNA1071982	MFD03901_ilm_asm_bin1	LIB-MJ149-E7_03.1	GCA_049690255.1	JBAVMQ000000000	SAMN40008646	Azonexus sp.
PRJNA1071982	MFD03012_ilm_asm_bin5	LIB-MJ150-E3_03.5	GCA_049690015.1	JBAVMK000000000	SAMN40008652	Azonexus sp.
PRJNA1071982	MFD03500_ilm_asm_bin9	LIB-MJ413-E5_01.9	GCA_049652925.1	JBASFI000000000	SAMN40012301	Azonexus sp.
PRJNA1071982	MFD09600_ilm_asm_bin3	LIB-MJ352-C5_03.3	GCA_049793445.1	JBARBU000000000	SAMN40011105	Azonexus sp.
PRJNA1071982	MFD01368_ilm_asm_bin14	LIB-MJ194-D1_04_v_LIB-MJ408-B7_04.14	GCA_049588895.1	JBAVZS000000000	SAMN40008940	Azonexus sp.
PRJNA1071982	MFD01907_ilm_asm_bin2	LIB-MJ230-E5_03.2	GCA_049586435.1	JBAVBY000000000	SAMN40009288	Azonexus sp.
PRJNA1071982	MFD05507_ilm_asm_bin1	LIB-MJ196-C4_02.1	GCA_049580045.1	JBAUPA000000000	SAMN40008995	Azonexus sp.
PRJNA1071982	MFD04409_ilm_asm_bin3	LIB-MJ174-D5_01.3	GCA_049593275.1	JBAWGW000000000	SAMN40008754	Azonexus sp.
PRJNA1071982	MFD12109_ilm_asm_bin40	LIB-MJ413-C1_01.40	GCA_049656485.1	JBASLT000000000	SAMN40012132	Azovibrio sp.
PRJNA1071982	MFD12108_ilm_asm_bin22	LIB-MJ413-B1_01.22	GCA_049658005.1	JBASOH000000000	SAMN40012066	Azovibrio sp.
PRJNA1071982	MFD13461_ilm_asm_bin39	LIB-MJ413-B11_01.39	GCA_049657305.1	JBASNG000000000	SAMN40012093	Bacilli bacterium
PRJNA1071982	MFD13468_ilm_asm_bin8	LIB-MJ413-A10_01.8	GCA_049660545.1	JBASQV000000000	SAMN40012000	Bacilli bacterium
PRJNA1071982	MFD13466_ilm_asm_bin4	LIB-MJ413-D10_01.4	GCA_049655185.1	JBASJG000000000	SAMN40012197	Bacilli bacterium
PRJNA1071982	MFD13466_ilm_asm_bin24	LIB-MJ413-D10_01.24	GCA_049655265.1	JBASJK000000000	SAMN40012193	Bacilli bacterium
PRJNA1071982	MFD13457_ilm_asm_bin10	LIB-MJ413-F11_01.10	GCA_049652225.1	JBASDP000000000	SAMN40012346	Bacilli bacterium
PRJNA1071982	MFD13472_ilm_asm_bin22	LIB-MJ413-E9_01.22	GCA_049652465.1	JBASEC000000000	SAMN40012333	Bacilli bacterium
PRJNA1071982	MFD13472_ilm_asm_bin13	LIB-MJ413-E9_01.13	GCA_049654345.1	JBASEJ000000000	SAMN40012326	Bacilli bacterium
PRJNA1071982	MFD13458_ilm_asm_bin35	LIB-MJ413-E11_01.35	GCA_049653285.1	JBASFY000000000	SAMN40012285	Bacilli bacterium
PRJNA1071982	MFD13465_ilm_asm_bin5	LIB-MJ413-E10_01.5	GCA_049684135.1	JBAVAE000000000	SAMN40012274	Bacilli bacterium
PRJNA1071982	MFD13463_ilm_asm_bin33	LIB-MJ413-H10_01.33	GCA_049275435.1	JBASUN000000000	SAMN40012521	Bacilli bacterium
PRJNA1071982	MFD13477_ilm_asm_bin21	LIB-MJ413-H8_01.21	GCA_049274365.1	JBASSM000000000	SAMN40012574	Bacilli bacterium
PRJNA1071982	MFD13485_ilm_asm_bin3	LIB-MJ413-H7_01.3	GCA_049274565.1	JBASSV000000000	SAMN40012565	Bacillota bacterium
PRJNA1071982	MFD13477_ilm_asm_bin32	LIB-MJ413-H8_01.32	GCA_049274245.1	JBASSF000000000	SAMN40012581	Bacillota bacterium
PRJNA1071982	MFD13469_ilm_asm_bin14	LIB-MJ413-H9_01.14	GCA_049274125.1	JBASSA000000000	SAMN40012586	Bacillota bacterium
PRJNA1071982	MFD13485_ilm_asm_bin26	LIB-MJ413-H7_01.26	GCA_049274605.1	JBASSY000000000	SAMN40012562	Bacillota bacterium
PRJNA1071982	MFD13485_ilm_asm_bin12	LIB-MJ413-H7_01.12	GCA_049274715.1	JBASTD000000000	SAMN40012557	Bacillota bacterium
PRJNA1071982	MFD13478_ilm_asm_bin21	LIB-MJ413-G8_01.21	GCA_049276075.1	JBASVS000000000	SAMN40012490	Bacillota bacterium
PRJNA1071982	MFD13478_ilm_asm_bin4	LIB-MJ413-G8_01.4	GCA_049275995.1	JBASVO000000000	SAMN40012494	Bacillota bacterium
PRJNA1071982	MFD13463_ilm_asm_bin30	LIB-MJ413-H10_01.30	GCA_049275475.1	JBASUP000000000	SAMN40012519	Bacillota bacterium
PRJNA1071982	MFD13463_ilm_asm_bin40	LIB-MJ413-H10_01.40	GCA_049275395.1	JBASUL000000000	SAMN40012523	Bacillota bacterium
PRJNA1071982	MFD13463_ilm_asm_bin7	LIB-MJ413-H10_01.7	GCA_049275355.1	JBASUJ000000000	SAMN40012525	Bacillota bacterium
PRJNA1071982	MFD13455_ilm_asm_bin12	LIB-MJ413-H11_01.12	GCA_049275315.1	JBASUH000000000	SAMN40012527	Bacillota bacterium
PRJNA1071982	MFD13455_ilm_asm_bin16	LIB-MJ413-H11_01.16	GCA_049275275.1	JBASUF000000000	SAMN40012529	Bacillota bacterium
PRJNA1071982	MFD13478_ilm_asm_bin13	LIB-MJ413-G8_01.13	GCA_049276215.1	JBASVY000000000	SAMN40012484	Bacillota bacterium
PRJNA1071982	MFD13486_ilm_asm_bin20	LIB-MJ413-G7_01.20	GCA_049276315.1	JBASWE000000000	SAMN40012478	Bacillota bacterium
PRJNA1071982	MFD13464_ilm_asm_bin9	LIB-MJ413-G10_01.9	GCA_049277315.1	JBASYD000000000	SAMN40012427	Bacillota bacterium
PRJNA1071982	MFD13456_ilm_asm_bin17	LIB-MJ413-G11_01.17	GCA_049277235.1	JBASXZ000000000	SAMN40012431	Bacillota bacterium
PRJNA1071982	MFD13456_ilm_asm_bin19	LIB-MJ413-G11_01.19	GCA_049277215.1	JBASXY000000000	SAMN40012432	Bacillota bacterium
PRJNA1071982	MFD13471_ilm_asm_bin10	LIB-MJ413-F9_01.10	GCA_049277995.1	JBASZM000000000	SAMN40012392	Bacillota bacterium
PRJNA1071982	MFD13471_ilm_asm_bin31	LIB-MJ413-F9_01.31	GCA_049277895.1	JBASZF000000000	SAMN40012399	Bacillota bacterium
PRJNA1071982	MFD13458_ilm_asm_bin33	LIB-MJ413-E11_01.33	GCA_049653265.1	JBASFZ000000000	SAMN40012284	Bacillota bacterium
PRJNA1071982	MFD13465_ilm_asm_bin41	LIB-MJ413-E10_01.41	GCA_049653505.1	JBASGK000000000	SAMN40012271	Bacillota bacterium
PRJNA1071982	MFD13458_ilm_asm_bin23	LIB-MJ413-E11_01.23	GCA_049653405.1	JBASGE000000000	SAMN40012279	Bacillota bacterium
PRJNA1071982	MFD13465_ilm_asm_bin36	LIB-MJ413-E10_01.36	GCA_049653545.1	JBASGM000000000	SAMN40012269	Bacillota bacterium
PRJNA1071982	MFD13473_ilm_asm_bin7	LIB-MJ413-D9_01.7	GCA_049653805.1	JBASGZ000000000	SAMN40012256	Bacillota bacterium
PRJNA1071982	MFD13473_ilm_asm_bin13	LIB-MJ413-D9_01.13	GCA_049653965.1	JBASHH000000000	SAMN40012248	Bacillota bacterium
PRJNA1071982	MFD13472_ilm_asm_bin37	LIB-MJ413-E9_01.37	GCA_049652365.1	JBASDW000000000	SAMN40012339	Bacillota bacterium
PRJNA1071982	MFD13472_ilm_asm_bin39	LIB-MJ413-E9_01.39	GCA_049652325.1	JBASDU000000000	SAMN40012341	Bacillota bacterium
PRJNA1071982	MFD13457_ilm_asm_bin5	LIB-MJ413-F11_01.5	GCA_049652005.1	JBASDD000000000	SAMN40012358	Bacillota bacterium
PRJNA1071982	MFD13457_ilm_asm_bin8	LIB-MJ413-F11_01.8	GCA_049651945.1	JBASDA000000000	SAMN40012361	Bacillota bacterium
PRJNA1071982	MFD13457_ilm_asm_bin7	LIB-MJ413-F11_01.7	GCA_049651925.1	JBASDB000000000	SAMN40012360	Bacillota bacterium
PRJNA1071982	MFD13480_ilm_asm_bin4	LIB-MJ413-E8_01.4	GCA_049652665.1	JBASEQ000000000	SAMN40012319	Bacillota bacterium
PRJNA1071982	MFD13480_ilm_asm_bin6	LIB-MJ413-E8_01.6	GCA_049652645.1	JBASEO000000000	SAMN40012321	Bacillota bacterium
PRJNA1071982	MFD13480_ilm_asm_bin14	LIB-MJ413-E8_01.14	GCA_049652765.1	JBASEW000000000	SAMN40012313	Bacillota bacterium
PRJNA1071982	MFD13474_ilm_asm_bin19	LIB-MJ413-C9_01.19	GCA_049655685.1	JBASKF000000000	SAMN40012172	Bacillota bacterium
PRJNA1071982	MFD13482_ilm_asm_bin8	LIB-MJ413-C8_01.8	GCA_049655825.1	JBASKM000000000	SAMN40012165	Bacillota bacterium
PRJNA1071982	MFD13474_ilm_asm_bin3	LIB-MJ413-C9_01.3	GCA_049655625.1	JBASKC000000000	SAMN40012175	Bacillota bacterium
PRJNA1071982	MFD13474_ilm_asm_bin35	LIB-MJ413-C9_01.35	GCA_049655545.1	JBASJY000000000	SAMN40012179	Bacillota bacterium
PRJNA1071982	MFD13459_ilm_asm_bin4	LIB-MJ413-D11_01.4	GCA_049655085.1	JBASJA000000000	SAMN40012203	Bacillota bacterium
PRJNA1071982	MFD13489_ilm_asm_bin14	LIB-MJ413-D7_01.14	GCA_049654925.1	JBASIT000000000	SAMN40012210	Bacillota bacterium
PRJNA1071982	MFD13489_ilm_asm_bin42	LIB-MJ413-D7_01.42	GCA_049654785.1	JBASIM000000000	SAMN40012217	Bacillota bacterium
PRJNA1071982	MFD13489_ilm_asm_bin54	LIB-MJ413-D7_01.54	GCA_049654725.1	JBASII000000000	SAMN40012221	Bacillota bacterium
PRJNA1071982	MFD13460_ilm_asm_bin23	LIB-MJ413-C11_01.23	GCA_049656195.1	JBASLF000000000	SAMN40012146	Bacillota bacterium
PRJNA1071982	MFD13460_ilm_asm_bin25	LIB-MJ413-C11_01.25	GCA_049656185.1	JBASLE000000000	SAMN40012147	Bacillota bacterium
PRJNA1071982	MFD13460_ilm_asm_bin28	LIB-MJ413-C11_01.28	GCA_049656165.1	JBASLD000000000	SAMN40012148	Bacillota bacterium
PRJNA1071982	MFD13490_ilm_asm_bin2	LIB-MJ413-C7_01.2	GCA_049656005.1	JBASKV000000000	SAMN40012156	Bacillota bacterium
PRJNA1071982	MFD13483_ilm_asm_bin9	LIB-MJ413-B8_01.9	GCA_049656805.1	JBASMJ000000000	SAMN40012116	Bacillota bacterium
PRJNA1071982	MFD13475_ilm_asm_bin16	LIB-MJ413-B9_01.16	GCA_049656685.1	JBASMD000000000	SAMN40012122	Bacillota bacterium
PRJNA1071982	MFD13475_ilm_asm_bin3	LIB-MJ413-B9_01.3	GCA_049656665.1	JBASMC000000000	SAMN40012123	Bacillota bacterium
PRJNA1071982	MFD13462_ilm_asm_bin11	LIB-MJ413-A11_01.11	GCA_049660525.1	JBASQU000000000	SAMN40012001	Bacillota bacterium
PRJNA1071982	MFD13468_ilm_asm_bin19	LIB-MJ413-A10_01.19	GCA_049660645.1	JBASQY000000000	SAMN40011997	Bacillota bacterium
PRJNA1071982	MFD13468_ilm_asm_bin20	LIB-MJ413-A10_01.20	GCA_049660625.1	JBASQX000000000	SAMN40011998	Bacillota bacterium
PRJNA1071982	MFD13462_ilm_asm_bin8	LIB-MJ413-A11_01.8	GCA_049660365.1	JBASQQ000000000	SAMN40012005	Bacillota bacterium
PRJNA1071982	MFD13492_ilm_asm_bin13	LIB-MJ413-A7_01.13	GCA_049659865.1	JBASQB000000000	SAMN40012020	Bacillota bacterium
PRJNA1071982	MFD13492_ilm_asm_bin10	LIB-MJ413-A7_01.10	GCA_049659845.1	JBASQC000000000	SAMN40012019	Bacillota bacterium
PRJNA1071982	MFD13492_ilm_asm_bin48	LIB-MJ413-A7_01.48	GCA_049659265.1	JBASPN000000000	SAMN40012034	Bacillota bacterium
PRJNA1071982	MFD13461_ilm_asm_bin31	LIB-MJ413-B11_01.31	GCA_049657385.1	JBASNK000000000	SAMN40012089	Bacillota bacterium
PRJNA1071982	MFD13461_ilm_asm_bin32	LIB-MJ413-B11_01.32	GCA_049657365.1	JBASNJ000000000	SAMN40012090	Bacillota bacterium
PRJNA1071982	MFD13476_ilm_asm_bin16	LIB-MJ413-A9_01.16	GCA_049658485.1	JBASOR000000000	SAMN40012056	Bacillota bacterium
PRJNA1071982	MFD13476_ilm_asm_bin2	LIB-MJ413-A9_01.2	GCA_049658365.1	JBASOP000000000	SAMN40012058	Bacillota bacterium
PRJNA1071982	MFD13479_ilm_asm_bin7	LIB-MJ413-F8_01.7	GCA_049651305.1	JBASBX000000000	SAMN40012390	Bacillota bacterium
PRJNA1071982	MFD06452_ilm_asm_bin1	LIB-MJ336-B5_02.1	GCA_049300875.1	JBAQKI000000000	SAMN40010761	Bacillus mycoides
PRJNA1071982	MFD01219_ilm_asm_bin10	LIB-MJ091-B7_03.10	GCA_049282255.1	JBAPTS000000000	SAMN40007800	Bacillus sp. (in: firmicutes)
PRJNA1071982	MFD13484_ilm_asm_bin24	LIB-MJ413-A8_01.24	GCA_049658885.1	JBASPC000000000	SAMN40012045	Bacteroidaceae bacterium
PRJNA1071982	MFD13484_ilm_asm_bin15	LIB-MJ413-A8_01.15	GCA_049659065.1	JBASPG000000000	SAMN40012041	Bacteroidales bacterium
PRJNA1071982	MFD13476_ilm_asm_bin20	LIB-MJ413-A9_01.20	GCA_049658385.1	JBASOO000000000	SAMN40012059	Bacteroidales bacterium
PRJNA1071982	MFD13484_ilm_asm_bin4	LIB-MJ413-A8_01.4	GCA_049658685.1	JBASOX000000000	SAMN40012050	Bacteroidales bacterium
PRJNA1071982	MFD13484_ilm_asm_bin8	LIB-MJ413-A8_01.8	GCA_049658625.1	JBASOV000000000	SAMN40012052	Bacteroidales bacterium
PRJNA1071982	MFD13467_ilm_asm_bin2	LIB-MJ413-B10_01.2	GCA_049657625.1	JBASNX000000000	SAMN40012076	Bacteroidales bacterium
PRJNA1071982	MFD13461_ilm_asm_bin7	LIB-MJ413-B11_01.7	GCA_049657285.1	JBASNF000000000	SAMN40012094	Bacteroidales bacterium
PRJNA1071982	MFD13467_ilm_asm_bin6	LIB-MJ413-B10_01.6	GCA_049657565.1	JBASNT000000000	SAMN40012080	Bacteroidales bacterium
PRJNA1071982	MFD13461_ilm_asm_bin14	LIB-MJ413-B11_01.14	GCA_049657505.1	JBASNS000000000	SAMN40012081	Bacteroidales bacterium
PRJNA1071982	MFD13492_ilm_asm_bin57	LIB-MJ413-A7_01.57	GCA_049659165.1	JBASPK000000000	SAMN40012037	Bacteroidales bacterium
PRJNA1071982	MFD13462_ilm_asm_bin9	LIB-MJ413-A11_01.9	GCA_049660345.1	JBASQP000000000	SAMN40012006	Bacteroidales bacterium
PRJNA1071982	MFD13468_ilm_asm_bin12	LIB-MJ413-A10_01.12	GCA_049660745.1	JBASRA000000000	SAMN40011995	Bacteroidales bacterium
PRJNA1071982	MFD13475_ilm_asm_bin8	LIB-MJ413-B9_01.8	GCA_049656585.1	JBASLY000000000	SAMN40012127	Bacteroidales bacterium
PRJNA1071982	MFD13483_ilm_asm_bin8	LIB-MJ413-B8_01.8	GCA_049656825.1	JBASMK000000000	SAMN40012115	Bacteroidales bacterium
PRJNA1071982	MFD13491_ilm_asm_bin9	LIB-MJ413-B7_01.9	GCA_049656965.1	JBASMR000000000	SAMN40012108	Bacteroidales bacterium
PRJNA1071982	MFD13460_ilm_asm_bin11	LIB-MJ413-C11_01.11	GCA_049656345.1	JBASLM000000000	SAMN40012139	Bacteroidales bacterium
PRJNA1071982	MFD13489_ilm_asm_bin48	LIB-MJ413-D7_01.48	GCA_049654745.1	JBASIK000000000	SAMN40012219	Bacteroidales bacterium
PRJNA1071982	MFD13489_ilm_asm_bin68	LIB-MJ413-D7_01.68	GCA_049654565.1	JBASIB000000000	SAMN40012228	Bacteroidales bacterium
PRJNA1071982	MFD13459_ilm_asm_bin5	LIB-MJ413-D11_01.5	GCA_049655045.1	JBASIZ000000000	SAMN40012204	Bacteroidales bacterium
PRJNA1071982	MFD13474_ilm_asm_bin23	LIB-MJ413-C9_01.23	GCA_049655645.1	JBASKD000000000	SAMN40012174	Bacteroidales bacterium
PRJNA1071982	MFD13482_ilm_asm_bin9	LIB-MJ413-C8_01.9	GCA_049655785.1	JBASKL000000000	SAMN40012166	Bacteroidales bacterium
PRJNA1071982	MFD13466_ilm_asm_bin23	LIB-MJ413-D10_01.23	GCA_049655305.1	JBASJL000000000	SAMN40012192	Bacteroidales bacterium
PRJNA1071982	MFD13488_ilm_asm_bin18	LIB-MJ413-E7_01.18	GCA_049652885.1	JBASFE000000000	SAMN40012305	Bacteroidales bacterium
PRJNA1071982	MFD13457_ilm_asm_bin11	LIB-MJ413-F11_01.11	GCA_049652205.1	JBASDO000000000	SAMN40012347	Bacteroidales bacterium
PRJNA1071982	MFD13472_ilm_asm_bin35	LIB-MJ413-E9_01.35	GCA_049652385.1	JBASDX000000000	SAMN40012338	Bacteroidales bacterium
PRJNA1071982	MFD13473_ilm_asm_bin15	LIB-MJ413-D9_01.15	GCA_049653945.1	JBASHG000000000	SAMN40012249	Bacteroidales bacterium
PRJNA1071982	MFD13481_ilm_asm_bin22	LIB-MJ413-D8_01.22	GCA_049654165.1	JBASHR000000000	SAMN40012238	Bacteroidales bacterium
PRJNA1071982	MFD13472_ilm_asm_bin18	LIB-MJ413-E9_01.18	GCA_049654305.1	JBASEF000000000	SAMN40012330	Bacteroidales bacterium
PRJNA1071982	MFD13480_ilm_asm_bin10	LIB-MJ413-E8_01.10	GCA_049654425.1	JBASEX000000000	SAMN40012312	Bacteroidales bacterium
PRJNA1071982	MFD13473_ilm_asm_bin5	LIB-MJ413-D9_01.5	GCA_049653845.1	JBASHB000000000	SAMN40012254	Bacteroidales bacterium
PRJNA1071982	MFD13465_ilm_asm_bin44	LIB-MJ413-E10_01.44	GCA_049653465.1	JBASGI000000000	SAMN40012273	Bacteroidales bacterium
PRJNA1071982	MFD13458_ilm_asm_bin4	LIB-MJ413-E11_01.4	GCA_049653245.1	JBASFX000000000	SAMN40012286	Bacteroidales bacterium
PRJNA1071982	MFD13458_ilm_asm_bin32	LIB-MJ413-E11_01.32	GCA_049653305.1	JBASGA000000000	SAMN40012283	Bacteroidales bacterium
PRJNA1071982	MFD13479_ilm_asm_bin4	LIB-MJ413-F8_01.4	GCA_049651325.1	JBASBY000000000	SAMN40012389	Bacteroidales bacterium
PRJNA1071982	MFD13479_ilm_asm_bin8	LIB-MJ413-F8_01.8	GCA_049651365.1	JBASBW000000000	SAMN40012391	Bacteroidales bacterium
PRJNA1071982	MFD13487_ilm_asm_bin11	LIB-MJ413-F7_01.11	GCA_049651605.1	JBASCK000000000	SAMN40012377	Bacteroidales bacterium
PRJNA1071982	MFD02950_ilm_asm_bin18	LIB-MJ145-A11_01.18	GCA_049691735.1	JBAVOD000000000	SAMN40008607	Bacteroidales bacterium
PRJNA1071982	MFD02228_ilm_asm_bin18	LIB-MJ139-H4_01.18	GCA_049693055.1	JBAVPM000000000	SAMN40008572	Bacteroidales bacterium
PRJNA1071982	MFD05764_ilm_asm_bin327	LIB-MJ352-E7_03_v_LIB-MJ368-E7_01.327	GCA_049792755.1	JBARBF000000000	SAMN40011120	Bacteroidales bacterium
PRJNA1071982	MFD03787_ilm_asm_bin8	LIB-MJ091-C7_03.8	GCA_049282055.1	JBAPTG000000000	SAMN40007812	Bacteroidales bacterium
PRJNA1071982	MFD01347_ilm_asm_bin7	LIB-MJ089-C2_02.7	GCA_049283055.1	JBAPVG000000000	SAMN40007760	Bacteroidales bacterium
PRJNA1071982	MFD10484_ilm_asm_bin43	LIB-MJ305-D4_04.43	GCA_049292675.1	JBATRQ000000000	SAMN40010026	Bacteroidales bacterium
PRJNA1071982	MFD10570_ilm_asm_bin15	LIB-MJ334-B4_01.15	GCA_049293975.1	JBAQCF000000000	SAMN40010372	Bacteroidales bacterium
PRJNA1071982	MFD12018_ilm_asm_bin14	LIB-MJ334-B12_01.14	GCA_049294275.1	JBAQCQ000000000	SAMN40010361	Bacteroidales bacterium
PRJNA1071982	MFD12018_ilm_asm_bin32	LIB-MJ334-B12_01.32	GCA_049294075.1	JBAQCK000000000	SAMN40010367	Bacteroidales bacterium
PRJNA1071982	MFD10553_ilm_asm_bin21	LIB-MJ334-G1_01.21	GCA_049295755.1	JBAQRH000000000	SAMN40010579	Bacteroidales bacterium
PRJNA1071982	MFD13485_ilm_asm_bin14	LIB-MJ413-H7_01.14	GCA_049274695.1	JBASTC000000000	SAMN40012558	Bacteroidales bacterium
PRJNA1071982	MFD13477_ilm_asm_bin35	LIB-MJ413-H8_01.35	GCA_049274185.1	JBASSE000000000	SAMN40012582	Bacteroidales bacterium
PRJNA1071982	MFD13469_ilm_asm_bin8	LIB-MJ413-H9_01.8	GCA_049274005.1	JBASRU000000000	SAMN40012592	Bacteroidales bacterium
PRJNA1071982	MFD13477_ilm_asm_bin17	LIB-MJ413-H8_01.17	GCA_049274385.1	JBASSN000000000	SAMN40012573	Bacteroidales bacterium
PRJNA1071982	MFD13471_ilm_asm_bin17	LIB-MJ413-F9_01.17	GCA_049277975.1	JBASZK000000000	SAMN40012394	Bacteroidales bacterium
PRJNA1071982	MFD13464_ilm_asm_bin6	LIB-MJ413-G10_01.6	GCA_049277375.1	JBASYG000000000	SAMN40012424	Bacteroidales bacterium
PRJNA1071982	MFD13471_ilm_asm_bin35	LIB-MJ413-F9_01.35	GCA_049277815.1	JBASZD000000000	SAMN40012401	Bacteroidales bacterium
PRJNA1071982	MFD13456_ilm_asm_bin20	LIB-MJ413-G11_01.20	GCA_049277175.1	JBASXW000000000	SAMN40012434	Bacteroidales bacterium
PRJNA1071982	MFD13486_ilm_asm_bin17	LIB-MJ413-G7_01.17	GCA_049276335.1	JBASWF000000000	SAMN40012477	Bacteroidales bacterium
PRJNA1071982	MFD13455_ilm_asm_bin28	LIB-MJ413-H11_01.28	GCA_049275175.1	JBASUA000000000	SAMN40012534	Bacteroidales bacterium
PRJNA1071982	MFD13455_ilm_asm_bin31	LIB-MJ413-H11_01.31	GCA_049275155.1	JBASTZ000000000	SAMN40012535	Bacteroidales bacterium
PRJNA1071982	MFD13478_ilm_asm_bin15	LIB-MJ413-G8_01.15	GCA_049276145.1	JBASVW000000000	SAMN40012486	Bacteroidales bacterium
PRJNA1071982	MFD13463_ilm_asm_bin24	LIB-MJ413-H10_01.24	GCA_049275515.1	JBASUR000000000	SAMN40012517	Bacteroidales bacterium
PRJNA1071982	MFD13470_ilm_asm_bin4	LIB-MJ413-G9_01.4	GCA_049275735.1	JBASVB000000000	SAMN40012507	Bacteroidales bacterium
PRJNA1071982	MFD13470_ilm_asm_bin29	LIB-MJ413-G9_01.29	GCA_049275715.1	JBASVD000000000	SAMN40012505	Bacteroidales bacterium
PRJNA1071982	MFD03231_ilm_asm_bin51	LIB-MJ413-G5_01.51	GCA_049276555.1	JBASWQ000000000	SAMN40012466	Bacteroidia bacterium
PRJNA1071982	MFD09852_ilm_asm_bin9	LIB-MJ413-G2_01.9	GCA_049277015.1	JBASXO000000000	SAMN40012442	Bacteroidia bacterium
PRJNA1071982	MFD03501_ilm_asm_bin18	LIB-MJ413-F5_01.18	GCA_049651825.1	JBASCV000000000	SAMN40012366	Bacteroidia bacterium
PRJNA1071982	MFD09979_ilm_asm_bin2	LIB-MJ413-E2_01.2	GCA_049653165.1	JBASFT000000000	SAMN40012290	Bacteroidia bacterium
PRJNA1071982	MFD10475_ilm_asm_bin42	LIB-MJ305-A3_04.42	GCA_049663345.1	JBATDG000000000	SAMN40009894	Bacteroidota bacterium
PRJNA1071982	MFD12959_ilm_asm_bin25	LIB-MJ390-D1_03.25	GCA_049644725.1	JBARSL000000000	SAMN40011872	Bacteroidota bacterium
PRJNA1071982	MFD13499_ilm_asm_bin40	LIB-MJ390-D5_03.40	GCA_049644265.1	JBARRO000000000	SAMN40011895	Bacteroidota bacterium
PRJNA1071982	MFD12973_ilm_asm_bin61	LIB-MJ383-D3_01.61	GCA_049676865.1	JBAUBO000000000	SAMN40011368	Bacteroidota bacterium
PRJNA1071982	MFD13199_ilm_asm_bin23	LIB-MJ386-B3_04.23	GCA_049672725.1	JBATWP000000000	SAMN40011497	Bacteroidota bacterium
PRJNA1071982	MFD13180_ilm_asm_bin2	LIB-MJ386-E9_04.2	GCA_049672025.1	JBATVT000000000	SAMN40011519	Bacteroidota bacterium
PRJNA1071982	MFD13193_ilm_asm_bin13	LIB-MJ387-B3_01.13	GCA_049670805.1	JBATTW000000000	SAMN40011568	Bacteroidota bacterium
PRJNA1071982	MFD05467_ilm_asm_bin20	LIB-MJ200-A8_04.20	GCA_049578505.1	JBAUMC000000000	SAMN40009071	Bacteroidota bacterium
PRJNA1071982	MFD09378_ilm_asm_bin8	LIB-MJ193-H6_01.8	GCA_049589195.1	JBAWAH000000000	SAMN40008925	Bacteroidota bacterium
PRJNA1071982	MFD05512_ilm_asm_bin20	LIB-MJ194-A2_04.20	GCA_049589135.1	JBAWAE000000000	SAMN40008928	Bacteroidota bacterium
PRJNA1071982	MFD04262_ilm_asm_bin6	LIB-MJ227-A4_02.6	GCA_049587715.1	JBAVEL000000000	SAMN40009223	Bacteroidota bacterium
PRJNA1071982	MFD05944_ilm_asm_bin14	LIB-MJ227-B10_02.14	GCA_049587695.1	JBAVEK000000000	SAMN40009224	Bacteroidota bacterium
PRJNA1071982	MFD01112_ilm_asm_bin12	LIB-MJ306-H8_01.12	GCA_049288255.1	JBAQHJ000000000	SAMN40010238	Bacteroidota bacterium
PRJNA1071982	MFD10474_ilm_asm_bin44	LIB-MJ305-H2_04.44	GCA_049289355.1	JBATLO000000000	SAMN40010184	Bacteroidota bacterium
PRJNA1071982	MFD08698_ilm_asm_bin7	LIB-MJ251-C6_04.7	GCA_049584995.1	JBAUYW000000000	SAMN40009363	Beijerinckiaceae bacterium
PRJNA1071982	MFD06496_ilm_asm_bin32	LIB-MJ347-E6_04_v_LIB-MJ368-E6_03.32	GCA_049794355.1	JBARCS000000000	SAMN40011081	Beijerinckiaceae bacterium
PRJNA1071982	MFD12075_ilm_asm_bin7	LIB-MJ335-B8_02.7	GCA_049302555.1	JBAQMF000000000	SAMN40010712	Bellilinea sp.
PRJNA1071982	MFD12154_ilm_asm_bin14	LIB-MJ388-H1_02.14	GCA_049650325.1	JBARZX000000000	SAMN40011678	Bermanella sp.
PRJNA1071982	MFD10530_ilm_asm_bin17	LIB-MJ305-B10_04.17	GCA_049662765.1	JBATCH000000000	SAMN40009919	Bifidobacterium adolescentis
PRJNA1071982	MFD10537_ilm_asm_bin41	LIB-MJ305-C11_04.41	GCA_049661515.1	JBATAD000000000	SAMN40009975	Bifidobacterium adolescentis
PRJNA1071982	MFD10557_ilm_asm_bin14	LIB-MJ334-C2_01.14	GCA_049299715.1	JBAQXW000000000	SAMN40010408	Bifidobacterium adolescentis
PRJNA1071982	MFD10572_ilm_asm_bin23	LIB-MJ334-D4_01.23	GCA_049298435.1	JBAQVT000000000	SAMN40010463	Bifidobacterium adolescentis
PRJNA1071982	MFD10587_ilm_asm_bin37	LIB-MJ334-C6_01.37	GCA_049299275.1	JBAQXE000000000	SAMN40010426	Bifidobacterium adolescentis
PRJNA1071982	MFD10571_ilm_asm_bin18	LIB-MJ334-C4_01.18	GCA_049299615.1	JBAQXR000000000	SAMN40010413	Bifidobacterium adolescentis
PRJNA1071982	MFD10579_ilm_asm_bin26	LIB-MJ334-C5_01.26	GCA_049299475.1	JBAQXL000000000	SAMN40010419	Bifidobacterium adolescentis
PRJNA1071982	MFD10581_ilm_asm_bin38	LIB-MJ334-E5_01.38	GCA_049297015.1	JBAQTN000000000	SAMN40010521	Bifidobacterium adolescentis
PRJNA1071982	MFD10551_ilm_asm_bin12	LIB-MJ334-E1_01.12	GCA_049297555.1	JBAQUO000000000	SAMN40010494	Bifidobacterium adolescentis
PRJNA1071982	MFD10566_ilm_asm_bin17	LIB-MJ334-E3_01.17	GCA_049297235.1	JBAQTZ000000000	SAMN40010509	Bifidobacterium adolescentis
PRJNA1071982	MFD10573_ilm_asm_bin27	LIB-MJ334-E4_01.27	GCA_049297175.1	JBAQTW000000000	SAMN40010512	Bifidobacterium adolescentis
PRJNA1071982	MFD10582_ilm_asm_bin12	LIB-MJ334-F5_01.12	GCA_049296415.1	JBAQSM000000000	SAMN40010548	Bifidobacterium adolescentis
PRJNA1071982	MFD10590_ilm_asm_bin38	LIB-MJ334-F6_01.38	GCA_049296215.1	JBAQSB000000000	SAMN40010559	Bifidobacterium adolescentis
PRJNA1071982	MFD10560_ilm_asm_bin16	LIB-MJ334-F2_01.16	GCA_049296635.1	JBAQSV000000000	SAMN40010539	Bifidobacterium adolescentis
PRJNA1071982	MFD10574_ilm_asm_bin20	LIB-MJ334-F4_01.20	GCA_049296535.1	JBAQSR000000000	SAMN40010543	Bifidobacterium adolescentis
PRJNA1071982	MFD10593_ilm_asm_bin7	LIB-MJ334-A7_01.7	GCA_049294735.1	JBAQDJ000000000	SAMN40010342	Bifidobacterium adolescentis
PRJNA1071982	MFD10586_ilm_asm_bin7	LIB-MJ334-B6_01.7	GCA_049293755.1	JBAQBV000000000	SAMN40010382	Bifidobacterium adolescentis
PRJNA1071982	MFD10531_ilm_asm_bin41	LIB-MJ305-D10_04.41	GCA_049293235.1	JBATSJ000000000	SAMN40010007	Bifidobacterium adolescentis
PRJNA1071982	MFD10539_ilm_asm_bin14	LIB-MJ305-E11_04.14	GCA_049291955.1	JBATQI000000000	SAMN40010060	Bifidobacterium adolescentis
PRJNA1071982	MFD10533_ilm_asm_bin20	LIB-MJ305-G10_04.20	GCA_049290355.1	JBATNM000000000	SAMN40010134	Bifidobacterium adolescentis
PRJNA1071982	MFD10585_ilm_asm_bin24	LIB-MJ334-A6_01.24	GCA_049286425.1	JBAQDR000000000	SAMN40010334	Bifidobacterium adolescentis
PRJNA1071982	MFD10591_ilm_asm_bin7	LIB-MJ334-G6_01.7	GCA_049306315.1	JBAQQC000000000	SAMN40010610	Bifidobacterium adolescentis
PRJNA1071982	MFD10576_ilm_asm_bin22	LIB-MJ334-H4_01.22	GCA_049305175.1	JBAQOW000000000	SAMN40010642	Bifidobacterium adolescentis
PRJNA1071982	MFD10592_ilm_asm_bin9	LIB-MJ334-H6_01.9	GCA_049304855.1	JBAQOO000000000	SAMN40010650	Bifidobacterium adolescentis
PRJNA1071982	MFD04935_ilm_asm_bin7	LIB-MJ190-D11_02.7	GCA_049590935.1	JBAWDW000000000	SAMN40008832	Blastocatellia bacterium
PRJNA1071982	MFD10505_ilm_asm_bin2	LIB-MJ305-A7_04.2	GCA_049663045.1	JBATCU000000000	SAMN40009906	Blastocatellia bacterium
PRJNA1071982	MFD03231_ilm_asm_bin38	LIB-MJ413-G5_01.38	GCA_049276615.1	JBASWT000000000	SAMN40012463	Blastocatellia bacterium
PRJNA1071982	MFD13529_ilm_asm_bin2	LIB-MJ414-D9_03.2	GCA_049273885.1	JBASRO000000000	SAMN40012598	Blastocatellia bacterium
PRJNA1071982	MFD13521_ilm_asm_bin1	LIB-MJ414-E10_03.1	GCA_049273855.1	JBASRN000000000	SAMN40012599	Blastocatellia bacterium
PRJNA1071982	MFD13521_ilm_asm_bin21	LIB-MJ414-E10_03.21	GCA_049273835.1	JBASRM000000000	SAMN40012600	Blastocatellia bacterium
PRJNA1071982	MFD10535_ilm_asm_bin27	LIB-MJ305-A11_04.27	GCA_049663605.1	JBATDT000000000	SAMN40009881	Blautia wexlerae
PRJNA1071982	MFD10543_ilm_asm_bin13	LIB-MJ305-A12_04.13	GCA_049663565.1	JBATDR000000000	SAMN40009883	Blautia wexlerae
PRJNA1071982	MFD10530_ilm_asm_bin31	LIB-MJ305-B10_04.31	GCA_049662785.1	JBATCF000000000	SAMN40009921	Blautia wexlerae
PRJNA1071982	MFD10536_ilm_asm_bin3	LIB-MJ305-B11_04.3	GCA_049662525.1	JBATBT000000000	SAMN40009933	Blautia wexlerae
PRJNA1071982	MFD10593_ilm_asm_bin3	LIB-MJ334-A7_01.3	GCA_049286305.1	JBAQDK000000000	SAMN40010341	Blautia wexlerae
PRJNA1071982	MFD10563_ilm_asm_bin27	LIB-MJ334-A3_01.27	GCA_049286605.1	JBAQEF000000000	SAMN40010320	Blautia wexlerae
PRJNA1071982	MFD10547_ilm_asm_bin24	LIB-MJ334-A1_01.24	GCA_049287445.1	JBAQFV000000000	SAMN40010278	Blautia wexlerae
PRJNA1071982	MFD10533_ilm_asm_bin34	LIB-MJ305-G10_04.34	GCA_049290275.1	JBATNI000000000	SAMN40010138	Blautia wexlerae
PRJNA1071982	MFD10542_ilm_asm_bin20	LIB-MJ305-H11_04.20	GCA_049289575.1	JBATLZ000000000	SAMN40010173	Blautia wexlerae
PRJNA1071982	MFD10532_ilm_asm_bin42	LIB-MJ305-E10_04.42	GCA_049292075.1	JBATQO000000000	SAMN40010054	Blautia wexlerae
PRJNA1071982	MFD10583_ilm_asm_bin32	LIB-MJ334-G5_01.32	GCA_049295175.1	JBAQQI000000000	SAMN40010604	Blautia wexlerae
PRJNA1071982	MFD10590_ilm_asm_bin25	LIB-MJ334-F6_01.25	GCA_049296275.1	JBAQSE000000000	SAMN40010556	Blautia wexlerae
PRJNA1071982	MFD10575_ilm_asm_bin8	LIB-MJ334-G4_01.8	GCA_049295355.1	JBAQQO000000000	SAMN40010598	Blautia wexlerae
PRJNA1071982	MFD10573_ilm_asm_bin11	LIB-MJ334-E4_01.11	GCA_049297255.1	JBAQTY000000000	SAMN40010510	Blautia wexlerae
PRJNA1071982	MFD10588_ilm_asm_bin3	LIB-MJ334-D6_01.3	GCA_049298035.1	JBAQVH000000000	SAMN40010475	Blautia wexlerae
PRJNA1071982	MFD10568_ilm_asm_bin7	LIB-MJ334-H3_01.7	GCA_049305275.1	JBAQOZ000000000	SAMN40010639	Blautia wexlerae
PRJNA1071982	MFD10554_ilm_asm_bin29	LIB-MJ334-H1_01.29	GCA_049305455.1	JBAQPD000000000	SAMN40010635	Blautia wexlerae
PRJNA1071982	MFD10539_ilm_asm_bin21	LIB-MJ305-E11_04.21	GCA_049291895.1	JBATQG000000000	SAMN40010062	Brachymonas denitrificans
PRJNA1071982	MFD05561_ilm_asm_bin7	LIB-MJ174-G8_01.7	GCA_049592975.1	JBAWGO000000000	SAMN40008762	Bradyrhizobium sp.
PRJNA1071982	MFD04386_ilm_asm_bin2	LIB-MJ227-D8_02.2	GCA_049587575.1	JBAVEE000000000	SAMN40009230	Bradyrhizobium sp.
PRJNA1071982	MFD06055_ilm_asm_bin3	LIB-MJ230-C7_03.3	GCA_049586575.1	JBAVCF000000000	SAMN40009281	Bradyrhizobium sp.
PRJNA1071982	MFD09512_ilm_asm_bin3	LIB-MJ194-B7_04.3	GCA_049589075.1	JBAWAA000000000	SAMN40008932	Bradyrhizobium sp.
PRJNA1071982	MFD01492_ilm_asm_bin43	LIB-MJ195-A1_01_v_LIB-MJ415-D7_04.43	GCA_049588595.1	JBAVZD000000000	SAMN40008955	Bradyrhizobium sp.
PRJNA1071982	MFD09522_ilm_asm_bin44	LIB-MJ254-A6_02.44	GCA_049583995.1	JBAUWX000000000	SAMN40009414	Bradyrhizobium sp.
PRJNA1071982	MFD05833_ilm_asm_bin8	LIB-MJ255-H6_02.8	GCA_049582465.1	JBAUUA000000000	SAMN40009489	Bradyrhizobium sp.
PRJNA1071982	MFD09637_ilm_asm_bin8	LIB-MJ259-F9_04.8	GCA_049581005.1	JBAURB000000000	SAMN40009566	Bradyrhizobium sp.
PRJNA1071982	MFD01703_ilm_asm_bin15	LIB-MJ259-D6_04.15	GCA_049581145.1	JBAURI000000000	SAMN40009559	Bradyrhizobium sp.
PRJNA1071982	MFD01943_ilm_asm_bin20	LIB-MJ256-C4_03.20	GCA_049582165.1	JBAUTK000000000	SAMN40009505	Bradyrhizobium sp.
PRJNA1071982	MFD01444_ilm_asm_bin9	LIB-MJ196-B1_02_v_LIB-MJ402-D9_04.9	GCA_049580085.1	JBAUPD000000000	SAMN40008992	Bradyrhizobium sp.
PRJNA1071982	MFD05054_ilm_asm_bin15	LIB-MJ201-H6_03.15	GCA_049577825.1	JBAUKV000000000	SAMN40009104	Bradyrhizobium sp.
PRJNA1071982	MFD01140_ilm_asm_bin10	LIB-MJ131-B12_01_v_LIB-MJ408-H6_04.10	GCA_049697475.1	JBAVVU000000000	SAMN40008408	Bradyrhizobium sp.
PRJNA1071982	MFD02901_ilm_asm_bin2	LIB-MJ139-E5_01.2	GCA_049693255.1	JBAVPR000000000	SAMN40008567	Bradyrhizobium sp.
PRJNA1071982	MFD01299_ilm_asm_bin15	LIB-MJ133-H11_03.15	GCA_049696275.1	JBAVTO000000000	SAMN40008466	Bradyrhizobium sp.
PRJNA1071982	MFD02971_ilm_asm_bin5	LIB-MJ145-A2_01.5	GCA_049691595.1	JBAVNZ000000000	SAMN40008611	Bradyrhizobium sp.
PRJNA1071982	MFD11033_ilm_asm_bin12	LIB-MJ385-A6_04.12	GCA_049674245.1	JBATYU000000000	SAMN40011440	Bradyrhizobium sp.
PRJNA1071982	MFD10880_ilm_asm_bin13	LIB-MJ385-D2_04.13	GCA_049674045.1	JBATYJ000000000	SAMN40011451	Bradyrhizobium sp.
PRJNA1071982	MFD11048_ilm_asm_bin3	LIB-MJ385-G10_04.3	GCA_049673865.1	JBATYC000000000	SAMN40011458	Bradyrhizobium sp.
PRJNA1071982	MFD10888_ilm_asm_bin45	LIB-MJ383-G7_01.45	GCA_049675985.1	JBAUAS000000000	SAMN40011390	Bradyrhizobium sp.
PRJNA1071982	MFD10751_ilm_asm_bin82	LIB-MJ383-H8_01.82	GCA_049674785.1	JBATZN000000000	SAMN40011421	Bradyrhizobium sp.
PRJNA1071982	MFD05804_ilm_asm_bin3	LIB-MJ354-D2_04_v_LIB-MJ403-E1_03.3	GCA_049680025.1	JBAUHA000000000	SAMN40011226	Bradyrhizobium sp.
PRJNA1071982	MFD10859_ilm_asm_bin23	LIB-MJ382-F5_02.23	GCA_049679685.1	JBAUCT000000000	SAMN40011337	Bradyrhizobium sp.
PRJNA1071982	MFD10914_ilm_asm_bin12	LIB-MJ380-C6_03.12	GCA_049679005.1	JBAUFF000000000	SAMN40011273	Bradyrhizobium sp.
PRJNA1071982	MFD06300_ilm_asm_bin53	LIB-MJ339-D7_03.53	GCA_049800515.1	JBARJY000000000	SAMN40010893	Bradyrhizobium sp.
PRJNA1071982	MFD06094_ilm_asm_bin7	LIB-MJ337-B11_03.7	GCA_049803135.1	JBARNU000000000	SAMN40010793	Bradyrhizobium sp.
PRJNA1071982	MFD06661_ilm_asm_bin7	LIB-MJ337-D7_03.7	GCA_049802835.1	JBARNF000000000	SAMN40010808	Bradyrhizobium sp.
PRJNA1071982	MFD06402_ilm_asm_bin2	LIB-MJ341-E4_02_v_LIB-MJ406-G1_04.2	GCA_049799375.1	JBARHT000000000	SAMN40010950	Bradyrhizobium sp.
PRJNA1071982	MFD10145_ilm_asm_bin8	LIB-MJ342-D4_02.8	GCA_049798375.1	JBARGP000000000	SAMN40010980	Bradyrhizobium sp.
PRJNA1071982	MFD06191_ilm_asm_bin20	LIB-MJ342-E11_02.20	GCA_049798335.1	JBARGO000000000	SAMN40010981	Bradyrhizobium sp.
PRJNA1071982	MFD06347_ilm_asm_bin2	LIB-MJ346-D8_02_v_LIB-MJ365-D8_04.2	GCA_049795095.1	JBARDL000000000	SAMN40011062	Bradyrhizobium sp.
PRJNA1071982	MFD10685_ilm_asm_bin9	LIB-MJ347-F2_04_v_LIB-MJ368-F2_03.9	GCA_049794255.1	JBARCQ000000000	SAMN40011083	Bradyrhizobium sp.
PRJNA1071982	MFD06496_ilm_asm_bin10	LIB-MJ347-E6_04_v_LIB-MJ368-E6_03.10	GCA_049794375.1	JBARCT000000000	SAMN40011080	Bradyrhizobium sp.
PRJNA1071982	MFD05826_ilm_asm_bin37	LIB-MJ352-C12_03_v_LIB-MJ368-C12_01.37	GCA_049793555.1	JBARBY000000000	SAMN40011101	Bradyrhizobium sp.
PRJNA1071982	MFD09550_ilm_asm_bin22	LIB-MJ306-F6_01.22	GCA_049288435.1	JBAQHT000000000	SAMN40010228	Bradyrhizobium sp.
PRJNA1071982	MFD12017_ilm_asm_bin10	LIB-MJ334-A12_01.10	GCA_049286845.1	JBAQER000000000	SAMN40010308	Bradyrhizobium sp.
PRJNA1071982	MFD00155_ilm_asm_bin2	LIB-MJ050-H5_02.2	GCA_049285155.1	JBAPZI000000000	SAMN40007654	Bradyrhizobium sp.
PRJNA1071982	MFD01258_ilm_asm_bin20	LIB-MJ093-C4_02.20	GCA_049280775.1	JBAPQV000000000	SAMN40007875	Bradyrhizobium sp.
PRJNA1071982	MFD01137_ilm_asm_bin8	LIB-MJ093-F11_02.8	GCA_049280675.1	JBAPQP000000000	SAMN40007881	Bradyrhizobium sp.
PRJNA1071982	MFD01344_ilm_asm_bin3	LIB-MJ108-G7_02.3	GCA_049278635.1	JBAPMN000000000	SAMN40007987	Bradyrhizobium sp.
PRJNA1071982	MFD13487_ilm_asm_bin16	LIB-MJ413-F7_01.16	GCA_049651565.1	JBASCI000000000	SAMN40012379	Brooklawnia sp.
PRJNA1071982	MFD12211_ilm_asm_bin7	LIB-MJ389-G11_03.7	GCA_049646845.1	JBARWM000000000	SAMN40011767	Brucella anthropi
PRJNA1071982	MFD12219_ilm_asm_bin2	LIB-MJ387-C6_01.2	GCA_049670625.1	JBATTO000000000	SAMN40011576	Brucella anthropi
PRJNA1071982	MFD01124_ilm_asm_bin18	LIB-MJ107-A1_02.18	GCA_049278995.1	JBAPNF000000000	SAMN40007969	Bryobacteraceae bacterium
PRJNA1071982	MFD03323_ilm_asm_bin17	LIB-MJ105-G3_01_v_LIB-MJ367-G3_04.17	GCA_049279875.1	JBAPOZ000000000	SAMN40007923	Bryobacteraceae bacterium
PRJNA1071982	MFD01130_ilm_asm_bin14	LIB-MJ091-G1_03.14	GCA_049281615.1	JBAPSL000000000	SAMN40007833	Bryobacteraceae bacterium
PRJNA1071982	MFD00112_ilm_asm_bin1	LIB-MJ044-A9_03.1	GCA_049286175.1	JBAQBJ000000000	SAMN40007601	Bryobacteraceae bacterium
PRJNA1071982	MFD06508_ilm_asm_bin24	LIB-MJ337-F9_03.24	GCA_049802535.1	JBARMQ000000000	SAMN40010823	Bryobacteraceae bacterium
PRJNA1071982	MFD10743_ilm_asm_bin20	LIB-MJ381-C1_02.20	GCA_049678465.1	JBAUEF000000000	SAMN40011299	Bryobacteraceae bacterium
PRJNA1071982	MFD02961_ilm_asm_bin59	LIB-MJ263-D4_04.59	GCA_049686475.1	JBAVIC000000000	SAMN40009622	Bryobacteraceae bacterium
PRJNA1071982	MFD02961_ilm_asm_bin25	LIB-MJ263-D4_04.25	GCA_049686695.1	JBAVIH000000000	SAMN40009617	Bryobacteraceae bacterium
PRJNA1071982	MFD02755_ilm_asm_bin11	LIB-MJ110-B8_04_v_LIB-MJ415-E2_04.11	GCA_049698695.1	JBAVYH000000000	SAMN40008343	Bryobacteraceae bacterium
PRJNA1071982	MFD04921_ilm_asm_bin2	LIB-MJ196-H9_02.2	GCA_049579625.1	JBAUOG000000000	SAMN40009015	Bryobacteraceae bacterium
PRJNA1071982	MFD04977_ilm_asm_bin6	LIB-MJ199-A7_04.6	GCA_049578745.1	JBAUMQ000000000	SAMN40009057	Bryobacteraceae bacterium
PRJNA1071982	MFD04717_ilm_asm_bin21	LIB-MJ255-F7_02.21	GCA_049582585.1	JBAUUG000000000	SAMN40009483	Bryobacteraceae bacterium
PRJNA1071982	MFD09276_ilm_asm_bin1	LIB-MJ251-A10_04.1	GCA_049585195.1	JBAUZG000000000	SAMN40009353	Bryobacteraceae bacterium
PRJNA1071982	MFD09281_ilm_asm_bin11	LIB-MJ250-D5_04_v_LIB-MJ365-D5_03.11	GCA_049585675.1	JBAVAK000000000	SAMN40009328	Bryobacteraceae bacterium
PRJNA1071982	MFD04928_ilm_asm_bin32	LIB-MJ226-G10_01.32	GCA_049587755.1	JBAVEN000000000	SAMN40009221	Bryobacteraceae bacterium
PRJNA1071982	MFD04492_ilm_asm_bin28	LIB-MJ227-E5_02.28	GCA_049587475.1	JBAVDZ000000000	SAMN40009235	Bryobacteraceae bacterium
PRJNA1071982	MFD05379_ilm_asm_bin17	LIB-MJ190-H7_02.17	GCA_049590695.1	JBAWDI000000000	SAMN40008846	Bryobacteraceae bacterium
PRJNA1071982	MFD06843_ilm_asm_bin21	LIB-MJ254-A10_02.21	GCA_049852315.1	JBAUWY000000000	SAMN40009413	Burkholderiaceae bacterium
PRJNA1071982	MFD04651_ilm_asm_bin13	LIB-MJ251-G7_04.13	GCA_049584635.1	JBAUYD000000000	SAMN40009382	Burkholderiaceae bacterium
PRJNA1071982	MFD03251_ilm_asm_bin8	LIB-MJ352-E1_03.8	GCA_049793275.1	JBARBR000000000	SAMN40011108	Burkholderiaceae bacterium
PRJNA1071982	MFD12223_ilm_asm_bin12	LIB-MJ387-F7_01.12	GCA_049683695.1	JBAUJK000000000	SAMN40011599	Burkholderiaceae bacterium
PRJNA1071982	MFD03265_ilm_asm_bin8	LIB-MJ354-B12_04.8	GCA_049680625.1	JBAUID000000000	SAMN40011197	Burkholderiaceae bacterium
PRJNA1071982	MFD03264_ilm_asm_bin9	LIB-MJ354-C4_04_v_LIB-MJ403-A2_03.9	GCA_049680255.1	JBAUHL000000000	SAMN40011215	Burkholderiaceae bacterium
PRJNA1071982	MFD03256_ilm_asm_bin11	LIB-MJ354-G10_04.11	GCA_049679805.1	JBAUGP000000000	SAMN40011237	Burkholderiaceae bacterium
PRJNA1071982	MFD12226_ilm_asm_bin16	LIB-MJ386-C11_04.16	GCA_049672545.1	JBATWJ000000000	SAMN40011503	Burkholderiaceae bacterium
PRJNA1071982	MFD12194_ilm_asm_bin12	LIB-MJ389-E5_03.12	GCA_049647225.1	JBARXG000000000	SAMN40011747	Burkholderiaceae bacterium
PRJNA1071982	MFD12187_ilm_asm_bin7	LIB-MJ389-G6_03.7	GCA_049646585.1	JBARWC000000000	SAMN40011777	Burkholderiaceae bacterium
PRJNA1071982	MFD12193_ilm_asm_bin3	LIB-MJ390-F1_03.3	GCA_049643325.1	JBARPT000000000	SAMN40011942	Burkholderiaceae bacterium
PRJNA1071982	MFD03500_ilm_asm_bin28	LIB-MJ413-E5_01.28	GCA_049653005.1	JBASFL000000000	SAMN40012298	Burkholderiaceae bacterium
PRJNA1071982	MFD09979_ilm_asm_bin10	LIB-MJ413-E2_01.10	GCA_049653185.1	JBASFU000000000	SAMN40012289	Burkholderiaceae bacterium
PRJNA1071982	MFD12110_ilm_asm_bin37	LIB-MJ413-D1_01.37	GCA_049655385.1	JBASJQ000000000	SAMN40012187	Burkholderiaceae bacterium
PRJNA1071982	MFD09758_ilm_asm_bin11	LIB-MJ413-C4_01.11	GCA_049656065.1	JBASKY000000000	SAMN40012153	Burkholderiaceae bacterium
PRJNA1071982	MFD03234_ilm_asm_bin11	LIB-MJ413-B6_01.11	GCA_049657105.1	JBASMY000000000	SAMN40012101	Burkholderiaceae bacterium
PRJNA1071982	MFD10539_ilm_asm_bin29	LIB-MJ305-E11_04.29	GCA_049291875.1	JBATQE000000000	SAMN40010064	Burkholderiaceae bacterium
PRJNA1071982	MFD03292_ilm_asm_bin14	LIB-MJ334-E9_01.14	GCA_049296795.1	JBAQTC000000000	SAMN40010532	Burkholderiaceae bacterium
PRJNA1071982	MFD03291_ilm_asm_bin12	LIB-MJ334-D9_01.12	GCA_049297615.1	JBAQUQ000000000	SAMN40010492	Burkholderiaceae bacterium
PRJNA1071982	MFD09852_ilm_asm_bin1	LIB-MJ413-G2_01.1	GCA_049277095.1	JBASXS000000000	SAMN40012438	Burkholderiaceae bacterium
PRJNA1071982	MFD09760_ilm_asm_bin11	LIB-MJ413-H2_01.11	GCA_049275095.1	JBASTW000000000	SAMN40012538	Burkholderiaceae bacterium
PRJNA1071982	MFD03231_ilm_asm_bin9	LIB-MJ413-G5_01.9	GCA_049276475.1	JBASWM000000000	SAMN40012470	Burkholderiales bacterium
PRJNA1071982	MFD04175_ilm_asm_bin11	LIB-MJ306-B7_01.11	GCA_049288705.1	JBAQIF000000000	SAMN40010216	Burkholderiales bacterium
PRJNA1071982	MFD03501_ilm_asm_bin14	LIB-MJ413-F5_01.14	GCA_049651845.1	JBASCW000000000	SAMN40012365	Burkholderiales bacterium
PRJNA1071982	MFD10090_ilm_asm_bin12	LIB-MJ301-H4_01.12	GCA_049663805.1	JBATEB000000000	SAMN40009873	Burkholderiales bacterium
PRJNA1071982	MFD06953_ilm_asm_bin16	LIB-MJ282-D4_03.16	GCA_049684655.1	JBAVGE000000000	SAMN40009672	Burkholderiales bacterium
PRJNA1071982	MFD01576_ilm_asm_bin5	LIB-MJ129-G10_02.5	GCA_049698095.1	JBAVXA000000000	SAMN40008376	Burkholderiales bacterium
PRJNA1071982	MFD02971_ilm_asm_bin13	LIB-MJ145-A2_01.13	GCA_049691695.1	JBAVOC000000000	SAMN40008608	Burkholderiales bacterium
PRJNA1071982	MFD02366_ilm_asm_bin19	LIB-MJ140-G8_02.19	GCA_049691875.1	JBAVOG000000000	SAMN40008604	Burkholderiales bacterium
PRJNA1071982	MFD01649_ilm_asm_bin18	LIB-MJ134-A5_03.18	GCA_049696075.1	JBAVTJ000000000	SAMN40008471	Burkholderiales bacterium
PRJNA1071982	MFD02535_ilm_asm_bin3	LIB-MJ135-E3_04.3	GCA_049695115.1	JBAVRP000000000	SAMN40008517	Burkholderiales bacterium
PRJNA1071982	MFD02945_ilm_asm_bin3	LIB-MJ139-A11_01.3	GCA_049693875.1	JBAVQH000000000	SAMN40008551	Burkholderiales bacterium
PRJNA1071982	MFD06446_ilm_asm_bin12	LIB-MJ338-A3_04.12	GCA_049802235.1	JBARMB000000000	SAMN40010838	Burkholderiales bacterium
PRJNA1071982	MFD01873_ilm_asm_bin12	LIB-MJ255-H7_02.12	GCA_049582445.1	JBAUTZ000000000	SAMN40009490	Burkholderiales bacterium
PRJNA1071982	MFD01873_ilm_asm_bin6	LIB-MJ255-H7_02.6	GCA_049582365.1	JBAUTW000000000	SAMN40009493	Burkholderiales bacterium
PRJNA1071982	MFD04207_ilm_asm_bin5	LIB-MJ255-F4_02.5	GCA_049582625.1	JBAUUH000000000	SAMN40009482	Burkholderiales bacterium
PRJNA1071982	MFD01526_ilm_asm_bin20	LIB-MJ256-F9_03.20	GCA_049582045.1	JBAUTD000000000	SAMN40009512	Burkholderiales bacterium
PRJNA1071982	MFD12160_ilm_asm_bin18	LIB-MJ389-H5_03.18	GCA_049646365.1	JBARVR000000000	SAMN40011788	Buttiauxella gaviniae
PRJNA1071982	MFD06452_ilm_asm_bin8	LIB-MJ336-B5_02.8	GCA_049300795.1	JBAQKG000000000	SAMN40010763	Buttiauxella gaviniae
PRJNA1071982	MFD04635_ilm_asm_bin10	LIB-MJ263-G9_04.10	GCA_049686335.1	JBAVHX000000000	SAMN40009627	Buttiauxella sp.
PRJNA1071982	MFD02374_ilm_asm_bin15	LIB-MJ259-A6_04.15	GCA_049581465.1	JBAUSA000000000	SAMN40009541	Caballeronia sp.
PRJNA1071982	MFD10595_ilm_asm_bin12	LIB-MJ334-C7_01.12	GCA_049299215.1	JBAQXB000000000	SAMN40010429	Caldibacillus thermoamylovorans
PRJNA1071982	MFD13486_ilm_asm_bin3	LIB-MJ413-G7_01.3	GCA_049276295.1	JBASWD000000000	SAMN40012479	Caldicoprobacterales bacterium
PRJNA1071982	MFD13456_ilm_asm_bin9	LIB-MJ413-G11_01.9	GCA_049277135.1	JBASXT000000000	SAMN40012437	Caldicoprobacterales bacterium
PRJNA1071982	MFD13455_ilm_asm_bin6	LIB-MJ413-H11_01.6	GCA_049275115.1	JBASTX000000000	SAMN40012537	Caldicoprobacterales bacterium
PRJNA1071982	MFD13464_ilm_asm_bin8	LIB-MJ413-G10_01.8	GCA_049277335.1	JBASYE000000000	SAMN40012426	Caldicoprobacterales bacterium
PRJNA1071982	MFD13477_ilm_asm_bin24	LIB-MJ413-H8_01.24	GCA_049274345.1	JBASSL000000000	SAMN40012575	Caldicoprobacterales bacterium
PRJNA1071982	MFD13485_ilm_asm_bin31	LIB-MJ413-H7_01.31	GCA_049274525.1	JBASSU000000000	SAMN40012566	Caldicoprobacterales bacterium
PRJNA1071982	MFD13469_ilm_asm_bin2	LIB-MJ413-H9_01.2	GCA_049274065.1	JBASRY000000000	SAMN40012588	Caldicoprobacterales bacterium
PRJNA1071982	MFD13475_ilm_asm_bin4	LIB-MJ413-B9_01.4	GCA_049656645.1	JBASMB000000000	SAMN40012124	Caldicoprobacterales bacterium
PRJNA1071982	MFD13482_ilm_asm_bin5	LIB-MJ413-C8_01.5	GCA_049655845.1	JBASKN000000000	SAMN40012164	Caldicoprobacterales bacterium
PRJNA1071982	MFD13474_ilm_asm_bin1	LIB-MJ413-C9_01.1	GCA_049655805.1	JBASKK000000000	SAMN40012167	Caldicoprobacterales bacterium
PRJNA1071982	MFD13474_ilm_asm_bin33	LIB-MJ413-C9_01.33	GCA_049655565.1	JBASJZ000000000	SAMN40012178	Caldicoprobacterales bacterium
PRJNA1071982	MFD13458_ilm_asm_bin25	LIB-MJ413-E11_01.25	GCA_049653345.1	JBASGC000000000	SAMN40012281	Caldicoprobacterales bacterium
PRJNA1071982	MFD13473_ilm_asm_bin22	LIB-MJ413-D9_01.22	GCA_049653885.1	JBASHD000000000	SAMN40012252	Caldicoprobacterales bacterium
PRJNA1071982	MFD13457_ilm_asm_bin16	LIB-MJ413-F11_01.16	GCA_049652165.1	JBASDM000000000	SAMN40012349	Caldicoprobacterales bacterium
PRJNA1071982	MFD13476_ilm_asm_bin24	LIB-MJ413-A9_01.24	GCA_049658325.1	JBASON000000000	SAMN40012060	Caldicoprobacterales bacterium
PRJNA1071982	MFD10474_ilm_asm_bin14	LIB-MJ305-H2_04.14	GCA_049289515.1	JBATLX000000000	SAMN40010175	Caldilinea sp.
PRJNA1071982	MFD10474_ilm_asm_bin23	LIB-MJ305-H2_04.23	GCA_049289455.1	JBATLT000000000	SAMN40010179	Caldilineaceae bacterium
PRJNA1071982	MFD10475_ilm_asm_bin30	LIB-MJ305-A3_04.30	GCA_049663425.1	JBATDJ000000000	SAMN40009891	Caldilineaceae bacterium
PRJNA1071982	MFD01233_ilm_asm_bin34	LIB-MJ091-A10_03.34	GCA_049282375.1	JBAPTX000000000	SAMN40007795	Calditrichia bacterium
PRJNA1071982	MFD12001_ilm_asm_bin15	LIB-MJ334-G9_01.15	GCA_049305865.1	JBAQPP000000000	SAMN40010623	Candidatus Absconditicoccaceae bacterium
PRJNA1071982	MFD12000_ilm_asm_bin34	LIB-MJ334-F9_01.34	GCA_049295995.1	JBAQRQ000000000	SAMN40010570	Candidatus Absconditicoccaceae bacterium
PRJNA1071982	MFD12003_ilm_asm_bin2	LIB-MJ334-A10_01.2	GCA_049287325.1	JBAQFP000000000	SAMN40010284	Candidatus Absconditicoccaceae bacterium
PRJNA1071982	MFD09291_ilm_asm_bin33	LIB-MJ307-E4_01.33	GCA_049287725.1	JBAQGJ000000000	SAMN40010264	Candidatus Acidiferrales bacterium
PRJNA1071982	MFD00154_ilm_asm_bin8	LIB-MJ044-A7_03.8	GCA_049286195.1	JBAQBK000000000	SAMN40007600	Candidatus Acidiferrales bacterium
PRJNA1071982	MFD00254_ilm_asm_bin7	LIB-MJ044-E2_03.7	GCA_049286075.1	JBAQBE000000000	SAMN40007606	Candidatus Acidiferrales bacterium
PRJNA1071982	MFD00144_ilm_asm_bin8	LIB-MJ050-C7_02.8	GCA_049285575.1	JBAQAE000000000	SAMN40007632	Candidatus Acidiferrales bacterium
PRJNA1071982	MFD01022_ilm_asm_bin1	LIB-MJ089-H9_02.1	GCA_049282615.1	JBAPUJ000000000	SAMN40007783	Candidatus Acidiferrales bacterium
PRJNA1071982	MFD01153_ilm_asm_bin19	LIB-MJ089-C12_02.19	GCA_049283095.1	JBAPVI000000000	SAMN40007758	Candidatus Acidiferrales bacterium
PRJNA1071982	MFD00981_ilm_asm_bin1	LIB-MJ089-E8_02.1	GCA_049282835.1	JBAPUU000000000	SAMN40007772	Candidatus Acidiferrales bacterium
PRJNA1071982	MFD01292_ilm_asm_bin42	LIB-MJ089-G6_02.42	GCA_049282815.1	JBAPUT000000000	SAMN40007773	Candidatus Acidiferrales bacterium
PRJNA1071982	MFD00950_ilm_asm_bin3	LIB-MJ089-E10_02.3	GCA_049282955.1	JBAPVB000000000	SAMN40007765	Candidatus Acidiferrales bacterium
PRJNA1071982	MFD00950_ilm_asm_bin6	LIB-MJ089-E10_02.6	GCA_049282895.1	JBAPUX000000000	SAMN40007769	Candidatus Acidiferrales bacterium
PRJNA1071982	MFD00056_ilm_asm_bin43	LIB-MJ050-H8_02.43	GCA_049285095.1	JBAPZE000000000	SAMN40007658	Candidatus Acidiferrales bacterium
PRJNA1071982	MFD00156_ilm_asm_bin14	LIB-MJ055-A12_04.14	GCA_049284175.1	JBAPXK000000000	SAMN40007704	Candidatus Acidiferrales bacterium
PRJNA1071982	MFD00156_ilm_asm_bin4	LIB-MJ055-A12_04.4	GCA_049284155.1	JBAPXJ000000000	SAMN40007705	Candidatus Acidiferrales bacterium
PRJNA1071982	MFD00611_ilm_asm_bin16	LIB-MJ091-F7_03.16	GCA_049281635.1	JBAPSM000000000	SAMN40007832	Candidatus Acidiferrales bacterium
PRJNA1071982	MFD00650_ilm_asm_bin10	LIB-MJ092-E4_01.10	GCA_049281095.1	JBAPRL000000000	SAMN40007859	Candidatus Acidiferrales bacterium
PRJNA1071982	MFD01145_ilm_asm_bin35	LIB-MJ091-E5_03.35	GCA_049281735.1	JBAPSS000000000	SAMN40007826	Candidatus Acidiferrales bacterium
PRJNA1071982	MFD01145_ilm_asm_bin17	LIB-MJ091-E5_03.17	GCA_049281795.1	JBAPSV000000000	SAMN40007823	Candidatus Acidiferrales bacterium
PRJNA1071982	MFD01147_ilm_asm_bin19	LIB-MJ091-D11_03.19	GCA_049281975.1	JBAPTD000000000	SAMN40007815	Candidatus Acidiferrales bacterium
PRJNA1071982	MFD01147_ilm_asm_bin21	LIB-MJ091-D11_03.21	GCA_049281955.1	JBAPTC000000000	SAMN40007816	Candidatus Acidiferrales bacterium
PRJNA1071982	MFD01122_ilm_asm_bin21	LIB-MJ091-D9_03.21	GCA_049281935.1	JBAPTB000000000	SAMN40007817	Candidatus Acidiferrales bacterium
PRJNA1071982	MFD00693_ilm_asm_bin20	LIB-MJ091-E1_03.20	GCA_049281895.1	JBAPSZ000000000	SAMN40007819	Candidatus Acidiferrales bacterium
PRJNA1071982	MFD03400_ilm_asm_bin6	LIB-MJ105-F9_01.6	GCA_049279955.1	JBAPPD000000000	SAMN40007919	Candidatus Acidiferrales bacterium
PRJNA1071982	MFD03400_ilm_asm_bin7	LIB-MJ105-F9_01.7	GCA_049279935.1	JBAPPC000000000	SAMN40007920	Candidatus Acidiferrales bacterium
PRJNA1071982	MFD03399_ilm_asm_bin39	LIB-MJ105-H8_01.39	GCA_049279675.1	JBAPOP000000000	SAMN40007933	Candidatus Acidiferrales bacterium
PRJNA1071982	MFD03335_ilm_asm_bin43	LIB-MJ105-C8_01_v_LIB-MJ367-C8_04.43	GCA_049280235.1	JBAPPS000000000	SAMN40007904	Candidatus Acidiferrales bacterium
PRJNA1071982	MFD03303_ilm_asm_bin12	LIB-MJ105-F7_01.12	GCA_049280075.1	JBAPPJ000000000	SAMN40007913	Candidatus Acidiferrales bacterium
PRJNA1071982	MFD03400_ilm_asm_bin21	LIB-MJ105-F9_01.21	GCA_049280015.1	JBAPPF000000000	SAMN40007917	Candidatus Acidiferrales bacterium
PRJNA1071982	MFD03400_ilm_asm_bin19	LIB-MJ105-F9_01.19	GCA_049279995.1	JBAPPG000000000	SAMN40007916	Candidatus Acidiferrales bacterium
PRJNA1071982	MFD01106_ilm_asm_bin25	LIB-MJ093-D4_02.25	GCA_049280715.1	JBAPQS000000000	SAMN40007878	Candidatus Acidiferrales bacterium
PRJNA1071982	MFD03398_ilm_asm_bin8	LIB-MJ105-B10_01.8	GCA_049280375.1	JBAPPZ000000000	SAMN40007897	Candidatus Acidiferrales bacterium
PRJNA1071982	MFD03398_ilm_asm_bin9	LIB-MJ105-B10_01.9	GCA_049280355.1	JBAPPY000000000	SAMN40007898	Candidatus Acidiferrales bacterium
PRJNA1071982	MFD06592_ilm_asm_bin17	LIB-MJ336-A8_02.17	GCA_049300935.1	JBAQKK000000000	SAMN40010759	Candidatus Acidiferrales bacterium
PRJNA1071982	MFD06408_ilm_asm_bin23	LIB-MJ336-D10_02.23	GCA_049300555.1	JBAQJZ000000000	SAMN40010770	Candidatus Acidiferrales bacterium
PRJNA1071982	MFD06488_ilm_asm_bin26	LIB-MJ336-E7_02.26	GCA_049300435.1	JBAQJS000000000	SAMN40010777	Candidatus Acidiferrales bacterium
PRJNA1071982	MFD06544_ilm_asm_bin17	LIB-MJ336-F1_02.17	GCA_049300355.1	JBAQJO000000000	SAMN40010781	Candidatus Acidiferrales bacterium
PRJNA1071982	MFD06503_ilm_asm_bin20	LIB-MJ336-F2_02.20	GCA_049300315.1	JBAQJM000000000	SAMN40010783	Candidatus Acidiferrales bacterium
PRJNA1071982	MFD06594_ilm_asm_bin9	LIB-MJ336-F7_02.9	GCA_049300235.1	JBAQJI000000000	SAMN40010787	Candidatus Acidiferrales bacterium
PRJNA1071982	MFD06600_ilm_asm_bin42	LIB-MJ336-H5_02.42	GCA_049300135.1	JBAQJE000000000	SAMN40010791	Candidatus Acidiferrales bacterium
PRJNA1071982	MFD13528_ilm_asm_bin23	LIB-MJ414-E9_03.23	GCA_049273775.1	JBASRK000000000	SAMN40012602	Candidatus Acidiferrales bacterium
PRJNA1071982	MFD13511_ilm_asm_bin2	LIB-MJ414-H11_03.2	GCA_049273715.1	JBASRG000000000	SAMN40012606	Candidatus Acidiferrales bacterium
PRJNA1071982	MFD01261_ilm_asm_bin18	LIB-MJ107-C11_02_v_LIB-MJ367-C11_03.18	GCA_049278895.1	JBAPNA000000000	SAMN40007974	Candidatus Acidiferrales bacterium
PRJNA1071982	MFD03688_ilm_asm_bin17	LIB-MJ109-A4_01_v_LIB-MJ409-C1_01.17	GCA_049278555.1	JBAPMJ000000000	SAMN40007991	Candidatus Acidiferrales bacterium
PRJNA1071982	MFD01221_ilm_asm_bin40	LIB-MJ106-F9_01_v_LIB-MJ368-F9_04.40	GCA_049279295.1	JBAPNU000000000	SAMN40007954	Candidatus Acidiferrales bacterium
PRJNA1071982	MFD01260_ilm_asm_bin34	LIB-MJ106-A6_01_v_LIB-MJ368-A6_04.34	GCA_049279635.1	JBAPOM000000000	SAMN40007936	Candidatus Acidiferrales bacterium
PRJNA1071982	MFD06533_ilm_asm_bin2	LIB-MJ343-E10_01.2	GCA_049797255.1	JBARFN000000000	SAMN40011008	Candidatus Acidiferrales bacterium
PRJNA1071982	MFD06122_ilm_asm_bin4	LIB-MJ344-A5_04.4	GCA_049796995.1	JBARFG000000000	SAMN40011015	Candidatus Acidiferrales bacterium
PRJNA1071982	MFD06596_ilm_asm_bin15	LIB-MJ343-C2_01.15	GCA_049797655.1	JBARFX000000000	SAMN40010998	Candidatus Acidiferrales bacterium
PRJNA1071982	MFD06549_ilm_asm_bin28	LIB-MJ343-A6_01.28	GCA_049797835.1	JBARGB000000000	SAMN40010994	Candidatus Acidiferrales bacterium
PRJNA1071982	MFD06589_ilm_asm_bin3	LIB-MJ343-C4_01_v_LIB-MJ409-E11_01.3	GCA_049797575.1	JBARFV000000000	SAMN40011000	Candidatus Acidiferrales bacterium
PRJNA1071982	MFD06589_ilm_asm_bin4	LIB-MJ343-C4_01_v_LIB-MJ409-E11_01.4	GCA_049797555.1	JBARFU000000000	SAMN40011001	Candidatus Acidiferrales bacterium
PRJNA1071982	MFD06589_ilm_asm_bin8	LIB-MJ343-C4_01_v_LIB-MJ409-E11_01.8	GCA_049797495.1	JBARFT000000000	SAMN40011002	Candidatus Acidiferrales bacterium
PRJNA1071982	MFD06347_ilm_asm_bin29	LIB-MJ346-D8_02_v_LIB-MJ365-D8_04.29	GCA_049794995.1	JBARDJ000000000	SAMN40011064	Candidatus Acidiferrales bacterium
PRJNA1071982	MFD06133_ilm_asm_bin14	LIB-MJ345-G1_01.14	GCA_049795315.1	JBARDQ000000000	SAMN40011057	Candidatus Acidiferrales bacterium
PRJNA1071982	MFD06133_ilm_asm_bin16	LIB-MJ345-G1_01.16	GCA_049795215.1	JBARDP000000000	SAMN40011058	Candidatus Acidiferrales bacterium
PRJNA1071982	MFD06529_ilm_asm_bin10	LIB-MJ345-B8_01_v_LIB-MJ365-B8_02.10	GCA_049795675.1	JBARDZ000000000	SAMN40011048	Candidatus Acidiferrales bacterium
PRJNA1071982	MFD06134_ilm_asm_bin6	LIB-MJ345-C1_01.6	GCA_049795595.1	JBARDY000000000	SAMN40011049	Candidatus Acidiferrales bacterium
PRJNA1071982	MFD06208_ilm_asm_bin22	LIB-MJ344-F4_04.22	GCA_049796275.1	JBAREO000000000	SAMN40011033	Candidatus Acidiferrales bacterium
PRJNA1071982	MFD06428_ilm_asm_bin6	LIB-MJ340-E8_01_v_LIB-MJ367-E8_03.6	GCA_049799795.1	JBARIO000000000	SAMN40010929	Candidatus Acidiferrales bacterium
PRJNA1071982	MFD06428_ilm_asm_bin9	LIB-MJ340-E8_01_v_LIB-MJ367-E8_03.9	GCA_049799775.1	JBARIN000000000	SAMN40010930	Candidatus Acidiferrales bacterium
PRJNA1071982	MFD06434_ilm_asm_bin36	LIB-MJ340-C4_01_v_LIB-MJ367-C4_03.36	GCA_049799815.1	JBARIP000000000	SAMN40010928	Candidatus Acidiferrales bacterium
PRJNA1071982	MFD06413_ilm_asm_bin3	LIB-MJ340-B7_01_v_LIB-MJ367-B7_03.3	GCA_049799915.1	JBARIU000000000	SAMN40010923	Candidatus Acidiferrales bacterium
PRJNA1071982	MFD06559_ilm_asm_bin32	LIB-MJ342-E7_02.32	GCA_049798215.1	JBARGL000000000	SAMN40010984	Candidatus Acidiferrales bacterium
PRJNA1071982	MFD06199_ilm_asm_bin19	LIB-MJ342-F1_02.19	GCA_049798195.1	JBARGK000000000	SAMN40010985	Candidatus Acidiferrales bacterium
PRJNA1071982	MFD06198_ilm_asm_bin20	LIB-MJ342-G11_02.20	GCA_049798095.1	JBARGH000000000	SAMN40010988	Candidatus Acidiferrales bacterium
PRJNA1071982	MFD06470_ilm_asm_bin40	LIB-MJ341-D9_02_v_LIB-MJ406-B4_04.40	GCA_049799395.1	JBARHU000000000	SAMN40010949	Candidatus Acidiferrales bacterium
PRJNA1071982	MFD06432_ilm_asm_bin21	LIB-MJ341-F7_02_v_LIB-MJ367-F7_04.21	GCA_049799215.1	JBARHL000000000	SAMN40010958	Candidatus Acidiferrales bacterium
PRJNA1071982	MFD09728_ilm_asm_bin6	LIB-MJ341-H6_02_v_LIB-MJ406-F2_04.6	GCA_049798975.1	JBARHF000000000	SAMN40010964	Candidatus Acidiferrales bacterium
PRJNA1071982	MFD06507_ilm_asm_bin34	LIB-MJ341-H7_02_v_LIB-MJ367-H7_04.34	GCA_049798855.1	JBARHC000000000	SAMN40010967	Candidatus Acidiferrales bacterium
PRJNA1071982	MFD06571_ilm_asm_bin42	LIB-MJ338-C2_04.42	GCA_049802035.1	JBARLR000000000	SAMN40010848	Candidatus Acidiferrales bacterium
PRJNA1071982	MFD10953_ilm_asm_bin30	LIB-MJ337-G3_03.30	GCA_049802455.1	JBARMM000000000	SAMN40010827	Candidatus Acidiferrales bacterium
PRJNA1071982	MFD06541_ilm_asm_bin44	LIB-MJ337-G8_03.44	GCA_049802375.1	JBARMI000000000	SAMN40010831	Candidatus Acidiferrales bacterium
PRJNA1071982	MFD06483_ilm_asm_bin2	LIB-MJ338-A11_04.2	GCA_049802295.1	JBARME000000000	SAMN40010835	Candidatus Acidiferrales bacterium
PRJNA1071982	MFD06118_ilm_asm_bin5	LIB-MJ337-C9_03.5	GCA_049802855.1	JBARNG000000000	SAMN40010807	Candidatus Acidiferrales bacterium
PRJNA1071982	MFD06769_ilm_asm_bin34	LIB-MJ337-F1_03_v_LIB-MJ404-E1_03.34	GCA_049802635.1	JBARMV000000000	SAMN40010818	Candidatus Acidiferrales bacterium
PRJNA1071982	MFD06210_ilm_asm_bin1	LIB-MJ337-C11_03.1	GCA_049803115.1	JBARNT000000000	SAMN40010794	Candidatus Acidiferrales bacterium
PRJNA1071982	MFD06151_ilm_asm_bin29	LIB-MJ337-C2_03.29	GCA_049803035.1	JBARNP000000000	SAMN40010798	Candidatus Acidiferrales bacterium
PRJNA1071982	MFD06151_ilm_asm_bin35	LIB-MJ337-C2_03.35	GCA_049803015.1	JBARNO000000000	SAMN40010799	Candidatus Acidiferrales bacterium
PRJNA1071982	MFD09811_ilm_asm_bin3	LIB-MJ337-C6_03_v_LIB-MJ404-A4_03.3	GCA_049802975.1	JBARNM000000000	SAMN40010801	Candidatus Acidiferrales bacterium
PRJNA1071982	MFD06650_ilm_asm_bin20	LIB-MJ339-H11_03_v_LIB-MJ405-E5_01.20	GCA_049800115.1	JBARJE000000000	SAMN40010913	Candidatus Acidiferrales bacterium
PRJNA1071982	MFD06650_ilm_asm_bin19	LIB-MJ339-H11_03_v_LIB-MJ405-E5_01.19	GCA_049800155.1	JBARJG000000000	SAMN40010911	Candidatus Acidiferrales bacterium
PRJNA1071982	MFD06234_ilm_asm_bin110	LIB-MJ339-C9_03.110	GCA_049800635.1	JBARKE000000000	SAMN40010887	Candidatus Acidiferrales bacterium
PRJNA1071982	MFD06091_ilm_asm_bin57	LIB-MJ339-C7_03.57	GCA_049801355.1	JBARKK000000000	SAMN40010881	Candidatus Acidiferrales bacterium
PRJNA1071982	MFD06091_ilm_asm_bin19	LIB-MJ339-C7_03.19	GCA_049801455.1	JBARKO000000000	SAMN40010877	Candidatus Acidiferrales bacterium
PRJNA1071982	MFD10881_ilm_asm_bin49	LIB-MJ354-A1_04_v_LIB-MJ367-A1_04.49	GCA_049790315.1	JBAQYV000000000	SAMN40011183	Candidatus Acidiferrales bacterium
PRJNA1071982	MFD10799_ilm_asm_bin14	LIB-MJ353-D9_03_v_LIB-MJ407-C4_04.14	GCA_049790655.1	JBAQZE000000000	SAMN40011174	Candidatus Acidiferrales bacterium
PRJNA1071982	MFD05790_ilm_asm_bin27	LIB-MJ353-C8_03_v_LIB-MJ367-C8_03.27	GCA_049790775.1	JBAQZG000000000	SAMN40011172	Candidatus Acidiferrales bacterium
PRJNA1071982	MFD10791_ilm_asm_bin1	LIB-MJ352-G2_03_v_LIB-MJ368-G2_01.1	GCA_049792215.1	JBARAR000000000	SAMN40011134	Candidatus Acidiferrales bacterium
PRJNA1071982	MFD09930_ilm_asm_bin17	LIB-MJ353-B10_03_v_LIB-MJ407-H4_04.17	GCA_049791335.1	JBAQZU000000000	SAMN40011157	Candidatus Acidiferrales bacterium
PRJNA1071982	MFD10760_ilm_asm_bin15	LIB-MJ353-A2_03_v_LIB-MJ367-A2_03.15	GCA_049791435.1	JBAQZY000000000	SAMN40011153	Candidatus Acidiferrales bacterium
PRJNA1071982	MFD09930_ilm_asm_bin20	LIB-MJ353-B10_03_v_LIB-MJ407-H4_04.20	GCA_049791235.1	JBAQZT000000000	SAMN40011158	Candidatus Acidiferrales bacterium
PRJNA1071982	MFD06097_ilm_asm_bin39	LIB-MJ347-H1_04_v_LIB-MJ368-H1_03.39	GCA_049794135.1	JBARCN000000000	SAMN40011086	Candidatus Acidiferrales bacterium
PRJNA1071982	MFD06127_ilm_asm_bin6	LIB-MJ347-G2_04_v_LIB-MJ368-G2_03.6	GCA_049794235.1	JBARCP000000000	SAMN40011084	Candidatus Acidiferrales bacterium
PRJNA1071982	MFD06101_ilm_asm_bin13	LIB-MJ347-B10_04_v_LIB-MJ368-B10_03.13	GCA_049794495.1	JBARCW000000000	SAMN40011077	Candidatus Acidiferrales bacterium
PRJNA1071982	MFD06188_ilm_asm_bin11	LIB-MJ346-E6_02_v_LIB-MJ365-E6_04.11	GCA_049794955.1	JBARDH000000000	SAMN40011066	Candidatus Acidiferrales bacterium
PRJNA1071982	MFD06536_ilm_asm_bin24	LIB-MJ347-B1_04_v_LIB-MJ402-G6_04.24	GCA_049794735.1	JBARDC000000000	SAMN40011071	Candidatus Acidiferrales bacterium
PRJNA1071982	MFD06536_ilm_asm_bin32	LIB-MJ347-B1_04_v_LIB-MJ402-G6_04.32	GCA_049794635.1	JBARDA000000000	SAMN40011073	Candidatus Acidiferrales bacterium
PRJNA1071982	MFD06536_ilm_asm_bin33	LIB-MJ347-B1_04_v_LIB-MJ402-G6_04.33	GCA_049794615.1	JBARCZ000000000	SAMN40011074	Candidatus Acidiferrales bacterium
PRJNA1071982	MFD10881_ilm_asm_bin85	LIB-MJ354-A1_04_v_LIB-MJ367-A1_04.85	GCA_049787175.1	JBAQYT000000000	SAMN40011185	Candidatus Acidiferrales bacterium
PRJNA1071982	MFD10881_ilm_asm_bin23	LIB-MJ354-A1_04_v_LIB-MJ367-A1_04.23	GCA_049787215.1	JBAQYW000000000	SAMN40011182	Candidatus Acidiferrales bacterium
PRJNA1071982	MFD10871_ilm_asm_bin36	LIB-MJ390-F2_03.36	GCA_049643265.1	JBARPQ000000000	SAMN40011945	Candidatus Acidiferrales bacterium
PRJNA1071982	MFD13499_ilm_asm_bin38	LIB-MJ390-D5_03.38	GCA_049644285.1	JBARRP000000000	SAMN40011894	Candidatus Acidiferrales bacterium
PRJNA1071982	MFD06535_ilm_asm_bin15	LIB-MJ402-F7_04.15	GCA_049641945.1	JBAROF000000000	SAMN40011982	Candidatus Acidiferrales bacterium
PRJNA1071982	MFD10825_ilm_asm_bin56	LIB-MJ354-C1_04_v_LIB-MJ367-C1_04.56	GCA_049680485.1	JBAUHW000000000	SAMN40011204	Candidatus Acidiferrales bacterium
PRJNA1071982	MFD10825_ilm_asm_bin49	LIB-MJ354-C1_04_v_LIB-MJ367-C1_04.49	GCA_049680505.1	JBAUHX000000000	SAMN40011203	Candidatus Acidiferrales bacterium
PRJNA1071982	MFD02574_ilm_asm_bin17	LIB-MJ263-B1_04_v_LIB-MJ407-F5_04.17	GCA_049686835.1	JBAVIL000000000	SAMN40009613	Candidatus Acidiferrales bacterium
PRJNA1071982	MFD03855_ilm_asm_bin27	LIB-MJ280-D6_02.27	GCA_049685985.1	JBAVHP000000000	SAMN40009635	Candidatus Acidiferrales bacterium
PRJNA1071982	MFD06932_ilm_asm_bin25	LIB-MJ282-C1_03.25	GCA_049684735.1	JBAVGJ000000000	SAMN40009667	Candidatus Acidiferrales bacterium
PRJNA1071982	MFD03800_ilm_asm_bin23	LIB-MJ281-C1_01.23	GCA_049685395.1	JBAVHA000000000	SAMN40009650	Candidatus Acidiferrales bacterium
PRJNA1071982	MFD10743_ilm_asm_bin16	LIB-MJ381-C1_02.16	GCA_049678505.1	JBAUEH000000000	SAMN40011297	Candidatus Acidiferrales bacterium
PRJNA1071982	MFD10743_ilm_asm_bin26	LIB-MJ381-C1_02.26	GCA_049678425.1	JBAUED000000000	SAMN40011301	Candidatus Acidiferrales bacterium
PRJNA1071982	MFD11032_ilm_asm_bin29	LIB-MJ382-A5_02.29	GCA_049677965.1	JBAUDH000000000	SAMN40011323	Candidatus Acidiferrales bacterium
PRJNA1071982	MFD10991_ilm_asm_bin22	LIB-MJ380-F6_03.22	GCA_049678845.1	JBAUEX000000000	SAMN40011281	Candidatus Acidiferrales bacterium
PRJNA1071982	MFD11015_ilm_asm_bin28	LIB-MJ380-G2_03.28	GCA_049678755.1	JBAUET000000000	SAMN40011285	Candidatus Acidiferrales bacterium
PRJNA1071982	MFD05861_ilm_asm_bin17	LIB-MJ354-D9_04_v_LIB-MJ403-C5_03.17	GCA_049680005.1	JBAUGZ000000000	SAMN40011227	Candidatus Acidiferrales bacterium
PRJNA1071982	MFD06608_ilm_asm_bin38	LIB-MJ354-E8_04_v_LIB-MJ403-G4_03.38	GCA_049679865.1	JBAUGS000000000	SAMN40011234	Candidatus Acidiferrales bacterium
PRJNA1071982	MFD10781_ilm_asm_bin26	LIB-MJ354-E5_04_v_LIB-MJ403-A3_03.26	GCA_049679925.1	JBAUGV000000000	SAMN40011231	Candidatus Acidiferrales bacterium
PRJNA1071982	MFD05797_ilm_asm_bin6	LIB-MJ354-D1_04_v_LIB-MJ403-B1_03.6	GCA_049680125.1	JBAUHF000000000	SAMN40011221	Candidatus Acidiferrales bacterium
PRJNA1071982	MFD10772_ilm_asm_bin49	LIB-MJ354-H3_04_v_LIB-MJ367-H3_04.49	GCA_049679425.1	JBAUFZ000000000	SAMN40011253	Candidatus Acidiferrales bacterium
PRJNA1071982	MFD05802_ilm_asm_bin6	LIB-MJ354-H9_04_v_LIB-MJ403-F5_03.6	GCA_049679305.1	JBAUFT000000000	SAMN40011259	Candidatus Acidiferrales bacterium
PRJNA1071982	MFD10988_ilm_asm_bin47	LIB-MJ383-H6_01.47	GCA_049675095.1	JBATZY000000000	SAMN40011410	Candidatus Acidiferrales bacterium
PRJNA1071982	MFD10751_ilm_asm_bin9	LIB-MJ383-H8_01.9	GCA_049674685.1	JBATZL000000000	SAMN40011423	Candidatus Acidiferrales bacterium
PRJNA1071982	MFD10734_ilm_asm_bin83	LIB-MJ383-H10_01.83	GCA_049675565.1	JBAUAI000000000	SAMN40011400	Candidatus Acidiferrales bacterium
PRJNA1071982	MFD10988_ilm_asm_bin35	LIB-MJ383-H6_01.35	GCA_049675275.1	JBAUAB000000000	SAMN40011407	Candidatus Acidiferrales bacterium
PRJNA1071982	MFD10988_ilm_asm_bin40	LIB-MJ383-H6_01.40	GCA_049675265.1	JBAUAA000000000	SAMN40011408	Candidatus Acidiferrales bacterium
PRJNA1071982	MFD10807_ilm_asm_bin36	LIB-MJ383-C2_01.36	GCA_049677335.1	JBAUCB000000000	SAMN40011355	Candidatus Acidiferrales bacterium
PRJNA1071982	MFD10722_ilm_asm_bin33	LIB-MJ383-D1_01.33	GCA_049677175.1	JBAUBW000000000	SAMN40011360	Candidatus Acidiferrales bacterium
PRJNA1071982	MFD11067_ilm_asm_bin15	LIB-MJ382-D2_02.15	GCA_049677925.1	JBAUDF000000000	SAMN40011325	Candidatus Acidiferrales bacterium
PRJNA1071982	MFD10822_ilm_asm_bin2	LIB-MJ382-F9_02.2	GCA_049677685.1	JBAUCS000000000	SAMN40011338	Candidatus Acidiferrales bacterium
PRJNA1071982	MFD10847_ilm_asm_bin23	LIB-MJ385-H7_04.23	GCA_049673705.1	JBATXX000000000	SAMN40011463	Candidatus Acidiferrales bacterium
PRJNA1071982	MFD10811_ilm_asm_bin9	LIB-MJ386-A7_04.9	GCA_049673285.1	JBATXL000000000	SAMN40011475	Candidatus Acidiferrales bacterium
PRJNA1071982	MFD10911_ilm_asm_bin16	LIB-MJ385-B1_04.16	GCA_049674145.1	JBATYP000000000	SAMN40011445	Candidatus Acidiferrales bacterium
PRJNA1071982	MFD10853_ilm_asm_bin16	LIB-MJ384-H5_01.16	GCA_049674385.1	JBATZA000000000	SAMN40011434	Candidatus Acidiferrales bacterium
PRJNA1071982	MFD10824_ilm_asm_bin24	LIB-MJ384-E1_01.24	GCA_049674485.1	JBATZG000000000	SAMN40011428	Candidatus Acidiferrales bacterium
PRJNA1071982	MFD10792_ilm_asm_bin18	LIB-MJ386-C12_04.18	GCA_049672425.1	JBATWD000000000	SAMN40011509	Candidatus Acidiferrales bacterium
PRJNA1071982	MFD04433_ilm_asm_bin2	LIB-MJ173-B6_01.2	GCA_049687755.1	JBAVJK000000000	SAMN40008730	Candidatus Acidiferrales bacterium
PRJNA1071982	MFD02956_ilm_asm_bin6	LIB-MJ140-E11_02.6	GCA_049692295.1	JBAVOS000000000	SAMN40008592	Candidatus Acidiferrales bacterium
PRJNA1071982	MFD02918_ilm_asm_bin4	LIB-MJ138-H7_03.4	GCA_049693975.1	JBAVQJ000000000	SAMN40008549	Candidatus Acidiferrales bacterium
PRJNA1071982	MFD00689_ilm_asm_bin19	LIB-MJ139-C1_01.19	GCA_049693615.1	JBAVQB000000000	SAMN40008557	Candidatus Acidiferrales bacterium
PRJNA1071982	MFD00689_ilm_asm_bin7	LIB-MJ139-C1_01.7	GCA_049693595.1	JBAVQA000000000	SAMN40008558	Candidatus Acidiferrales bacterium
PRJNA1071982	MFD01639_ilm_asm_bin16	LIB-MJ138-D10_03.16	GCA_049694295.1	JBAVQT000000000	SAMN40008539	Candidatus Acidiferrales bacterium
PRJNA1071982	MFD03977_ilm_asm_bin7	LIB-MJ138-G2_03.7	GCA_049694055.1	JBAVQM000000000	SAMN40008546	Candidatus Acidiferrales bacterium
PRJNA1071982	MFD02256_ilm_asm_bin4	LIB-MJ134-F8_03.4	GCA_049695335.1	JBAVRZ000000000	SAMN40008507	Candidatus Acidiferrales bacterium
PRJNA1071982	MFD02202_ilm_asm_bin18	LIB-MJ134-E11_03.18	GCA_049695535.1	JBAVSJ000000000	SAMN40008497	Candidatus Acidiferrales bacterium
PRJNA1071982	MFD01675_ilm_asm_bin1	LIB-MJ134-B2_03.1	GCA_049695955.1	JBAVTC000000000	SAMN40008478	Candidatus Acidiferrales bacterium
PRJNA1071982	MFD01341_ilm_asm_bin33	LIB-MJ134-B7_03.33	GCA_049695895.1	JBAVTA000000000	SAMN40008480	Candidatus Acidiferrales bacterium
PRJNA1071982	MFD02578_ilm_asm_bin27	LIB-MJ132-D2_03.27	GCA_049696975.1	JBAVUW000000000	SAMN40008432	Candidatus Acidiferrales bacterium
PRJNA1071982	MFD02913_ilm_asm_bin10	LIB-MJ132-H3_03.10	GCA_049696615.1	JBAVUE000000000	SAMN40008450	Candidatus Acidiferrales bacterium
PRJNA1071982	MFD01616_ilm_asm_bin15	LIB-MJ131-C7_01.15	GCA_049697395.1	JBAVVR000000000	SAMN40008411	Candidatus Acidiferrales bacterium
PRJNA1071982	MFD01540_ilm_asm_bin25	LIB-MJ131-B11_01_v_LIB-MJ408-F6_04.25	GCA_049697515.1	JBAVVV000000000	SAMN40008407	Candidatus Acidiferrales bacterium
PRJNA1071982	MFD02922_ilm_asm_bin3	LIB-MJ129-B9_02.3	GCA_049698375.1	JBAVXO000000000	SAMN40008362	Candidatus Acidiferrales bacterium
PRJNA1071982	MFD00910_ilm_asm_bin12	LIB-MJ110-D10_04.12	GCA_049698615.1	JBAVYD000000000	SAMN40008347	Candidatus Acidiferrales bacterium
PRJNA1071982	MFD05049_ilm_asm_bin32	LIB-MJ201-H8_03.32	GCA_049577805.1	JBAUKT000000000	SAMN40009106	Candidatus Acidiferrales bacterium
PRJNA1071982	MFD09651_ilm_asm_bin19	LIB-MJ201-E11_03.19	GCA_049577965.1	JBAULA000000000	SAMN40009099	Candidatus Acidiferrales bacterium
PRJNA1071982	MFD02250_ilm_asm_bin43	LIB-MJ215-A12_01_v_LIB-MJ409-B10_01.43	GCA_049577625.1	JBAUKL000000000	SAMN40009114	Candidatus Acidiferrales bacterium
PRJNA1071982	MFD02223_ilm_asm_bin22	LIB-MJ215-H1_01_v_LIB-MJ409-G9_01.22	GCA_049577525.1	JBAUKE000000000	SAMN40009121	Candidatus Acidiferrales bacterium
PRJNA1071982	MFD01846_ilm_asm_bin12	LIB-MJ200-E7_04.12	GCA_049578345.1	JBAULU000000000	SAMN40009079	Candidatus Acidiferrales bacterium
PRJNA1071982	MFD05001_ilm_asm_bin28	LIB-MJ200-E6_04.28	GCA_049578385.1	JBAULW000000000	SAMN40009077	Candidatus Acidiferrales bacterium
PRJNA1071982	MFD05749_ilm_asm_bin13	LIB-MJ200-C5_04.13	GCA_049578445.1	JBAULZ000000000	SAMN40009074	Candidatus Acidiferrales bacterium
PRJNA1071982	MFD05749_ilm_asm_bin17	LIB-MJ200-C5_04.17	GCA_049578425.1	JBAULY000000000	SAMN40009075	Candidatus Acidiferrales bacterium
PRJNA1071982	MFD03608_ilm_asm_bin44	LIB-MJ196-D10_02_v_LIB-MJ366-D10_04.44	GCA_049579965.1	JBAUOZ000000000	SAMN40008996	Candidatus Acidiferrales bacterium
PRJNA1071982	MFD04932_ilm_asm_bin24	LIB-MJ259-H2_04.24	GCA_049580685.1	JBAUQL000000000	SAMN40009582	Candidatus Acidiferrales bacterium
PRJNA1071982	MFD09226_ilm_asm_bin57	LIB-MJ259-H5_04.57	GCA_049580625.1	JBAUQI000000000	SAMN40009585	Candidatus Acidiferrales bacterium
PRJNA1071982	MFD01947_ilm_asm_bin40	LIB-MJ259-A2_04.40	GCA_049581585.1	JBAUSH000000000	SAMN40009534	Candidatus Acidiferrales bacterium
PRJNA1071982	MFD01947_ilm_asm_bin68	LIB-MJ259-A2_04.68	GCA_049581485.1	JBAUSB000000000	SAMN40009540	Candidatus Acidiferrales bacterium
PRJNA1071982	MFD09222_ilm_asm_bin29	LIB-MJ259-B6_04.29	GCA_049581395.1	JBAURW000000000	SAMN40009545	Candidatus Acidiferrales bacterium
PRJNA1071982	MFD09222_ilm_asm_bin49	LIB-MJ259-B6_04.49	GCA_049581365.1	JBAURU000000000	SAMN40009547	Candidatus Acidiferrales bacterium
PRJNA1071982	MFD09264_ilm_asm_bin8	LIB-MJ256-B4_03.8	GCA_049582205.1	JBAUTM000000000	SAMN40009503	Candidatus Acidiferrales bacterium
PRJNA1071982	MFD01943_ilm_asm_bin12	LIB-MJ256-C4_03.12	GCA_049582185.1	JBAUTL000000000	SAMN40009504	Candidatus Acidiferrales bacterium
PRJNA1071982	MFD09213_ilm_asm_bin19	LIB-MJ255-C8_02.19	GCA_049582865.1	JBAUUU000000000	SAMN40009469	Candidatus Acidiferrales bacterium
PRJNA1071982	MFD05931_ilm_asm_bin11	LIB-MJ255-D11_02.11	GCA_049582845.1	JBAUUS000000000	SAMN40009471	Candidatus Acidiferrales bacterium
PRJNA1071982	MFD05931_ilm_asm_bin22	LIB-MJ255-D11_02.22	GCA_049582785.1	JBAUUP000000000	SAMN40009474	Candidatus Acidiferrales bacterium
PRJNA1071982	MFD05565_ilm_asm_bin17	LIB-MJ256-A5_03.17	GCA_049582325.1	JBAUTS000000000	SAMN40009497	Candidatus Acidiferrales bacterium
PRJNA1071982	MFD02244_ilm_asm_bin19	LIB-MJ255-G2_02.19	GCA_049582565.1	JBAUUF000000000	SAMN40009484	Candidatus Acidiferrales bacterium
PRJNA1071982	MFD05931_ilm_asm_bin3	LIB-MJ255-D11_02.3	GCA_049582725.1	JBAUUN000000000	SAMN40009476	Candidatus Acidiferrales bacterium
PRJNA1071982	MFD02244_ilm_asm_bin24	LIB-MJ255-G2_02.24	GCA_049582525.1	JBAUUE000000000	SAMN40009485	Candidatus Acidiferrales bacterium
PRJNA1071982	MFD09220_ilm_asm_bin18	LIB-MJ254-F11_02.18	GCA_049583535.1	JBAUWC000000000	SAMN40009435	Candidatus Acidiferrales bacterium
PRJNA1071982	MFD09220_ilm_asm_bin2	LIB-MJ254-F11_02.2	GCA_049583615.1	JBAUWB000000000	SAMN40009436	Candidatus Acidiferrales bacterium
PRJNA1071982	MFD02248_ilm_asm_bin1	LIB-MJ254-E3_02.1	GCA_049583815.1	JBAUWO000000000	SAMN40009423	Candidatus Acidiferrales bacterium
PRJNA1071982	MFD09361_ilm_asm_bin19	LIB-MJ254-F9_02.19	GCA_049583425.1	JBAUVV000000000	SAMN40009442	Candidatus Acidiferrales bacterium
PRJNA1071982	MFD10063_ilm_asm_bin13	LIB-MJ251-F11_04.13	GCA_049584755.1	JBAUYK000000000	SAMN40009375	Candidatus Acidiferrales bacterium
PRJNA1071982	MFD10067_ilm_asm_bin7	LIB-MJ251-F6_04.7	GCA_049584695.1	JBAUYH000000000	SAMN40009378	Candidatus Acidiferrales bacterium
PRJNA1071982	MFD09277_ilm_asm_bin16	LIB-MJ253-D6_01.16	GCA_049584195.1	JBAUXB000000000	SAMN40009410	Candidatus Acidiferrales bacterium
PRJNA1071982	MFD09245_ilm_asm_bin6	LIB-MJ253-B4_01_v_LIB-MJ404-E6_03.6	GCA_049584075.1	JBAUXD000000000	SAMN40009408	Candidatus Acidiferrales bacterium
PRJNA1071982	MFD09276_ilm_asm_bin14	LIB-MJ251-A10_04.14	GCA_049585175.1	JBAUZF000000000	SAMN40009354	Candidatus Acidiferrales bacterium
PRJNA1071982	MFD09191_ilm_asm_bin22	LIB-MJ250-G3_04.22	GCA_049585335.1	JBAUZO000000000	SAMN40009346	Candidatus Acidiferrales bacterium
PRJNA1071982	MFD05810_ilm_asm_bin19	LIB-MJ231-C6_04.19	GCA_049586135.1	JBAVBI000000000	SAMN40009304	Candidatus Acidiferrales bacterium
PRJNA1071982	MFD05389_ilm_asm_bin23	LIB-MJ191-A7_04.23	GCA_049590555.1	JBAWDD000000000	SAMN40008851	Candidatus Acidiferrales bacterium
PRJNA1071982	MFD05722_ilm_asm_bin36	LIB-MJ177-D8_03.36	GCA_049591475.1	JBAWEZ000000000	SAMN40008803	Candidatus Acidiferrales bacterium
PRJNA1071982	MFD01706_ilm_asm_bin11	LIB-MJ177-E10_03.11	GCA_049591395.1	JBAWEX000000000	SAMN40008805	Candidatus Acidiferrales bacterium
PRJNA1071982	MFD04598_ilm_asm_bin19	LIB-MJ192-C4_04.19	GCA_049589935.1	JBAWBT000000000	SAMN40008887	Candidatus Acidiferrales bacterium
PRJNA1071982	MFD09568_ilm_asm_bin27	LIB-MJ191-H1_04_v_LIB-MJ405-H9_01.27	GCA_049590135.1	JBAWCE000000000	SAMN40008876	Candidatus Acidiferrales bacterium
PRJNA1071982	MFD04738_ilm_asm_bin1	LIB-MJ191-B2_04.1	GCA_049590455.1	JBAWCY000000000	SAMN40008856	Candidatus Acidiferrales bacterium
PRJNA1071982	MFD09380_ilm_asm_bin1	LIB-MJ193-G9_01.1	GCA_049589275.1	JBAWAN000000000	SAMN40008919	Candidatus Acidiferrales bacterium
PRJNA1071982	MFD04601_ilm_asm_bin26	LIB-MJ226-E9_01.26	GCA_049587935.1	JBAVEW000000000	SAMN40009212	Candidatus Acidiferrales bacterium
PRJNA1071982	MFD05788_ilm_asm_bin24	LIB-MJ229-G8_03.24	GCA_049586775.1	JBAVCP000000000	SAMN40009271	Candidatus Acidiferrales bacterium
PRJNA1071982	MFD05488_ilm_asm_bin1	LIB-MJ228-H10_01.1	GCA_049586955.1	JBAVCY000000000	SAMN40009262	Candidatus Acidiferrales bacterium
PRJNA1071982	MFD01830_ilm_asm_bin22	LIB-MJ195-D11_01_v_LIB-MJ415-B8_04.22	GCA_049588535.1	JBAVZA000000000	SAMN40008958	Candidatus Acidiferrales bacterium
PRJNA1071982	MFD02252_ilm_asm_bin11	LIB-MJ218-G5_04.11	GCA_049588215.1	JBAVFK000000000	SAMN40009198	Candidatus Acidiferrales bacterium
PRJNA1071982	MFD05934_ilm_asm_bin30	LIB-MJ226-B11_01.30	GCA_049588115.1	JBAVFF000000000	SAMN40009203	Candidatus Acidiferrales bacterium
PRJNA1071982	MFD05705_ilm_asm_bin15	LIB-MJ175-G4_02.15	GCA_049592315.1	JBAWFX000000000	SAMN40008779	Candidatus Acidiferrales bacterium
PRJNA1071982	MFD04507_ilm_asm_bin39	LIB-MJ175-C5_02_v_LIB-MJ368-C5_01.39	GCA_049592625.1	JBAWGH000000000	SAMN40008769	Candidatus Acidiferrales bacterium
PRJNA1071982	MFD04394_ilm_asm_bin14	LIB-MJ175-D3_02.14	GCA_049592615.1	JBAWGF000000000	SAMN40008771	Candidatus Acidiferrales bacterium
PRJNA1071982	MFD05605_ilm_asm_bin8	LIB-MJ174-G5_01.8	GCA_049592995.1	JBAWGP000000000	SAMN40008761	Candidatus Acidiferrales bacterium
PRJNA1071982	MFD00956_ilm_asm_bin26	LIB-MJ110-C9_04.26	GCA_049698635.1	JBAVYE000000000	SAMN40008346	Candidatus Acidiferrum sp.
PRJNA1071982	MFD09503_ilm_asm_bin1	LIB-MJ191-F6_04.1	GCA_049698955.1	JBAWCL000000000	SAMN40008869	Candidatus Acidiferrum sp.
PRJNA1071982	MFD04972_ilm_asm_bin17	LIB-MJ191-C5_04.17	GCA_049698995.1	JBAWCT000000000	SAMN40008861	Candidatus Acidiferrum sp.
PRJNA1071982	MFD09615_ilm_asm_bin4	LIB-MJ191-B1_04_v_LIB-MJ405-G9_01.4	GCA_049698975.1	JBAWDC000000000	SAMN40008852	Candidatus Acidiferrum sp.
PRJNA1071982	MFD09455_ilm_asm_bin13	LIB-MJ192-E9_04.13	GCA_049698915.1	JBAWBM000000000	SAMN40008894	Candidatus Acidiferrum sp.
PRJNA1071982	MFD05068_ilm_asm_bin5	LIB-MJ192-A3_04.5	GCA_049698935.1	JBAWBZ000000000	SAMN40008881	Candidatus Acidiferrum sp.
PRJNA1071982	MFD05644_ilm_asm_bin9	LIB-MJ192-A1_04_v_LIB-MJ409-D6_01.9	GCA_049698895.1	JBAWCB000000000	SAMN40008879	Candidatus Acidiferrum sp.
PRJNA1071982	MFD09442_ilm_asm_bin22	LIB-MJ190-G11_02.22	GCA_049699035.1	JBAWDP000000000	SAMN40008839	Candidatus Acidiferrum sp.
PRJNA1071982	MFD04918_ilm_asm_bin6	LIB-MJ190-B4_02_v_LIB-MJ410-B7_02.6	GCA_049699015.1	JBAWDZ000000000	SAMN40008829	Candidatus Acidiferrum sp.
PRJNA1071982	MFD05575_ilm_asm_bin25	LIB-MJ173-C6_01.25	GCA_049699075.1	JBAWHP000000000	SAMN40008735	Candidatus Acidiferrum sp.
PRJNA1071982	MFD04918_ilm_asm_bin39	LIB-MJ190-B4_02_v_LIB-MJ410-B7_02.39	GCA_049699055.1	JBAWEA000000000	SAMN40008828	Candidatus Acidiferrum sp.
PRJNA1071982	MFD03977_ilm_asm_bin15	LIB-MJ138-G2_03.15	GCA_049694035.1	JBAVQN000000000	SAMN40008545	Candidatus Acidiferrum sp.
PRJNA1071982	MFD03092_ilm_asm_bin33	LIB-MJ140-E2_02.33	GCA_049692115.1	JBAVON000000000	SAMN40008597	Candidatus Acidiferrum sp.
PRJNA1071982	MFD00860_ilm_asm_bin15	LIB-MJ140-F1_02.15	GCA_049691915.1	JBAVOI000000000	SAMN40008602	Candidatus Acidiferrum sp.
PRJNA1071982	MFD00988_ilm_asm_bin7	LIB-MJ145-E6_01_v_LIB-MJ405-G10_01.7	GCA_049691535.1	JBAVNY000000000	SAMN40008612	Candidatus Acidiferrum sp.
PRJNA1071982	MFD02416_ilm_asm_bin1	LIB-MJ146-C6_01.1	GCA_049691435.1	JBAVNU000000000	SAMN40008616	Candidatus Acidiferrum sp.
PRJNA1071982	MFD11067_ilm_asm_bin3	LIB-MJ382-D2_02.3	GCA_049677905.1	JBAUDE000000000	SAMN40011326	Candidatus Acidiferrum sp.
PRJNA1071982	MFD10807_ilm_asm_bin38	LIB-MJ383-C2_01.38	GCA_049677305.1	JBAUCA000000000	SAMN40011356	Candidatus Acidiferrum sp.
PRJNA1071982	MFD10988_ilm_asm_bin5	LIB-MJ383-H6_01.5	GCA_049675105.1	JBATZX000000000	SAMN40011411	Candidatus Acidiferrum sp.
PRJNA1071982	MFD10751_ilm_asm_bin14	LIB-MJ383-H8_01.14	GCA_049674925.1	JBATZS000000000	SAMN40011416	Candidatus Acidiferrum sp.
PRJNA1071982	MFD10888_ilm_asm_bin21	LIB-MJ383-G7_01.21	GCA_049676085.1	JBAUAW000000000	SAMN40011386	Candidatus Acidiferrum sp.
PRJNA1071982	MFD10867_ilm_asm_bin29	LIB-MJ383-F4_01.29	GCA_049676475.1	JBAUBF000000000	SAMN40011377	Candidatus Acidiferrum sp.
PRJNA1071982	MFD10772_ilm_asm_bin17	LIB-MJ354-H3_04_v_LIB-MJ367-H3_04.17	GCA_049679515.1	JBAUGE000000000	SAMN40011248	Candidatus Acidiferrum sp.
PRJNA1071982	MFD05797_ilm_asm_bin8	LIB-MJ354-D1_04_v_LIB-MJ403-B1_03.8	GCA_049680105.1	JBAUHE000000000	SAMN40011222	Candidatus Acidiferrum sp.
PRJNA1071982	MFD11015_ilm_asm_bin19	LIB-MJ380-G2_03.19	GCA_049678785.1	JBAUEU000000000	SAMN40011284	Candidatus Acidiferrum sp.
PRJNA1071982	MFD10914_ilm_asm_bin28	LIB-MJ380-C6_03.28	GCA_049678965.1	JBAUFD000000000	SAMN40011275	Candidatus Acidiferrum sp.
PRJNA1071982	MFD10777_ilm_asm_bin16	LIB-MJ381-G6_02.16	GCA_049678025.1	JBAUDK000000000	SAMN40011320	Candidatus Acidiferrum sp.
PRJNA1071982	MFD10823_ilm_asm_bin13	LIB-MJ381-E9_02.13	GCA_049678165.1	JBAUDQ000000000	SAMN40011314	Candidatus Acidiferrum sp.
PRJNA1071982	MFD03800_ilm_asm_bin5	LIB-MJ281-C1_01.5	GCA_049685335.1	JBAVGZ000000000	SAMN40009651	Candidatus Acidiferrum sp.
PRJNA1071982	MFD09440_ilm_asm_bin12	LIB-MJ195-F6_01.12	GCA_049684035.1	JBAUQA000000000	SAMN40008969	Candidatus Acidiferrum sp.
PRJNA1071982	MFD04956_ilm_asm_bin10	LIB-MJ195-H1_01_v_LIB-MJ415-F7_04.10	GCA_049684015.1	JBAUPQ000000000	SAMN40008979	Candidatus Acidiferrum sp.
PRJNA1071982	MFD04956_ilm_asm_bin41	LIB-MJ195-H1_01_v_LIB-MJ415-F7_04.41	GCA_049683995.1	JBAUPL000000000	SAMN40008984	Candidatus Acidiferrum sp.
PRJNA1071982	MFD04908_ilm_asm_bin13	LIB-MJ198-A10_03.13	GCA_049683975.1	JBAUNR000000000	SAMN40009030	Candidatus Acidiferrum sp.
PRJNA1071982	MFD05546_ilm_asm_bin27	LIB-MJ196-A10_02_v_LIB-MJ366-A10_04.27	GCA_049683955.1	JBAUPH000000000	SAMN40008988	Candidatus Acidiferrum sp.
PRJNA1071982	MFD03855_ilm_asm_bin3	LIB-MJ280-D6_02.3	GCA_049685955.1	JBAVHO000000000	SAMN40009636	Candidatus Acidiferrum sp.
PRJNA1071982	MFD02551_ilm_asm_bin5	LIB-MJ263-G1_04.5	GCA_049686315.1	JBAVHY000000000	SAMN40009626	Candidatus Acidiferrum sp.
PRJNA1071982	MFD02448_ilm_asm_bin4	LIB-MJ262-C8_03.4	GCA_049687055.1	JBAVIR000000000	SAMN40009607	Candidatus Acidiferrum sp.
PRJNA1071982	MFD10825_ilm_asm_bin9	LIB-MJ354-C1_04_v_LIB-MJ367-C1_04.9	GCA_049680465.1	JBAUHV000000000	SAMN40011205	Candidatus Acidiferrum sp.
PRJNA1071982	MFD06408_ilm_asm_bin7	LIB-MJ336-D10_02.7	GCA_049641765.1	JBAQJX000000000	SAMN40010772	Candidatus Acidiferrum sp.
PRJNA1071982	MFD00026_ilm_asm_bin22	LIB-MJ050-C9_02.22	GCA_049641735.1	JBAQAD000000000	SAMN40007633	Candidatus Acidiferrum sp.
PRJNA1071982	MFD00144_ilm_asm_bin10	LIB-MJ050-C7_02.10	GCA_049641725.1	JBAQAG000000000	SAMN40007630	Candidatus Acidiferrum sp.
PRJNA1071982	MFD00061_ilm_asm_bin9	LIB-MJ050-H7_02.9	GCA_049641705.1	JBAPZF000000000	SAMN40007657	Candidatus Acidiferrum sp.
PRJNA1071982	MFD00950_ilm_asm_bin51	LIB-MJ089-E10_02.51	GCA_049641675.1	JBAPUY000000000	SAMN40007768	Candidatus Acidiferrum sp.
PRJNA1071982	MFD01159_ilm_asm_bin2	LIB-MJ093-A2_02.2	GCA_049641655.1	JBAPRF000000000	SAMN40007865	Candidatus Acidiferrum sp.
PRJNA1071982	MFD03398_ilm_asm_bin18	LIB-MJ105-B10_01.18	GCA_049641645.1	JBAPQB000000000	SAMN40007895	Candidatus Acidiferrum sp.
PRJNA1071982	MFD03400_ilm_asm_bin14	LIB-MJ105-F9_01.14	GCA_049641605.1	JBAPPH000000000	SAMN40007915	Candidatus Acidiferrum sp.
PRJNA1071982	MFD03323_ilm_asm_bin50	LIB-MJ105-G3_01_v_LIB-MJ367-G3_04.50	GCA_049641615.1	JBAPOV000000000	SAMN40007927	Candidatus Acidiferrum sp.
PRJNA1071982	MFD01221_ilm_asm_bin33	LIB-MJ106-F9_01_v_LIB-MJ368-F9_04.33	GCA_049641585.1	JBAPNW000000000	SAMN40007952	Candidatus Acidiferrum sp.
PRJNA1071982	MFD13499_ilm_asm_bin12	LIB-MJ390-D5_03.12	GCA_049644365.1	JBARRT000000000	SAMN40011890	Candidatus Acidiferrum sp.
PRJNA1071982	MFD10871_ilm_asm_bin39	LIB-MJ390-F2_03.39	GCA_049643225.1	JBARPP000000000	SAMN40011946	Candidatus Acidiferrum sp.
PRJNA1071982	MFD13511_ilm_asm_bin5	LIB-MJ414-H11_03.5	GCA_049660885.1	JBASRF000000000	SAMN40012607	Candidatus Acidiferrum sp.
PRJNA1071982	MFD05793_ilm_asm_bin30	LIB-MJ354-A4_04_v_LIB-MJ367-A4_04.30	GCA_049787075.1	JBAQYP000000000	SAMN40011189	Candidatus Acidiferrum sp.
PRJNA1071982	MFD06536_ilm_asm_bin41	LIB-MJ347-B1_04_v_LIB-MJ402-G6_04.41	GCA_049794595.1	JBARCY000000000	SAMN40011075	Candidatus Acidiferrum sp.
PRJNA1071982	MFD05826_ilm_asm_bin11	LIB-MJ352-C12_03_v_LIB-MJ368-C12_01.11	GCA_049793655.1	JBARCB000000000	SAMN40011098	Candidatus Acidiferrum sp.
PRJNA1071982	MFD03295_ilm_asm_bin3	LIB-MJ352-A8_03.3	GCA_049793935.1	JBARCI000000000	SAMN40011091	Candidatus Acidiferrum sp.
PRJNA1071982	MFD05764_ilm_asm_bin369	LIB-MJ352-E7_03_v_LIB-MJ368-E7_01.369	GCA_049792735.1	JBARBE000000000	SAMN40011121	Candidatus Acidiferrum sp.
PRJNA1071982	MFD09930_ilm_asm_bin5	LIB-MJ353-B10_03_v_LIB-MJ407-H4_04.5	GCA_049791195.1	JBAQZS000000000	SAMN40011160	Candidatus Acidiferrum sp.
PRJNA1071982	MFD10760_ilm_asm_bin36	LIB-MJ353-A2_03_v_LIB-MJ367-A2_03.36	GCA_049791355.1	JBAQZW000000000	SAMN40011155	Candidatus Acidiferrum sp.
PRJNA1071982	MFD10754_ilm_asm_bin36	LIB-MJ352-F6_03_v_LIB-MJ368-F6_01.36	GCA_049792295.1	JBARAT000000000	SAMN40011132	Candidatus Acidiferrum sp.
PRJNA1071982	MFD06091_ilm_asm_bin44	LIB-MJ339-C7_03.44	GCA_049801415.1	JBARKM000000000	SAMN40010879	Candidatus Acidiferrum sp.
PRJNA1071982	MFD06650_ilm_asm_bin17	LIB-MJ339-H11_03_v_LIB-MJ405-E5_01.17	GCA_049800195.1	JBARJI000000000	SAMN40010909	Candidatus Acidiferrum sp.
PRJNA1071982	MFD06586_ilm_asm_bin7	LIB-MJ339-G9_03.7	GCA_049800235.1	JBARJK000000000	SAMN40010907	Candidatus Acidiferrum sp.
PRJNA1071982	MFD06628_ilm_asm_bin13	LIB-MJ339-E9_03_v_LIB-MJ405-C4_01.13	GCA_049800405.1	JBARJS000000000	SAMN40010899	Candidatus Acidiferrum sp.
PRJNA1071982	MFD09567_ilm_asm_bin45	LIB-MJ231-B7_04.45	GCA_049803295.1	JBAVBK000000000	SAMN40009302	Candidatus Acidiferrum sp.
PRJNA1071982	MFD05810_ilm_asm_bin6	LIB-MJ231-C6_04.6	GCA_049803275.1	JBAVBH000000000	SAMN40009305	Candidatus Acidiferrum sp.
PRJNA1071982	MFD10071_ilm_asm_bin33	LIB-MJ250-F11_04_v_LIB-MJ365-F11_03.33	GCA_049803235.1	JBAUZY000000000	SAMN40009338	Candidatus Acidiferrum sp.
PRJNA1071982	MFD09347_ilm_asm_bin25	LIB-MJ256-A8_03.25	GCA_049803215.1	JBAUTR000000000	SAMN40009498	Candidatus Acidiferrum sp.
PRJNA1071982	MFD05778_ilm_asm_bin1	LIB-MJ256-E7_03.1	GCA_049803195.1	JBAUTH000000000	SAMN40009508	Candidatus Acidiferrum sp.
PRJNA1071982	MFD01470_ilm_asm_bin17	LIB-MJ259-D2_04.17	GCA_049803175.1	JBAURL000000000	SAMN40009556	Candidatus Acidiferrum sp.
PRJNA1071982	MFD06118_ilm_asm_bin15	LIB-MJ337-C9_03.15	GCA_049802915.1	JBARNJ000000000	SAMN40010804	Candidatus Acidiferrum sp.
PRJNA1071982	MFD06582_ilm_asm_bin29	LIB-MJ337-H3_03.29	GCA_049802335.1	JBARMG000000000	SAMN40010833	Candidatus Acidiferrum sp.
PRJNA1071982	MFD06483_ilm_asm_bin26	LIB-MJ338-A11_04.26	GCA_049802255.1	JBARMC000000000	SAMN40010837	Candidatus Acidiferrum sp.
PRJNA1071982	MFD06507_ilm_asm_bin28	LIB-MJ341-H7_02_v_LIB-MJ367-H7_04.28	GCA_049798875.1	JBARHD000000000	SAMN40010966	Candidatus Acidiferrum sp.
PRJNA1071982	MFD06470_ilm_asm_bin27	LIB-MJ341-D9_02_v_LIB-MJ406-B4_04.27	GCA_049799435.1	JBARHW000000000	SAMN40010947	Candidatus Acidiferrum sp.
PRJNA1071982	MFD06434_ilm_asm_bin32	LIB-MJ340-C4_01_v_LIB-MJ367-C4_03.32	GCA_049799835.1	JBARIQ000000000	SAMN40010927	Candidatus Acidiferrum sp.
PRJNA1071982	MFD06347_ilm_asm_bin6	LIB-MJ346-D8_02_v_LIB-MJ365-D8_04.6	GCA_049794975.1	JBARDI000000000	SAMN40011065	Candidatus Acidiferrum sp.
PRJNA1071982	MFD06347_ilm_asm_bin17	LIB-MJ346-D8_02_v_LIB-MJ365-D8_04.17	GCA_049795115.1	JBARDM000000000	SAMN40011061	Candidatus Acidiferrum sp.
PRJNA1071982	MFD10621_ilm_asm_bin25	LIB-MJ344-E1_04.25	GCA_049796535.1	JBAREV000000000	SAMN40011026	Candidatus Acidiferrum sp.
PRJNA1071982	MFD09222_ilm_asm_bin31	LIB-MJ259-B6_04.31	GCA_049774505.1	JBAURV000000000	SAMN40009546	Candidatus Acidiferrum sp.
PRJNA1071982	MFD06055_ilm_asm_bin29	LIB-MJ230-C7_03.29	GCA_049774495.1	JBAVCG000000000	SAMN40009280	Candidatus Acidiferrum sp.
PRJNA1071982	MFD12050_ilm_asm_bin17	LIB-MJ335-A5_02.17	GCA_049303335.1	JBAQNA000000000	SAMN40010691	Candidatus Aenigmatarchaeota archaeon
PRJNA1071982	MFD12011_ilm_asm_bin5	LIB-MJ334-C11_01.5	GCA_049299895.1	JBAQYF000000000	SAMN40010399	Candidatus Altiarchaeia archaeon
PRJNA1071982	MFD12939_ilm_asm_bin15	LIB-MJ381-C4_02.15	GCA_049678305.1	JBAUDY000000000	SAMN40011306	Candidatus Aminicenantaceae bacterium
PRJNA1071982	MFD12937_ilm_asm_bin5	LIB-MJ385-A8_04.5	GCA_049674205.1	JBATYS000000000	SAMN40011442	Candidatus Aminicenantaceae bacterium
PRJNA1071982	MFD13432_ilm_asm_bin80	LIB-MJ390-E8_03.80	GCA_049643465.1	JBARQA000000000	SAMN40011935	Candidatus Aminicenantaceae bacterium
PRJNA1071982	MFD13433_ilm_asm_bin3	LIB-MJ390-D8_03.3	GCA_049644025.1	JBARRD000000000	SAMN40011906	Candidatus Aminicenantaceae bacterium
PRJNA1071982	MFD12959_ilm_asm_bin42	LIB-MJ390-D1_03.42	GCA_049644645.1	JBARSH000000000	SAMN40011876	Candidatus Aminicenantaceae bacterium
PRJNA1071982	MFD12958_ilm_asm_bin26	LIB-MJ388-B2_02.26	GCA_049651265.1	JBASBU000000000	SAMN40011628	Candidatus Aminicenantaceae bacterium
PRJNA1071982	MFD09513_ilm_asm_bin8	LIB-MJ354-A7_04_v_LIB-MJ403-A4_03.8	GCA_049682755.1	JBAUIH000000000	SAMN40011193	Candidatus Aminicenantales bacterium
PRJNA1071982	MFD01683_ilm_asm_bin15	LIB-MJ132-B11_03.15	GCA_049697055.1	JBAVVA000000000	SAMN40008428	Candidatus Aminicenantales bacterium
PRJNA1071982	MFD02222_ilm_asm_bin1	LIB-MJ132-F11_03.1	GCA_049696855.1	JBAVUQ000000000	SAMN40008438	Candidatus Aminicenantales bacterium
PRJNA1071982	MFD01647_ilm_asm_bin15	LIB-MJ131-H4_01.15	GCA_049697115.1	JBAVVD000000000	SAMN40008425	Candidatus Aminicenantales bacterium
PRJNA1071982	MFD06995_ilm_asm_bin14	LIB-MJ307-H11_01.14	GCA_049287565.1	JBAQGA000000000	SAMN40010273	Candidatus Aminicenantales bacterium
PRJNA1071982	MFD02947_ilm_asm_bin15	LIB-MJ132-B5_03.15	GCA_049697035.1	JBAVUZ000000000	SAMN40008429	Candidatus Angelobacter sp.
PRJNA1071982	MFD07139_ilm_asm_bin4	LIB-MJ168-G9_02.4	GCA_049688735.1	JBAVLE000000000	SAMN40008684	Candidatus Angelobacter sp.
PRJNA1071982	MFD06577_ilm_asm_bin21	LIB-MJ337-G7_03.21	GCA_049802395.1	JBARMK000000000	SAMN40010829	Candidatus Angelobacter sp.
PRJNA1071982	MFD06411_ilm_asm_bin1	LIB-MJ337-C8_03_v_LIB-MJ404-D5_03.1	GCA_049802955.1	JBARNL000000000	SAMN40010802	Candidatus Angelobacter sp.
PRJNA1071982	MFD02202_ilm_asm_bin3	LIB-MJ134-E11_03.3	GCA_049695515.1	JBAVSI000000000	SAMN40008498	Candidatus Aquilonibacter sp.
PRJNA1071982	MFD10821_ilm_asm_bin13	LIB-MJ380-F1_03.13	GCA_049678885.1	JBAUEZ000000000	SAMN40011279	Candidatus Aquilonibacter sp.
PRJNA1071982	MFD10792_ilm_asm_bin21	LIB-MJ386-C12_04.21	GCA_049672405.1	JBATWC000000000	SAMN40011510	Candidatus Aquilonibacter sp.
PRJNA1071982	MFD06662_ilm_asm_bin5	LIB-MJ341-A11_02_v_LIB-MJ406-G4_04.5	GCA_049799695.1	JBARIJ000000000	SAMN40010934	Candidatus Aquilonibacter sp.
PRJNA1071982	MFD06065_ilm_asm_bin22	LIB-MJ341-G10_02_v_LIB-MJ367-G10_04.22	GCA_049799155.1	JBARHJ000000000	SAMN40010960	Candidatus Aquilonibacter sp.
PRJNA1071982	MFD09819_ilm_asm_bin35	LIB-MJ231-A8_04.35	GCA_049586315.1	JBAVBS000000000	SAMN40009294	Candidatus Aquilonibacter sp.
PRJNA1071982	MFD01703_ilm_asm_bin1	LIB-MJ259-D6_04.1	GCA_049581165.1	JBAURJ000000000	SAMN40009558	Candidatus Aquilonibacter sp.
PRJNA1071982	MFD02239_ilm_asm_bin29	LIB-MJ259-G9_04.29	GCA_049580705.1	JBAUQM000000000	SAMN40009581	Candidatus Aquilonibacter sp.
PRJNA1071982	MFD03878_ilm_asm_bin3	LIB-MJ133-B10_03.3	GCA_049696435.1	JBAVTV000000000	SAMN40008459	Candidatus Aquirickettsiella gammari
PRJNA1071982	MFD03770_ilm_asm_bin4	LIB-MJ147-C12_02.4	GCA_049691255.1	JBAVNQ000000000	SAMN40008620	Candidatus Aquirickettsiella gammari
PRJNA1071982	MFD09765_ilm_asm_bin2	LIB-MJ343-G7_01.2	GCA_049797115.1	JBARFJ000000000	SAMN40011012	Candidatus Aquirickettsiella sp.
PRJNA1071982	MFD04133_ilm_asm_bin2	LIB-MJ089-B2_02.2	GCA_049283295.1	JBAPVR000000000	SAMN40007749	Candidatus Aquirickettsiella sp.
PRJNA1071982	MFD06628_ilm_asm_bin37	LIB-MJ339-E9_03_v_LIB-MJ405-C4_01.37	GCA_049800355.1	JBARJQ000000000	SAMN40010901	Candidatus Babeliaceae bacterium
PRJNA1071982	MFD03092_ilm_asm_bin11	LIB-MJ140-E2_02.11	GCA_049692255.1	JBAVOR000000000	SAMN40008593	Candidatus Babeliales bacterium
PRJNA1071982	MFD02553_ilm_asm_bin1	LIB-MJ140-A12_02.1	GCA_049692855.1	JBAVPH000000000	SAMN40008577	Candidatus Babeliales bacterium
PRJNA1071982	MFD05652_ilm_asm_bin12	LIB-MJ191-G5_04.12	GCA_049590175.1	JBAWCH000000000	SAMN40008873	Candidatus Babeliales bacterium
PRJNA1071982	MFD01591_ilm_asm_bin18	LIB-MJ130-E6_01.18	GCA_049697635.1	JBAVWE000000000	SAMN40008398	Candidatus Bathyarchaeia archaeon
PRJNA1071982	MFD01647_ilm_asm_bin14	LIB-MJ131-H4_01.14	GCA_049697135.1	JBAVVE000000000	SAMN40008424	Candidatus Bathyarchaeia archaeon
PRJNA1071982	MFD03726_ilm_asm_bin6	LIB-MJ135-D8_04.6	GCA_049695135.1	JBAVRQ000000000	SAMN40008516	Candidatus Bathyarchaeia archaeon
PRJNA1071982	MFD12973_ilm_asm_bin19	LIB-MJ383-D3_01.19	GCA_049676905.1	JBAUBP000000000	SAMN40011367	Candidatus Bathyarchaeia archaeon
PRJNA1071982	MFD04381_ilm_asm_bin15	LIB-MJ193-G1_01.15	GCA_049589335.1	JBAWAO000000000	SAMN40008918	Candidatus Bathyarchaeia archaeon
PRJNA1071982	MFD04490_ilm_asm_bin7	LIB-MJ230-B10_03.7	GCA_049586655.1	JBAVCJ000000000	SAMN40009277	Candidatus Bathyarchaeia archaeon
PRJNA1071982	MFD04490_ilm_asm_bin17	LIB-MJ230-B10_03.17	GCA_049586635.1	JBAVCK000000000	SAMN40009276	Candidatus Bathyarchaeia archaeon
PRJNA1071982	MFD00756_ilm_asm_bin5	LIB-MJ106-B9_01.5	GCA_049279615.1	JBAPOL000000000	SAMN40007937	Candidatus Bathyarchaeia archaeon
PRJNA1071982	MFD02341_ilm_asm_bin1	LIB-MJ108-C7_02.1	GCA_049278775.1	JBAPMU000000000	SAMN40007980	Candidatus Bathyarchaeia archaeon
PRJNA1071982	MFD01124_ilm_asm_bin1	LIB-MJ107-A1_02.1	GCA_049279035.1	JBAPNH000000000	SAMN40007967	Candidatus Binataceae bacterium
PRJNA1071982	MFD03323_ilm_asm_bin13	LIB-MJ105-G3_01_v_LIB-MJ367-G3_04.13	GCA_049279895.1	JBAPPA000000000	SAMN40007922	Candidatus Binataceae bacterium
PRJNA1071982	MFD01145_ilm_asm_bin37	LIB-MJ091-E5_03.37	GCA_049281755.1	JBAPSR000000000	SAMN40007827	Candidatus Binataceae bacterium
PRJNA1071982	MFD04870_ilm_asm_bin11	LIB-MJ306-F5_01_v_LIB-MJ367-F5_03.11	GCA_049288545.1	JBAQHX000000000	SAMN40010224	Candidatus Binataceae bacterium
PRJNA1071982	MFD01947_ilm_asm_bin65	LIB-MJ259-A2_04.65	GCA_049581525.1	JBAUSC000000000	SAMN40009539	Candidatus Binataceae bacterium
PRJNA1071982	MFD09264_ilm_asm_bin18	LIB-MJ256-B4_03.18	GCA_049582285.1	JBAUTQ000000000	SAMN40009499	Candidatus Binataceae bacterium
PRJNA1071982	MFD09281_ilm_asm_bin19	LIB-MJ250-D5_04_v_LIB-MJ365-D5_03.19	GCA_049585635.1	JBAVAI000000000	SAMN40009330	Candidatus Binataceae bacterium
PRJNA1071982	MFD11004_ilm_asm_bin8	LIB-MJ383-E6_01.8	GCA_049676625.1	JBAUBH000000000	SAMN40011375	Candidatus Binataceae bacterium
PRJNA1071982	MFD10888_ilm_asm_bin16	LIB-MJ383-G7_01.16	GCA_049676145.1	JBAUAX000000000	SAMN40011385	Candidatus Binataceae bacterium
PRJNA1071982	MFD10792_ilm_asm_bin14	LIB-MJ386-C12_04.14	GCA_049672465.1	JBATWE000000000	SAMN40011508	Candidatus Binataceae bacterium
PRJNA1071982	MFD06347_ilm_asm_bin10	LIB-MJ346-D8_02_v_LIB-MJ365-D8_04.10	GCA_049795175.1	JBARDN000000000	SAMN40011060	Candidatus Binataceae bacterium
PRJNA1071982	MFD06171_ilm_asm_bin17	LIB-MJ344-E9_04.17	GCA_049796415.1	JBARES000000000	SAMN40011029	Candidatus Binataceae bacterium
PRJNA1071982	MFD10791_ilm_asm_bin70	LIB-MJ352-G2_03_v_LIB-MJ368-G2_01.70	GCA_049792075.1	JBARAM000000000	SAMN40011139	Candidatus Binataceae bacterium
PRJNA1071982	MFD03268_ilm_asm_bin5	LIB-MJ353-B11_03_v_LIB-MJ407-A5_04.5	GCA_049791175.1	JBAQZQ000000000	SAMN40011162	Candidatus Binataceae bacterium
PRJNA1071982	MFD04452_ilm_asm_bin7	LIB-MJ172-B2_04.7	GCA_049688055.1	JBAVKB000000000	SAMN40008713	Candidatus Binatia bacterium
PRJNA1071982	MFD03092_ilm_asm_bin9	LIB-MJ140-E2_02.9	GCA_049692055.1	JBAVOK000000000	SAMN40008600	Candidatus Binatus sp.
PRJNA1071982	MFD02519_ilm_asm_bin7	LIB-MJ138-C2_03.7	GCA_049694395.1	JBAVQW000000000	SAMN40008536	Candidatus Binatus sp.
PRJNA1071982	MFD01597_ilm_asm_bin8	LIB-MJ129-C9_02.8	GCA_049698295.1	JBAVXJ000000000	SAMN40008367	Candidatus Binatus sp.
PRJNA1071982	MFD04577_ilm_asm_bin9	LIB-MJ389-B5_03.9	GCA_049648945.1	JBARYY000000000	SAMN40011703	Candidatus Binatus sp.
PRJNA1071982	MFD10739_ilm_asm_bin45	LIB-MJ352-F2_03_v_LIB-MJ368-F2_01.45	GCA_049792415.1	JBARAW000000000	SAMN40011129	Candidatus Binatus sp.
PRJNA1071982	MFD10775_ilm_asm_bin21	LIB-MJ353-C1_03_v_LIB-MJ367-C1_03.21	GCA_049790895.1	JBAQZK000000000	SAMN40011168	Candidatus Binatus sp.
PRJNA1071982	MFD06491_ilm_asm_bin8	LIB-MJ340-G7_01.8	GCA_049799735.1	JBARIK000000000	SAMN40010933	Candidatus Binatus sp.
PRJNA1071982	MFD06234_ilm_asm_bin55	LIB-MJ339-C9_03.55	GCA_049800595.1	JBARKC000000000	SAMN40010889	Candidatus Binatus sp.
PRJNA1071982	MFD06495_ilm_asm_bin14	LIB-MJ339-A9_03_v_LIB-MJ405-B4_01.14	GCA_049801595.1	JBARKV000000000	SAMN40010870	Candidatus Binatus sp.
PRJNA1071982	MFD06602_ilm_asm_bin27	LIB-MJ337-C12_03.27	GCA_049803075.1	JBARNR000000000	SAMN40010796	Candidatus Binatus sp.
PRJNA1071982	MFD06632_ilm_asm_bin2	LIB-MJ338-G11_04.2	GCA_049801855.1	JBARLI000000000	SAMN40010857	Candidatus Binatus sp.
PRJNA1071982	MFD06458_ilm_asm_bin8	LIB-MJ337-E7_03_v_LIB-MJ404-A5_03.8	GCA_049802735.1	JBARNA000000000	SAMN40010813	Candidatus Binatus sp.
PRJNA1071982	MFD09567_ilm_asm_bin14	LIB-MJ231-B7_04.14	GCA_049586255.1	JBAVBP000000000	SAMN40009297	Candidatus Binatus sp.
PRJNA1071982	MFD06940_ilm_asm_bin44	LIB-MJ251-C7_04.44	GCA_049584895.1	JBAUYR000000000	SAMN40009368	Candidatus Binatus sp.
PRJNA1071982	MFD09222_ilm_asm_bin58	LIB-MJ259-B6_04.58	GCA_049581305.1	JBAURR000000000	SAMN40009550	Candidatus Binatus sp.
PRJNA1071982	MFD09556_ilm_asm_bin15	LIB-MJ191-B5_04.15	GCA_049590495.1	JBAWCX000000000	SAMN40008857	Candidatus Binatus sp.
PRJNA1071982	MFD04918_ilm_asm_bin16	LIB-MJ190-B4_02_v_LIB-MJ410-B7_02.16	GCA_049591035.1	JBAWEE000000000	SAMN40008824	Candidatus Binatus sp.
PRJNA1071982	MFD04956_ilm_asm_bin31	LIB-MJ195-H1_01_v_LIB-MJ415-F7_04.31	GCA_049580265.1	JBAUPO000000000	SAMN40008981	Candidatus Binatus sp.
PRJNA1071982	MFD02439_ilm_asm_bin27	LIB-MJ217-G1_03_v_LIB-MJ406-G8_04.27	GCA_049577365.1	JBAUJX000000000	SAMN40009128	Candidatus Binatus sp.
PRJNA1071982	MFD05605_ilm_asm_bin10	LIB-MJ174-G5_01.10	GCA_049593155.1	JBAWGT000000000	SAMN40008757	Candidatus Binatus sp.
PRJNA1071982	MFD09291_ilm_asm_bin2	LIB-MJ307-E4_01.2	GCA_049287745.1	JBAQGK000000000	SAMN40010263	Candidatus Binatus sp.
PRJNA1071982	MFD03305_ilm_asm_bin20	LIB-MJ105-A7_01.20	GCA_049280435.1	JBAPQD000000000	SAMN40007893	Candidatus Binatus sp.
PRJNA1071982	MFD01295_ilm_asm_bin22	LIB-MJ090-G9_04.22	GCA_049282515.1	JBAPUE000000000	SAMN40007788	Candidatus Binatus sp.
PRJNA1071982	MFD13425_ilm_asm_bin14	LIB-MJ390-D9_03.14	GCA_049643905.1	JBARQW000000000	SAMN40011913	Candidatus Bipolaricaulia bacterium
PRJNA1071982	MFD10570_ilm_asm_bin26	LIB-MJ334-B4_01.26	GCA_049293955.1	JBAQCD000000000	SAMN40010374	Candidatus Bipolaricaulis anaerobius
PRJNA1071982	MFD13471_ilm_asm_bin59	LIB-MJ413-F9_01.59	GCA_049277655.1	JBASYU000000000	SAMN40012410	Candidatus Brevifilum fermentans
PRJNA1071982	MFD13470_ilm_asm_bin10	LIB-MJ413-G9_01.10	GCA_049275855.1	JBASVI000000000	SAMN40012500	Candidatus Brevifilum fermentans
PRJNA1071982	MFD13466_ilm_asm_bin2	LIB-MJ413-D10_01.2	GCA_049655325.1	JBASJN000000000	SAMN40012190	Candidatus Cloacimonadaceae bacterium
PRJNA1071982	MFD13489_ilm_asm_bin1	LIB-MJ413-D7_01.1	GCA_049654945.1	JBASIU000000000	SAMN40012209	Candidatus Cloacimonas acidaminovorans
PRJNA1071982	MFD13487_ilm_asm_bin9	LIB-MJ413-F7_01.9	GCA_049651525.1	JBASCF000000000	SAMN40012382	Candidatus Cloacimonas acidaminovorans
PRJNA1071982	MFD10460_ilm_asm_bin43	LIB-MJ305-B1_04.43	GCA_049662825.1	JBATCJ000000000	SAMN40009917	Candidatus Competibacter denitrificans
PRJNA1071982	MFD10517_ilm_asm_bin77	LIB-MJ305-E8_04.77	GCA_049291455.1	JBATPL000000000	SAMN40010083	Candidatus Competibacter denitrificans
PRJNA1071982	MFD10496_ilm_asm_bin53	LIB-MJ305-H5_04.53	GCA_049289095.1	JBAQIY000000000	SAMN40010197	Candidatus Competibacter sp.
PRJNA1071982	MFD10475_ilm_asm_bin27	LIB-MJ305-A3_04.27	GCA_049663445.1	JBATDL000000000	SAMN40009889	Candidatus Competibacter sp.
PRJNA1071982	MFD10506_ilm_asm_bin6	LIB-MJ305-B7_04.6	GCA_049662065.1	JBATAX000000000	SAMN40009955	Candidatus Competibacter sp.
PRJNA1071982	MFD13441_ilm_asm_bin5	LIB-MJ390-D7_03.5	GCA_049644185.1	JBARRK000000000	SAMN40011899	Candidatus Competibacter sp.
PRJNA1071982	MFD10466_ilm_asm_bin3	LIB-MJ410-C11_02.3	GCA_049641825.1	JBARNY000000000	SAMN40011989	Candidatus Competibacter sp.
PRJNA1071982	MFD10520_ilm_asm_bin29	LIB-MJ305-H8_04.29	GCA_049288935.1	JBAQIQ000000000	SAMN40010205	Candidatus Competibacteraceae bacterium
PRJNA1071982	MFD10518_ilm_asm_bin19	LIB-MJ305-F8_04.19	GCA_049290615.1	JBATNZ000000000	SAMN40010121	Candidatus Contendobacter sp.
PRJNA1071982	MFD10515_ilm_asm_bin15	LIB-MJ305-C8_04.15	GCA_049293375.1	JBATSQ000000000	SAMN40010000	Candidatus Contendobacter sp.
PRJNA1071982	MFD12019_ilm_asm_bin22	LIB-MJ334-C12_01.22	GCA_049299835.1	JBAQYC000000000	SAMN40010402	Candidatus Cryosericum sp.
PRJNA1071982	MFD02465_ilm_asm_bin2	LIB-MJ129-B2_02.2	GCA_049705085.1	JBAVXP000000000	SAMN40008361	Candidatus Cybelea sp.
PRJNA1071982	MFD02481_ilm_asm_bin4	LIB-MJ137-F4_02.4	GCA_049694735.1	JBAVRD000000000	SAMN40008529	Candidatus Cybelea sp.
PRJNA1071982	MFD00904_ilm_asm_bin39	LIB-MJ134-C6_03.39	GCA_049695635.1	JBAVSO000000000	SAMN40008492	Candidatus Cybelea sp.
PRJNA1071982	MFD03947_ilm_asm_bin18	LIB-MJ132-H6_03.18	GCA_049696515.1	JBAVTZ000000000	SAMN40008455	Candidatus Cybelea sp.
PRJNA1071982	MFD02469_ilm_asm_bin11	LIB-MJ150-H9_03.11	GCA_049689935.1	JBAVMJ000000000	SAMN40008653	Candidatus Cybelea sp.
PRJNA1071982	MFD10831_ilm_asm_bin6	LIB-MJ384-H4_01.6	GCA_049674425.1	JBATZC000000000	SAMN40011432	Candidatus Cybelea sp.
PRJNA1071982	MFD10867_ilm_asm_bin33	LIB-MJ383-F4_01.33	GCA_049676465.1	JBAUBE000000000	SAMN40011378	Candidatus Cybelea sp.
PRJNA1071982	MFD10988_ilm_asm_bin17	LIB-MJ383-H6_01.17	GCA_049675485.1	JBAUAG000000000	SAMN40011402	Candidatus Cybelea sp.
PRJNA1071982	MFD10888_ilm_asm_bin25	LIB-MJ383-G7_01.25	GCA_049676045.1	JBAUAV000000000	SAMN40011387	Candidatus Cybelea sp.
PRJNA1071982	MFD10734_ilm_asm_bin52	LIB-MJ383-H10_01.52	GCA_049675705.1	JBAUAM000000000	SAMN40011396	Candidatus Cybelea sp.
PRJNA1071982	MFD10807_ilm_asm_bin26	LIB-MJ383-C2_01.26	GCA_049677405.1	JBAUCE000000000	SAMN40011352	Candidatus Cybelea sp.
PRJNA1071982	MFD10929_ilm_asm_bin14	LIB-MJ383-B8_01.14	GCA_049677465.1	JBAUCH000000000	SAMN40011349	Candidatus Cybelea sp.
PRJNA1071982	MFD10935_ilm_asm_bin26	LIB-MJ381-B11_02.26	GCA_049678665.1	JBAUEP000000000	SAMN40011289	Candidatus Cybelea sp.
PRJNA1071982	MFD10864_ilm_asm_bin9	LIB-MJ380-B1_03.9	GCA_049679105.1	JBAUFK000000000	SAMN40011268	Candidatus Cybelea sp.
PRJNA1071982	MFD11067_ilm_asm_bin5	LIB-MJ382-D2_02.5	GCA_049679705.1	JBAUDD000000000	SAMN40011327	Candidatus Cybelea sp.
PRJNA1071982	MFD06083_ilm_asm_bin22	LIB-MJ337-G9_03.22	GCA_049802355.1	JBARMH000000000	SAMN40010832	Candidatus Cybelea sp.
PRJNA1071982	MFD06508_ilm_asm_bin11	LIB-MJ337-F9_03.11	GCA_049802555.1	JBARMR000000000	SAMN40010822	Candidatus Cybelea sp.
PRJNA1071982	MFD06234_ilm_asm_bin80	LIB-MJ339-C9_03.80	GCA_049800555.1	JBARKA000000000	SAMN40010891	Candidatus Cybelea sp.
PRJNA1071982	MFD06234_ilm_asm_bin105	LIB-MJ339-C9_03.105	GCA_049800655.1	JBARKF000000000	SAMN40010886	Candidatus Cybelea sp.
PRJNA1071982	MFD06679_ilm_asm_bin12	LIB-MJ343-D6_01.12	GCA_049797375.1	JBARFQ000000000	SAMN40011005	Candidatus Cybelea sp.
PRJNA1071982	MFD10791_ilm_asm_bin58	LIB-MJ352-G2_03_v_LIB-MJ368-G2_01.58	GCA_049792055.1	JBARAO000000000	SAMN40011137	Candidatus Cybelea sp.
PRJNA1071982	MFD06188_ilm_asm_bin9	LIB-MJ346-E6_02_v_LIB-MJ365-E6_04.9	GCA_049794875.1	JBARDG000000000	SAMN40011067	Candidatus Cybelea sp.
PRJNA1071982	MFD05621_ilm_asm_bin29	LIB-MJ175-A8_02_v_LIB-MJ368-A8_01.29	GCA_049592835.1	JBAWGL000000000	SAMN40008765	Candidatus Cybelea sp.
PRJNA1071982	MFD05034_ilm_asm_bin13	LIB-MJ200-F6_04.13	GCA_049578305.1	JBAULS000000000	SAMN40009081	Candidatus Cybelea sp.
PRJNA1071982	MFD05538_ilm_asm_bin9	LIB-MJ200-F9_04.9	GCA_049578285.1	JBAULR000000000	SAMN40009082	Candidatus Cybelea sp.
PRJNA1071982	MFD03612_ilm_asm_bin3	LIB-MJ199-G3_04.3	GCA_049578625.1	JBAUMI000000000	SAMN40009065	Candidatus Cybelea sp.
PRJNA1071982	MFD05734_ilm_asm_bin13	LIB-MJ198-F6_03.13	GCA_049578945.1	JBAUMX000000000	SAMN40009050	Candidatus Cybelea sp.
PRJNA1071982	MFD01406_ilm_asm_bin8	LIB-MJ198-C5_03.8	GCA_049579225.1	JBAUNK000000000	SAMN40009037	Candidatus Cybelea sp.
PRJNA1071982	MFD01498_ilm_asm_bin14	LIB-MJ227-G9_02.14	GCA_049587255.1	JBAVDO000000000	SAMN40009246	Candidatus Cybelea sp.
PRJNA1071982	MFD09512_ilm_asm_bin9	LIB-MJ194-B7_04.9	GCA_049589055.1	JBAVZZ000000000	SAMN40008933	Candidatus Cybelea sp.
PRJNA1071982	MFD01492_ilm_asm_bin16	LIB-MJ195-A1_01_v_LIB-MJ415-D7_04.16	GCA_049588615.1	JBAVZE000000000	SAMN40008954	Candidatus Cybelea sp.
PRJNA1071982	MFD05437_ilm_asm_bin5	LIB-MJ255-A12_02_v_LIB-MJ405-E9_01.5	GCA_049583145.1	JBAUVI000000000	SAMN40009455	Candidatus Cybelea sp.
PRJNA1071982	MFD06940_ilm_asm_bin53	LIB-MJ251-C7_04.53	GCA_049584875.1	JBAUYQ000000000	SAMN40009369	Candidatus Cybelea sp.
PRJNA1071982	MFD09279_ilm_asm_bin4	LIB-MJ251-B1_04_v_LIB-MJ409-G7_01.4	GCA_049585055.1	JBAUYZ000000000	SAMN40009360	Candidatus Cybelea sp.
PRJNA1071982	MFD10064_ilm_asm_bin6	LIB-MJ251-H4_04.6	GCA_049584535.1	JBAUXZ000000000	SAMN40009386	Candidatus Cybelea sp.
PRJNA1071982	MFD10072_ilm_asm_bin17	LIB-MJ252-H3_02.17	GCA_049584255.1	JBAUXL000000000	SAMN40009400	Candidatus Cybelea sp.
PRJNA1071982	MFD01742_ilm_asm_bin4	LIB-MJ254-B6_02.4	GCA_049583935.1	JBAUWU000000000	SAMN40009417	Candidatus Cybelea sp.
PRJNA1071982	MFD09235_ilm_asm_bin14	LIB-MJ250-C5_04_v_LIB-MJ365-C5_03.14	GCA_049585875.1	JBAVAU000000000	SAMN40009318	Candidatus Cybelea sp.
PRJNA1071982	MFD00026_ilm_asm_bin27	LIB-MJ050-C9_02.27	GCA_049285555.1	JBAQAC000000000	SAMN40007634	Candidatus Cybelea sp.
PRJNA1071982	MFD00350_ilm_asm_bin3	LIB-MJ048-E8_04.3	GCA_049285695.1	JBAQAL000000000	SAMN40007625	Candidatus Cybelea sp.
PRJNA1071982	MFD00006_ilm_asm_bin14	LIB-MJ050-E10_02.14	GCA_049285355.1	JBAPZS000000000	SAMN40007644	Candidatus Cybelea sp.
PRJNA1071982	MFD00051_ilm_asm_bin8	LIB-MJ050-D10_02.8	GCA_049285495.1	JBAPZZ000000000	SAMN40007637	Candidatus Cybelea sp.
PRJNA1071982	MFD00118_ilm_asm_bin4	LIB-MJ050-G5_02.4	GCA_049285235.1	JBAPZM000000000	SAMN40007650	Candidatus Cybelea sp.
PRJNA1071982	MFD00003_ilm_asm_bin14	LIB-MJ048-A2_04.14	GCA_049285915.1	JBAQAW000000000	SAMN40007614	Candidatus Cybelea sp.
PRJNA1071982	MFD01181_ilm_asm_bin20	LIB-MJ090-A3_04.20	GCA_049282575.1	JBAPUH000000000	SAMN40007785	Candidatus Cybelea sp.
PRJNA1071982	MFD00064_ilm_asm_bin18	LIB-MJ054-C9_03.18	GCA_049284475.1	JBAPXZ000000000	SAMN40007689	Candidatus Cybelea sp.
PRJNA1071982	MFD00326_ilm_asm_bin2	LIB-MJ054-E4_03.2	GCA_049284295.1	JBAPXQ000000000	SAMN40007698	Candidatus Cybelea sp.
PRJNA1071982	MFD01029_ilm_asm_bin7	LIB-MJ093-G6_02.7	GCA_049280615.1	JBAPQM000000000	SAMN40007884	Candidatus Cybelea sp.
PRJNA1071982	MFD01145_ilm_asm_bin51	LIB-MJ091-E5_03.51	GCA_049281695.1	JBAPSP000000000	SAMN40007829	Candidatus Cybelea sp.
PRJNA1071982	MFD00764_ilm_asm_bin17	LIB-MJ106-C5_01.17	GCA_049279595.1	JBAPOK000000000	SAMN40007938	Candidatus Cybelea sp.
PRJNA1071982	MFD10471_ilm_asm_bin2	LIB-MJ305-E2_04.2	GCA_049291795.1	JBATQA000000000	SAMN40010068	Candidatus Dechloromonas phosphoritropha
PRJNA1071982	MFD13507_ilm_asm_bin25	LIB-MJ390-D4_03.25	GCA_049644445.1	JBARRX000000000	SAMN40011886	Candidatus Dechloromonas phosphoritropha
PRJNA1071982	MFD10498_ilm_asm_bin28	LIB-MJ305-B6_04.28	GCA_049662185.1	JBATBC000000000	SAMN40009950	Candidatus Dechloromonas phosphoritropha
PRJNA1071982	MFD10489_ilm_asm_bin33	LIB-MJ305-A5_04.33	GCA_049663085.1	JBATCW000000000	SAMN40009904	Candidatus Dechloromonas phosphoritropha
PRJNA1071982	MFD10476_ilm_asm_bin15	LIB-MJ305-B3_04.15	GCA_049662325.1	JBATBL000000000	SAMN40009941	Candidatus Dechloromonas phosphoritropha
PRJNA1071982	MFD13481_ilm_asm_bin34	LIB-MJ413-D8_01.34	GCA_049654125.1	JBASHO000000000	SAMN40012241	Candidatus Dechloromonas phosphoritropha
PRJNA1071982	MFD12925_ilm_asm_bin32	LIB-MJ390-C1_03.32	GCA_049645285.1	JBARTO000000000	SAMN40011843	Candidatus Deferrimicrobiaceae bacterium
PRJNA1071982	MFD12928_ilm_asm_bin5	LIB-MJ389-E6_03.5	GCA_049647185.1	JBARXE000000000	SAMN40011749	Candidatus Deferrimicrobiaceae bacterium
PRJNA1071982	MFD13065_ilm_asm_bin7	LIB-MJ385-A11_04.7	GCA_049674345.1	JBATYY000000000	SAMN40011436	Candidatus Deferrimicrobiaceae bacterium
PRJNA1071982	MFD13185_ilm_asm_bin1	LIB-MJ386-D10_04.1	GCA_049672165.1	JBATVX000000000	SAMN40011515	Candidatus Deferrimicrobiaceae bacterium
PRJNA1071982	MFD05464_ilm_asm_bin18	LIB-MJ172-B5_04.18	GCA_049688015.1	JBAVJZ000000000	SAMN40008715	Candidatus Deferrimicrobiaceae bacterium
PRJNA1071982	MFD09314_ilm_asm_bin47	LIB-MJ201-D10_03.47	GCA_049578085.1	JBAULH000000000	SAMN40009092	Candidatus Deferrimicrobiaceae bacterium
PRJNA1071982	MFD02415_ilm_asm_bin11	LIB-MJ215-B7_01.11	GCA_049577645.1	JBAUKK000000000	SAMN40009115	Candidatus Deferrimicrobiaceae bacterium
PRJNA1071982	MFD04342_ilm_asm_bin14	LIB-MJ231-H1_04_v_LIB-MJ408-H11_04.14	GCA_049585975.1	JBAVAZ000000000	SAMN40009313	Candidatus Deferrimicrobium sp.
PRJNA1071982	MFD10095_ilm_asm_bin1	LIB-MJ301-C12_01_v_LIB-MJ408-B5_04.1	GCA_049664185.1	JBATEU000000000	SAMN40009854	Candidatus Deferrimicrobium sp.
PRJNA1071982	MFD02835_ilm_asm_bin8	LIB-MJ280-E7_02.8	GCA_049685835.1	JBAVHM000000000	SAMN40009638	Candidatus Deferrimicrobium sp.
PRJNA1071982	MFD12017_ilm_asm_bin4	LIB-MJ334-A12_01.4	GCA_049286745.1	JBAQEM000000000	SAMN40010313	Candidatus Deferrimicrobium sp.
PRJNA1071982	MFD03278_ilm_asm_bin16	LIB-MJ334-G7_01.16	GCA_049306235.1	JBAQQA000000000	SAMN40010612	Candidatus Desulfobacillus denitrificans
PRJNA1071982	MFD09294_ilm_asm_bin21	LIB-MJ250-F4_04.21	GCA_049585355.1	JBAUZQ000000000	SAMN40009345	Candidatus Dormiibacterota bacterium
PRJNA1071982	MFD09282_ilm_asm_bin11	LIB-MJ252-G3_02.11	GCA_049584335.1	JBAUXP000000000	SAMN40009396	Candidatus Dormiibacterota bacterium
PRJNA1071982	MFD09245_ilm_asm_bin12	LIB-MJ253-B4_01_v_LIB-MJ404-E6_03.12	GCA_049584135.1	JBAUXG000000000	SAMN40009405	Candidatus Dormiibacterota bacterium
PRJNA1071982	MFD09275_ilm_asm_bin3	LIB-MJ252-C5_02_v_LIB-MJ411-A7_02.3	GCA_049584485.1	JBAUXW000000000	SAMN40009389	Candidatus Dormiibacterota bacterium
PRJNA1071982	MFD10064_ilm_asm_bin37	LIB-MJ251-H4_04.37	GCA_049584575.1	JBAUYB000000000	SAMN40009384	Candidatus Dormiibacterota bacterium
PRJNA1071982	MFD09286_ilm_asm_bin18	LIB-MJ250-H5_04.18	GCA_049585235.1	JBAUZJ000000000	SAMN40009351	Candidatus Dormiibacterota bacterium
PRJNA1071982	MFD09220_ilm_asm_bin22	LIB-MJ254-F11_02.22	GCA_049583555.1	JBAUWA000000000	SAMN40009437	Candidatus Dormiibacterota bacterium
PRJNA1071982	MFD09264_ilm_asm_bin46	LIB-MJ256-B4_03.46	GCA_049582245.1	JBAUTO000000000	SAMN40009501	Candidatus Dormiibacterota bacterium
PRJNA1071982	MFD05778_ilm_asm_bin2	LIB-MJ256-E7_03.2	GCA_049582105.1	JBAUTG000000000	SAMN40009509	Candidatus Dormiibacterota bacterium
PRJNA1071982	MFD05778_ilm_asm_bin8	LIB-MJ256-E7_03.8	GCA_049582065.1	JBAUTF000000000	SAMN40009510	Candidatus Dormiibacterota bacterium
PRJNA1071982	MFD06055_ilm_asm_bin14	LIB-MJ230-C7_03.14	GCA_049586615.1	JBAVCI000000000	SAMN40009278	Candidatus Dormiibacterota bacterium
PRJNA1071982	MFD04492_ilm_asm_bin5	LIB-MJ227-E5_02.5	GCA_049587435.1	JBAVDX000000000	SAMN40009237	Candidatus Dormiibacterota bacterium
PRJNA1071982	MFD02204_ilm_asm_bin6	LIB-MJ177-G1_03.6	GCA_049591235.1	JBAWEO000000000	SAMN40008814	Candidatus Dormiibacterota bacterium
PRJNA1071982	MFD05722_ilm_asm_bin17	LIB-MJ177-D8_03.17	GCA_049591595.1	JBAWFE000000000	SAMN40008798	Candidatus Dormiibacterota bacterium
PRJNA1071982	MFD09339_ilm_asm_bin7	LIB-MJ201-F11_03.7	GCA_049577885.1	JBAUKX000000000	SAMN40009102	Candidatus Dormiibacterota bacterium
PRJNA1071982	MFD04180_ilm_asm_bin9	LIB-MJ198-G7_03.9	GCA_049578905.1	JBAUMU000000000	SAMN40009053	Candidatus Dormiibacterota bacterium
PRJNA1071982	MFD05001_ilm_asm_bin45	LIB-MJ200-E6_04.45	GCA_049578365.1	JBAULV000000000	SAMN40009078	Candidatus Dormiibacterota bacterium
PRJNA1071982	MFD10819_ilm_asm_bin16	LIB-MJ382-E10_02.16	GCA_049677885.1	JBAUDC000000000	SAMN40011328	Candidatus Dormiibacterota bacterium
PRJNA1071982	MFD01067_ilm_asm_bin5	LIB-MJ110-B3_04_v_LIB-MJ415-G1_04.5	GCA_049698755.1	JBAVYK000000000	SAMN40008340	Candidatus Dormiibacterota bacterium
PRJNA1071982	MFD13499_ilm_asm_bin2	LIB-MJ390-D5_03.2	GCA_049644325.1	JBARRR000000000	SAMN40011892	Candidatus Dormiibacterota bacterium
PRJNA1071982	MFD10884_ilm_asm_bin10	LIB-MJ352-E4_03.10	GCA_049793215.1	JBARBQ000000000	SAMN40011109	Candidatus Dormiibacterota bacterium
PRJNA1071982	MFD10881_ilm_asm_bin19	LIB-MJ354-A1_04_v_LIB-MJ367-A1_04.19	GCA_049790415.1	JBAQYY000000000	SAMN40011180	Candidatus Dormiibacterota bacterium
PRJNA1071982	MFD10881_ilm_asm_bin86	LIB-MJ354-A1_04_v_LIB-MJ367-A1_04.86	GCA_049790295.1	JBAQYS000000000	SAMN40011186	Candidatus Dormiibacterota bacterium
PRJNA1071982	MFD06589_ilm_asm_bin9	LIB-MJ343-C4_01_v_LIB-MJ409-E11_01.9	GCA_049797455.1	JBARFS000000000	SAMN40011003	Candidatus Dormiibacterota bacterium
PRJNA1071982	MFD06634_ilm_asm_bin14	LIB-MJ340-G3_01_v_LIB-MJ367-G3_03.14	GCA_049799755.1	JBARIM000000000	SAMN40010931	Candidatus Dormiibacterota bacterium
PRJNA1071982	MFD06470_ilm_asm_bin14	LIB-MJ341-D9_02_v_LIB-MJ406-B4_04.14	GCA_049799515.1	JBARIA000000000	SAMN40010943	Candidatus Dormiibacterota bacterium
PRJNA1071982	MFD06172_ilm_asm_bin2	LIB-MJ339-G3_03_v_LIB-MJ405-G1_01.2	GCA_049800275.1	JBARJM000000000	SAMN40010905	Candidatus Dormiibacterota bacterium
PRJNA1071982	MFD09291_ilm_asm_bin17	LIB-MJ307-E4_01.17	GCA_049287785.1	JBAQGL000000000	SAMN40010262	Candidatus Dormiibacterota bacterium
PRJNA1071982	MFD03341_ilm_asm_bin34	LIB-MJ105-H3_01.34	GCA_049279755.1	JBAPOS000000000	SAMN40007930	Candidatus Dormiibacterota bacterium
PRJNA1071982	MFD01297_ilm_asm_bin15	LIB-MJ088-E7_04.15	GCA_049283435.1	JBAPVZ000000000	SAMN40007741	Candidatus Dormiibacterota bacterium
PRJNA1071982	MFD00682_ilm_asm_bin16	LIB-MJ088-B5_04.16	GCA_049283735.1	JBAPWO000000000	SAMN40007726	Candidatus Dormiibacterota bacterium
PRJNA1071982	MFD00682_ilm_asm_bin22	LIB-MJ088-B5_04.22	GCA_049283715.1	JBAPWN000000000	SAMN40007727	Candidatus Dormiibacterota bacterium
PRJNA1071982	MFD00682_ilm_asm_bin3	LIB-MJ088-B5_04.3	GCA_049283695.1	JBAPWM000000000	SAMN40007728	Candidatus Dormiibacterota bacterium
PRJNA1071982	MFD01221_ilm_asm_bin25	LIB-MJ106-F9_01_v_LIB-MJ368-F9_04.25	GCA_049279335.1	JBAPNX000000000	SAMN40007951	Candidatus Dormiibacterota bacterium
PRJNA1071982	MFD13511_ilm_asm_bin14	LIB-MJ414-H11_03.14	GCA_049273675.1	JBASRH000000000	SAMN40012605	Candidatus Dormiibacterota bacterium
PRJNA1071982	MFD10219_ilm_asm_bin13	LIB-MJ283-B4_04.13	GCA_049669385.1	JBATKL000000000	SAMN40009707	Candidatus Electrothrix sp.
PRJNA1071982	MFD13488_ilm_asm_bin38	LIB-MJ413-E7_01.38	GCA_049652845.1	JBASFC000000000	SAMN40012307	Candidatus Fermentibacter danicus
PRJNA1071982	MFD03290_ilm_asm_bin22	LIB-MJ334-C9_01.22	GCA_049298955.1	JBAQWO000000000	SAMN40010442	Candidatus Ferrigenium altingense
PRJNA1071982	MFD12922_ilm_asm_bin4	LIB-MJ389-F5_03.4	GCA_049647085.1	JBARXA000000000	SAMN40011753	Candidatus Humimicrobiia bacterium
PRJNA1071982	MFD12055_ilm_asm_bin2	LIB-MJ335-F5_02.2	GCA_049301555.1	JBAQLA000000000	SAMN40010743	Candidatus Hydromicrobium sp.
PRJNA1071982	MFD12059_ilm_asm_bin6	LIB-MJ335-B6_02.6	GCA_049302875.1	JBAQMO000000000	SAMN40010703	Candidatus Hydromicrobium sp.
PRJNA1071982	MFD12051_ilm_asm_bin5	LIB-MJ335-B5_02.5	GCA_049302955.1	JBAQMP000000000	SAMN40010702	Candidatus Hydromicrobium sp.
PRJNA1071982	MFD13481_ilm_asm_bin2	LIB-MJ413-D8_01.2	GCA_049654205.1	JBASHT000000000	SAMN40012236	Candidatus Hydrothermia bacterium
PRJNA1071982	MFD13489_ilm_asm_bin29	LIB-MJ413-D7_01.29	GCA_049654825.1	JBASIO000000000	SAMN40012215	Candidatus Hydrothermia bacterium
PRJNA1071982	MFD13490_ilm_asm_bin15	LIB-MJ413-C7_01.15	GCA_049656025.1	JBASKW000000000	SAMN40012155	Candidatus Hydrothermia bacterium
PRJNA1071982	MFD13492_ilm_asm_bin34	LIB-MJ413-A7_01.34	GCA_049659465.1	JBASPT000000000	SAMN40012028	Candidatus Hydrothermia bacterium
PRJNA1071982	MFD10486_ilm_asm_bin33	LIB-MJ305-F4_04.33	GCA_049290935.1	JBATOL000000000	SAMN40010109	Candidatus Kapaibacterium sp.
PRJNA1071982	MFD02359_ilm_asm_bin40	LIB-MJ131-E5_01.40	GCA_049697255.1	JBAVVK000000000	SAMN40008418	Candidatus Korobacteraceae bacterium
PRJNA1071982	MFD01097_ilm_asm_bin2	LIB-MJ134-B8_03.2	GCA_049695855.1	JBAVSY000000000	SAMN40008482	Candidatus Korobacteraceae bacterium
PRJNA1071982	MFD02476_ilm_asm_bin3	LIB-MJ134-E8_03_v_LIB-MJ404-A8_03.3	GCA_049695375.1	JBAVSB000000000	SAMN40008505	Candidatus Korobacteraceae bacterium
PRJNA1071982	MFD06931_ilm_asm_bin16	LIB-MJ282-B1_03.16	GCA_049684975.1	JBAVGQ000000000	SAMN40009660	Candidatus Korobacteraceae bacterium
PRJNA1071982	MFD06434_ilm_asm_bin31	LIB-MJ340-C4_01_v_LIB-MJ367-C4_03.31	GCA_049799855.1	JBARIR000000000	SAMN40010926	Candidatus Korobacteraceae bacterium
PRJNA1071982	MFD06391_ilm_asm_bin32	LIB-MJ342-C7_02.32	GCA_049798495.1	JBARGS000000000	SAMN40010977	Candidatus Korobacteraceae bacterium
PRJNA1071982	MFD09352_ilm_asm_bin2	LIB-MJ196-G6_02.2	GCA_049579705.1	JBAUOK000000000	SAMN40009011	Candidatus Korobacteraceae bacterium
PRJNA1071982	MFD04972_ilm_asm_bin9	LIB-MJ191-C5_04.9	GCA_049590355.1	JBAWCR000000000	SAMN40008863	Candidatus Korobacteraceae bacterium
PRJNA1071982	MFD09568_ilm_asm_bin24	LIB-MJ191-H1_04_v_LIB-MJ405-H9_01.24	GCA_049590115.1	JBAWCF000000000	SAMN40008875	Candidatus Korobacteraceae bacterium
PRJNA1071982	MFD09567_ilm_asm_bin10	LIB-MJ231-B7_04.10	GCA_049586295.1	JBAVBQ000000000	SAMN40009296	Candidatus Korobacteraceae bacterium
PRJNA1071982	MFD00949_ilm_asm_bin31	LIB-MJ093-G8_02.31	GCA_049280535.1	JBAPQI000000000	SAMN40007888	Candidatus Korobacteraceae bacterium
PRJNA1071982	MFD00971_ilm_asm_bin30	LIB-MJ093-A5_02.30	GCA_049280895.1	JBAPRA000000000	SAMN40007870	Candidatus Korobacteraceae bacterium
PRJNA1071982	MFD01158_ilm_asm_bin25	LIB-MJ091-A11_03_v_LIB-MJ403-H9_03.25	GCA_049282335.1	JBAPTV000000000	SAMN40007797	Candidatus Korobacteraceae bacterium
PRJNA1071982	MFD03323_ilm_asm_bin56	LIB-MJ105-G3_01_v_LIB-MJ367-G3_04.56	GCA_049279775.1	JBAPOU000000000	SAMN40007928	Candidatus Korobacteraceae bacterium
PRJNA1071982	MFD01269_ilm_asm_bin16	LIB-MJ108-F6_02.16	GCA_049278655.1	JBAPMP000000000	SAMN40007985	Candidatus Korobacteraceae bacterium
PRJNA1071982	MFD01124_ilm_asm_bin8	LIB-MJ107-A1_02.8	GCA_049278975.1	JBAPNE000000000	SAMN40007970	Candidatus Kryptoniota bacterium
PRJNA1071982	MFD10595_ilm_asm_bin4	LIB-MJ334-C7_01.4	GCA_049299055.1	JBAQWT000000000	SAMN40010437	Candidatus Lutibacillus vidarii
PRJNA1071982	MFD06836_ilm_asm_bin21	LIB-MJ193-E9_01.21	GCA_049589435.1	JBAWAT000000000	SAMN40008913	Candidatus Macondimonas sp.
PRJNA1071982	MFD12129_ilm_asm_bin2	LIB-MJ390-B2_03.2	GCA_049645885.1	JBARUT000000000	SAMN40011812	Candidatus Macondimonas sp.
PRJNA1071982	MFD12167_ilm_asm_bin22	LIB-MJ390-D2_03.22	GCA_049644505.1	JBARSA000000000	SAMN40011883	Candidatus Macondimonas sp.
PRJNA1071982	MFD03254_ilm_asm_bin7	LIB-MJ354-A8_04.7	GCA_049682735.1	JBAUIG000000000	SAMN40011194	Candidatus Macondimonas sp.
PRJNA1071982	MFD12130_ilm_asm_bin19	LIB-MJ387-H3_01.19	GCA_049683375.1	JBAUJA000000000	SAMN40011609	Candidatus Macondimonas sp.
PRJNA1071982	MFD10109_ilm_asm_bin14	LIB-MJ301-F11_01.14	GCA_049664005.1	JBATEM000000000	SAMN40009862	Candidatus Macondimonas sp.
PRJNA1071982	MFD12003_ilm_asm_bin64	LIB-MJ334-A10_01.64	GCA_049287025.1	JBAQFA000000000	SAMN40010299	Candidatus Magasanikiibacteriota bacterium
PRJNA1071982	MFD12002_ilm_asm_bin14	LIB-MJ334-H9_01.14	GCA_049304355.1	JBAQOB000000000	SAMN40010664	Candidatus Magasanikiibacteriota bacterium
PRJNA1071982	MFD03231_ilm_asm_bin59	LIB-MJ413-G5_01.59	GCA_049276495.1	JBASWN000000000	SAMN40012469	Candidatus Manganitrophaceae bacterium
PRJNA1071982	MFD03501_ilm_asm_bin8	LIB-MJ413-F5_01.8	GCA_049651725.1	JBASCQ000000000	SAMN40012371	Candidatus Manganitrophaceae bacterium
PRJNA1071982	MFD13479_ilm_asm_bin20	LIB-MJ413-F8_01.20	GCA_049651405.1	JBASCA000000000	SAMN40012387	Candidatus Methanoculleus thermohydrogenotrophicum
PRJNA1071982	MFD13462_ilm_asm_bin7	LIB-MJ413-A11_01.7	GCA_049660465.1	JBASQR000000000	SAMN40012004	Candidatus Methanoculleus thermohydrogenotrophicum
PRJNA1071982	MFD13476_ilm_asm_bin14	LIB-MJ413-A9_01.14	GCA_049658505.1	JBASOS000000000	SAMN40012055	Candidatus Methanoculleus thermohydrogenotrophicum
PRJNA1071982	MFD13461_ilm_asm_bin15	LIB-MJ413-B11_01.15	GCA_049657485.1	JBASNR000000000	SAMN40012082	Candidatus Methanoculleus thermohydrogenotrophicum
PRJNA1071982	MFD13468_ilm_asm_bin13	LIB-MJ413-A10_01.13	GCA_049660725.1	JBASQZ000000000	SAMN40011996	Candidatus Methanoculleus thermohydrogenotrophicum
PRJNA1071982	MFD13475_ilm_asm_bin15	LIB-MJ413-B9_01.15	GCA_049656705.1	JBASME000000000	SAMN40012121	Candidatus Methanoculleus thermohydrogenotrophicum
PRJNA1071982	MFD13483_ilm_asm_bin15	LIB-MJ413-B8_01.15	GCA_049656925.1	JBASMP000000000	SAMN40012110	Candidatus Methanoculleus thermohydrogenotrophicum
PRJNA1071982	MFD13466_ilm_asm_bin27	LIB-MJ413-D10_01.27	GCA_049655225.1	JBASJI000000000	SAMN40012195	Candidatus Methanoculleus thermohydrogenotrophicum
PRJNA1071982	MFD13474_ilm_asm_bin4	LIB-MJ413-C9_01.4	GCA_049655525.1	JBASJX000000000	SAMN40012180	Candidatus Methanoculleus thermohydrogenotrophicum
PRJNA1071982	MFD13473_ilm_asm_bin10	LIB-MJ413-D9_01.10	GCA_049653985.1	JBASHJ000000000	SAMN40012246	Candidatus Methanoculleus thermohydrogenotrophicum
PRJNA1071982	MFD13458_ilm_asm_bin22	LIB-MJ413-E11_01.22	GCA_049653385.1	JBASGF000000000	SAMN40012278	Candidatus Methanoculleus thermohydrogenotrophicum
PRJNA1071982	MFD13465_ilm_asm_bin17	LIB-MJ413-E10_01.17	GCA_049653625.1	JBASGQ000000000	SAMN40012265	Candidatus Methanoculleus thermohydrogenotrophicum
PRJNA1071982	MFD13480_ilm_asm_bin24	LIB-MJ413-E8_01.24	GCA_049652705.1	JBASET000000000	SAMN40012316	Candidatus Methanoculleus thermohydrogenotrophicum
PRJNA1071982	MFD13457_ilm_asm_bin31	LIB-MJ413-F11_01.31	GCA_049652065.1	JBASDH000000000	SAMN40012354	Candidatus Methanoculleus thermohydrogenotrophicum
PRJNA1071982	MFD13456_ilm_asm_bin2	LIB-MJ413-G11_01.2	GCA_049277195.1	JBASXX000000000	SAMN40012433	Candidatus Methanoculleus thermohydrogenotrophicum
PRJNA1071982	MFD13463_ilm_asm_bin20	LIB-MJ413-H10_01.20	GCA_049275575.1	JBASUT000000000	SAMN40012515	Candidatus Methanoculleus thermohydrogenotrophicum
PRJNA1071982	MFD13455_ilm_asm_bin10	LIB-MJ413-H11_01.10	GCA_049275335.1	JBASUI000000000	SAMN40012526	Candidatus Methanoculleus thermohydrogenotrophicum
PRJNA1071982	MFD13464_ilm_asm_bin7	LIB-MJ413-G10_01.7	GCA_049277355.1	JBASYF000000000	SAMN40012425	Candidatus Methanoculleus thermohydrogenotrophicum
PRJNA1071982	MFD13477_ilm_asm_bin8	LIB-MJ413-H8_01.8	GCA_049274145.1	JBASSC000000000	SAMN40012584	Candidatus Methanoculleus thermohydrogenotrophicum
PRJNA1071982	MFD13485_ilm_asm_bin6	LIB-MJ413-H7_01.6	GCA_049274445.1	JBASSR000000000	SAMN40012569	Candidatus Methanoculleus thermohydrogenotrophicum
PRJNA1071982	MFD09513_ilm_asm_bin12	LIB-MJ354-A7_04_v_LIB-MJ403-A4_03.12	GCA_049786935.1	JBAQYN000000000	SAMN40011191	Candidatus Methanofastidiosia archaeon
PRJNA1071982	MFD03797_ilm_asm_bin16	LIB-MJ149-E5_03.16	GCA_049690315.1	JBAVMS000000000	SAMN40008644	Candidatus Methanoperedens sp.
PRJNA1071982	MFD12064_ilm_asm_bin1	LIB-MJ335-G6_02.1	GCA_049301415.1	JBAQKW000000000	SAMN40010747	Candidatus Methanoperedens sp.
PRJNA1071982	MFD12032_ilm_asm_bin13	LIB-MJ335-E2_02.13	GCA_049301735.1	JBAQLI000000000	SAMN40010735	Candidatus Methanoperedens sp.
PRJNA1071982	MFD12011_ilm_asm_bin3	LIB-MJ334-C11_01.3	GCA_049299995.1	JBAQYK000000000	SAMN40010394	Candidatus Methanoperedens sp.
PRJNA1071982	MFD12050_ilm_asm_bin25	LIB-MJ335-A5_02.25	GCA_049303315.1	JBAQMZ000000000	SAMN40010692	Candidatus Methanoperedens sp.
PRJNA1071982	MFD12107_ilm_asm_bin33	LIB-MJ413-A1_01.33	GCA_049660845.1	JBASRC000000000	SAMN40011993	Candidatus Methylomirabilis sp.
PRJNA1071982	MFD03038_ilm_asm_bin6	LIB-MJ170-H6_03.6	GCA_049688375.1	JBAVKP000000000	SAMN40008699	Candidatus Methylophosphatis roskildensis
PRJNA1071982	MFD10499_ilm_asm_bin15	LIB-MJ305-C6_04.15	GCA_049661065.1	JBASZS000000000	SAMN40009986	Candidatus Microsaccharimonas sp.
PRJNA1071982	MFD10545_ilm_asm_bin1	LIB-MJ305-C12_04.1	GCA_049661485.1	JBATAC000000000	SAMN40009976	Candidatus Microsaccharimonas sp.
PRJNA1071982	MFD12002_ilm_asm_bin59	LIB-MJ334-H9_01.59	GCA_049303805.1	JBAQNL000000000	SAMN40010680	Candidatus Microsaccharimonas sp.
PRJNA1071982	MFD12002_ilm_asm_bin22	LIB-MJ334-H9_01.22	GCA_049304275.1	JBAQNZ000000000	SAMN40010666	Candidatus Microsaccharimonas sp.
PRJNA1071982	MFD10499_ilm_asm_bin8	LIB-MJ305-C6_04.8	GCA_049293555.1	JBATSX000000000	SAMN40009993	Candidatus Microsaccharimonas sp.
PRJNA1071982	MFD10500_ilm_asm_bin10	LIB-MJ305-D6_04.10	GCA_049292535.1	JBATRJ000000000	SAMN40010033	Candidatus Microsaccharimonas sp.
PRJNA1071982	MFD12000_ilm_asm_bin21	LIB-MJ334-F9_01.21	GCA_049296095.1	JBAQRV000000000	SAMN40010565	Candidatus Microsaccharimonas sp.
PRJNA1071982	MFD12003_ilm_asm_bin74	LIB-MJ334-A10_01.74	GCA_049286885.1	JBAQET000000000	SAMN40010306	Candidatus Microsaccharimonas sp.
PRJNA1071982	MFD03231_ilm_asm_bin55	LIB-MJ413-G5_01.55	GCA_049276535.1	JBASWP000000000	SAMN40012467	Candidatus Microsaccharimonas sp.
PRJNA1071982	MFD10506_ilm_asm_bin33	LIB-MJ305-B7_04.33	GCA_049662085.1	JBATAY000000000	SAMN40009954	Candidatus Moraniibacteriota bacterium
PRJNA1071982	MFD10475_ilm_asm_bin49	LIB-MJ305-A3_04.49	GCA_049663265.1	JBATDC000000000	SAMN40009898	Candidatus Moraniibacteriota bacterium
PRJNA1071982	MFD10481_ilm_asm_bin26	LIB-MJ305-A4_04.26	GCA_049663145.1	JBATCZ000000000	SAMN40009901	Candidatus Moraniibacteriota bacterium
PRJNA1071982	MFD13443_ilm_asm_bin85	LIB-MJ390-B7_03.85	GCA_049645545.1	JBARUC000000000	SAMN40011829	Candidatus Moraniibacteriota bacterium
PRJNA1071982	MFD13440_ilm_asm_bin51	LIB-MJ390-E7_03.51	GCA_049643625.1	JBARQH000000000	SAMN40011928	Candidatus Moraniibacteriota bacterium
PRJNA1071982	MFD12003_ilm_asm_bin9	LIB-MJ334-A10_01.9	GCA_049286865.1	JBAQES000000000	SAMN40010307	Candidatus Moraniibacteriota bacterium
PRJNA1071982	MFD12003_ilm_asm_bin65	LIB-MJ334-A10_01.65	GCA_049287005.1	JBAQEZ000000000	SAMN40010300	Candidatus Moraniibacteriota bacterium
PRJNA1071982	MFD12003_ilm_asm_bin68	LIB-MJ334-A10_01.68	GCA_049286985.1	JBAQEY000000000	SAMN40010301	Candidatus Moraniibacteriota bacterium
PRJNA1071982	MFD12003_ilm_asm_bin56	LIB-MJ334-A10_01.56	GCA_049287085.1	JBAQFD000000000	SAMN40010296	Candidatus Moraniibacteriota bacterium
PRJNA1071982	MFD12003_ilm_asm_bin19	LIB-MJ334-A10_01.19	GCA_049287345.1	JBAQFQ000000000	SAMN40010283	Candidatus Moraniibacteriota bacterium
PRJNA1071982	MFD10518_ilm_asm_bin9	LIB-MJ305-F8_04.9	GCA_049290475.1	JBATNS000000000	SAMN40010128	Candidatus Moraniibacteriota bacterium
PRJNA1071982	MFD10541_ilm_asm_bin30	LIB-MJ305-G11_04.30	GCA_049290235.1	JBATNG000000000	SAMN40010140	Candidatus Moraniibacteriota bacterium
PRJNA1071982	MFD10474_ilm_asm_bin8	LIB-MJ305-H2_04.8	GCA_049289275.1	JBATLK000000000	SAMN40010188	Candidatus Moraniibacteriota bacterium
PRJNA1071982	MFD10474_ilm_asm_bin3	LIB-MJ305-H2_04.3	GCA_049289395.1	JBATLQ000000000	SAMN40010182	Candidatus Moraniibacteriota bacterium
PRJNA1071982	MFD12000_ilm_asm_bin31	LIB-MJ334-F9_01.31	GCA_049296015.1	JBAQRR000000000	SAMN40010569	Candidatus Moraniibacteriota bacterium
PRJNA1071982	MFD12000_ilm_asm_bin7	LIB-MJ334-F9_01.7	GCA_049295935.1	JBAQRM000000000	SAMN40010574	Candidatus Moraniibacteriota bacterium
PRJNA1071982	MFD12000_ilm_asm_bin18	LIB-MJ334-F9_01.18	GCA_049296135.1	JBAQRX000000000	SAMN40010563	Candidatus Moraniibacteriota bacterium
PRJNA1071982	MFD12004_ilm_asm_bin18	LIB-MJ334-B10_01.18	GCA_049294475.1	JBAQCV000000000	SAMN40010356	Candidatus Moraniibacteriota bacterium
PRJNA1071982	MFD12006_ilm_asm_bin13	LIB-MJ334-E10_01.13	GCA_049297495.1	JBAQUL000000000	SAMN40010497	Candidatus Moraniibacteriota bacterium
PRJNA1071982	MFD12002_ilm_asm_bin27	LIB-MJ334-H9_01.27	GCA_049304235.1	JBAQNY000000000	SAMN40010667	Candidatus Moraniibacteriota bacterium
PRJNA1071982	MFD12002_ilm_asm_bin39	LIB-MJ334-H9_01.39	GCA_049304095.1	JBAQNU000000000	SAMN40010671	Candidatus Moraniibacteriota bacterium
PRJNA1071982	MFD12002_ilm_asm_bin53	LIB-MJ334-H9_01.53	GCA_049303795.1	JBAQNM000000000	SAMN40010679	Candidatus Moraniibacteriota bacterium
PRJNA1071982	MFD12002_ilm_asm_bin49	LIB-MJ334-H9_01.49	GCA_049303905.1	JBAQNP000000000	SAMN40010676	Candidatus Moraniibacteriota bacterium
PRJNA1071982	MFD12002_ilm_asm_bin67	LIB-MJ334-H9_01.67	GCA_049303595.1	JBAQNG000000000	SAMN40010685	Candidatus Moraniibacteriota bacterium
PRJNA1071982	MFD12002_ilm_asm_bin7	LIB-MJ334-H9_01.7	GCA_049303555.1	JBAQNF000000000	SAMN40010686	Candidatus Moraniibacteriota bacterium
PRJNA1071982	MFD12001_ilm_asm_bin14	LIB-MJ334-G9_01.14	GCA_049305935.1	JBAQPQ000000000	SAMN40010622	Candidatus Moraniibacteriota bacterium
PRJNA1071982	MFD12001_ilm_asm_bin12	LIB-MJ334-G9_01.12	GCA_049305975.1	JBAQPR000000000	SAMN40010621	Candidatus Moraniibacteriota bacterium
PRJNA1071982	MFD12001_ilm_asm_bin6	LIB-MJ334-G9_01.6	GCA_049305595.1	JBAQPH000000000	SAMN40010631	Candidatus Moraniibacteriota bacterium
PRJNA1071982	MFD04899_ilm_asm_bin5	LIB-MJ256-H8_03.5	GCA_049581705.1	JBAUSL000000000	SAMN40009530	Candidatus Nanoarchaeia archaeon
PRJNA1071982	MFD09594_ilm_asm_bin57	LIB-MJ307-A2_01.57	GCA_049288015.1	JBAQGX000000000	SAMN40010250	Candidatus Nanoarchaeia archaeon
PRJNA1071982	MFD10534_ilm_asm_bin38	LIB-MJ305-H10_04.38	GCA_049289715.1	JBATMG000000000	SAMN40010166	Candidatus Nanogingivalis sp.
PRJNA1071982	MFD10548_ilm_asm_bin38	LIB-MJ334-B1_01.38	GCA_049294455.1	JBAQCW000000000	SAMN40010355	Candidatus Nanogingivalis sp.
PRJNA1071982	MFD12003_ilm_asm_bin60	LIB-MJ334-A10_01.60	GCA_049287065.1	JBAQFB000000000	SAMN40010298	Candidatus Nanopelagicaceae bacterium
PRJNA1071982	MFD12002_ilm_asm_bin48	LIB-MJ334-H9_01.48	GCA_049303895.1	JBAQNQ000000000	SAMN40010675	Candidatus Nanopelagicaceae bacterium
PRJNA1071982	MFD04617_ilm_asm_bin10	LIB-MJ226-A4_01.10	GCA_049588155.1	JBAVFH000000000	SAMN40009201	Candidatus Nanopelagicales bacterium
PRJNA1071982	MFD03038_ilm_asm_bin2	LIB-MJ170-H6_03.2	GCA_049688395.1	JBAVKQ000000000	SAMN40008698	Candidatus Nanopelagicales bacterium
PRJNA1071982	MFD03980_ilm_asm_bin1	LIB-MJ169-A2_01.1	GCA_049688595.1	JBAVLA000000000	SAMN40008688	Candidatus Nanopelagicales bacterium
PRJNA1071982	MFD13439_ilm_asm_bin65	LIB-MJ390-F7_03.65	GCA_049642805.1	JBARPE000000000	SAMN40011957	Candidatus Nanopelagicales bacterium
PRJNA1071982	MFD13441_ilm_asm_bin49	LIB-MJ390-D7_03.49	GCA_049644205.1	JBARRL000000000	SAMN40011898	Candidatus Nanopelagicales bacterium
PRJNA1071982	MFD13450_ilm_asm_bin66	LIB-MJ390-C6_03.66	GCA_049644935.1	JBARSX000000000	SAMN40011860	Candidatus Nanopelagicales bacterium
PRJNA1071982	MFD13450_ilm_asm_bin46	LIB-MJ390-C6_03.46	GCA_049645005.1	JBARTA000000000	SAMN40011857	Candidatus Nanopelagicales bacterium
PRJNA1071982	MFD01464_ilm_asm_bin13	LIB-MJ388-H11_02.13	GCA_049650245.1	JBARZT000000000	SAMN40011682	Candidatus Nanopelagicales bacterium
PRJNA1071982	MFD10489_ilm_asm_bin1	LIB-MJ305-A5_04.1	GCA_049663105.1	JBATCX000000000	SAMN40009903	Candidatus Nanopelagicales bacterium
PRJNA1071982	MFD06885_ilm_asm_bin26	LIB-MJ413-A5_01.26	GCA_049660085.1	JBASQI000000000	SAMN40012013	Candidatus Nanopelagicales bacterium
PRJNA1071982	MFD06885_ilm_asm_bin3	LIB-MJ413-A5_01.3	GCA_049659965.1	JBASQG000000000	SAMN40012015	Candidatus Nanopelagicales bacterium
PRJNA1071982	MFD06863_ilm_asm_bin17	LIB-MJ413-D3_01.17	GCA_049655005.1	JBASIX000000000	SAMN40012206	Candidatus Nanopelagicales bacterium
PRJNA1071982	MFD06880_ilm_asm_bin47	LIB-MJ413-G3_01.47	GCA_049344925.1	JBASXB000000000	SAMN40012455	Candidatus Nanopelagicales bacterium
PRJNA1071982	MFD10511_ilm_asm_bin3	LIB-MJ305-G7_04.3	GCA_049289935.1	JBATMR000000000	SAMN40010155	Candidatus Nanopelagicales bacterium
PRJNA1071982	MFD10465_ilm_asm_bin24	LIB-MJ305-G1_04.24	GCA_049290395.1	JBATNO000000000	SAMN40010132	Candidatus Nanopelagicales bacterium
PRJNA1071982	MFD10512_ilm_asm_bin64	LIB-MJ305-H7_04.64	GCA_049288975.1	JBAQIR000000000	SAMN40010204	Candidatus Nanopelagicales bacterium
PRJNA1071982	MFD10570_ilm_asm_bin6	LIB-MJ334-B4_01.6	GCA_049293915.1	JBAQCC000000000	SAMN40010375	Candidatus Nanopelagicales bacterium
PRJNA1071982	MFD10539_ilm_asm_bin25	LIB-MJ305-E11_04.25	GCA_049291915.1	JBATQF000000000	SAMN40010063	Candidatus Nanopelagicales bacterium
PRJNA1071982	MFD06880_ilm_asm_bin14	LIB-MJ413-G3_01.14	GCA_049276975.1	JBASXN000000000	SAMN40012443	Candidatus Nanopelagicales bacterium
PRJNA1071982	MFD06880_ilm_asm_bin16	LIB-MJ413-G3_01.16	GCA_049276955.1	JBASXL000000000	SAMN40012445	Candidatus Nanopelagicales bacterium
PRJNA1071982	MFD06880_ilm_asm_bin25	LIB-MJ413-G3_01.25	GCA_049276935.1	JBASXJ000000000	SAMN40012447	Candidatus Nanopelagicales bacterium
PRJNA1071982	MFD06880_ilm_asm_bin6	LIB-MJ413-G3_01.6	GCA_049276755.1	JBASXA000000000	SAMN40012456	Candidatus Nanopelagicales bacterium
PRJNA1071982	MFD10546_ilm_asm_bin34	LIB-MJ334-D7_01.34	GCA_049297855.1	JBAQVB000000000	SAMN40010481	Candidatus Nanoperiomorbaceae bacterium
PRJNA1071982	MFD10565_ilm_asm_bin5	LIB-MJ334-D3_01.5	GCA_049298595.1	JBAQVW000000000	SAMN40010460	Candidatus Neomicrothrix parvicella
PRJNA1071982	MFD10517_ilm_asm_bin40	LIB-MJ305-E8_04.40	GCA_049291495.1	JBATPN000000000	SAMN40010081	Candidatus Neomicrothrix parvicella
PRJNA1071982	MFD10502_ilm_asm_bin9	LIB-MJ305-F6_04.9	GCA_049290815.1	JBATOF000000000	SAMN40010115	Candidatus Neomicrothrix parvicella
PRJNA1071982	MFD10510_ilm_asm_bin22	LIB-MJ305-F7_04.22	GCA_049290775.1	JBATOE000000000	SAMN40010116	Candidatus Neomicrothrix parvicella
PRJNA1071982	MFD10484_ilm_asm_bin23	LIB-MJ305-D4_04.23	GCA_049292745.1	JBATRT000000000	SAMN40010023	Candidatus Neomicrothrix parvicella
PRJNA1071982	MFD10500_ilm_asm_bin3	LIB-MJ305-D6_04.3	GCA_049292495.1	JBATRH000000000	SAMN40010035	Candidatus Neomicrothrix parvicella
PRJNA1071982	MFD10507_ilm_asm_bin48	LIB-MJ305-C7_04.48	GCA_049293435.1	JBATST000000000	SAMN40009997	Candidatus Neomicrothrix parvicella
PRJNA1071982	MFD10578_ilm_asm_bin3	LIB-MJ334-B5_01.3	GCA_049293815.1	JBAQBX000000000	SAMN40010380	Candidatus Neomicrothrix parvicella
PRJNA1071982	MFD10526_ilm_asm_bin13	LIB-MJ305-F9_04.13	GCA_049290455.1	JBATNR000000000	SAMN40010129	Candidatus Neomicrothrix parvicella
PRJNA1071982	MFD13488_ilm_asm_bin45	LIB-MJ413-E7_01.45	GCA_049652805.1	JBASFA000000000	SAMN40012309	Candidatus Neomicrothrix parvicella
PRJNA1071982	MFD13489_ilm_asm_bin66	LIB-MJ413-D7_01.66	GCA_049654585.1	JBASIC000000000	SAMN40012227	Candidatus Neomicrothrix parvicella
PRJNA1071982	MFD13492_ilm_asm_bin25	LIB-MJ413-A7_01.25	GCA_049659605.1	JBASPW000000000	SAMN40012025	Candidatus Neomicrothrix parvicella
PRJNA1071982	MFD01464_ilm_asm_bin12	LIB-MJ388-H11_02.12	GCA_049650265.1	JBARZU000000000	SAMN40011681	Candidatus Neomicrothrix parvicella
PRJNA1071982	MFD13444_ilm_asm_bin86	LIB-MJ390-A7_03.86	GCA_049646065.1	JBARVC000000000	SAMN40011803	Candidatus Neomicrothrix parvicella
PRJNA1071982	MFD13450_ilm_asm_bin17	LIB-MJ390-C6_03.17	GCA_049645065.1	JBARTC000000000	SAMN40011855	Candidatus Neomicrothrix parvicella
PRJNA1071982	MFD13507_ilm_asm_bin7	LIB-MJ390-D4_03.7	GCA_049644385.1	JBARRU000000000	SAMN40011889	Candidatus Neomicrothrix parvicella
PRJNA1071982	MFD13441_ilm_asm_bin54	LIB-MJ390-D7_03.54	GCA_049644145.1	JBARRJ000000000	SAMN40011900	Candidatus Neomicrothrix parvicella
PRJNA1071982	MFD13442_ilm_asm_bin17	LIB-MJ390-C7_03.17	GCA_049644905.1	JBARSU000000000	SAMN40011863	Candidatus Neomicrothrix parvicella
PRJNA1071982	MFD13439_ilm_asm_bin18	LIB-MJ390-F7_03.18	GCA_049642985.1	JBARPJ000000000	SAMN40011952	Candidatus Neomicrothrix parvicella
PRJNA1071982	MFD10471_ilm_asm_bin14	LIB-MJ305-E2_04.14	GCA_049291815.1	JBATQB000000000	SAMN40010067	Candidatus Neomicrothrix subdominans
PRJNA1071982	MFD10565_ilm_asm_bin4	LIB-MJ334-D3_01.4	GCA_049298575.1	JBAQVX000000000	SAMN40010459	Candidatus Neomicrothrix subdominans
PRJNA1071982	MFD00293_ilm_asm_bin5	LIB-MJ044-E4_03_v_LIB-MJ404-H11_03.5	GCA_049286055.1	JBAQBD000000000	SAMN40007607	Candidatus Nitrosopolaris sp.
PRJNA1071982	MFD00006_ilm_asm_bin7	LIB-MJ050-E10_02.7	GCA_049285315.1	JBAPZQ000000000	SAMN40007646	Candidatus Nitrosopolaris sp.
PRJNA1071982	MFD01145_ilm_asm_bin3	LIB-MJ091-E5_03.3	GCA_049281775.1	JBAPST000000000	SAMN40007825	Candidatus Nitrosopolaris sp.
PRJNA1071982	MFD03328_ilm_asm_bin11	LIB-MJ105-D11_01_v_LIB-MJ367-D11_04.11	GCA_049280195.1	JBAPPQ000000000	SAMN40007906	Candidatus Nitrosopolaris sp.
PRJNA1071982	MFD01153_ilm_asm_bin3	LIB-MJ089-C12_02.3	GCA_049283075.1	JBAPVH000000000	SAMN40007759	Candidatus Nitrosopolaris sp.
PRJNA1071982	MFD07481_ilm_asm_bin7	LIB-MJ169-C11_01.7	GCA_049688495.1	JBAVKV000000000	SAMN40008693	Candidatus Nitrosopolaris sp.
PRJNA1071982	MFD03947_ilm_asm_bin4	LIB-MJ132-H6_03.4	GCA_049696495.1	JBAVTY000000000	SAMN40008456	Candidatus Nitrosopolaris sp.
PRJNA1071982	MFD10749_ilm_asm_bin10	LIB-MJ383-A11_01.10	GCA_049677565.1	JBAUCM000000000	SAMN40011344	Candidatus Nitrosopolaris sp.
PRJNA1071982	MFD11075_ilm_asm_bin5	LIB-MJ383-H7_01.5	GCA_049674975.1	JBATZU000000000	SAMN40011414	Candidatus Nitrosopolaris sp.
PRJNA1071982	MFD11004_ilm_asm_bin34	LIB-MJ383-E6_01.34	GCA_049676645.1	JBAUBI000000000	SAMN40011374	Candidatus Nitrosopolaris sp.
PRJNA1071982	MFD06589_ilm_asm_bin28	LIB-MJ343-C4_01_v_LIB-MJ409-E11_01.28	GCA_049797615.1	JBARFW000000000	SAMN40010999	Candidatus Nitrosopolaris sp.
PRJNA1071982	MFD10953_ilm_asm_bin13	LIB-MJ337-G3_03.13	GCA_049802475.1	JBARMN000000000	SAMN40010826	Candidatus Nitrosopolaris sp.
PRJNA1071982	MFD06577_ilm_asm_bin4	LIB-MJ337-G7_03.4	GCA_049802415.1	JBARMJ000000000	SAMN40010830	Candidatus Nitrosopolaris sp.
PRJNA1071982	MFD06070_ilm_asm_bin3	LIB-MJ338-C12_04.3	GCA_049802095.1	JBARLT000000000	SAMN40010846	Candidatus Nitrosopolaris sp.
PRJNA1071982	MFD04210_ilm_asm_bin12	LIB-MJ226-F6_01.12	GCA_049587895.1	JBAVEU000000000	SAMN40009214	Candidatus Nitrosopolaris sp.
PRJNA1071982	MFD09356_ilm_asm_bin10	LIB-MJ255-E7_02.10	GCA_049582665.1	JBAUUL000000000	SAMN40009478	Candidatus Nitrosopolaris sp.
PRJNA1071982	MFD03231_ilm_asm_bin23	LIB-MJ413-G5_01.23	GCA_049276655.1	JBASWV000000000	SAMN40012461	Candidatus Nitrosotenuis sp.
PRJNA1071982	MFD10519_ilm_asm_bin25	LIB-MJ305-G8_04.25	GCA_049289855.1	JBATMO000000000	SAMN40010158	Candidatus Nitrotoga sp.
PRJNA1071982	MFD10488_ilm_asm_bin38	LIB-MJ305-H4_04.38	GCA_049289255.1	JBATLI000000000	SAMN40010190	Candidatus Nitrotoga sp.
PRJNA1071982	MFD10464_ilm_asm_bin39	LIB-MJ305-F1_04.39	GCA_049291235.1	JBATPA000000000	SAMN40010094	Candidatus Nitrotoga sp.
PRJNA1071982	MFD10507_ilm_asm_bin53	LIB-MJ305-C7_04.53	GCA_049293415.1	JBATSS000000000	SAMN40009998	Candidatus Nitrotoga sp.
PRJNA1071982	MFD10476_ilm_asm_bin8	LIB-MJ305-B3_04.8	GCA_049662285.1	JBATBH000000000	SAMN40009945	Candidatus Nitrotoga sp.
PRJNA1071982	MFD03281_ilm_asm_bin40	LIB-MJ334-B8_01.40	GCA_049293655.1	JBAQBP000000000	SAMN40010388	Candidatus Omnitrophota bacterium
PRJNA1071982	MFD12011_ilm_asm_bin15	LIB-MJ334-C11_01.15	GCA_049293575.1	JBAQBM000000000	SAMN40010391	Candidatus Omnitrophota bacterium
PRJNA1071982	MFD03283_ilm_asm_bin60	LIB-MJ334-D8_01.60	GCA_049297655.1	JBAQUR000000000	SAMN40010491	Candidatus Omnitrophota bacterium
PRJNA1071982	MFD13470_ilm_asm_bin9	LIB-MJ413-G9_01.9	GCA_049275655.1	JBASUY000000000	SAMN40012510	Candidatus Omnitrophota bacterium
PRJNA1071982	MFD03279_ilm_asm_bin24	LIB-MJ334-H7_01.24	GCA_049304585.1	JBAQOH000000000	SAMN40010657	Candidatus Omnitrophota bacterium
PRJNA1071982	MFD03234_ilm_asm_bin16	LIB-MJ413-B6_01.16	GCA_049657085.1	JBASMX000000000	SAMN40012102	Candidatus Omnitrophota bacterium
PRJNA1071982	MFD13423_ilm_asm_bin5	LIB-MJ390-F9_03.5	GCA_049642705.1	JBARPB000000000	SAMN40011960	Candidatus Omnitrophota bacterium
PRJNA1071982	MFD13425_ilm_asm_bin19	LIB-MJ390-D9_03.19	GCA_049643885.1	JBARQV000000000	SAMN40011914	Candidatus Omnitrophota bacterium
PRJNA1071982	MFD13426_ilm_asm_bin23	LIB-MJ390-C9_03.23	GCA_049644745.1	JBARSM000000000	SAMN40011871	Candidatus Omnitrophota bacterium
PRJNA1071982	MFD13434_ilm_asm_bin14	LIB-MJ390-C8_03.14	GCA_049644805.1	JBARSP000000000	SAMN40011868	Candidatus Omnitrophota bacterium
PRJNA1071982	MFD13429_ilm_asm_bin15	LIB-MJ390-H8_03.15	GCA_049642065.1	JBAROK000000000	SAMN40011977	Candidatus Omnitrophota bacterium
PRJNA1071982	MFD13437_ilm_asm_bin10	LIB-MJ390-H7_03.10	GCA_049642145.1	JBAROO000000000	SAMN40011973	Candidatus Omnitrophota bacterium
PRJNA1071982	MFD13437_ilm_asm_bin12	LIB-MJ390-H7_03.12	GCA_049642125.1	JBARON000000000	SAMN40011974	Candidatus Omnitrophota bacterium
PRJNA1071982	MFD13437_ilm_asm_bin22	LIB-MJ390-H7_03.22	GCA_049642105.1	JBAROM000000000	SAMN40011975	Candidatus Omnitrophota bacterium
PRJNA1071982	MFD13429_ilm_asm_bin31	LIB-MJ390-H8_03.31	GCA_049642015.1	JBAROI000000000	SAMN40011979	Candidatus Omnitrophota bacterium
PRJNA1071982	MFD13435_ilm_asm_bin23	LIB-MJ390-B8_03.23	GCA_049645485.1	JBARTY000000000	SAMN40011833	Candidatus Omnitrophota bacterium
PRJNA1071982	MFD13427_ilm_asm_bin28	LIB-MJ390-B9_03.28	GCA_049645445.1	JBARTW000000000	SAMN40011835	Candidatus Omnitrophota bacterium
PRJNA1071982	MFD13427_ilm_asm_bin9	LIB-MJ390-B9_03.9	GCA_049645405.1	JBARTU000000000	SAMN40011837	Candidatus Omnitrophota bacterium
PRJNA1071982	MFD13428_ilm_asm_bin19	LIB-MJ390-A9_03.19	GCA_049645965.1	JBARUY000000000	SAMN40011807	Candidatus Omnitrophota bacterium
PRJNA1071982	MFD12001_ilm_asm_bin4	LIB-MJ334-G9_01.4	GCA_049305675.1	JBAQPJ000000000	SAMN40010629	Candidatus Ozemobacteraceae bacterium
PRJNA1071982	MFD13439_ilm_asm_bin14	LIB-MJ390-F7_03.14	GCA_049643065.1	JBARPK000000000	SAMN40011951	Candidatus Phosphoribacter baldrii
PRJNA1071982	MFD10514_ilm_asm_bin36	LIB-MJ305-B8_04.36	GCA_049661945.1	JBATAR000000000	SAMN40009961	Candidatus Phosphoribacter baldrii
PRJNA1071982	MFD10492_ilm_asm_bin26	LIB-MJ305-D5_04.26	GCA_049292595.1	JBATRM000000000	SAMN40010030	Candidatus Phosphoribacter sp.
PRJNA1071982	MFD10469_ilm_asm_bin22	LIB-MJ305-C2_04.22	GCA_049661305.1	JBASZY000000000	SAMN40009980	Candidatus Promineifilaceae bacterium
PRJNA1071982	MFD10475_ilm_asm_bin31	LIB-MJ305-A3_04.31	GCA_049663385.1	JBATDI000000000	SAMN40009892	Candidatus Promineifilaceae bacterium
PRJNA1071982	MFD12960_ilm_asm_bin17	LIB-MJ388-H10_02.17	GCA_049650305.1	JBARZW000000000	SAMN40011679	Candidatus Promineifilaceae bacterium
PRJNA1071982	MFD10508_ilm_asm_bin33	LIB-MJ305-D7_04.33	GCA_049292375.1	JBATRA000000000	SAMN40010042	Candidatus Promineifilaceae bacterium
PRJNA1071982	MFD01065_ilm_asm_bin18	LIB-MJ091-H3_03.18	GCA_049281335.1	JBAPRX000000000	SAMN40007847	Candidatus Promineifilaceae bacterium
PRJNA1071982	MFD03047_ilm_asm_bin13	LIB-MJ167-E1_02.13	GCA_049689115.1	JBAVLP000000000	SAMN40008673	Candidatus Rhabdochlamydia sp.
PRJNA1071982	MFD10848_ilm_asm_bin6	LIB-MJ380-A11_03.6	GCA_049679255.1	JBAUFS000000000	SAMN40011260	Candidatus Rhabdochlamydia sp.
PRJNA1071982	MFD00210_ilm_asm_bin13	LIB-MJ044-F2_03.13	GCA_049285995.1	JBAQBB000000000	SAMN40007609	Candidatus Rhabdochlamydia sp.
PRJNA1071982	MFD12007_ilm_asm_bin4	LIB-MJ334-G10_01.4	GCA_049295635.1	JBAQRA000000000	SAMN40010586	Candidatus Rickettsiella isopodorum
PRJNA1071982	MFD12012_ilm_asm_bin31	LIB-MJ334-D11_01.31	GCA_049298755.1	JBAQWF000000000	SAMN40010451	Candidatus Rickettsiella isopodorum
PRJNA1071982	MFD02213_ilm_asm_bin3	LIB-MJ135-C11_04.3	GCA_049695175.1	JBAVRT000000000	SAMN40008513	Candidatus Rickettsiella isopodorum
PRJNA1071982	MFD09377_ilm_asm_bin3	LIB-MJ190-C6_02.3	GCA_049590855.1	JBAWDX000000000	SAMN40008831	Candidatus Rickettsiella isopodorum
PRJNA1071982	MFD04730_ilm_asm_bin5	LIB-MJ195-H8_01.5	GCA_049580205.1	JBAUPK000000000	SAMN40008985	Candidatus Rickettsiella isopodorum
PRJNA1071982	MFD02341_ilm_asm_bin9	LIB-MJ108-C7_02.9	GCA_049278755.1	JBAPMT000000000	SAMN40007981	Candidatus Rokuibacteriota bacterium
PRJNA1071982	MFD13492_ilm_asm_bin24	LIB-MJ413-A7_01.24	GCA_049659625.1	JBASPX000000000	SAMN40012024	Candidatus Saccharicenans sp.
PRJNA1071982	MFD13489_ilm_asm_bin69	LIB-MJ413-D7_01.69	GCA_049654545.1	JBASIA000000000	SAMN40012229	Candidatus Saccharicenans sp.
PRJNA1071982	MFD13448_ilm_asm_bin4	LIB-MJ390-E6_03.4	GCA_049643705.1	JBARQK000000000	SAMN40011925	Candidatus Saccharimonadaceae bacterium
PRJNA1071982	MFD13450_ilm_asm_bin86	LIB-MJ390-C6_03.86	GCA_049644865.1	JBARSV000000000	SAMN40011862	Candidatus Saccharimonadales bacterium
PRJNA1071982	MFD13450_ilm_asm_bin14	LIB-MJ390-C6_03.14	GCA_049645045.1	JBARTD000000000	SAMN40011854	Candidatus Saccharimonadales bacterium
PRJNA1071982	MFD12901_ilm_asm_bin7	LIB-MJ413-F6_01.7	GCA_049651625.1	JBASCL000000000	SAMN40012376	Candidatus Saccharimonadales bacterium
PRJNA1071982	MFD12109_ilm_asm_bin39	LIB-MJ413-C1_01.39	GCA_049656505.1	JBASLU000000000	SAMN40012131	Candidatus Saccharimonadales bacterium
PRJNA1071982	MFD10460_ilm_asm_bin22	LIB-MJ305-B1_04.22	GCA_049662865.1	JBATCL000000000	SAMN40009915	Candidatus Saccharimonadales bacterium
PRJNA1071982	MFD10491_ilm_asm_bin31	LIB-MJ305-C5_04.31	GCA_049661165.1	JBASZU000000000	SAMN40009984	Candidatus Saccharimonadales bacterium
PRJNA1071982	MFD10499_ilm_asm_bin49	LIB-MJ305-C6_04.49	GCA_049660905.1	JBASZN000000000	SAMN40009991	Candidatus Saccharimonadales bacterium
PRJNA1071982	MFD10514_ilm_asm_bin39	LIB-MJ305-B8_04.39	GCA_049661905.1	JBATAP000000000	SAMN40009963	Candidatus Saccharimonadales bacterium
PRJNA1071982	MFD03300_ilm_asm_bin1	LIB-MJ353-D7_03.1	GCA_049790715.1	JBAQZF000000000	SAMN40011173	Candidatus Saccharimonadales bacterium
PRJNA1071982	MFD10595_ilm_asm_bin5	LIB-MJ334-C7_01.5	GCA_049299035.1	JBAQWS000000000	SAMN40010438	Candidatus Saccharimonadales bacterium
PRJNA1071982	MFD12012_ilm_asm_bin23	LIB-MJ334-D11_01.23	GCA_049298775.1	JBAQWG000000000	SAMN40010450	Candidatus Saccharimonadales bacterium
PRJNA1071982	MFD10595_ilm_asm_bin26	LIB-MJ334-C7_01.26	GCA_049299135.1	JBAQWX000000000	SAMN40010433	Candidatus Saccharimonadales bacterium
PRJNA1071982	MFD12015_ilm_asm_bin4	LIB-MJ334-G11_01.4	GCA_049295575.1	JBAQQX000000000	SAMN40010589	Candidatus Saccharimonadales bacterium
PRJNA1071982	MFD10515_ilm_asm_bin21	LIB-MJ305-C8_04.21	GCA_049293335.1	JBATSO000000000	SAMN40010002	Candidatus Saccharimonadales bacterium
PRJNA1071982	MFD10470_ilm_asm_bin33	LIB-MJ305-D2_04.33	GCA_049292975.1	JBATRZ000000000	SAMN40010017	Candidatus Saccharimonadales bacterium
PRJNA1071982	MFD10525_ilm_asm_bin12	LIB-MJ305-E9_04.12	GCA_049291395.1	JBATPJ000000000	SAMN40010085	Candidatus Saccharimonadales bacterium
PRJNA1071982	MFD10525_ilm_asm_bin22	LIB-MJ305-E9_04.22	GCA_049291335.1	JBATPG000000000	SAMN40010088	Candidatus Saccharimonadales bacterium
PRJNA1071982	MFD10472_ilm_asm_bin65	LIB-MJ305-F2_04.65	GCA_049290995.1	JBATOO000000000	SAMN40010106	Candidatus Saccharimonadales bacterium
PRJNA1071982	MFD10539_ilm_asm_bin36	LIB-MJ305-E11_04.36	GCA_049291855.1	JBATQD000000000	SAMN40010065	Candidatus Saccharimonadales bacterium
PRJNA1071982	MFD12003_ilm_asm_bin72	LIB-MJ334-A10_01.72	GCA_049286925.1	JBAQEV000000000	SAMN40010304	Candidatus Saccharimonadales bacterium
PRJNA1071982	MFD10512_ilm_asm_bin23	LIB-MJ305-H7_04.23	GCA_049289035.1	JBAQIV000000000	SAMN40010200	Candidatus Saccharimonadales bacterium
PRJNA1071982	MFD12002_ilm_asm_bin33	LIB-MJ334-H9_01.33	GCA_049304115.1	JBAQNW000000000	SAMN40010669	Candidatus Saccharimonadales bacterium
PRJNA1071982	MFD10512_ilm_asm_bin63	LIB-MJ305-H7_04.63	GCA_049288955.1	JBAQIS000000000	SAMN40010203	Candidatus Saccharimonas aalborgensis
PRJNA1071982	MFD10518_ilm_asm_bin39	LIB-MJ305-F8_04.39	GCA_049290535.1	JBATNU000000000	SAMN40010126	Candidatus Saccharimonas aalborgensis
PRJNA1071982	MFD10525_ilm_asm_bin38	LIB-MJ305-E9_04.38	GCA_049291315.1	JBATPE000000000	SAMN40010090	Candidatus Saccharimonas aalborgensis
PRJNA1071982	MFD10515_ilm_asm_bin17	LIB-MJ305-C8_04.17	GCA_049293355.1	JBATSP000000000	SAMN40010001	Candidatus Saccharimonas aalborgensis
PRJNA1071982	MFD10595_ilm_asm_bin21	LIB-MJ334-C7_01.21	GCA_049299155.1	JBAQWY000000000	SAMN40010432	Candidatus Saccharimonas aalborgensis
PRJNA1071982	MFD10491_ilm_asm_bin14	LIB-MJ305-C5_04.14	GCA_049661185.1	JBASZV000000000	SAMN40009983	Candidatus Saccharimonas aalborgensis
PRJNA1071982	MFD13441_ilm_asm_bin36	LIB-MJ390-D7_03.36	GCA_049644225.1	JBARRM000000000	SAMN40011897	Candidatus Saccharimonas aalborgensis
PRJNA1071982	MFD13439_ilm_asm_bin1	LIB-MJ390-F7_03.1	GCA_049643045.1	JBARPL000000000	SAMN40011950	Candidatus Saccharimonas aalborgensis
PRJNA1071982	MFD10499_ilm_asm_bin44	LIB-MJ305-C6_04.44	GCA_049660945.1	JBASZO000000000	SAMN40009990	Candidatus Saccharimonas sp.
PRJNA1071982	MFD10499_ilm_asm_bin22	LIB-MJ305-C6_04.22	GCA_049661045.1	JBASZR000000000	SAMN40009987	Candidatus Saccharimonas sp.
PRJNA1071982	MFD10460_ilm_asm_bin6	LIB-MJ305-B1_04.6	GCA_049662805.1	JBATCI000000000	SAMN40009918	Candidatus Saccharimonas sp.
PRJNA1071982	MFD10515_ilm_asm_bin26	LIB-MJ305-C8_04.26	GCA_049293315.1	JBATSN000000000	SAMN40010003	Candidatus Saccharimonas sp.
PRJNA1071982	MFD10531_ilm_asm_bin47	LIB-MJ305-D10_04.47	GCA_049293215.1	JBATSI000000000	SAMN40010008	Candidatus Saccharimonas sp.
PRJNA1071982	MFD03232_ilm_asm_bin57	LIB-MJ413-H5_01.57	GCA_049274815.1	JBASTI000000000	SAMN40012552	Candidatus Spechtbacterales bacterium
PRJNA1071982	MFD05738_ilm_asm_bin9	LIB-MJ196-A4_02.9	GCA_049580145.1	JBAUPG000000000	SAMN40008989	Candidatus Sulfotelmatobacter sp.
PRJNA1071982	MFD09680_ilm_asm_bin19	LIB-MJ196-E11_02.19	GCA_049579935.1	JBAUOV000000000	SAMN40009000	Candidatus Sulfotelmatobacter sp.
PRJNA1071982	MFD04821_ilm_asm_bin38	LIB-MJ197-D7_03_v_LIB-MJ366-D7_03.38	GCA_049579505.1	JBAUOA000000000	SAMN40009021	Candidatus Sulfotelmatobacter sp.
PRJNA1071982	MFD04821_ilm_asm_bin50	LIB-MJ197-D7_03_v_LIB-MJ366-D7_03.50	GCA_049579485.1	JBAUNZ000000000	SAMN40009022	Candidatus Sulfotelmatobacter sp.
PRJNA1071982	MFD04956_ilm_asm_bin35	LIB-MJ195-H1_01_v_LIB-MJ415-F7_04.35	GCA_049580245.1	JBAUPN000000000	SAMN40008982	Candidatus Sulfotelmatobacter sp.
PRJNA1071982	MFD04956_ilm_asm_bin36	LIB-MJ195-H1_01_v_LIB-MJ415-F7_04.36	GCA_049580225.1	JBAUPM000000000	SAMN40008983	Candidatus Sulfotelmatobacter sp.
PRJNA1071982	MFD05367_ilm_asm_bin8	LIB-MJ259-H9_04.8	GCA_049580505.1	JBAUQE000000000	SAMN40009589	Candidatus Sulfotelmatobacter sp.
PRJNA1071982	MFD09440_ilm_asm_bin10	LIB-MJ195-F6_01.10	GCA_049580485.1	JBAUQB000000000	SAMN40008968	Candidatus Sulfotelmatobacter sp.
PRJNA1071982	MFD09440_ilm_asm_bin20	LIB-MJ195-F6_01.20	GCA_049580465.1	JBAUPZ000000000	SAMN40008970	Candidatus Sulfotelmatobacter sp.
PRJNA1071982	MFD01765_ilm_asm_bin19	LIB-MJ199-D9_04.19	GCA_049578665.1	JBAUML000000000	SAMN40009062	Candidatus Sulfotelmatobacter sp.
PRJNA1071982	MFD04799_ilm_asm_bin11	LIB-MJ199-A11_04.11	GCA_049578825.1	JBAUMT000000000	SAMN40009054	Candidatus Sulfotelmatobacter sp.
PRJNA1071982	MFD04799_ilm_asm_bin9	LIB-MJ199-A11_04.9	GCA_049578785.1	JBAUMR000000000	SAMN40009056	Candidatus Sulfotelmatobacter sp.
PRJNA1071982	MFD05564_ilm_asm_bin24	LIB-MJ198-D8_03.24	GCA_049579125.1	JBAUNH000000000	SAMN40009040	Candidatus Sulfotelmatobacter sp.
PRJNA1071982	MFD05564_ilm_asm_bin9	LIB-MJ198-D8_03.9	GCA_049579065.1	JBAUNE000000000	SAMN40009043	Candidatus Sulfotelmatobacter sp.
PRJNA1071982	MFD04908_ilm_asm_bin8	LIB-MJ198-A10_03.8	GCA_049579285.1	JBAUNO000000000	SAMN40009033	Candidatus Sulfotelmatobacter sp.
PRJNA1071982	MFD09340_ilm_asm_bin13	LIB-MJ197-H1_03_v_LIB-MJ415-G8_04.13	GCA_049579365.1	JBAUNT000000000	SAMN40009028	Candidatus Sulfotelmatobacter sp.
PRJNA1071982	MFD04908_ilm_asm_bin33	LIB-MJ198-A10_03.33	GCA_049579325.1	JBAUNQ000000000	SAMN40009031	Candidatus Sulfotelmatobacter sp.
PRJNA1071982	MFD01373_ilm_asm_bin5	LIB-MJ197-B5_03.5	GCA_049579545.1	JBAUOC000000000	SAMN40009019	Candidatus Sulfotelmatobacter sp.
PRJNA1071982	MFD02412_ilm_asm_bin16	LIB-MJ213-C6_01.16	GCA_049577765.1	JBAUKR000000000	SAMN40009108	Candidatus Sulfotelmatobacter sp.
PRJNA1071982	MFD02170_ilm_asm_bin10	LIB-MJ214-G1_02.10	GCA_049577685.1	JBAUKO000000000	SAMN40009111	Candidatus Sulfotelmatobacter sp.
PRJNA1071982	MFD02439_ilm_asm_bin30	LIB-MJ217-G1_03_v_LIB-MJ406-G8_04.30	GCA_049577325.1	JBAUJW000000000	SAMN40009129	Candidatus Sulfotelmatobacter sp.
PRJNA1071982	MFD04941_ilm_asm_bin14	LIB-MJ191-A6_04.14	GCA_049590595.1	JBAWDF000000000	SAMN40008849	Candidatus Sulfotelmatobacter sp.
PRJNA1071982	MFD01528_ilm_asm_bin50	LIB-MJ177-H5_03.50	GCA_049591075.1	JBAWEG000000000	SAMN40008822	Candidatus Sulfotelmatobacter sp.
PRJNA1071982	MFD01528_ilm_asm_bin15	LIB-MJ177-H5_03.15	GCA_049591155.1	JBAWEK000000000	SAMN40008818	Candidatus Sulfotelmatobacter sp.
PRJNA1071982	MFD01528_ilm_asm_bin18	LIB-MJ177-H5_03.18	GCA_049591135.1	JBAWEJ000000000	SAMN40008819	Candidatus Sulfotelmatobacter sp.
PRJNA1071982	MFD04918_ilm_asm_bin26	LIB-MJ190-B4_02_v_LIB-MJ410-B7_02.26	GCA_049590975.1	JBAWEB000000000	SAMN40008827	Candidatus Sulfotelmatobacter sp.
PRJNA1071982	MFD01509_ilm_asm_bin22	LIB-MJ177-B4_03.22	GCA_049591895.1	JBAWFM000000000	SAMN40008790	Candidatus Sulfotelmatobacter sp.
PRJNA1071982	MFD04494_ilm_asm_bin17	LIB-MJ176-H11_03.17	GCA_049592015.1	JBAWFP000000000	SAMN40008787	Candidatus Sulfotelmatobacter sp.
PRJNA1071982	MFD09455_ilm_asm_bin36	LIB-MJ192-E9_04.36	GCA_049589735.1	JBAWBI000000000	SAMN40008898	Candidatus Sulfotelmatobacter sp.
PRJNA1071982	MFD09399_ilm_asm_bin10	LIB-MJ192-G9_04.10	GCA_049589695.1	JBAWBG000000000	SAMN40008900	Candidatus Sulfotelmatobacter sp.
PRJNA1071982	MFD04936_ilm_asm_bin27	LIB-MJ192-C1_04.27	GCA_049589975.1	JBAWBV000000000	SAMN40008885	Candidatus Sulfotelmatobacter sp.
PRJNA1071982	MFD09503_ilm_asm_bin27	LIB-MJ191-F6_04.27	GCA_049590235.1	JBAWCK000000000	SAMN40008870	Candidatus Sulfotelmatobacter sp.
PRJNA1071982	MFD09503_ilm_asm_bin8	LIB-MJ191-F6_04.8	GCA_049590215.1	JBAWCJ000000000	SAMN40008871	Candidatus Sulfotelmatobacter sp.
PRJNA1071982	MFD09615_ilm_asm_bin44	LIB-MJ191-B1_04_v_LIB-MJ405-G9_01.44	GCA_049590515.1	JBAWDA000000000	SAMN40008854	Candidatus Sulfotelmatobacter sp.
PRJNA1071982	MFD04972_ilm_asm_bin19	LIB-MJ191-C5_04.19	GCA_049590375.1	JBAWCS000000000	SAMN40008862	Candidatus Sulfotelmatobacter sp.
PRJNA1071982	MFD04928_ilm_asm_bin10	LIB-MJ226-G10_01.10	GCA_049587875.1	JBAVET000000000	SAMN40009215	Candidatus Sulfotelmatobacter sp.
PRJNA1071982	MFD04601_ilm_asm_bin7	LIB-MJ226-E9_01.7	GCA_049587915.1	JBAVEV000000000	SAMN40009213	Candidatus Sulfotelmatobacter sp.
PRJNA1071982	MFD04928_ilm_asm_bin33	LIB-MJ226-G10_01.33	GCA_049587735.1	JBAVEM000000000	SAMN40009222	Candidatus Sulfotelmatobacter sp.
PRJNA1071982	MFD06055_ilm_asm_bin8	LIB-MJ230-C7_03.8	GCA_049586555.1	JBAVCE000000000	SAMN40009282	Candidatus Sulfotelmatobacter sp.
PRJNA1071982	MFD04757_ilm_asm_bin13	LIB-MJ195-D8_01.13	GCA_049588455.1	JBAVYW000000000	SAMN40008962	Candidatus Sulfotelmatobacter sp.
PRJNA1071982	MFD01830_ilm_asm_bin37	LIB-MJ195-D11_01_v_LIB-MJ415-B8_04.37	GCA_049588495.1	JBAVYY000000000	SAMN40008960	Candidatus Sulfotelmatobacter sp.
PRJNA1071982	MFD09508_ilm_asm_bin6	LIB-MJ194-D10_04.6	GCA_049588875.1	JBAVZR000000000	SAMN40008941	Candidatus Sulfotelmatobacter sp.
PRJNA1071982	MFD04613_ilm_asm_bin21	LIB-MJ194-C2_04.21	GCA_049588915.1	JBAVZU000000000	SAMN40008938	Candidatus Sulfotelmatobacter sp.
PRJNA1071982	MFD09357_ilm_asm_bin7	LIB-MJ255-C4_02_v_LIB-MJ405-B9_01.7	GCA_049582885.1	JBAUUV000000000	SAMN40009468	Candidatus Sulfotelmatobacter sp.
PRJNA1071982	MFD05565_ilm_asm_bin11	LIB-MJ256-A5_03.11	GCA_049582305.1	JBAUTT000000000	SAMN40009496	Candidatus Sulfotelmatobacter sp.
PRJNA1071982	MFD09659_ilm_asm_bin24	LIB-MJ254-F8_02.24	GCA_049583445.1	JBAUVW000000000	SAMN40009441	Candidatus Sulfotelmatobacter sp.
PRJNA1071982	MFD04752_ilm_asm_bin12	LIB-MJ254-G11_02.12	GCA_049583325.1	JBAUVR000000000	SAMN40009446	Candidatus Sulfotelmatobacter sp.
PRJNA1071982	MFD09220_ilm_asm_bin28	LIB-MJ254-F11_02.28	GCA_049583505.1	JBAUVZ000000000	SAMN40009438	Candidatus Sulfotelmatobacter sp.
PRJNA1071982	MFD04227_ilm_asm_bin12	LIB-MJ254-H9_02.12	GCA_049583165.1	JBAUVJ000000000	SAMN40009454	Candidatus Sulfotelmatobacter sp.
PRJNA1071982	MFD04752_ilm_asm_bin7	LIB-MJ254-G11_02.7	GCA_049583245.1	JBAUVN000000000	SAMN40009450	Candidatus Sulfotelmatobacter sp.
PRJNA1071982	MFD01947_ilm_asm_bin3	LIB-MJ259-A2_04.3	GCA_049581625.1	JBAUSI000000000	SAMN40009533	Candidatus Sulfotelmatobacter sp.
PRJNA1071982	MFD05778_ilm_asm_bin9	LIB-MJ256-E7_03.9	GCA_049582085.1	JBAUTE000000000	SAMN40009511	Candidatus Sulfotelmatobacter sp.
PRJNA1071982	MFD09264_ilm_asm_bin47	LIB-MJ256-B4_03.47	GCA_049582225.1	JBAUTN000000000	SAMN40009502	Candidatus Sulfotelmatobacter sp.
PRJNA1071982	MFD02138_ilm_asm_bin1	LIB-MJ259-G6_04.1	GCA_049580945.1	JBAUQY000000000	SAMN40009569	Candidatus Sulfotelmatobacter sp.
PRJNA1071982	MFD09222_ilm_asm_bin24	LIB-MJ259-B6_04.24	GCA_049581425.1	JBAURY000000000	SAMN40009543	Candidatus Sulfotelmatobacter sp.
PRJNA1071982	MFD09222_ilm_asm_bin28	LIB-MJ259-B6_04.28	GCA_049581385.1	JBAURX000000000	SAMN40009544	Candidatus Sulfotelmatobacter sp.
PRJNA1071982	MFD01947_ilm_asm_bin5	LIB-MJ259-A2_04.5	GCA_049581545.1	JBAUSE000000000	SAMN40009537	Candidatus Sulfotelmatobacter sp.
PRJNA1071982	MFD09567_ilm_asm_bin36	LIB-MJ231-B7_04.36	GCA_049586155.1	JBAVBL000000000	SAMN40009301	Candidatus Sulfotelmatobacter sp.
PRJNA1071982	MFD09567_ilm_asm_bin25	LIB-MJ231-B7_04.25	GCA_049586235.1	JBAVBO000000000	SAMN40009298	Candidatus Sulfotelmatobacter sp.
PRJNA1071982	MFD09645_ilm_asm_bin7	LIB-MJ230-H10_03.7	GCA_049586335.1	JBAVBU000000000	SAMN40009292	Candidatus Sulfotelmatobacter sp.
PRJNA1071982	MFD09265_ilm_asm_bin40	LIB-MJ250-F2_04_v_LIB-MJ365-F2_03.40	GCA_049585435.1	JBAUZU000000000	SAMN40009341	Candidatus Sulfotelmatobacter sp.
PRJNA1071982	MFD09281_ilm_asm_bin61	LIB-MJ250-D5_04_v_LIB-MJ365-D5_03.61	GCA_049585535.1	JBAVAB000000000	SAMN40009335	Candidatus Sulfotelmatobacter sp.
PRJNA1071982	MFD09209_ilm_asm_bin20	LIB-MJ250-H10_04.20	GCA_049585295.1	JBAUZM000000000	SAMN40009348	Candidatus Sulfotelmatobacter sp.
PRJNA1071982	MFD09276_ilm_asm_bin21	LIB-MJ251-A10_04.21	GCA_049585155.1	JBAUZE000000000	SAMN40009355	Candidatus Sulfotelmatobacter sp.
PRJNA1071982	MFD09288_ilm_asm_bin18	LIB-MJ250-C2_04_v_LIB-MJ365-C2_03.18	GCA_049585895.1	JBAVAV000000000	SAMN40009317	Candidatus Sulfotelmatobacter sp.
PRJNA1071982	MFD09235_ilm_asm_bin6	LIB-MJ250-C5_04_v_LIB-MJ365-C5_03.6	GCA_049585715.1	JBAVAM000000000	SAMN40009326	Candidatus Sulfotelmatobacter sp.
PRJNA1071982	MFD06943_ilm_asm_bin13	LIB-MJ251-C4_04.13	GCA_049585015.1	JBAUYX000000000	SAMN40009362	Candidatus Sulfotelmatobacter sp.
PRJNA1071982	MFD06940_ilm_asm_bin19	LIB-MJ251-C7_04.19	GCA_049584955.1	JBAUYU000000000	SAMN40009365	Candidatus Sulfotelmatobacter sp.
PRJNA1071982	MFD09290_ilm_asm_bin7	LIB-MJ251-G11_04_v_LIB-MJ409-D8_01.7	GCA_049584615.1	JBAUYE000000000	SAMN40009381	Candidatus Sulfotelmatobacter sp.
PRJNA1071982	MFD10074_ilm_asm_bin4	LIB-MJ252-C1_02.4	GCA_049584475.1	JBAUXX000000000	SAMN40009388	Candidatus Sulfotelmatobacter sp.
PRJNA1071982	MFD09290_ilm_asm_bin24	LIB-MJ251-G11_04_v_LIB-MJ409-D8_01.24	GCA_049584675.1	JBAUYG000000000	SAMN40009379	Candidatus Sulfotelmatobacter sp.
PRJNA1071982	MFD09277_ilm_asm_bin19	LIB-MJ253-D6_01.19	GCA_049584035.1	JBAUXA000000000	SAMN40009411	Candidatus Sulfotelmatobacter sp.
PRJNA1071982	MFD09282_ilm_asm_bin26	LIB-MJ252-G3_02.26	GCA_049584315.1	JBAUXO000000000	SAMN40009397	Candidatus Sulfotelmatobacter sp.
PRJNA1071982	MFD09225_ilm_asm_bin10	LIB-MJ254-E10_02.10	GCA_049583875.1	JBAUWR000000000	SAMN40009420	Candidatus Sulfotelmatobacter sp.
PRJNA1071982	MFD09225_ilm_asm_bin29	LIB-MJ254-E10_02.29	GCA_049583855.1	JBAUWQ000000000	SAMN40009421	Candidatus Sulfotelmatobacter sp.
PRJNA1071982	MFD05575_ilm_asm_bin7	LIB-MJ173-C6_01.7	GCA_049593915.1	JBAWHN000000000	SAMN40008737	Candidatus Sulfotelmatobacter sp.
PRJNA1071982	MFD01756_ilm_asm_bin10	LIB-MJ175-D1_02.10	GCA_049592635.1	JBAWGG000000000	SAMN40008770	Candidatus Sulfotelmatobacter sp.
PRJNA1071982	MFD05621_ilm_asm_bin45	LIB-MJ175-A8_02_v_LIB-MJ368-A8_01.45	GCA_049592775.1	JBAWGK000000000	SAMN40008766	Candidatus Sulfotelmatobacter sp.
PRJNA1071982	MFD04523_ilm_asm_bin20	LIB-MJ175-B10_02_v_LIB-MJ368-B10_01.20	GCA_049592755.1	JBAWGJ000000000	SAMN40008767	Candidatus Sulfotelmatobacter sp.
PRJNA1071982	MFD05515_ilm_asm_bin33	LIB-MJ175-D4_02.33	GCA_049592535.1	JBAWGD000000000	SAMN40008773	Candidatus Sulfotelmatobacter sp.
PRJNA1071982	MFD05605_ilm_asm_bin22	LIB-MJ174-G5_01.22	GCA_049593075.1	JBAWGR000000000	SAMN40008759	Candidatus Sulfotelmatobacter sp.
PRJNA1071982	MFD05752_ilm_asm_bin4	LIB-MJ173-H4_01.4	GCA_049593615.1	JBAWHF000000000	SAMN40008745	Candidatus Sulfotelmatobacter sp.
PRJNA1071982	MFD04658_ilm_asm_bin29	LIB-MJ174-A2_01.29	GCA_049593535.1	JBAWHD000000000	SAMN40008747	Candidatus Sulfotelmatobacter sp.
PRJNA1071982	MFD04658_ilm_asm_bin6	LIB-MJ174-A2_01.6	GCA_049593415.1	JBAWHA000000000	SAMN40008750	Candidatus Sulfotelmatobacter sp.
PRJNA1071982	MFD01828_ilm_asm_bin6	LIB-MJ130-B10_01.6	GCA_049697835.1	JBAVWN000000000	SAMN40008389	Candidatus Sulfotelmatobacter sp.
PRJNA1071982	MFD01828_ilm_asm_bin5	LIB-MJ130-B10_01.5	GCA_049697875.1	JBAVWO000000000	SAMN40008388	Candidatus Sulfotelmatobacter sp.
PRJNA1071982	MFD00992_ilm_asm_bin1	LIB-MJ110-E7_04.1	GCA_049698455.1	JBAVXV000000000	SAMN40008355	Candidatus Sulfotelmatobacter sp.
PRJNA1071982	MFD01832_ilm_asm_bin3	LIB-MJ135-E4_04.3	GCA_049695095.1	JBAVRO000000000	SAMN40008518	Candidatus Sulfotelmatobacter sp.
PRJNA1071982	MFD01843_ilm_asm_bin5	LIB-MJ135-A2_04.5	GCA_049695295.1	JBAVRX000000000	SAMN40008509	Candidatus Sulfotelmatobacter sp.
PRJNA1071982	MFD02202_ilm_asm_bin31	LIB-MJ134-E11_03.31	GCA_049695495.1	JBAVSH000000000	SAMN40008499	Candidatus Sulfotelmatobacter sp.
PRJNA1071982	MFD02178_ilm_asm_bin10	LIB-MJ134-E2_03.10	GCA_049695475.1	JBAVSG000000000	SAMN40008500	Candidatus Sulfotelmatobacter sp.
PRJNA1071982	MFD02476_ilm_asm_bin19	LIB-MJ134-E8_03_v_LIB-MJ404-A8_03.19	GCA_049695415.1	JBAVSD000000000	SAMN40008503	Candidatus Sulfotelmatobacter sp.
PRJNA1071982	MFD01675_ilm_asm_bin6	LIB-MJ134-B2_03.6	GCA_049695915.1	JBAVTB000000000	SAMN40008479	Candidatus Sulfotelmatobacter sp.
PRJNA1071982	MFD01567_ilm_asm_bin23	LIB-MJ134-C1_03.23	GCA_049695675.1	JBAVSR000000000	SAMN40008489	Candidatus Sulfotelmatobacter sp.
PRJNA1071982	MFD02541_ilm_asm_bin17	LIB-MJ134-D7_03.17	GCA_049695595.1	JBAVSM000000000	SAMN40008494	Candidatus Sulfotelmatobacter sp.
PRJNA1071982	MFD02541_ilm_asm_bin27	LIB-MJ134-D7_03.27	GCA_049695555.1	JBAVSL000000000	SAMN40008495	Candidatus Sulfotelmatobacter sp.
PRJNA1071982	MFD02913_ilm_asm_bin16	LIB-MJ132-H3_03.16	GCA_049696595.1	JBAVUD000000000	SAMN40008451	Candidatus Sulfotelmatobacter sp.
PRJNA1071982	MFD02671_ilm_asm_bin27	LIB-MJ132-G8_03.27	GCA_049696655.1	JBAVUG000000000	SAMN40008448	Candidatus Sulfotelmatobacter sp.
PRJNA1071982	MFD02578_ilm_asm_bin9	LIB-MJ132-D2_03.9	GCA_049696955.1	JBAVUV000000000	SAMN40008433	Candidatus Sulfotelmatobacter sp.
PRJNA1071982	MFD00689_ilm_asm_bin11	LIB-MJ139-C1_01.11	GCA_049693675.1	JBAVQD000000000	SAMN40008555	Candidatus Sulfotelmatobacter sp.
PRJNA1071982	MFD01685_ilm_asm_bin17	LIB-MJ139-A8_01.17	GCA_049693855.1	JBAVQG000000000	SAMN40008552	Candidatus Sulfotelmatobacter sp.
PRJNA1071982	MFD03044_ilm_asm_bin23	LIB-MJ167-G7_02.23	GCA_049688895.1	JBAVLJ000000000	SAMN40008679	Candidatus Sulfotelmatobacter sp.
PRJNA1071982	MFD03044_ilm_asm_bin6	LIB-MJ167-G7_02.6	GCA_049688875.1	JBAVLI000000000	SAMN40008680	Candidatus Sulfotelmatobacter sp.
PRJNA1071982	MFD05580_ilm_asm_bin6	LIB-MJ173-A9_01.6	GCA_049687735.1	JBAVJL000000000	SAMN40008729	Candidatus Sulfotelmatobacter sp.
PRJNA1071982	MFD05575_ilm_asm_bin12	LIB-MJ173-C6_01.12	GCA_049687695.1	JBAVJI000000000	SAMN40008732	Candidatus Sulfotelmatobacter sp.
PRJNA1071982	MFD05575_ilm_asm_bin16	LIB-MJ173-C6_01.16	GCA_049687675.1	JBAVJH000000000	SAMN40008733	Candidatus Sulfotelmatobacter sp.
PRJNA1071982	MFD02380_ilm_asm_bin8	LIB-MJ261-D6_01.8	GCA_049687395.1	JBAVIZ000000000	SAMN40009599	Candidatus Sulfotelmatobacter sp.
PRJNA1071982	MFD01317_ilm_asm_bin35	LIB-MJ140-B4_02.35	GCA_049692535.1	JBAVOY000000000	SAMN40008586	Candidatus Sulfotelmatobacter sp.
PRJNA1071982	MFD10772_ilm_asm_bin8	LIB-MJ354-H3_04_v_LIB-MJ367-H3_04.8	GCA_049679365.1	JBAUFW000000000	SAMN40011256	Candidatus Sulfotelmatobacter sp.
PRJNA1071982	MFD10772_ilm_asm_bin4	LIB-MJ354-H3_04_v_LIB-MJ367-H3_04.4	GCA_049679465.1	JBAUGB000000000	SAMN40011251	Candidatus Sulfotelmatobacter sp.
PRJNA1071982	MFD10737_ilm_asm_bin31	LIB-MJ381-B1_02.31	GCA_049678705.1	JBAUEQ000000000	SAMN40011288	Candidatus Sulfotelmatobacter sp.
PRJNA1071982	MFD10751_ilm_asm_bin46	LIB-MJ383-H8_01.46	GCA_049674805.1	JBATZP000000000	SAMN40011419	Candidatus Sulfotelmatobacter sp.
PRJNA1071982	MFD10734_ilm_asm_bin25	LIB-MJ383-H10_01.25	GCA_049675725.1	JBAUAN000000000	SAMN40011395	Candidatus Sulfotelmatobacter sp.
PRJNA1071982	MFD11088_ilm_asm_bin10	LIB-MJ382-E11_02.10	GCA_049677865.1	JBAUDB000000000	SAMN40011329	Candidatus Sulfotelmatobacter sp.
PRJNA1071982	MFD10721_ilm_asm_bin28	LIB-MJ382-E7_02.28	GCA_049677725.1	JBAUCV000000000	SAMN40011335	Candidatus Sulfotelmatobacter sp.
PRJNA1071982	MFD10793_ilm_asm_bin11	LIB-MJ382-F11_02.11	GCA_049677705.1	JBAUCU000000000	SAMN40011336	Candidatus Sulfotelmatobacter sp.
PRJNA1071982	MFD10722_ilm_asm_bin40	LIB-MJ383-D1_01.40	GCA_049677125.1	JBAUBU000000000	SAMN40011362	Candidatus Sulfotelmatobacter sp.
PRJNA1071982	MFD06932_ilm_asm_bin40	LIB-MJ282-C1_03.40	GCA_049684755.1	JBAVGI000000000	SAMN40009668	Candidatus Sulfotelmatobacter sp.
PRJNA1071982	MFD03800_ilm_asm_bin19	LIB-MJ281-C1_01.19	GCA_049685415.1	JBAVHB000000000	SAMN40009649	Candidatus Sulfotelmatobacter sp.
PRJNA1071982	MFD06518_ilm_asm_bin34	LIB-MJ301-B3_01.34	GCA_049664205.1	JBATEV000000000	SAMN40009853	Candidatus Sulfotelmatobacter sp.
PRJNA1071982	MFD10792_ilm_asm_bin13	LIB-MJ386-C12_04.13	GCA_049672445.1	JBATWF000000000	SAMN40011507	Candidatus Sulfotelmatobacter sp.
PRJNA1071982	MFD10853_ilm_asm_bin13	LIB-MJ384-H5_01.13	GCA_049674405.1	JBATZB000000000	SAMN40011433	Candidatus Sulfotelmatobacter sp.
PRJNA1071982	MFD11053_ilm_asm_bin29	LIB-MJ385-D5_04.29	GCA_049673985.1	JBATYH000000000	SAMN40011453	Candidatus Sulfotelmatobacter sp.
PRJNA1071982	MFD05670_ilm_asm_bin21	LIB-MJ386-A10_04.21	GCA_049673585.1	JBATXV000000000	SAMN40011465	Candidatus Sulfotelmatobacter sp.
PRJNA1071982	MFD10871_ilm_asm_bin27	LIB-MJ390-F2_03.27	GCA_049643285.1	JBARPR000000000	SAMN40011944	Candidatus Sulfotelmatobacter sp.
PRJNA1071982	MFD06204_ilm_asm_bin8	LIB-MJ410-A4_02.8	GCA_049641845.1	JBARNZ000000000	SAMN40011988	Candidatus Sulfotelmatobacter sp.
PRJNA1071982	MFD04577_ilm_asm_bin16	LIB-MJ389-B5_03.16	GCA_049648815.1	JBARYZ000000000	SAMN40011702	Candidatus Sulfotelmatobacter sp.
PRJNA1071982	MFD10760_ilm_asm_bin35	LIB-MJ353-A2_03_v_LIB-MJ367-A2_03.35	GCA_049791455.1	JBAQZX000000000	SAMN40011154	Candidatus Sulfotelmatobacter sp.
PRJNA1071982	MFD10760_ilm_asm_bin4	LIB-MJ353-A2_03_v_LIB-MJ367-A2_03.4	GCA_049791315.1	JBAQZV000000000	SAMN40011156	Candidatus Sulfotelmatobacter sp.
PRJNA1071982	MFD05764_ilm_asm_bin279	LIB-MJ352-E7_03_v_LIB-MJ368-E7_01.279	GCA_049792875.1	JBARBI000000000	SAMN40011117	Candidatus Sulfotelmatobacter sp.
PRJNA1071982	MFD05764_ilm_asm_bin173	LIB-MJ352-E7_03_v_LIB-MJ368-E7_01.173	GCA_049793075.1	JBARBM000000000	SAMN40011113	Candidatus Sulfotelmatobacter sp.
PRJNA1071982	MFD10739_ilm_asm_bin19	LIB-MJ352-F2_03_v_LIB-MJ368-F2_01.19	GCA_049792515.1	JBARAY000000000	SAMN40011127	Candidatus Sulfotelmatobacter sp.
PRJNA1071982	MFD05826_ilm_asm_bin30	LIB-MJ352-C12_03_v_LIB-MJ368-C12_01.30	GCA_049793675.1	JBARCA000000000	SAMN40011099	Candidatus Sulfotelmatobacter sp.
PRJNA1071982	MFD10799_ilm_asm_bin3	LIB-MJ353-D9_03_v_LIB-MJ407-C4_04.3	GCA_049790635.1	JBAQZD000000000	SAMN40011175	Candidatus Sulfotelmatobacter sp.
PRJNA1071982	MFD06434_ilm_asm_bin17	LIB-MJ340-C4_01_v_LIB-MJ367-C4_03.17	GCA_049799895.1	JBARIT000000000	SAMN40010924	Candidatus Sulfotelmatobacter sp.
PRJNA1071982	MFD06434_ilm_asm_bin29	LIB-MJ340-C4_01_v_LIB-MJ367-C4_03.29	GCA_049799875.1	JBARIS000000000	SAMN40010925	Candidatus Sulfotelmatobacter sp.
PRJNA1071982	MFD06120_ilm_asm_bin48	LIB-MJ339-H6_03.48	GCA_049800035.1	JBARIZ000000000	SAMN40010918	Candidatus Sulfotelmatobacter sp.
PRJNA1071982	MFD06226_ilm_asm_bin11	LIB-MJ341-C5_02_v_LIB-MJ406-H1_04.11	GCA_049799555.1	JBARIC000000000	SAMN40010941	Candidatus Sulfotelmatobacter sp.
PRJNA1071982	MFD06604_ilm_asm_bin1	LIB-MJ341-H8_02_v_LIB-MJ367-H8_04.1	GCA_049798735.1	JBARHA000000000	SAMN40010969	Candidatus Sulfotelmatobacter sp.
PRJNA1071982	MFD06604_ilm_asm_bin5	LIB-MJ341-H8_02_v_LIB-MJ367-H8_04.5	GCA_049798715.1	JBARGZ000000000	SAMN40010970	Candidatus Sulfotelmatobacter sp.
PRJNA1071982	MFD06198_ilm_asm_bin15	LIB-MJ342-G11_02.15	GCA_049798075.1	JBARGI000000000	SAMN40010987	Candidatus Sulfotelmatobacter sp.
PRJNA1071982	MFD06216_ilm_asm_bin13	LIB-MJ342-G1_02.13	GCA_049798155.1	JBARGJ000000000	SAMN40010986	Candidatus Sulfotelmatobacter sp.
PRJNA1071982	MFD06470_ilm_asm_bin21	LIB-MJ341-D9_02_v_LIB-MJ406-B4_04.21	GCA_049799455.1	JBARHX000000000	SAMN40010946	Candidatus Sulfotelmatobacter sp.
PRJNA1071982	MFD06089_ilm_asm_bin36	LIB-MJ341-G9_02_v_LIB-MJ367-G9_04.36	GCA_049799015.1	JBARHH000000000	SAMN40010962	Candidatus Sulfotelmatobacter sp.
PRJNA1071982	MFD06507_ilm_asm_bin4	LIB-MJ341-H7_02_v_LIB-MJ367-H7_04.4	GCA_049798795.1	JBARHB000000000	SAMN40010968	Candidatus Sulfotelmatobacter sp.
PRJNA1071982	MFD06572_ilm_asm_bin4	LIB-MJ343-D7_01.4	GCA_049797355.1	JBARFP000000000	SAMN40011006	Candidatus Sulfotelmatobacter sp.
PRJNA1071982	MFD06088_ilm_asm_bin23	LIB-MJ344-G5_04.23	GCA_049796075.1	JBAREK000000000	SAMN40011037	Candidatus Sulfotelmatobacter sp.
PRJNA1071982	MFD06088_ilm_asm_bin27	LIB-MJ344-G5_04.27	GCA_049796055.1	JBAREJ000000000	SAMN40011038	Candidatus Sulfotelmatobacter sp.
PRJNA1071982	MFD06333_ilm_asm_bin17	LIB-MJ338-A4_04.17	GCA_049802215.1	JBARMA000000000	SAMN40010839	Candidatus Sulfotelmatobacter sp.
PRJNA1071982	MFD06333_ilm_asm_bin36	LIB-MJ338-A4_04.36	GCA_049802175.1	JBARLY000000000	SAMN40010841	Candidatus Sulfotelmatobacter sp.
PRJNA1071982	MFD06632_ilm_asm_bin34	LIB-MJ338-G11_04.34	GCA_049801815.1	JBARLG000000000	SAMN40010859	Candidatus Sulfotelmatobacter sp.
PRJNA1071982	MFD06632_ilm_asm_bin37	LIB-MJ338-G11_04.37	GCA_049801795.1	JBARLF000000000	SAMN40010860	Candidatus Sulfotelmatobacter sp.
PRJNA1071982	MFD09706_ilm_asm_bin2	LIB-MJ338-E10_04.2	GCA_049801975.1	JBARLN000000000	SAMN40010852	Candidatus Sulfotelmatobacter sp.
PRJNA1071982	MFD06459_ilm_asm_bin9	LIB-MJ338-H11_04.9	GCA_049801755.1	JBARLD000000000	SAMN40010862	Candidatus Sulfotelmatobacter sp.
PRJNA1071982	MFD10953_ilm_asm_bin47	LIB-MJ337-G3_03.47	GCA_049802435.1	JBARML000000000	SAMN40010828	Candidatus Sulfotelmatobacter sp.
PRJNA1071982	MFD06769_ilm_asm_bin10	LIB-MJ337-F1_03_v_LIB-MJ404-E1_03.10	GCA_049802675.1	JBARMX000000000	SAMN40010816	Candidatus Sulfotelmatobacter sp.
PRJNA1071982	MFD06769_ilm_asm_bin29	LIB-MJ337-F1_03_v_LIB-MJ404-E1_03.29	GCA_049802655.1	JBARMW000000000	SAMN40010817	Candidatus Sulfotelmatobacter sp.
PRJNA1071982	MFD06210_ilm_asm_bin8	LIB-MJ337-C11_03.8	GCA_049803095.1	JBARNS000000000	SAMN40010795	Candidatus Sulfotelmatobacter sp.
PRJNA1071982	MFD06118_ilm_asm_bin11	LIB-MJ337-C9_03.11	GCA_049802935.1	JBARNK000000000	SAMN40010803	Candidatus Sulfotelmatobacter sp.
PRJNA1071982	MFD06703_ilm_asm_bin8	LIB-MJ337-A10_03.8	GCA_049803155.1	JBARNV000000000	SAMN40010792	Candidatus Sulfotelmatobacter sp.
PRJNA1071982	MFD09930_ilm_asm_bin24	LIB-MJ353-B10_03_v_LIB-MJ407-H4_04.24	GCA_049803255.1	JBAUZP000000000	SAMN40011159	Candidatus Sulfotelmatobacter sp.
PRJNA1071982	MFD06650_ilm_asm_bin2	LIB-MJ339-H11_03_v_LIB-MJ405-E5_01.2	GCA_049800135.1	JBARJF000000000	SAMN40010912	Candidatus Sulfotelmatobacter sp.
PRJNA1071982	MFD06628_ilm_asm_bin7	LIB-MJ339-E9_03_v_LIB-MJ405-C4_01.7	GCA_049800335.1	JBARJP000000000	SAMN40010902	Candidatus Sulfotelmatobacter sp.
PRJNA1071982	MFD06651_ilm_asm_bin31	LIB-MJ339-D4_03.31	GCA_049800535.1	JBARJZ000000000	SAMN40010892	Candidatus Sulfotelmatobacter sp.
PRJNA1071982	MFD06091_ilm_asm_bin33	LIB-MJ339-C7_03.33	GCA_049801435.1	JBARKN000000000	SAMN40010878	Candidatus Sulfotelmatobacter sp.
PRJNA1071982	MFD06486_ilm_asm_bin16	LIB-MJ339-C1_03.16	GCA_049801495.1	JBARKQ000000000	SAMN40010875	Candidatus Sulfotelmatobacter sp.
PRJNA1071982	MFD06090_ilm_asm_bin12	LIB-MJ339-A8_03.12	GCA_049801615.1	JBARKW000000000	SAMN40010869	Candidatus Sulfotelmatobacter sp.
PRJNA1071982	MFD02188_ilm_asm_bin6	LIB-MJ107-D8_02_v_LIB-MJ405-G7_01.6	GCA_049278875.1	JBAPMZ000000000	SAMN40007975	Candidatus Sulfotelmatobacter sp.
PRJNA1071982	MFD01207_ilm_asm_bin11	LIB-MJ107-B6_02_v_LIB-MJ367-B6_03.11	GCA_049278915.1	JBAPNB000000000	SAMN40007973	Candidatus Sulfotelmatobacter sp.
PRJNA1071982	MFD03601_ilm_asm_bin11	LIB-MJ109-A3_01.11	GCA_049278575.1	JBAPMK000000000	SAMN40007990	Candidatus Sulfotelmatobacter sp.
PRJNA1071982	MFD03699_ilm_asm_bin17	LIB-MJ109-E4_01.17	GCA_049278435.1	JBAPMD000000000	SAMN40007997	Candidatus Sulfotelmatobacter sp.
PRJNA1071982	MFD00594_ilm_asm_bin29	LIB-MJ106-D11_01.29	GCA_049279555.1	JBAPOI000000000	SAMN40007940	Candidatus Sulfotelmatobacter sp.
PRJNA1071982	MFD00903_ilm_asm_bin21	LIB-MJ106-D7_01.21	GCA_049279495.1	JBAPOF000000000	SAMN40007943	Candidatus Sulfotelmatobacter sp.
PRJNA1071982	MFD01221_ilm_asm_bin2	LIB-MJ106-F9_01_v_LIB-MJ368-F9_04.2	GCA_049279355.1	JBAPNY000000000	SAMN40007950	Candidatus Sulfotelmatobacter sp.
PRJNA1071982	MFD06544_ilm_asm_bin32	LIB-MJ336-F1_02.32	GCA_049300335.1	JBAQJN000000000	SAMN40010782	Candidatus Sulfotelmatobacter sp.
PRJNA1071982	MFD06488_ilm_asm_bin30	LIB-MJ336-E7_02.30	GCA_049300415.1	JBAQJR000000000	SAMN40010778	Candidatus Sulfotelmatobacter sp.
PRJNA1071982	MFD06665_ilm_asm_bin15	LIB-MJ336-D3_02.15	GCA_049300495.1	JBAQJV000000000	SAMN40010774	Candidatus Sulfotelmatobacter sp.
PRJNA1071982	MFD09592_ilm_asm_bin21	LIB-MJ306-H3_01.21	GCA_049288375.1	JBAQHP000000000	SAMN40010232	Candidatus Sulfotelmatobacter sp.
PRJNA1071982	MFD09193_ilm_asm_bin11	LIB-MJ306-H4_01.11	GCA_049288315.1	JBAQHM000000000	SAMN40010235	Candidatus Sulfotelmatobacter sp.
PRJNA1071982	MFD09196_ilm_asm_bin4	LIB-MJ307-F8_01.4	GCA_049287545.1	JBAQGC000000000	SAMN40010271	Candidatus Sulfotelmatobacter sp.
PRJNA1071982	MFD09215_ilm_asm_bin32	LIB-MJ307-B11_01.32	GCA_049287935.1	JBAQGT000000000	SAMN40010254	Candidatus Sulfotelmatobacter sp.
PRJNA1071982	MFD00012_ilm_asm_bin4	LIB-MJ050-F11_02.4	GCA_049285255.1	JBAPZO000000000	SAMN40007648	Candidatus Sulfotelmatobacter sp.
PRJNA1071982	MFD00151_ilm_asm_bin13	LIB-MJ050-D6_02_v_LIB-MJ408-D10_04.13	GCA_049285475.1	JBAPZY000000000	SAMN40007638	Candidatus Sulfotelmatobacter sp.
PRJNA1071982	MFD00151_ilm_asm_bin43	LIB-MJ050-D6_02_v_LIB-MJ408-D10_04.43	GCA_049285455.1	JBAPZW000000000	SAMN40007640	Candidatus Sulfotelmatobacter sp.
PRJNA1071982	MFD00051_ilm_asm_bin18	LIB-MJ050-D10_02.18	GCA_049285515.1	JBAQAA000000000	SAMN40007636	Candidatus Sulfotelmatobacter sp.
PRJNA1071982	MFD00978_ilm_asm_bin28	LIB-MJ091-G3_03.28	GCA_049281505.1	JBAPSG000000000	SAMN40007838	Candidatus Sulfotelmatobacter sp.
PRJNA1071982	MFD00978_ilm_asm_bin29	LIB-MJ091-G3_03.29	GCA_049281495.1	JBAPSF000000000	SAMN40007839	Candidatus Sulfotelmatobacter sp.
PRJNA1071982	MFD00693_ilm_asm_bin10	LIB-MJ091-E1_03.10	GCA_049281915.1	JBAPTA000000000	SAMN40007818	Candidatus Sulfotelmatobacter sp.
PRJNA1071982	MFD01158_ilm_asm_bin4	LIB-MJ091-A11_03_v_LIB-MJ403-H9_03.4	GCA_049282315.1	JBAPTU000000000	SAMN40007798	Candidatus Sulfotelmatobacter sp.
PRJNA1071982	MFD00968_ilm_asm_bin24	LIB-MJ091-A2_03.24	GCA_049282295.1	JBAPTT000000000	SAMN40007799	Candidatus Sulfotelmatobacter sp.
PRJNA1071982	MFD03335_ilm_asm_bin45	LIB-MJ105-C8_01_v_LIB-MJ367-C8_04.45	GCA_049280215.1	JBAPPR000000000	SAMN40007905	Candidatus Sulfotelmatobacter sp.
PRJNA1071982	MFD03335_ilm_asm_bin32	LIB-MJ105-C8_01_v_LIB-MJ367-C8_04.32	GCA_049280275.1	JBAPPU000000000	SAMN40007902	Candidatus Sulfotelmatobacter sp.
PRJNA1071982	MFD01260_ilm_asm_bin23	LIB-MJ106-A6_01_v_LIB-MJ368-A6_04.23	GCA_049279655.1	JBAPOO000000000	SAMN40007934	Candidatus Sulfotelmatobacter sp.
PRJNA1071982	MFD03399_ilm_asm_bin29	LIB-MJ105-H8_01.29	GCA_049279715.1	JBAPOQ000000000	SAMN40007932	Candidatus Sulfotelmatobacter sp.
PRJNA1071982	MFD01260_ilm_asm_bin24	LIB-MJ106-A6_01_v_LIB-MJ368-A6_04.24	GCA_049279695.1	JBAPON000000000	SAMN40007935	Candidatus Sulfotelmatobacter sp.
PRJNA1071982	MFD03315_ilm_asm_bin6	LIB-MJ105-F5_01_v_LIB-MJ367-F5_04.6	GCA_049280095.1	JBAPPL000000000	SAMN40007911	Candidatus Sulfotelmatobacter sp.
PRJNA1071982	MFD03400_ilm_asm_bin5	LIB-MJ105-F9_01.5	GCA_049279975.1	JBAPPE000000000	SAMN40007918	Candidatus Sulfotelmatobacter sp.
PRJNA1071982	MFD03323_ilm_asm_bin36	LIB-MJ105-G3_01_v_LIB-MJ367-G3_04.36	GCA_049279835.1	JBAPOX000000000	SAMN40007925	Candidatus Sulfotelmatobacter sp.
PRJNA1071982	MFD00971_ilm_asm_bin44	LIB-MJ093-A5_02.44	GCA_049280875.1	JBAPQZ000000000	SAMN40007871	Candidatus Sulfotelmatobacter sp.
PRJNA1071982	MFD00639_ilm_asm_bin5	LIB-MJ093-D1_02.5	GCA_049280795.1	JBAPQU000000000	SAMN40007876	Candidatus Sulfotelmatobacter sp.
PRJNA1071982	MFD00982_ilm_asm_bin8	LIB-MJ093-F8_02.8	GCA_049280655.1	JBAPQN000000000	SAMN40007883	Candidatus Sulfotelmatobacter sp.
PRJNA1071982	MFD00949_ilm_asm_bin15	LIB-MJ093-G8_02.15	GCA_049280575.1	JBAPQK000000000	SAMN40007886	Candidatus Sulfotelmatobacter sp.
PRJNA1071982	MFD03398_ilm_asm_bin12	LIB-MJ105-B10_01.12	GCA_049280415.1	JBAPQC000000000	SAMN40007894	Candidatus Sulfotelmatobacter sp.
PRJNA1071982	MFD00950_ilm_asm_bin37	LIB-MJ089-E10_02.37	GCA_049282935.1	JBAPVA000000000	SAMN40007766	Candidatus Sulfotelmatobacter sp.
PRJNA1071982	MFD01292_ilm_asm_bin7	LIB-MJ089-G6_02.7	GCA_049282795.1	JBAPUS000000000	SAMN40007774	Candidatus Sulfotelmatobacter sp.
PRJNA1071982	MFD00673_ilm_asm_bin39	LIB-MJ089-G9_02.39	GCA_049282695.1	JBAPUN000000000	SAMN40007779	Candidatus Sulfotelmatobacter sp.
PRJNA1071982	MFD01295_ilm_asm_bin4	LIB-MJ090-G9_04.4	GCA_049282495.1	JBAPUD000000000	SAMN40007789	Candidatus Sulfotelmatobacter sp.
PRJNA1071982	MFD01295_ilm_asm_bin7	LIB-MJ090-G9_04.7	GCA_049282475.1	JBAPUC000000000	SAMN40007790	Candidatus Sulfotelmatobacter sp.
PRJNA1071982	MFD00078_ilm_asm_bin8	LIB-MJ055-F9_04.8	GCA_049283875.1	JBAPWV000000000	SAMN40007719	Candidatus Sulfotelmatobacter sp.
PRJNA1071982	MFD01308_ilm_asm_bin19	LIB-MJ088-C8_04_v_LIB-MJ365-C8_02.19	GCA_049283615.1	JBAPWI000000000	SAMN40007732	Candidatus Sulfotelmatobacter sp.
PRJNA1071982	MFD01308_ilm_asm_bin37	LIB-MJ088-C8_04_v_LIB-MJ365-C8_02.37	GCA_049283555.1	JBAPWF000000000	SAMN40007735	Candidatus Sulfotelmatobacter sp.
PRJNA1071982	MFD01318_ilm_asm_bin55	LIB-MJ089-B7_02.55	GCA_049283175.1	JBAPVM000000000	SAMN40007754	Candidatus Sulfotelmatobacter sp.
PRJNA1071982	MFD00328_ilm_asm_bin12	LIB-MJ051-C11_02.12	GCA_049284995.1	JBAPYZ000000000	SAMN40007663	Candidatus Sulfotelmatobacter sp.
PRJNA1071982	MFD00368_ilm_asm_bin8	LIB-MJ051-E6_02.8	GCA_049284715.1	JBAPYL000000000	SAMN40007677	Candidatus Sulfotelmatobacter sp.
PRJNA1071982	MFD03232_ilm_asm_bin44	LIB-MJ413-H5_01.44	GCA_049274875.1	JBASTL000000000	SAMN40012549	Candidatus Sungiibacteriota bacterium
PRJNA1071982	MFD03232_ilm_asm_bin45	LIB-MJ413-H5_01.45	GCA_049274855.1	JBASTK000000000	SAMN40012550	Candidatus Sungiibacteriota bacterium
PRJNA1071982	MFD02345_ilm_asm_bin93	LIB-MJ139-D5_01.93	GCA_049693355.1	JBAVPU000000000	SAMN40008564	Candidatus Tumulicola sp.
PRJNA1071982	MFD09279_ilm_asm_bin10	LIB-MJ251-B1_04_v_LIB-MJ409-G7_01.10	GCA_049585095.1	JBAUZB000000000	SAMN40009358	Candidatus Tumulicola sp.
PRJNA1071982	MFD04700_ilm_asm_bin44	LIB-MJ196-G4_02_v_LIB-MJ366-G4_04.44	GCA_049579725.1	JBAUOL000000000	SAMN40009010	Candidatus Udaeobacter sp.
PRJNA1071982	MFD03684_ilm_asm_bin14	LIB-MJ109-H3_01.14	GCA_049698875.1	JBAVYQ000000000	SAMN40008334	Candidatus Udaeobacter sp.
PRJNA1071982	MFD06138_ilm_asm_bin13	LIB-MJ339-E8_03.13	GCA_049800455.1	JBARJV000000000	SAMN40010896	Candidatus Udaeobacter sp.
PRJNA1071982	MFD06203_ilm_asm_bin21	LIB-MJ337-H7_03.21	GCA_049802315.1	JBARMF000000000	SAMN40010834	Candidatus Udaeobacter sp.
PRJNA1071982	MFD10902_ilm_asm_bin15	LIB-MJ352-G5_03_v_LIB-MJ368-G5_01.15	GCA_049791915.1	JBARAJ000000000	SAMN40011142	Candidatus Udaeobacter sp.
PRJNA1071982	MFD03414_ilm_asm_bin2	LIB-MJ105-G10_01.2	GCA_049279915.1	JBAPPB000000000	SAMN40007921	Candidatus Udaeobacter sp.
PRJNA1071982	MFD01689_ilm_asm_bin22	LIB-MJ148-G5_02.22	GCA_049690615.1	JBAVNB000000000	SAMN40008635	Candidatus Velthaea sp.
PRJNA1071982	MFD10473_ilm_asm_bin15	LIB-MJ305-G2_04.15	GCA_049290195.1	JBATNE000000000	SAMN40010142	Candidatus Zixiibacteriota bacterium
PRJNA1071982	MFD02350_ilm_asm_bin5	LIB-MJ138-C8_03.5	GCA_049694315.1	JBAVQU000000000	SAMN40008538	Candidatus Zixiibacteriota bacterium
PRJNA1071982	MFD10109_ilm_asm_bin18	LIB-MJ301-F11_01.18	GCA_049664025.1	JBATEL000000000	SAMN40009863	Candidatus Zixiibacteriota bacterium
PRJNA1071982	MFD10097_ilm_asm_bin35	LIB-MJ301-F5_01.35	GCA_049663865.1	JBATEE000000000	SAMN40009870	Candidatus Zixiibacteriota bacterium
PRJNA1071982	MFD13088_ilm_asm_bin32	LIB-MJ380-A3_03.32	GCA_049679185.1	JBAUFO000000000	SAMN40011264	Candidatus Zixiibacteriota bacterium
PRJNA1071982	MFD13435_ilm_asm_bin15	LIB-MJ390-B8_03.15	GCA_049645505.1	JBARTZ000000000	SAMN40011832	Candidatus Zixiibacteriota bacterium
PRJNA1071982	MFD13423_ilm_asm_bin54	LIB-MJ390-F9_03.54	GCA_049642665.1	JBARPA000000000	SAMN40011961	Candidatus Zixiibacteriota bacterium
PRJNA1071982	MFD13432_ilm_asm_bin55	LIB-MJ390-E8_03.55	GCA_049643505.1	JBARQC000000000	SAMN40011933	Candidatus Zixiibacteriota bacterium
PRJNA1071982	MFD13424_ilm_asm_bin49	LIB-MJ390-E9_03.49	GCA_049643405.1	JBARPX000000000	SAMN40011938	Candidatus Zixiibacteriota bacterium
PRJNA1071982	MFD13425_ilm_asm_bin30	LIB-MJ390-D9_03.30	GCA_049643865.1	JBARQU000000000	SAMN40011915	Candidatus Zixiibacteriota bacterium
PRJNA1071982	MFD13433_ilm_asm_bin42	LIB-MJ390-D8_03.42	GCA_049643985.1	JBARQZ000000000	SAMN40011910	Candidatus Zixiibacteriota bacterium
PRJNA1071982	MFD12068_ilm_asm_bin15	LIB-MJ335-C7_02.15	GCA_049302075.1	JBAQLS000000000	SAMN40010725	Carboxydocellales bacterium
PRJNA1071982	MFD12178_ilm_asm_bin8	LIB-MJ387-F2_01.8	GCA_049683915.1	JBAUJQ000000000	SAMN40011593	Carnobacterium jeotgali
PRJNA1071982	MFD12179_ilm_asm_bin12	LIB-MJ387-H10_01.12	GCA_049683415.1	JBAUJC000000000	SAMN40011607	Carnobacterium jeotgali
PRJNA1071982	MFD12162_ilm_asm_bin23	LIB-MJ386-B10_04.23	GCA_049673005.1	JBATXB000000000	SAMN40011485	Carnobacterium sp.
PRJNA1071982	MFD12160_ilm_asm_bin21	LIB-MJ389-H5_03.21	GCA_049646305.1	JBARVO000000000	SAMN40011791	Carnobacterium sp.
PRJNA1071982	MFD06274_ilm_asm_bin6	LIB-MJ344-F2_04.6	GCA_049796295.1	JBAREP000000000	SAMN40011032	Casimicrobiaceae bacterium
PRJNA1071982	MFD01873_ilm_asm_bin22	LIB-MJ255-H7_02.22	GCA_049582425.1	JBAUTY000000000	SAMN40009491	Casimicrobiaceae bacterium
PRJNA1071982	MFD12187_ilm_asm_bin9	LIB-MJ389-G6_03.9	GCA_049646545.1	JBARWA000000000	SAMN40011779	Castellaniella sp.
PRJNA1071982	MFD12210_ilm_asm_bin12	LIB-MJ389-E10_03.12	GCA_049647365.1	JBARXN000000000	SAMN40011740	Castellaniella sp.
PRJNA1071982	MFD12186_ilm_asm_bin15	LIB-MJ388-G9_02.15	GCA_049650485.1	JBASAG000000000	SAMN40011669	Castellaniella sp.
PRJNA1071982	MFD12186_ilm_asm_bin20	LIB-MJ388-G9_02.20	GCA_049650445.1	JBASAD000000000	SAMN40011672	Castellaniella sp.
PRJNA1071982	MFD12209_ilm_asm_bin12	LIB-MJ388-C4_02.12	GCA_049651205.1	JBASBR000000000	SAMN40011631	Castellaniella sp.
PRJNA1071982	MFD12215_ilm_asm_bin6	LIB-MJ386-F8_04.6	GCA_049671645.1	JBATVG000000000	SAMN40011532	Castellaniella sp.
PRJNA1071982	MFD12214_ilm_asm_bin13	LIB-MJ386-A9_04.13	GCA_049673125.1	JBATXH000000000	SAMN40011479	Castellaniella sp.
PRJNA1071982	MFD12214_ilm_asm_bin16	LIB-MJ386-A9_04.16	GCA_049673105.1	JBATXG000000000	SAMN40011480	Castellaniella sp.
PRJNA1071982	MFD12214_ilm_asm_bin2	LIB-MJ386-A9_04.2	GCA_049673065.1	JBATXE000000000	SAMN40011482	Castellaniella sp.
PRJNA1071982	MFD12213_ilm_asm_bin8	LIB-MJ387-B6_01.8	GCA_049670725.1	JBATTR000000000	SAMN40011573	Castellaniella sp.
PRJNA1071982	MFD12223_ilm_asm_bin10	LIB-MJ387-F7_01.10	GCA_049683795.1	JBAUJL000000000	SAMN40011598	Castellaniella sp.
PRJNA1071982	MFD12223_ilm_asm_bin19	LIB-MJ387-F7_01.19	GCA_049683715.1	JBAUJJ000000000	SAMN40011600	Castellaniella sp.
PRJNA1071982	MFD12223_ilm_asm_bin5	LIB-MJ387-F7_01.5	GCA_049683575.1	JBAUJG000000000	SAMN40011603	Castellaniella sp.
PRJNA1071982	MFD12159_ilm_asm_bin16	LIB-MJ389-C5_03.16	GCA_049648155.1	JBARYS000000000	SAMN40011709	Catalinimonas sp.
PRJNA1071982	MFD01226_ilm_asm_bin9	LIB-MJ089-A11_02.9	GCA_049283275.1	JBAPVS000000000	SAMN40007748	Caulobacter sp.
PRJNA1071982	MFD10902_ilm_asm_bin14	LIB-MJ352-G5_03_v_LIB-MJ368-G5_01.14	GCA_049791955.1	JBARAK000000000	SAMN40011141	Caulobacteraceae bacterium
PRJNA1071982	MFD00473_ilm_asm_bin10	LIB-MJ048-H6_04.10	GCA_049285675.1	JBAQAK000000000	SAMN40007626	Cellulosimicrobium cellulans
PRJNA1071982	MFD12183_ilm_asm_bin2	LIB-MJ388-H8_02.2	GCA_049649905.1	JBARZI000000000	SAMN40011693	Cellvibrio sp.
PRJNA1071982	MFD04767_ilm_asm_bin9	LIB-MJ306-D8_01.9	GCA_049288585.1	JBAQHZ000000000	SAMN40010222	Chania sp.
PRJNA1071982	MFD06947_ilm_asm_bin9	LIB-MJ282-B5_03.9	GCA_049684795.1	JBAVGL000000000	SAMN40009665	Chitinivibrionales bacterium
PRJNA1071982	MFD02377_ilm_asm_bin7	LIB-MJ151-D8_04.7	GCA_049689695.1	JBAVMD000000000	SAMN40008659	Chitinophagaceae bacterium
PRJNA1071982	MFD13444_ilm_asm_bin12	LIB-MJ390-A7_03.12	GCA_049646205.1	JBARVJ000000000	SAMN40011796	Chitinophagaceae bacterium
PRJNA1071982	MFD13444_ilm_asm_bin21	LIB-MJ390-A7_03.21	GCA_049646185.1	JBARVI000000000	SAMN40011797	Chitinophagaceae bacterium
PRJNA1071982	MFD13443_ilm_asm_bin4	LIB-MJ390-B7_03.4	GCA_049645605.1	JBARUG000000000	SAMN40011825	Chitinophagaceae bacterium
PRJNA1071982	MFD13439_ilm_asm_bin39	LIB-MJ390-F7_03.39	GCA_049642945.1	JBARPH000000000	SAMN40011954	Chitinophagaceae bacterium
PRJNA1071982	MFD13450_ilm_asm_bin84	LIB-MJ390-C6_03.84	GCA_049644925.1	JBARSW000000000	SAMN40011861	Chitinophagaceae bacterium
PRJNA1071982	MFD10505_ilm_asm_bin28	LIB-MJ305-A7_04.28	GCA_049662985.1	JBATCS000000000	SAMN40009908	Chitinophagaceae bacterium
PRJNA1071982	MFD10499_ilm_asm_bin28	LIB-MJ305-C6_04.28	GCA_049661025.1	JBASZQ000000000	SAMN40009988	Chitinophagaceae bacterium
PRJNA1071982	MFD10504_ilm_asm_bin7	LIB-MJ305-H6_04.7	GCA_049289075.1	JBAQIW000000000	SAMN40010199	Chitinophagaceae bacterium
PRJNA1071982	MFD10496_ilm_asm_bin22	LIB-MJ305-H5_04.22	GCA_049289155.1	JBAQJB000000000	SAMN40010194	Chitinophagaceae bacterium
PRJNA1071982	MFD10523_ilm_asm_bin19	LIB-MJ305-C9_04.19	GCA_049293295.1	JBATSM000000000	SAMN40010004	Chitinophagaceae bacterium
PRJNA1071982	MFD10516_ilm_asm_bin32	LIB-MJ305-D8_04.32	GCA_049292235.1	JBATQV000000000	SAMN40010047	Chitinophagaceae bacterium
PRJNA1071982	MFD10484_ilm_asm_bin28	LIB-MJ305-D4_04.28	GCA_049292695.1	JBATRS000000000	SAMN40010024	Chitinophagaceae bacterium
PRJNA1071982	MFD10477_ilm_asm_bin24	LIB-MJ305-D3_04.24	GCA_049292855.1	JBATRX000000000	SAMN40010019	Chitinophagaceae bacterium
PRJNA1071982	MFD10472_ilm_asm_bin26	LIB-MJ305-F2_04.26	GCA_049291015.1	JBATOP000000000	SAMN40010105	Chitinophagaceae bacterium
PRJNA1071982	MFD10518_ilm_asm_bin12	LIB-MJ305-F8_04.12	GCA_049290635.1	JBATOA000000000	SAMN40010120	Chitinophagales bacterium
PRJNA1071982	MFD10494_ilm_asm_bin20	LIB-MJ305-F5_04.20	GCA_049290895.1	JBATOJ000000000	SAMN40010111	Chitinophagales bacterium
PRJNA1071982	MFD10496_ilm_asm_bin40	LIB-MJ305-H5_04.40	GCA_049289115.1	JBAQIZ000000000	SAMN40010196	Chitinophagales bacterium
PRJNA1071982	MFD10518_ilm_asm_bin2	LIB-MJ305-F8_04.2	GCA_049290595.1	JBATNY000000000	SAMN40010122	Chitinophagales bacterium
PRJNA1071982	MFD10491_ilm_asm_bin1	LIB-MJ305-C5_04.1	GCA_049661245.1	JBASZW000000000	SAMN40009982	Chitinophagales bacterium
PRJNA1071982	MFD10498_ilm_asm_bin36	LIB-MJ305-B6_04.36	GCA_049662105.1	JBATBA000000000	SAMN40009952	Chitinophagales bacterium
PRJNA1071982	MFD13443_ilm_asm_bin91	LIB-MJ390-B7_03.91	GCA_049645525.1	JBARUA000000000	SAMN40011831	Chitinophagales bacterium
PRJNA1071982	MFD05686_ilm_asm_bin12	LIB-MJ172-A10_04.12	GCA_049688295.1	JBAVKL000000000	SAMN40008703	Chlamydiales bacterium
PRJNA1071982	MFD01065_ilm_asm_bin35	LIB-MJ091-H3_03.35	GCA_049281295.1	JBAPRV000000000	SAMN40007849	Chlamydiales bacterium
PRJNA1071982	MFD03771_ilm_asm_bin5	LIB-MJ149-B11_03.5	GCA_049690435.1	JBAVMV000000000	SAMN40008641	Chlorobium sp.
PRJNA1071982	MFD04340_ilm_asm_bin5	LIB-MJ173-G4_01.5	GCA_049593655.1	JBAWHG000000000	SAMN40008744	Chlorobium sp.
PRJNA1071982	MFD09212_ilm_asm_bin2	LIB-MJ259-G10_04.2	GCA_049580985.1	JBAURA000000000	SAMN40009567	Chloroflexia bacterium
PRJNA1071982	MFD13472_ilm_asm_bin20	LIB-MJ413-E9_01.20	GCA_049652505.1	JBASED000000000	SAMN40012332	Christensenellales bacterium
PRJNA1071982	MFD01721_ilm_asm_bin15	LIB-MJ230-E3_03.15	GCA_049586455.1	JBAVBZ000000000	SAMN40009287	Christiangramia sp.
PRJNA1071982	MFD02923_ilm_asm_bin17	LIB-MJ256-H7_03.17	GCA_049581905.1	JBAUSW000000000	SAMN40009519	Chromatiaceae bacterium
PRJNA1071982	MFD13489_ilm_asm_bin16	LIB-MJ413-D7_01.16	GCA_049654905.1	JBASIS000000000	SAMN40012211	Chromatiaceae bacterium
PRJNA1071982	MFD02988_ilm_asm_bin11	LIB-MJ151-G4_04.11	GCA_049689575.1	JBAVMA000000000	SAMN40008662	Chromatiaceae bacterium
PRJNA1071982	MFD06966_ilm_asm_bin11	LIB-MJ282-D1_03.11	GCA_049684715.1	JBAVGG000000000	SAMN40009670	Chromatiaceae bacterium
PRJNA1071982	MFD03313_ilm_asm_bin1	LIB-MJ105-A6_01_v_LIB-MJ407-D11_04.1	GCA_049280455.1	JBAPQE000000000	SAMN40007892	Chromatiaceae bacterium
PRJNA1071982	MFD00100_ilm_asm_bin26	LIB-MJ054-A1_03.26	GCA_049284555.1	JBAPYD000000000	SAMN40007685	Chromatiaceae bacterium
PRJNA1071982	MFD10518_ilm_asm_bin1	LIB-MJ305-F8_04.1	GCA_049290655.1	JBATOB000000000	SAMN40010119	Chromatiaceae bacterium
PRJNA1071982	MFD10464_ilm_asm_bin1	LIB-MJ305-F1_04.1	GCA_049291295.1	JBATPC000000000	SAMN40010092	Chromatiaceae bacterium
PRJNA1071982	MFD03245_ilm_asm_bin8	LIB-MJ352-G9_03.8	GCA_049791675.1	JBARAD000000000	SAMN40011148	Chryseosolibacter sp.
PRJNA1071982	MFD03081_ilm_asm_bin4	LIB-MJ150-C4_03.4	GCA_049690035.1	JBAVML000000000	SAMN40008651	Chthoniobacteraceae bacterium
PRJNA1071982	MFD00741_ilm_asm_bin14	LIB-MJ140-B2_02.14	GCA_049692655.1	JBAVPB000000000	SAMN40008583	Chthoniobacteraceae bacterium
PRJNA1071982	MFD10071_ilm_asm_bin10	LIB-MJ250-F11_04_v_LIB-MJ365-F11_03.10	GCA_049585495.1	JBAUZZ000000000	SAMN40009337	Chthoniobacterales bacterium
PRJNA1071982	MFD09292_ilm_asm_bin9	LIB-MJ251-C9_04.9	GCA_049584855.1	JBAUYO000000000	SAMN40009371	Chthoniobacterales bacterium
PRJNA1071982	MFD09651_ilm_asm_bin24	LIB-MJ201-E11_03.24	GCA_049577925.1	JBAUKZ000000000	SAMN40009100	Chthoniobacterales bacterium
PRJNA1071982	MFD02416_ilm_asm_bin19	LIB-MJ146-C6_01.19	GCA_049691355.1	JBAVNT000000000	SAMN40008617	Chthoniobacterales bacterium
PRJNA1071982	MFD02369_ilm_asm_bin28	LIB-MJ135-C2_04_v_LIB-MJ367-C2_04.28	GCA_049695155.1	JBAVRR000000000	SAMN40008515	Chthoniobacterales bacterium
PRJNA1071982	MFD01679_ilm_asm_bin9	LIB-MJ129-H10_02.9	GCA_049698015.1	JBAVWW000000000	SAMN40008380	Chthoniobacterales bacterium
PRJNA1071982	MFD03250_ilm_asm_bin14	LIB-MJ352-B11_03.14	GCA_049793755.1	JBARCF000000000	SAMN40011094	Chthoniobacterales bacterium
PRJNA1071982	MFD06573_ilm_asm_bin11	LIB-MJ336-H11_02.11	GCA_049300145.1	JBAQJG000000000	SAMN40010789	Chthoniobacterales bacterium
PRJNA1071982	MFD02304_ilm_asm_bin5	LIB-MJ091-G5_03.5	GCA_049281415.1	JBAPSC000000000	SAMN40007842	Chthoniobacterales bacterium
PRJNA1071982	MFD01130_ilm_asm_bin19	LIB-MJ091-G1_03.19	GCA_049281595.1	JBAPSK000000000	SAMN40007834	Chthoniobacterales bacterium
PRJNA1071982	MFD02790_ilm_asm_bin2	LIB-MJ091-C5_03.2	GCA_049282095.1	JBAPTI000000000	SAMN40007810	Chthoniobacterales bacterium
PRJNA1071982	MFD00158_ilm_asm_bin24	LIB-MJ050-H3_02.24	GCA_049285175.1	JBAPZJ000000000	SAMN40007653	Chthoniobacterales bacterium
PRJNA1071982	MFD03584_ilm_asm_bin2	LIB-MJ109-B3_01.2	GCA_049278515.1	JBAPMH000000000	SAMN40007993	Chthoniobacterales bacterium
PRJNA1071982	MFD10580_ilm_asm_bin13	LIB-MJ334-D5_01.13	GCA_049298315.1	JBAQVP000000000	SAMN40010467	Citrobacter portucalensis
PRJNA1071982	MFD12109_ilm_asm_bin52	LIB-MJ413-C1_01.52	GCA_049656465.1	JBASLS000000000	SAMN40012133	Cloacibacterium sp.
PRJNA1071982	MFD12108_ilm_asm_bin51	LIB-MJ413-B1_01.51	GCA_049657765.1	JBASOA000000000	SAMN40012073	Clostridiaceae bacterium
PRJNA1071982	MFD10577_ilm_asm_bin29	LIB-MJ334-A5_01.29	GCA_049294805.1	JBAQDU000000000	SAMN40010331	Clostridiaceae bacterium
PRJNA1071982	MFD10581_ilm_asm_bin16	LIB-MJ334-E5_01.16	GCA_049297115.1	JBAQTS000000000	SAMN40010516	Clostridium sp.
PRJNA1071982	MFD13486_ilm_asm_bin16	LIB-MJ413-G7_01.16	GCA_049276355.1	JBASWG000000000	SAMN40012476	Clostridium sp.
PRJNA1071982	MFD13469_ilm_asm_bin22	LIB-MJ413-H9_01.22	GCA_049274095.1	JBASRX000000000	SAMN40012589	Clostridium sp.
PRJNA1071982	MFD12168_ilm_asm_bin13	LIB-MJ390-H2_03.13	GCA_049642265.1	JBAROR000000000	SAMN40011970	Cognaticolwellia sp.
PRJNA1071982	MFD12152_ilm_asm_bin12	LIB-MJ387-G9_01.12	GCA_049683475.1	JBAUJE000000000	SAMN40011605	Coleofasciculaceae cyanobacterium
PRJNA1071982	MFD12171_ilm_asm_bin21	LIB-MJ386-H4_04.21	GCA_049671305.1	JBATUR000000000	SAMN40011547	Coleofasciculaceae cyanobacterium
PRJNA1071982	MFD03255_ilm_asm_bin5	LIB-MJ352-F5_03.5	GCA_049792365.1	JBARAU000000000	SAMN40011131	Coleofasciculaceae cyanobacterium
PRJNA1071982	MFD06473_ilm_asm_bin11	LIB-MJ354-G3_04.11	GCA_049679755.1	JBAUGN000000000	SAMN40011239	Collimonas pratensis
PRJNA1071982	MFD12223_ilm_asm_bin4	LIB-MJ387-F7_01.4	GCA_049683595.1	JBAUJH000000000	SAMN40011602	Comamonas sp.
PRJNA1071982	MFD12222_ilm_asm_bin2	LIB-MJ386-C6_04.2	GCA_049672305.1	JBATWA000000000	SAMN40011512	Comamonas sp.
PRJNA1071982	MFD12226_ilm_asm_bin27	LIB-MJ386-C11_04.27	GCA_049672525.1	JBATWI000000000	SAMN40011504	Comamonas sp.
PRJNA1071982	MFD12225_ilm_asm_bin15	LIB-MJ386-B12_04.15	GCA_049672785.1	JBATWR000000000	SAMN40011495	Comamonas thiooxydans
PRJNA1071982	MFD13504_ilm_asm_bin3	LIB-MJ390-G4_03.3	GCA_049642365.1	JBAROT000000000	SAMN40011968	Conexibacter sp.
PRJNA1071982	MFD13492_ilm_asm_bin19	LIB-MJ413-A7_01.19	GCA_049659725.1	JBASPY000000000	SAMN40012023	Coprothermobacter proteolyticus
PRJNA1071982	MFD13490_ilm_asm_bin9	LIB-MJ413-C7_01.9	GCA_049655985.1	JBASKT000000000	SAMN40012158	Coprothermobacter proteolyticus
PRJNA1071982	MFD13489_ilm_asm_bin47	LIB-MJ413-D7_01.47	GCA_049654765.1	JBASIL000000000	SAMN40012218	Coprothermobacter proteolyticus
PRJNA1071982	MFD12109_ilm_asm_bin61	LIB-MJ413-C1_01.61	GCA_049656405.1	JBASLP000000000	SAMN40012136	Coriobacteriia bacterium
PRJNA1071982	MFD12108_ilm_asm_bin9	LIB-MJ413-B1_01.9	GCA_049657775.1	JBASNZ000000000	SAMN40012074	Coriobacteriia bacterium
PRJNA1071982	MFD12108_ilm_asm_bin10	LIB-MJ413-B1_01.10	GCA_049658145.1	JBASOJ000000000	SAMN40012064	Coriobacteriia bacterium
PRJNA1071982	MFD10580_ilm_asm_bin2	LIB-MJ334-D5_01.2	GCA_049298235.1	JBAQVN000000000	SAMN40010469	Corynebacterium casei
PRJNA1071982	MFD10548_ilm_asm_bin25	LIB-MJ334-B1_01.25	GCA_049294535.1	JBAQCZ000000000	SAMN40010352	Corynebacterium casei
PRJNA1071982	MFD10548_ilm_asm_bin14	LIB-MJ334-B1_01.14	GCA_049294575.1	JBAQDA000000000	SAMN40010351	Corynebacterium variabile
PRJNA1071982	MFD10580_ilm_asm_bin4	LIB-MJ334-D5_01.4	GCA_049298195.1	JBAQVL000000000	SAMN40010471	Corynebacterium variabile
PRJNA1071982	MFD01170_ilm_asm_bin2	LIB-MJ390-A4_03.2	GCA_049646245.1	JBARVL000000000	SAMN40011794	Crinalium sp.
PRJNA1071982	MFD03245_ilm_asm_bin27	LIB-MJ352-G9_03.27	GCA_049791695.1	JBARAF000000000	SAMN40011146	Croceibacterium sp.
PRJNA1071982	MFD10196_ilm_asm_bin40	LIB-MJ283-A1_04_v_LIB-MJ415-A6_04.40	GCA_049670165.1	JBATLG000000000	SAMN40009686	Crocosphaera sp.
PRJNA1071982	MFD10206_ilm_asm_bin4	LIB-MJ283-C2_04.4	GCA_049668785.1	JBATJU000000000	SAMN40009724	Crocosphaera sp.
PRJNA1071982	MFD12122_ilm_asm_bin27	LIB-MJ386-G6_04.27	GCA_049671485.1	JBATUZ000000000	SAMN40011539	Cryomorphaceae bacterium
PRJNA1071982	MFD02847_ilm_asm_bin12	LIB-MJ090-H10_04.12	GCA_049282435.1	JBAPUA000000000	SAMN40007792	Cyanobium sp.
PRJNA1071982	MFD10474_ilm_asm_bin56	LIB-MJ305-H2_04.56	GCA_049289315.1	JBATLM000000000	SAMN40010186	Cyclobacteriaceae bacterium
PRJNA1071982	MFD03278_ilm_asm_bin6	LIB-MJ334-G7_01.6	GCA_049306095.1	JBAQPU000000000	SAMN40010618	Cyclobacteriaceae bacterium
PRJNA1071982	MFD12123_ilm_asm_bin3	LIB-MJ387-B2_01.3	GCA_049670845.1	JBATTY000000000	SAMN40011566	Cyclobacteriaceae bacterium
PRJNA1071982	MFD12124_ilm_asm_bin4	LIB-MJ386-F1_04.4	GCA_049671825.1	JBATVP000000000	SAMN40011523	Cyclobacteriaceae bacterium
PRJNA1071982	MFD12125_ilm_asm_bin39	LIB-MJ390-B4_03.39	GCA_049645705.1	JBARUK000000000	SAMN40011821	Cyclobacteriaceae bacterium
PRJNA1071982	MFD12174_ilm_asm_bin1	LIB-MJ389-E2_03.1	GCA_049647305.1	JBARXK000000000	SAMN40011743	Cyclobacteriaceae bacterium
PRJNA1071982	MFD10475_ilm_asm_bin48	LIB-MJ305-A3_04.48	GCA_049663285.1	JBATDD000000000	SAMN40009897	Cyclobacteriaceae bacterium
PRJNA1071982	MFD10499_ilm_asm_bin4	LIB-MJ305-C6_04.4	GCA_049660965.1	JBASZP000000000	SAMN40009989	Daejeonella sp.
PRJNA1071982	MFD12110_ilm_asm_bin19	LIB-MJ413-D1_01.19	GCA_049655485.1	JBASJU000000000	SAMN40012183	Daejeonella sp.
PRJNA1071982	MFD10501_ilm_asm_bin11	LIB-MJ305-E6_04.11	GCA_049291695.1	JBATPX000000000	SAMN40010071	Defluviicoccus sp.
PRJNA1071982	MFD13478_ilm_asm_bin23	LIB-MJ413-G8_01.23	GCA_049276035.1	JBASVQ000000000	SAMN40012492	Defluviitoga tunisiensis
PRJNA1071982	MFD13463_ilm_asm_bin23	LIB-MJ413-H10_01.23	GCA_049275535.1	JBASUS000000000	SAMN40012516	Defluviitoga tunisiensis
PRJNA1071982	MFD13464_ilm_asm_bin14	LIB-MJ413-G10_01.14	GCA_049277415.1	JBASYH000000000	SAMN40012423	Defluviitoga tunisiensis
PRJNA1071982	MFD13474_ilm_asm_bin11	LIB-MJ413-C9_01.11	GCA_049655765.1	JBASKJ000000000	SAMN40012168	Defluviitoga tunisiensis
PRJNA1071982	MFD13482_ilm_asm_bin1	LIB-MJ413-C8_01.1	GCA_049655945.1	JBASKS000000000	SAMN40012159	Defluviitoga tunisiensis
PRJNA1071982	MFD13460_ilm_asm_bin17	LIB-MJ413-C11_01.17	GCA_049656305.1	JBASLK000000000	SAMN40012141	Defluviitoga tunisiensis
PRJNA1071982	MFD13492_ilm_asm_bin30	LIB-MJ413-A7_01.30	GCA_049659485.1	JBASPU000000000	SAMN40012027	Defluviitoga tunisiensis
PRJNA1071982	MFD13462_ilm_asm_bin5	LIB-MJ413-A11_01.5	GCA_049660485.1	JBASQT000000000	SAMN40012002	Defluviitoga tunisiensis
PRJNA1071982	MFD13433_ilm_asm_bin39	LIB-MJ390-D8_03.39	GCA_049643965.1	JBARRA000000000	SAMN40011909	Dehalococcoidales bacterium
PRJNA1071982	MFD13424_ilm_asm_bin5	LIB-MJ390-E9_03.5	GCA_049643385.1	JBARPW000000000	SAMN40011939	Dehalococcoidales bacterium
PRJNA1071982	MFD13432_ilm_asm_bin21	LIB-MJ390-E8_03.21	GCA_049643605.1	JBARQF000000000	SAMN40011930	Dehalococcoidales bacterium
PRJNA1071982	MFD01567_ilm_asm_bin24	LIB-MJ134-C1_03.24	GCA_049695655.1	JBAVSQ000000000	SAMN40008490	Dehalococcoidales bacterium
PRJNA1071982	MFD01689_ilm_asm_bin15	LIB-MJ148-G5_02.15	GCA_049690755.1	JBAVND000000000	SAMN40008633	Dehalococcoidales bacterium
PRJNA1071982	MFD02961_ilm_asm_bin60	LIB-MJ263-D4_04.60	GCA_049686455.1	JBAVIB000000000	SAMN40009623	Dehalococcoidales bacterium
PRJNA1071982	MFD02138_ilm_asm_bin9	LIB-MJ259-G6_04.9	GCA_049580745.1	JBAUQO000000000	SAMN40009579	Dehalococcoidales bacterium
PRJNA1071982	MFD04899_ilm_asm_bin34	LIB-MJ256-H8_03.34	GCA_049581725.1	JBAUSN000000000	SAMN40009528	Dehalococcoidales bacterium
PRJNA1071982	MFD05379_ilm_asm_bin19	LIB-MJ190-H7_02.19	GCA_049590615.1	JBAWDH000000000	SAMN40008847	Dehalococcoidales bacterium
PRJNA1071982	MFD09594_ilm_asm_bin6	LIB-MJ307-A2_01.6	GCA_049287995.1	JBAQGW000000000	SAMN40010251	Dehalococcoidales bacterium
PRJNA1071982	MFD01112_ilm_asm_bin17	LIB-MJ306-H8_01.17	GCA_049288195.1	JBAQHG000000000	SAMN40010241	Dehalococcoidales bacterium
PRJNA1071982	MFD00306_ilm_asm_bin13	LIB-MJ051-E3_02.13	GCA_049284775.1	JBAPYO000000000	SAMN40007674	Dehalococcoidales bacterium
PRJNA1071982	MFD04492_ilm_asm_bin21	LIB-MJ227-E5_02.21	GCA_049587495.1	JBAVEA000000000	SAMN40009234	Dehalococcoidia bacterium
PRJNA1071982	MFD04678_ilm_asm_bin9	LIB-MJ259-D3_04.9	GCA_049581185.1	JBAURK000000000	SAMN40009557	Dehalococcoidia bacterium
PRJNA1071982	MFD04490_ilm_asm_bin16	LIB-MJ230-B10_03.16	GCA_049586675.1	JBAVCL000000000	SAMN40009275	Dehalococcoidia bacterium
PRJNA1071982	MFD13097_ilm_asm_bin13	LIB-MJ381-B2_02.13	GCA_049678605.1	JBAUEM000000000	SAMN40011292	Dehalococcoidia bacterium
PRJNA1071982	MFD13097_ilm_asm_bin20	LIB-MJ381-B2_02.20	GCA_049678585.1	JBAUEL000000000	SAMN40011293	Dehalococcoidia bacterium
PRJNA1071982	MFD13099_ilm_asm_bin15	LIB-MJ381-G2_02.15	GCA_049678065.1	JBAUDO000000000	SAMN40011316	Dehalococcoidia bacterium
PRJNA1071982	MFD12951_ilm_asm_bin17	LIB-MJ386-H6_04.17	GCA_049671165.1	JBATUN000000000	SAMN40011551	Dehalococcoidia bacterium
PRJNA1071982	MFD02350_ilm_asm_bin2	LIB-MJ138-C8_03.2	GCA_049694415.1	JBAVQV000000000	SAMN40008537	Dehalococcoidia bacterium
PRJNA1071982	MFD13433_ilm_asm_bin38	LIB-MJ390-D8_03.38	GCA_049644005.1	JBARRB000000000	SAMN40011908	Dehalococcoidia bacterium
PRJNA1071982	MFD13425_ilm_asm_bin52	LIB-MJ390-D9_03.52	GCA_049643805.1	JBARQS000000000	SAMN40011917	Dehalococcoidia bacterium
PRJNA1071982	MFD13432_ilm_asm_bin22	LIB-MJ390-E8_03.22	GCA_049643545.1	JBARQE000000000	SAMN40011931	Dehalococcoidia bacterium
PRJNA1071982	MFD12959_ilm_asm_bin65	LIB-MJ390-D1_03.65	GCA_049644585.1	JBARSE000000000	SAMN40011879	Dehalococcoidia bacterium
PRJNA1071982	MFD13429_ilm_asm_bin14	LIB-MJ390-H8_03.14	GCA_049642085.1	JBAROL000000000	SAMN40011976	Dehalococcoidia bacterium
PRJNA1071982	MFD13504_ilm_asm_bin10	LIB-MJ390-G4_03.10	GCA_049642385.1	JBAROU000000000	SAMN40011967	Dehalococcoidia bacterium
PRJNA1071982	MFD13435_ilm_asm_bin42	LIB-MJ390-B8_03.42	GCA_049645465.1	JBARTX000000000	SAMN40011834	Dehalococcoidia bacterium
PRJNA1071982	MFD06908_ilm_asm_bin4	LIB-MJ255-G9_02.4	GCA_049582485.1	JBAUUB000000000	SAMN40009488	Dermatophilaceae bacterium
PRJNA1071982	MFD02228_ilm_asm_bin2	LIB-MJ139-H4_01.2	GCA_049693035.1	JBAVPL000000000	SAMN40008573	Dermatophilaceae bacterium
PRJNA1071982	MFD01219_ilm_asm_bin15	LIB-MJ091-B7_03.15	GCA_049282265.1	JBAPTR000000000	SAMN40007801	Desulfatiglandaceae bacterium
PRJNA1071982	MFD12105_ilm_asm_bin5	LIB-MJ335-B12_02.5	GCA_049303015.1	JBAQMR000000000	SAMN40010700	Desulfatirhabdiaceae bacterium
PRJNA1071982	MFD01879_ilm_asm_bin9	LIB-MJ307-C11_01.9	GCA_049287895.1	JBAQGR000000000	SAMN40010256	Desulfatitalea sp.
PRJNA1071982	MFD12075_ilm_asm_bin15	LIB-MJ335-B8_02.15	GCA_049302575.1	JBAQMG000000000	SAMN40010711	Desulfitobacteriaceae bacterium
PRJNA1071982	MFD12070_ilm_asm_bin16	LIB-MJ335-E7_02.16	GCA_049301655.1	JBAQLE000000000	SAMN40010739	Desulfitobacteriaceae bacterium
PRJNA1071982	MFD09338_ilm_asm_bin2	LIB-MJ306-H5_01.2	GCA_049288295.1	JBAQHL000000000	SAMN40010236	Desulfobaccales bacterium
PRJNA1071982	MFD00111_ilm_asm_bin9	LIB-MJ055-A6_04.9	GCA_049284095.1	JBAPXG000000000	SAMN40007708	Desulfobaccales bacterium
PRJNA1071982	MFD02541_ilm_asm_bin12	LIB-MJ134-D7_03.12	GCA_049695615.1	JBAVSN000000000	SAMN40008493	Desulfobaccales bacterium
PRJNA1071982	MFD02222_ilm_asm_bin18	LIB-MJ132-F11_03.18	GCA_049696835.1	JBAVUP000000000	SAMN40008439	Desulfobaccales bacterium
PRJNA1071982	MFD05580_ilm_asm_bin14	LIB-MJ173-A9_01.14	GCA_049687815.1	JBAVJO000000000	SAMN40008726	Desulfobaccales bacterium
PRJNA1071982	MFD01828_ilm_asm_bin20	LIB-MJ130-B10_01.20	GCA_049697895.1	JBAVWQ000000000	SAMN40008386	Desulfobaccales bacterium
PRJNA1071982	MFD06091_ilm_asm_bin86	LIB-MJ339-C7_03.86	GCA_049801315.1	JBARKG000000000	SAMN40010885	Desulfobaccales bacterium
PRJNA1071982	MFD06458_ilm_asm_bin9	LIB-MJ337-E7_03_v_LIB-MJ404-A5_03.9	GCA_049802715.1	JBARMZ000000000	SAMN40010814	Desulfobaccales bacterium
PRJNA1071982	MFD01473_ilm_asm_bin11	LIB-MJ255-C9_02.11	GCA_049582825.1	JBAUUT000000000	SAMN40009470	Desulfobaccales bacterium
PRJNA1071982	MFD09281_ilm_asm_bin32	LIB-MJ250-D5_04_v_LIB-MJ365-D5_03.32	GCA_049585595.1	JBAVAG000000000	SAMN40009332	Desulfobaccales bacterium
PRJNA1071982	MFD09455_ilm_asm_bin19	LIB-MJ192-E9_04.19	GCA_049589775.1	JBAWBL000000000	SAMN40008895	Desulfobaccales bacterium
PRJNA1071982	MFD01476_ilm_asm_bin18	LIB-MJ177-H2_03_v_LIB-MJ408-E11_04.18	GCA_049591195.1	JBAWEM000000000	SAMN40008816	Desulfobaccales bacterium
PRJNA1071982	MFD01528_ilm_asm_bin24	LIB-MJ177-H5_03.24	GCA_049591115.1	JBAWEI000000000	SAMN40008820	Desulfobaccales bacterium
PRJNA1071982	MFD09440_ilm_asm_bin37	LIB-MJ195-F6_01.37	GCA_049580385.1	JBAUPV000000000	SAMN40008974	Desulfobaccales bacterium
PRJNA1071982	MFD09680_ilm_asm_bin28	LIB-MJ196-E11_02.28	GCA_049579885.1	JBAUOT000000000	SAMN40009002	Desulfobaccales bacterium
PRJNA1071982	MFD05433_ilm_asm_bin3	LIB-MJ201-A9_03.3	GCA_049578165.1	JBAULL000000000	SAMN40009088	Desulfobacterales bacterium
PRJNA1071982	MFD04776_ilm_asm_bin23	LIB-MJ192-E4_04.23	GCA_049589815.1	JBAWBN000000000	SAMN40008893	Desulfobacterales bacterium
PRJNA1071982	MFD04398_ilm_asm_bin10	LIB-MJ192-B6_04.10	GCA_049590035.1	JBAWBY000000000	SAMN40008882	Desulfobacterales bacterium
PRJNA1071982	MFD05552_ilm_asm_bin21	LIB-MJ194-H8_04.21	GCA_049588655.1	JBAVZF000000000	SAMN40008953	Desulfobacterales bacterium
PRJNA1071982	MFD05566_ilm_asm_bin5	LIB-MJ195-F5_01.5	GCA_049588355.1	JBAVYR000000000	SAMN40008967	Desulfobacterales bacterium
PRJNA1071982	MFD01928_ilm_asm_bin8	LIB-MJ218-C12_04.8	GCA_049588255.1	JBAVFM000000000	SAMN40009196	Desulfobacterales bacterium
PRJNA1071982	MFD09702_ilm_asm_bin18	LIB-MJ254-E8_02.18	GCA_049583695.1	JBAUWI000000000	SAMN40009429	Desulfobacterales bacterium
PRJNA1071982	MFD09702_ilm_asm_bin26	LIB-MJ254-E8_02.26	GCA_049583675.1	JBAUWG000000000	SAMN40009431	Desulfobacterales bacterium
PRJNA1071982	MFD01709_ilm_asm_bin12	LIB-MJ254-G10_02.12	GCA_049583405.1	JBAUVT000000000	SAMN40009444	Desulfobacterales bacterium
PRJNA1071982	MFD02923_ilm_asm_bin45	LIB-MJ256-H7_03.45	GCA_049581845.1	JBAUST000000000	SAMN40009522	Desulfobacterales bacterium
PRJNA1071982	MFD03804_ilm_asm_bin1	LIB-MJ110-D2_04_v_LIB-MJ415-F1_04.1	GCA_049698595.1	JBAVYC000000000	SAMN40008348	Desulfobacterales bacterium
PRJNA1071982	MFD04317_ilm_asm_bin18	LIB-MJ172-F6_04.18	GCA_049687935.1	JBAVJU000000000	SAMN40008720	Desulfobacterales bacterium
PRJNA1071982	MFD02520_ilm_asm_bin25	LIB-MJ140-C2_02.25	GCA_049692455.1	JBAVOW000000000	SAMN40008588	Desulfobacterales bacterium
PRJNA1071982	MFD02520_ilm_asm_bin41	LIB-MJ140-C2_02.41	GCA_049692375.1	JBAVOU000000000	SAMN40008590	Desulfobacterales bacterium
PRJNA1071982	MFD01644_ilm_asm_bin7	LIB-MJ138-E5_03.7	GCA_049694175.1	JBAVQQ000000000	SAMN40008542	Desulfobacterales bacterium
PRJNA1071982	MFD10234_ilm_asm_bin6	LIB-MJ283-A6_04.6	GCA_049669725.1	JBATKU000000000	SAMN40009698	Desulfobacterales bacterium
PRJNA1071982	MFD13180_ilm_asm_bin5	LIB-MJ386-E9_04.5	GCA_049671945.1	JBATVS000000000	SAMN40011520	Desulfobacterales bacterium
PRJNA1071982	MFD12201_ilm_asm_bin18	LIB-MJ386-G11_04.18	GCA_049671625.1	JBATVF000000000	SAMN40011533	Desulfobacterales bacterium
PRJNA1071982	MFD13192_ilm_asm_bin18	LIB-MJ386-G5_04.18	GCA_049671605.1	JBATVE000000000	SAMN40011534	Desulfobacterales bacterium
PRJNA1071982	MFD10206_ilm_asm_bin13	LIB-MJ283-C2_04.13	GCA_049668905.1	JBATJX000000000	SAMN40009721	Desulfobacterales bacterium
PRJNA1071982	MFD10306_ilm_asm_bin28	LIB-MJ284-A4_03.28	GCA_049666885.1	JBATHN000000000	SAMN40009783	Desulfobacterales bacterium
PRJNA1071982	MFD10098_ilm_asm_bin7	LIB-MJ301-D2_01.7	GCA_049664125.1	JBATER000000000	SAMN40009857	Desulfobacterales bacterium
PRJNA1071982	MFD13205_ilm_asm_bin8	LIB-MJ390-G2_03.8	GCA_049642485.1	JBAROW000000000	SAMN40011965	Desulfobacterales bacterium
PRJNA1071982	MFD12959_ilm_asm_bin44	LIB-MJ390-D1_03.44	GCA_049644625.1	JBARSG000000000	SAMN40011877	Desulfobacterales bacterium
PRJNA1071982	MFD00100_ilm_asm_bin18	LIB-MJ054-A1_03.18	GCA_049284575.1	JBAPYE000000000	SAMN40007684	Desulfobacterales bacterium
PRJNA1071982	MFD01233_ilm_asm_bin25	LIB-MJ091-A10_03.25	GCA_049282415.1	JBAPTZ000000000	SAMN40007793	Desulfobacterales bacterium
PRJNA1071982	MFD00116_ilm_asm_bin20	LIB-MJ055-G8_04.20	GCA_049283795.1	JBAPWQ000000000	SAMN40007724	Desulfobacterales bacterium
PRJNA1071982	MFD01219_ilm_asm_bin34	LIB-MJ091-B7_03.34	GCA_049282155.1	JBAPTM000000000	SAMN40007806	Desulfobacterales bacterium
PRJNA1071982	MFD01244_ilm_asm_bin11	LIB-MJ091-G8_03.11	GCA_049281435.1	JBAPSB000000000	SAMN40007843	Desulfobacterales bacterium
PRJNA1071982	MFD01085_ilm_asm_bin18	LIB-MJ093-E10_02.18	GCA_049280735.1	JBAPQR000000000	SAMN40007879	Desulfobacterales bacterium
PRJNA1071982	MFD07007_ilm_asm_bin8	LIB-MJ306-B6_01.8	GCA_049288725.1	JBAQIG000000000	SAMN40010215	Desulfobacterales bacterium
PRJNA1071982	MFD07001_ilm_asm_bin20	LIB-MJ307-A12_01.20	GCA_049288115.1	JBAQHB000000000	SAMN40010246	Desulfobacterales bacterium
PRJNA1071982	MFD00101_ilm_asm_bin6	LIB-MJ044-D8_03.6	GCA_049286095.1	JBAQBF000000000	SAMN40007605	Desulfobacterales bacterium
PRJNA1071982	MFD01126_ilm_asm_bin6	LIB-MJ108-D3_02.6	GCA_049278735.1	JBAPMS000000000	SAMN40007982	Desulfobacterales bacterium
PRJNA1071982	MFD12921_ilm_asm_bin16	LIB-MJ388-H5_02.16	GCA_049650225.1	JBARZS000000000	SAMN40011683	Desulfobulbales bacterium
PRJNA1071982	MFD12941_ilm_asm_bin5	LIB-MJ385-C1_04.5	GCA_049674065.1	JBATYL000000000	SAMN40011449	Desulfobulbales bacterium
PRJNA1071982	MFD12949_ilm_asm_bin5	LIB-MJ386-G9_04.5	GCA_049671405.1	JBATUV000000000	SAMN40011543	Desulfobulbales bacterium
PRJNA1071982	MFD13112_ilm_asm_bin11	LIB-MJ380-D4_03.11	GCA_049678925.1	JBAUFB000000000	SAMN40011277	Desulfobulbales bacterium
PRJNA1071982	MFD01352_ilm_asm_bin7	LIB-MJ198-A9_03.7	GCA_049579245.1	JBAUNM000000000	SAMN40009035	Desulfocapsaceae bacterium
PRJNA1071982	MFD02923_ilm_asm_bin52	LIB-MJ256-H7_03.52	GCA_049581785.1	JBAUSQ000000000	SAMN40009525	Desulfoferrobacter sp.
PRJNA1071982	MFD01868_ilm_asm_bin4	LIB-MJ386-F2_04.4	GCA_049671785.1	JBATVN000000000	SAMN40011525	Desulfomonilaceae bacterium
PRJNA1071982	MFD05938_ilm_asm_bin5	LIB-MJ231-G9_04.5	GCA_049585995.1	JBAVBA000000000	SAMN40009312	Desulfomonilaceae bacterium
PRJNA1071982	MFD13472_ilm_asm_bin3	LIB-MJ413-E9_01.3	GCA_049652445.1	JBASEA000000000	SAMN40012335	Desulfomonilia bacterium
PRJNA1071982	MFD13488_ilm_asm_bin12	LIB-MJ413-E7_01.12	GCA_049652945.1	JBASFH000000000	SAMN40012302	Desulfomonilia bacterium
PRJNA1071982	MFD13471_ilm_asm_bin9	LIB-MJ413-F9_01.9	GCA_049277555.1	JBASYQ000000000	SAMN40012414	Desulfomonilia bacterium
PRJNA1071982	MFD13471_ilm_asm_bin24	LIB-MJ413-F9_01.24	GCA_049277915.1	JBASZH000000000	SAMN40012397	Desulfomonilia bacterium
PRJNA1071982	MFD13470_ilm_asm_bin1	LIB-MJ413-G9_01.1	GCA_049275875.1	JBASVJ000000000	SAMN40012499	Desulfomonilia bacterium
PRJNA1071982	MFD13470_ilm_asm_bin26	LIB-MJ413-G9_01.26	GCA_049275795.1	JBASVF000000000	SAMN40012503	Desulfomonilia bacterium
PRJNA1071982	MFD10098_ilm_asm_bin8	LIB-MJ301-D2_01.8	GCA_049664105.1	JBATEQ000000000	SAMN40009858	Desulfoprunum sp.
PRJNA1071982	MFD12129_ilm_asm_bin19	LIB-MJ390-B2_03.19	GCA_049645925.1	JBARUU000000000	SAMN40011811	Desulforhopalus sp.
PRJNA1071982	MFD12129_ilm_asm_bin8	LIB-MJ390-B2_03.8	GCA_049645845.1	JBARUR000000000	SAMN40011814	Desulforhopalus sp.
PRJNA1071982	MFD12006_ilm_asm_bin16	LIB-MJ334-E10_01.16	GCA_049297455.1	JBAQUK000000000	SAMN40010498	Desulfosalsimonadaceae bacterium
PRJNA1071982	MFD12000_ilm_asm_bin20	LIB-MJ334-F9_01.20	GCA_049296115.1	JBAQRW000000000	SAMN40010564	Desulfosalsimonadaceae bacterium
PRJNA1071982	MFD12002_ilm_asm_bin38	LIB-MJ334-H9_01.38	GCA_049304155.1	JBAQNV000000000	SAMN40010670	Desulfosalsimonadaceae bacterium
PRJNA1071982	MFD12001_ilm_asm_bin18	LIB-MJ334-G9_01.18	GCA_049305855.1	JBAQPO000000000	SAMN40010624	Desulfosalsimonadaceae bacterium
PRJNA1071982	MFD02415_ilm_asm_bin22	LIB-MJ215-B7_01.22	GCA_049577585.1	JBAUKJ000000000	SAMN40009116	Desulfosarcina sp.
PRJNA1071982	MFD12106_ilm_asm_bin6	LIB-MJ335-C12_02.6	GCA_049302315.1	JBAQLX000000000	SAMN40010720	Desulfosporosinus sp.
PRJNA1071982	MFD12001_ilm_asm_bin38	LIB-MJ334-G9_01.38	GCA_049305715.1	JBAQPK000000000	SAMN40010628	Desulfuromonadaceae bacterium
PRJNA1071982	MFD03638_ilm_asm_bin4	LIB-MJ134-A11_03.4	GCA_049696195.1	JBAVTM000000000	SAMN40008468	Desulfuromonadaceae bacterium
PRJNA1071982	MFD13458_ilm_asm_bin18	LIB-MJ413-E11_01.18	GCA_049684075.1	JBAVAC000000000	SAMN40012275	Dethiobacteria bacterium
PRJNA1071982	MFD13457_ilm_asm_bin12	LIB-MJ413-F11_01.12	GCA_049652185.1	JBASDN000000000	SAMN40012348	Dethiobacteria bacterium
PRJNA1071982	MFD13480_ilm_asm_bin19	LIB-MJ413-E8_01.19	GCA_049654405.1	JBASEV000000000	SAMN40012314	Dethiobacteria bacterium
PRJNA1071982	MFD13465_ilm_asm_bin2	LIB-MJ413-E10_01.2	GCA_049653605.1	JBASGP000000000	SAMN40012266	Dethiobacteria bacterium
PRJNA1071982	MFD13465_ilm_asm_bin14	LIB-MJ413-E10_01.14	GCA_049653665.1	JBASGS000000000	SAMN40012263	Dethiobacteria bacterium
PRJNA1071982	MFD13473_ilm_asm_bin6	LIB-MJ413-D9_01.6	GCA_049653825.1	JBASHA000000000	SAMN40012255	Dethiobacteria bacterium
PRJNA1071982	MFD13482_ilm_asm_bin15	LIB-MJ413-C8_01.15	GCA_049655925.1	JBASKR000000000	SAMN40012160	Dethiobacteria bacterium
PRJNA1071982	MFD13483_ilm_asm_bin5	LIB-MJ413-B8_01.5	GCA_049656865.1	JBASMM000000000	SAMN40012113	Dethiobacteria bacterium
PRJNA1071982	MFD13475_ilm_asm_bin14	LIB-MJ413-B9_01.14	GCA_049656725.1	JBASMF000000000	SAMN40012120	Dethiobacteria bacterium
PRJNA1071982	MFD13474_ilm_asm_bin7	LIB-MJ413-C9_01.7	GCA_049655505.1	JBASJW000000000	SAMN40012181	Dethiobacteria bacterium
PRJNA1071982	MFD13489_ilm_asm_bin28	LIB-MJ413-D7_01.28	GCA_049654845.1	JBASIP000000000	SAMN40012214	Dethiobacteria bacterium
PRJNA1071982	MFD13466_ilm_asm_bin6	LIB-MJ413-D10_01.6	GCA_049655165.1	JBASJF000000000	SAMN40012198	Dethiobacteria bacterium
PRJNA1071982	MFD13492_ilm_asm_bin26	LIB-MJ413-A7_01.26	GCA_049659585.1	JBASPV000000000	SAMN40012026	Dethiobacteria bacterium
PRJNA1071982	MFD13476_ilm_asm_bin13	LIB-MJ413-A9_01.13	GCA_049658525.1	JBASOT000000000	SAMN40012054	Dethiobacteria bacterium
PRJNA1071982	MFD13484_ilm_asm_bin10	LIB-MJ413-A8_01.10	GCA_049659045.1	JBASPH000000000	SAMN40012040	Dethiobacteria bacterium
PRJNA1071982	MFD13461_ilm_asm_bin2	LIB-MJ413-B11_01.2	GCA_049657425.1	JBASNP000000000	SAMN40012084	Dethiobacteria bacterium
PRJNA1071982	MFD13478_ilm_asm_bin7	LIB-MJ413-G8_01.7	GCA_049275915.1	JBASVL000000000	SAMN40012497	Dethiobacteria bacterium
PRJNA1071982	MFD13478_ilm_asm_bin20	LIB-MJ413-G8_01.20	GCA_049276095.1	JBASVT000000000	SAMN40012489	Dethiobacteria bacterium
PRJNA1071982	MFD13463_ilm_asm_bin18	LIB-MJ413-H10_01.18	GCA_049275555.1	JBASUU000000000	SAMN40012514	Dethiobacteria bacterium
PRJNA1071982	MFD13455_ilm_asm_bin21	LIB-MJ413-H11_01.21	GCA_049275215.1	JBASUC000000000	SAMN40012532	Dethiobacteria bacterium
PRJNA1071982	MFD13471_ilm_asm_bin52	LIB-MJ413-F9_01.52	GCA_049277715.1	JBASYW000000000	SAMN40012408	Dethiobacteria bacterium
PRJNA1071982	MFD13485_ilm_asm_bin29	LIB-MJ413-H7_01.29	GCA_049274545.1	JBASSW000000000	SAMN40012564	Dethiobacteria bacterium
PRJNA1071982	MFD13477_ilm_asm_bin25	LIB-MJ413-H8_01.25	GCA_049274325.1	JBASSK000000000	SAMN40012576	Dethiobacteria bacterium
PRJNA1071982	MFD04287_ilm_asm_bin2	LIB-MJ389-F7_03.2	GCA_049647065.1	JBARWY000000000	SAMN40011755	Devosia sp.
PRJNA1071982	MFD12221_ilm_asm_bin3	LIB-MJ388-D9_02.3	GCA_049651065.1	JBASBJ000000000	SAMN40011640	Diaphorobacter nitroreducens
PRJNA1071982	MFD13492_ilm_asm_bin46	LIB-MJ413-A7_01.46	GCA_049659325.1	JBASPO000000000	SAMN40012033	Dictyoglomaceae bacterium
PRJNA1071982	MFD10516_ilm_asm_bin13	LIB-MJ305-D8_04.13	GCA_049292255.1	JBATQX000000000	SAMN40010045	Dokdonella sp.
PRJNA1071982	MFD10507_ilm_asm_bin14	LIB-MJ305-C7_04.14	GCA_049293515.1	JBATSV000000000	SAMN40009995	Dokdonella sp.
PRJNA1071982	MFD10577_ilm_asm_bin1	LIB-MJ334-A5_01.1	GCA_049286485.1	JBAQDZ000000000	SAMN40010326	Dokdonella sp.
PRJNA1071982	MFD10496_ilm_asm_bin26	LIB-MJ305-H5_04.26	GCA_049289135.1	JBAQJA000000000	SAMN40010195	Dokdonella sp.
PRJNA1071982	MFD10504_ilm_asm_bin28	LIB-MJ305-H6_04.28	GCA_049289055.1	JBAQIX000000000	SAMN40010198	Dokdonella sp.
PRJNA1071982	MFD10518_ilm_asm_bin27	LIB-MJ305-F8_04.27	GCA_049290575.1	JBATNW000000000	SAMN40010124	Dokdonella sp.
PRJNA1071982	MFD10519_ilm_asm_bin3	LIB-MJ305-G8_04.3	GCA_049289875.1	JBATMN000000000	SAMN40010159	Dokdonella sp.
PRJNA1071982	MFD10514_ilm_asm_bin37	LIB-MJ305-B8_04.37	GCA_049661925.1	JBATAQ000000000	SAMN40009962	Dokdonella sp.
PRJNA1071982	MFD13442_ilm_asm_bin39	LIB-MJ390-C7_03.39	GCA_049644845.1	JBARSS000000000	SAMN40011865	Dokdonella sp.
PRJNA1071982	MFD13440_ilm_asm_bin39	LIB-MJ390-E7_03.39	GCA_049643565.1	JBARQI000000000	SAMN40011927	Dokdonella sp.
PRJNA1071982	MFD05384_ilm_asm_bin29	LIB-MJ173-C9_01.29	GCA_049593775.1	JBAWHJ000000000	SAMN40008741	Dokdonella sp.
PRJNA1071982	MFD12194_ilm_asm_bin18	LIB-MJ389-E5_03.18	GCA_049647205.1	JBARXF000000000	SAMN40011748	Dolichospermum sp.
PRJNA1071982	MFD13461_ilm_asm_bin24	LIB-MJ413-B11_01.24	GCA_049657325.1	JBASNM000000000	SAMN40012087	Dysgonamonadaceae bacterium
PRJNA1071982	MFD13459_ilm_asm_bin1	LIB-MJ413-D11_01.1	GCA_049655145.1	JBASJE000000000	SAMN40012199	Dysgonamonadaceae bacterium
PRJNA1071982	MFD13460_ilm_asm_bin5	LIB-MJ413-C11_01.5	GCA_049656125.1	JBASLB000000000	SAMN40012150	Dysgonamonadaceae bacterium
PRJNA1071982	MFD13472_ilm_asm_bin15	LIB-MJ413-E9_01.15	GCA_049652545.1	JBASEH000000000	SAMN40012328	Dysgonamonadaceae bacterium
PRJNA1071982	MFD13477_ilm_asm_bin13	LIB-MJ413-H8_01.13	GCA_049274405.1	JBASSO000000000	SAMN40012572	Dysgonamonadaceae bacterium
PRJNA1071982	MFD13485_ilm_asm_bin35	LIB-MJ413-H7_01.35	GCA_049274485.1	JBASST000000000	SAMN40012567	Dysgonamonadaceae bacterium
PRJNA1071982	MFD13471_ilm_asm_bin5	LIB-MJ413-F9_01.5	GCA_049277755.1	JBASYY000000000	SAMN40012406	Dysgonamonadaceae bacterium
PRJNA1071982	MFD13478_ilm_asm_bin5	LIB-MJ413-G8_01.5	GCA_049275975.1	JBASVN000000000	SAMN40012495	Dysgonamonadaceae bacterium
PRJNA1071982	MFD12135_ilm_asm_bin14	LIB-MJ389-D7_03.14	GCA_049647425.1	JBARXQ000000000	SAMN40011737	Elainellaceae cyanobacterium
PRJNA1071982	MFD12135_ilm_asm_bin27	LIB-MJ389-D7_03.27	GCA_049647405.1	JBARXP000000000	SAMN40011738	Elainellaceae cyanobacterium
PRJNA1071982	MFD12159_ilm_asm_bin36	LIB-MJ389-C5_03.36	GCA_049647905.1	JBARYO000000000	SAMN40011713	Elainellaceae cyanobacterium
PRJNA1071982	MFD10544_ilm_asm_bin31	LIB-MJ305-B12_04.31	GCA_049662425.1	JBATBP000000000	SAMN40009937	Enterococcus aquimarinus
PRJNA1071982	MFD10583_ilm_asm_bin36	LIB-MJ334-G5_01.36	GCA_049306395.1	JBAQQH000000000	SAMN40010605	Enterococcus aquimarinus
PRJNA1071982	MFD10542_ilm_asm_bin15	LIB-MJ305-H11_04.15	GCA_049289615.1	JBATMB000000000	SAMN40010171	Enterococcus aquimarinus
PRJNA1071982	MFD10533_ilm_asm_bin35	LIB-MJ305-G10_04.35	GCA_049290255.1	JBATNH000000000	SAMN40010139	Enterococcus aquimarinus
PRJNA1071982	MFD10532_ilm_asm_bin41	LIB-MJ305-E10_04.41	GCA_049292095.1	JBATQP000000000	SAMN40010053	Enterococcus aquimarinus
PRJNA1071982	MFD10540_ilm_asm_bin38	LIB-MJ305-F11_04.38	GCA_049291135.1	JBATOV000000000	SAMN40010099	Enterococcus aquimarinus
PRJNA1071982	MFD10581_ilm_asm_bin12	LIB-MJ334-E5_01.12	GCA_049297155.1	JBAQTU000000000	SAMN40010514	Enterococcus aquimarinus
PRJNA1071982	MFD10588_ilm_asm_bin24	LIB-MJ334-D6_01.24	GCA_049298055.1	JBAQVI000000000	SAMN40010474	Enterococcus aquimarinus
PRJNA1071982	MFD04612_ilm_asm_bin4	LIB-MJ196-B8_02.4	GCA_049580025.1	JBAUPB000000000	SAMN40008994	Erwinia billingiae
PRJNA1071982	MFD00724_ilm_asm_bin8	LIB-MJ133-C1_03.8	GCA_049696395.1	JBAVTT000000000	SAMN40008461	Erwinia sp.
PRJNA1071982	MFD06945_ilm_asm_bin5	LIB-MJ282-B4_03.5	GCA_049684955.1	JBAVGP000000000	SAMN40009661	Erysipelotrichaceae bacterium
PRJNA1071982	MFD10536_ilm_asm_bin16	LIB-MJ305-B11_04.16	GCA_049662565.1	JBATBW000000000	SAMN40009930	Erysipelotrichaceae bacterium
PRJNA1071982	MFD13484_ilm_asm_bin37	LIB-MJ413-A8_01.37	GCA_049658725.1	JBASOY000000000	SAMN40012049	Erysipelotrichaceae bacterium
PRJNA1071982	MFD13484_ilm_asm_bin20	LIB-MJ413-A8_01.20	GCA_049658925.1	JBASPE000000000	SAMN40012043	Erysipelotrichaceae bacterium
PRJNA1071982	MFD12172_ilm_asm_bin5	LIB-MJ388-H6_02.5	GCA_049649965.1	JBARZK000000000	SAMN40011691	Erythrobacter sp.
PRJNA1071982	MFD12120_ilm_asm_bin35	LIB-MJ388-F1_02.35	GCA_049650765.1	JBASAU000000000	SAMN40011655	Erythrobacter sp.
PRJNA1071982	MFD12135_ilm_asm_bin11	LIB-MJ389-D7_03.11	GCA_049647465.1	JBARXS000000000	SAMN40011735	Erythrobacter sp.
PRJNA1071982	MFD12121_ilm_asm_bin11	LIB-MJ388-A12_02.11	GCA_049683155.1	JBAUIS000000000	SAMN40011617	Erythrobacter sp.
PRJNA1071982	MFD12121_ilm_asm_bin3	LIB-MJ388-A12_02.3	GCA_049683015.1	JBAUIO000000000	SAMN40011621	Erythrobacter sp.
PRJNA1071982	MFD13478_ilm_asm_bin22	LIB-MJ413-G8_01.22	GCA_049276055.1	JBASVR000000000	SAMN40012491	Eubacteriales bacterium
PRJNA1071982	MFD13460_ilm_asm_bin2	LIB-MJ413-C11_01.2	GCA_049656265.1	JBASLI000000000	SAMN40012143	Eubacteriales bacterium
PRJNA1071982	MFD10219_ilm_asm_bin1	LIB-MJ283-B4_04.1	GCA_049669405.1	JBATKN000000000	SAMN40009705	Eudoraea sp.
PRJNA1071982	MFD10235_ilm_asm_bin29	LIB-MJ283-B6_04.29	GCA_049669105.1	JBATKE000000000	SAMN40009714	Eudoraea sp.
PRJNA1071982	MFD10198_ilm_asm_bin5	LIB-MJ283-C1_04.5	GCA_049668965.1	JBATJZ000000000	SAMN40009719	Eudoraea sp.
PRJNA1071982	MFD10264_ilm_asm_bin1	LIB-MJ283-G9_04.1	GCA_049667705.1	JBATIL000000000	SAMN40009759	Eudoraea sp.
PRJNA1071982	MFD10203_ilm_asm_bin3	LIB-MJ283-H1_04_v_LIB-MJ415-D6_04.3	GCA_049667645.1	JBATII000000000	SAMN40009762	Eudoraea sp.
PRJNA1071982	MFD10292_ilm_asm_bin24	LIB-MJ284-A2_03.24	GCA_049666965.1	JBATHP000000000	SAMN40009781	Eudoraea sp.
PRJNA1071982	MFD10345_ilm_asm_bin35	LIB-MJ284-H8_03.35	GCA_049664265.1	JBATEY000000000	SAMN40009850	Eudoraea sp.
PRJNA1071982	MFD10329_ilm_asm_bin15	LIB-MJ284-H6_03.15	GCA_049664625.1	JBATFI000000000	SAMN40009840	Eudoraea sp.
PRJNA1071982	MFD10305_ilm_asm_bin19	LIB-MJ284-H3_03.19	GCA_049664945.1	JBATFR000000000	SAMN40009831	Eudoraea sp.
PRJNA1071982	MFD10313_ilm_asm_bin26	LIB-MJ284-H4_03.26	GCA_049664785.1	JBATFM000000000	SAMN40009836	Eudoraea sp.
PRJNA1071982	MFD10316_ilm_asm_bin19	LIB-MJ284-C5_03.19	GCA_049666285.1	JBATHA000000000	SAMN40009796	Eudoraea sp.
PRJNA1071982	MFD10348_ilm_asm_bin14	LIB-MJ284-C9_03.14	GCA_049666145.1	JBATGX000000000	SAMN40009799	Eudoraea sp.
PRJNA1071982	MFD10295_ilm_asm_bin14	LIB-MJ284-D2_03.14	GCA_049665975.1	JBATGR000000000	SAMN40009805	Eudoraea sp.
PRJNA1071982	MFD10296_ilm_asm_bin22	LIB-MJ284-E2_03.22	GCA_049665805.1	JBATGM000000000	SAMN40009810	Eudoraea sp.
PRJNA1071982	MFD00202_ilm_asm_bin9	LIB-MJ054-E10_03.9	GCA_049284335.1	JBAPXS000000000	SAMN40007696	Exiguobacterium chiriqhucha
PRJNA1071982	MFD00204_ilm_asm_bin6	LIB-MJ051-D10_02.6	GCA_049284835.1	JBAPYR000000000	SAMN40007671	Exiguobacterium chiriqhucha
PRJNA1071982	MFD04869_ilm_asm_bin1	LIB-MJ192-H1_04_v_LIB-MJ409-E6_01.1	GCA_049589655.1	JBAWBD000000000	SAMN40008903	Exiguobacterium marinum
PRJNA1071982	MFD05004_ilm_asm_bin14	LIB-MJ194-F7_04.14	GCA_049588775.1	JBAVZL000000000	SAMN40008947	Exiguobacterium oxidotolerans
PRJNA1071982	MFD00201_ilm_asm_bin3	LIB-MJ055-F4_04.3	GCA_049283955.1	JBAPWY000000000	SAMN40007716	Exiguobacterium undae
PRJNA1071982	MFD03279_ilm_asm_bin11	LIB-MJ334-H7_01.11	GCA_049304775.1	JBAQOL000000000	SAMN40010653	Ferribacterium limneticum
PRJNA1071982	MFD10474_ilm_asm_bin52	LIB-MJ305-H2_04.52	GCA_049289335.1	JBATLN000000000	SAMN40010185	Ferruginibacter sp.
PRJNA1071982	MFD10472_ilm_asm_bin11	LIB-MJ305-F2_04.11	GCA_049291115.1	JBATOU000000000	SAMN40010100	Ferruginibacter sp.
PRJNA1071982	MFD10517_ilm_asm_bin72	LIB-MJ305-E8_04.72	GCA_049291475.1	JBATPM000000000	SAMN40010082	Ferruginibacter sp.
PRJNA1071982	MFD10508_ilm_asm_bin23	LIB-MJ305-D7_04.23	GCA_049292395.1	JBATRC000000000	SAMN40010040	Ferruginibacter sp.
PRJNA1071982	MFD10492_ilm_asm_bin23	LIB-MJ305-D5_04.23	GCA_049292615.1	JBATRN000000000	SAMN40010029	Ferruginibacter sp.
PRJNA1071982	MFD10482_ilm_asm_bin2	LIB-MJ305-B4_04.2	GCA_049662245.1	JBATBF000000000	SAMN40009947	Ferruginibacter sp.
PRJNA1071982	MFD10522_ilm_asm_bin37	LIB-MJ305-B9_04.37	GCA_049661765.1	JBATAL000000000	SAMN40009967	Ferruginibacter sp.
PRJNA1071982	MFD10514_ilm_asm_bin33	LIB-MJ305-B8_04.33	GCA_049661965.1	JBATAS000000000	SAMN40009960	Ferruginibacter sp.
PRJNA1071982	MFD10505_ilm_asm_bin33	LIB-MJ305-A7_04.33	GCA_049663005.1	JBATCR000000000	SAMN40009909	Ferruginibacter sp.
PRJNA1071982	MFD10475_ilm_asm_bin50	LIB-MJ305-A3_04.50	GCA_049663245.1	JBATDB000000000	SAMN40009899	Ferruginibacter sp.
PRJNA1071982	MFD13442_ilm_asm_bin54	LIB-MJ390-C7_03.54	GCA_049644825.1	JBARSQ000000000	SAMN40011867	Ferruginibacter sp.
PRJNA1071982	MFD13443_ilm_asm_bin72	LIB-MJ390-B7_03.72	GCA_049645625.1	JBARUD000000000	SAMN40011828	Ferruginibacter sp.
PRJNA1071982	MFD13444_ilm_asm_bin34	LIB-MJ390-A7_03.34	GCA_049646145.1	JBARVG000000000	SAMN40011799	Ferruginibacter sp.
PRJNA1071982	MFD13492_ilm_asm_bin38	LIB-MJ413-A7_01.38	GCA_049659405.1	JBASPR000000000	SAMN40012030	Fervidobacterium sp.
PRJNA1071982	MFD13492_ilm_asm_bin18	LIB-MJ413-A7_01.18	GCA_049659705.1	JBASPZ000000000	SAMN40012022	Fervidobacterium sp.
PRJNA1071982	MFD13489_ilm_asm_bin59	LIB-MJ413-D7_01.59	GCA_049654645.1	JBASIG000000000	SAMN40012223	Fervidobacterium sp.
PRJNA1071982	MFD03231_ilm_asm_bin11	LIB-MJ413-G5_01.11	GCA_049276675.1	JBASWW000000000	SAMN40012460	Fimbriimonadaceae bacterium
PRJNA1071982	MFD06880_ilm_asm_bin28	LIB-MJ413-G3_01.28	GCA_049276855.1	JBASXH000000000	SAMN40012449	Flavobacteriaceae bacterium
PRJNA1071982	MFD09852_ilm_asm_bin2	LIB-MJ413-G2_01.2	GCA_049277075.1	JBASXR000000000	SAMN40012439	Flavobacteriaceae bacterium
PRJNA1071982	MFD09760_ilm_asm_bin15	LIB-MJ413-H2_01.15	GCA_049275075.1	JBASTV000000000	SAMN40012539	Flavobacteriaceae bacterium
PRJNA1071982	MFD06878_ilm_asm_bin19	LIB-MJ413-H3_01.19	GCA_049275055.1	JBASTU000000000	SAMN40012540	Flavobacteriaceae bacterium
PRJNA1071982	MFD10297_ilm_asm_bin12	LIB-MJ284-F2_03.12	GCA_049665585.1	JBATGH000000000	SAMN40009815	Flavobacteriaceae bacterium
PRJNA1071982	MFD10329_ilm_asm_bin6	LIB-MJ284-H6_03.6	GCA_049664545.1	JBATFG000000000	SAMN40009842	Flavobacteriaceae bacterium
PRJNA1071982	MFD10307_ilm_asm_bin17	LIB-MJ284-B4_03.17	GCA_049666645.1	JBATHI000000000	SAMN40009788	Flavobacteriaceae bacterium
PRJNA1071982	MFD10256_ilm_asm_bin10	LIB-MJ283-G8_04.10	GCA_049667765.1	JBATIN000000000	SAMN40009757	Flavobacteriaceae bacterium
PRJNA1071982	MFD10226_ilm_asm_bin24	LIB-MJ283-A5_04.24	GCA_049669765.1	JBATKW000000000	SAMN40009696	Flavobacteriaceae bacterium
PRJNA1071982	MFD09962_ilm_asm_bin8	LIB-MJ413-D4_01.8	GCA_049654965.1	JBASIV000000000	SAMN40012208	Flavobacteriaceae bacterium
PRJNA1071982	MFD09758_ilm_asm_bin13	LIB-MJ413-C4_01.13	GCA_049656045.1	JBASKX000000000	SAMN40012154	Flavobacteriaceae bacterium
PRJNA1071982	MFD09799_ilm_asm_bin8	LIB-MJ413-B4_01.8	GCA_049657125.1	JBASMZ000000000	SAMN40012100	Flavobacteriaceae bacterium
PRJNA1071982	MFD09946_ilm_asm_bin1	LIB-MJ413-F4_01.1	GCA_049651905.1	JBASCZ000000000	SAMN40012362	Flavobacteriaceae bacterium
PRJNA1071982	MFD06885_ilm_asm_bin34	LIB-MJ413-A5_01.34	GCA_049659985.1	JBASQE000000000	SAMN40012017	Flavobacteriaceae bacterium
PRJNA1071982	MFD03263_ilm_asm_bin21	LIB-MJ353-A11_03.21	GCA_049791475.1	JBAQZZ000000000	SAMN40011152	Flavobacteriaceae bacterium
PRJNA1071982	MFD10475_ilm_asm_bin28	LIB-MJ305-A3_04.28	GCA_049663405.1	JBATDK000000000	SAMN40009890	Flavobacteriales bacterium
PRJNA1071982	MFD12220_ilm_asm_bin22	LIB-MJ389-D6_03.22	GCA_049647565.1	JBARXX000000000	SAMN40011730	Flavobacteriales bacterium
PRJNA1071982	MFD12221_ilm_asm_bin5	LIB-MJ388-D9_02.5	GCA_049651045.1	JBASBI000000000	SAMN40011641	Flavobacteriales bacterium
PRJNA1071982	MFD12222_ilm_asm_bin20	LIB-MJ386-C6_04.20	GCA_049672265.1	JBATVZ000000000	SAMN40011513	Flavobacteriales bacterium
PRJNA1071982	MFD10508_ilm_asm_bin18	LIB-MJ305-D7_04.18	GCA_049292415.1	JBATRD000000000	SAMN40010039	Flavobacteriales bacterium
PRJNA1071982	MFD10474_ilm_asm_bin17	LIB-MJ305-H2_04.17	GCA_049289495.1	JBATLW000000000	SAMN40010176	Flavobacteriales bacterium
PRJNA1071982	MFD10527_ilm_asm_bin7	LIB-MJ305-G9_04.7	GCA_049289815.1	JBATMK000000000	SAMN40010162	Flavobacteriales bacterium
PRJNA1071982	MFD10487_ilm_asm_bin18	LIB-MJ305-G4_04.18	GCA_049290175.1	JBATND000000000	SAMN40010143	Flavobacteriales bacterium
PRJNA1071982	MFD10487_ilm_asm_bin39	LIB-MJ305-G4_04.39	GCA_049290095.1	JBATNA000000000	SAMN40010146	Flavobacteriales bacterium
PRJNA1071982	MFD10518_ilm_asm_bin23	LIB-MJ305-F8_04.23	GCA_049290555.1	JBATNX000000000	SAMN40010123	Flavobacteriales bacterium
PRJNA1071982	MFD10465_ilm_asm_bin1	LIB-MJ305-G1_04.1	GCA_049290415.1	JBATNP000000000	SAMN40010131	Flavobacteriales bacterium
PRJNA1071982	MFD04054_ilm_asm_bin1	LIB-MJ091-E9_03.1	GCA_049281655.1	JBAPSN000000000	SAMN40007831	Flavobacterium sp.
PRJNA1071982	MFD05055_ilm_asm_bin3	LIB-MJ190-H10_02.3	GCA_049590715.1	JBAWDL000000000	SAMN40008843	Flavobacterium sp.
PRJNA1071982	MFD10528_ilm_asm_bin66	LIB-MJ305-H9_04.66	GCA_049288805.1	JBAQIK000000000	SAMN40010211	Formosimonas sp.
PRJNA1071982	MFD10535_ilm_asm_bin22	LIB-MJ305-A11_04.22	GCA_049663625.1	JBATDU000000000	SAMN40009880	Formosimonas sp.
PRJNA1071982	MFD06885_ilm_asm_bin29	LIB-MJ413-A5_01.29	GCA_049660105.1	JBASQH000000000	SAMN40012014	Fuerstiella sp.
PRJNA1071982	MFD06914_ilm_asm_bin8	LIB-MJ413-A4_01.8	GCA_049660225.1	JBASQM000000000	SAMN40012009	Fuerstiella sp.
PRJNA1071982	MFD06880_ilm_asm_bin27	LIB-MJ413-G3_01.27	GCA_049276895.1	JBASXI000000000	SAMN40012448	Fuerstiella sp.
PRJNA1071982	MFD10547_ilm_asm_bin36	LIB-MJ334-A1_01.36	GCA_049287385.1	JBAQFS000000000	SAMN40010281	Fusicatenibacter saccharivorans
PRJNA1071982	MFD10532_ilm_asm_bin37	LIB-MJ305-E10_04.37	GCA_049292135.1	JBATQR000000000	SAMN40010051	Fusicatenibacter saccharivorans
PRJNA1071982	MFD10530_ilm_asm_bin5	LIB-MJ305-B10_04.5	GCA_049662665.1	JBATBZ000000000	SAMN40009927	Fusicatenibacter saccharivorans
PRJNA1071982	MFD10536_ilm_asm_bin14	LIB-MJ305-B11_04.14	GCA_049662605.1	JBATBX000000000	SAMN40009929	Fusicatenibacter saccharivorans
PRJNA1071982	MFD08650_ilm_asm_bin6	LIB-MJ252-D3_02.6	GCA_049584415.1	JBAUXT000000000	SAMN40009392	Gaiella sp.
PRJNA1071982	MFD05104_ilm_asm_bin1	LIB-MJ140-E8_02.1	GCA_049691975.1	JBAVOJ000000000	SAMN40008601	Gaiella sp.
PRJNA1071982	MFD07129_ilm_asm_bin2	LIB-MJ171-C12_04.2	GCA_049688335.1	JBAVKN000000000	SAMN40008701	Gaiellaceae bacterium
PRJNA1071982	MFD13499_ilm_asm_bin15	LIB-MJ390-D5_03.15	GCA_049644345.1	JBARRS000000000	SAMN40011891	Gaiellaceae bacterium
PRJNA1071982	MFD13499_ilm_asm_bin25	LIB-MJ390-D5_03.25	GCA_049644305.1	JBARRQ000000000	SAMN40011893	Gaiellaceae bacterium
PRJNA1071982	MFD02204_ilm_asm_bin22	LIB-MJ177-G1_03.22	GCA_049591255.1	JBAWEP000000000	SAMN40008813	Gaiellaceae bacterium
PRJNA1071982	MFD07963_ilm_asm_bin8	LIB-MJ306-G2_01.8	GCA_049288455.1	JBAQHS000000000	SAMN40010229	Gaiellaceae bacterium
PRJNA1071982	MFD01209_ilm_asm_bin3	LIB-MJ088-G11_04.3	GCA_049283395.1	JBAPVX000000000	SAMN40007743	Gaiellaceae bacterium
PRJNA1071982	MFD13528_ilm_asm_bin24	LIB-MJ414-E9_03.24	GCA_049273785.1	JBASRJ000000000	SAMN40012603	Gaiellaceae bacterium
PRJNA1071982	MFD12902_ilm_asm_bin7	LIB-MJ413-G6_01.7	GCA_049276435.1	JBASWK000000000	SAMN40012472	Gallionella sp.
PRJNA1071982	MFD12004_ilm_asm_bin33	LIB-MJ334-B10_01.33	GCA_049294375.1	JBAQCT000000000	SAMN40010358	Gallionella sp.
PRJNA1071982	MFD03290_ilm_asm_bin47	LIB-MJ334-C9_01.47	GCA_049298895.1	JBAQWL000000000	SAMN40010445	Gallionella sp.
PRJNA1071982	MFD12002_ilm_asm_bin13	LIB-MJ334-H9_01.13	GCA_049304375.1	JBAQOC000000000	SAMN40010663	Gallionella sp.
PRJNA1071982	MFD09615_ilm_asm_bin40	LIB-MJ191-B1_04_v_LIB-MJ405-G9_01.40	GCA_049590535.1	JBAWDB000000000	SAMN40008853	Gallionella sp.
PRJNA1071982	MFD05788_ilm_asm_bin6	LIB-MJ229-G8_03.6	GCA_049586715.1	JBAVCO000000000	SAMN40009272	Gallionella sp.
PRJNA1071982	MFD09657_ilm_asm_bin28	LIB-MJ259-G11_04_v_LIB-MJ415-E5_04.28	GCA_049580965.1	JBAUQZ000000000	SAMN40009568	Gallionella sp.
PRJNA1071982	MFD04215_ilm_asm_bin6	LIB-MJ259-H6_04.6	GCA_049580605.1	JBAUQH000000000	SAMN40009586	Gallionella sp.
PRJNA1071982	MFD03044_ilm_asm_bin8	LIB-MJ167-G7_02.8	GCA_049688815.1	JBAVLH000000000	SAMN40008681	Gallionella sp.
PRJNA1071982	MFD03092_ilm_asm_bin35	LIB-MJ140-E2_02.35	GCA_049692075.1	JBAVOM000000000	SAMN40008598	Gallionella sp.
PRJNA1071982	MFD03636_ilm_asm_bin10	LIB-MJ132-F5_03.10	GCA_049696755.1	JBAVUL000000000	SAMN40008443	Gallionella sp.
PRJNA1071982	MFD03895_ilm_asm_bin4	LIB-MJ139-G9_01.4	GCA_049693175.1	JBAVPP000000000	SAMN40008569	Gallionella sp.
PRJNA1071982	MFD02832_ilm_asm_bin3	LIB-MJ280-F11_02.3	GCA_049685855.1	JBAVHL000000000	SAMN40009639	Gallionella sp.
PRJNA1071982	MFD06949_ilm_asm_bin1	LIB-MJ282-F2_03.1	GCA_049684555.1	JBAVGB000000000	SAMN40009675	Gallionella sp.
PRJNA1071982	MFD06487_ilm_asm_bin4	LIB-MJ341-E6_02_v_LIB-MJ367-E6_04.4	GCA_049799335.1	JBARHR000000000	SAMN40010952	Gallionella sp.
PRJNA1071982	MFD06063_ilm_asm_bin7	LIB-MJ341-F5_02_v_LIB-MJ406-C2_04.7	GCA_049799235.1	JBARHM000000000	SAMN40010957	Gallionella sp.
PRJNA1071982	MFD06091_ilm_asm_bin5	LIB-MJ339-C7_03.5	GCA_049801395.1	JBARKL000000000	SAMN40010880	Gallionellaceae bacterium
PRJNA1071982	MFD05931_ilm_asm_bin2	LIB-MJ255-D11_02.2	GCA_049582805.1	JBAUUR000000000	SAMN40009472	Gallionellaceae bacterium
PRJNA1071982	MFD02923_ilm_asm_bin49	LIB-MJ256-H7_03.49	GCA_049581805.1	JBAUSR000000000	SAMN40009524	Gammaproteobacteria bacterium
PRJNA1071982	MFD02923_ilm_asm_bin22	LIB-MJ256-H7_03.22	GCA_049581885.1	JBAUSV000000000	SAMN40009520	Gammaproteobacteria bacterium
PRJNA1071982	MFD05722_ilm_asm_bin35	LIB-MJ177-D8_03.35	GCA_049591455.1	JBAWFA000000000	SAMN40008802	Gammaproteobacteria bacterium
PRJNA1071982	MFD05722_ilm_asm_bin28	LIB-MJ177-D8_03.28	GCA_049591615.1	JBAWFD000000000	SAMN40008799	Gammaproteobacteria bacterium
PRJNA1071982	MFD06726_ilm_asm_bin7	LIB-MJ343-D1_01.7	GCA_049797475.1	JBARFR000000000	SAMN40011004	Gammaproteobacteria bacterium
PRJNA1071982	MFD13042_ilm_asm_bin13	LIB-MJ380-F7_03.13	GCA_049678805.1	JBAUEV000000000	SAMN40011283	Gammaproteobacteria bacterium
PRJNA1071982	MFD09722_ilm_asm_bin5	LIB-MJ354-D11_04.5	GCA_049680065.1	JBAUHC000000000	SAMN40011224	Gammaproteobacteria bacterium
PRJNA1071982	MFD10226_ilm_asm_bin27	LIB-MJ283-A5_04.27	GCA_049669785.1	JBATKV000000000	SAMN40009697	Gammaproteobacteria bacterium
PRJNA1071982	MFD10280_ilm_asm_bin23	LIB-MJ283-A12_04_v_LIB-MJ415-C7_04.23	GCA_049670005.1	JBATLC000000000	SAMN40009690	Gammaproteobacteria bacterium
PRJNA1071982	MFD10235_ilm_asm_bin5	LIB-MJ283-B6_04.5	GCA_049669065.1	JBATKC000000000	SAMN40009716	Gammaproteobacteria bacterium
PRJNA1071982	MFD10235_ilm_asm_bin42	LIB-MJ283-B6_04.42	GCA_049669125.1	JBATKD000000000	SAMN40009715	Gammaproteobacteria bacterium
PRJNA1071982	MFD10255_ilm_asm_bin16	LIB-MJ283-F8_04.16	GCA_049668065.1	JBATIX000000000	SAMN40009747	Gammaproteobacteria bacterium
PRJNA1071982	MFD10224_ilm_asm_bin2	LIB-MJ283-G4_04.2	GCA_049667845.1	JBATIS000000000	SAMN40009752	Gammaproteobacteria bacterium
PRJNA1071982	MFD10247_ilm_asm_bin10	LIB-MJ283-F7_04.10	GCA_049668145.1	JBATIZ000000000	SAMN40009745	Gammaproteobacteria bacterium
PRJNA1071982	MFD10206_ilm_asm_bin2	LIB-MJ283-C2_04.2	GCA_049668745.1	JBATJV000000000	SAMN40009723	Gammaproteobacteria bacterium
PRJNA1071982	MFD10244_ilm_asm_bin13	LIB-MJ283-C7_04.13	GCA_049668705.1	JBATJS000000000	SAMN40009726	Gammaproteobacteria bacterium
PRJNA1071982	MFD10239_ilm_asm_bin5	LIB-MJ283-F6_04.5	GCA_049668205.1	JBATJA000000000	SAMN40009744	Gammaproteobacteria bacterium
PRJNA1071982	MFD10246_ilm_asm_bin8	LIB-MJ283-E7_04.8	GCA_049668345.1	JBATJF000000000	SAMN40009739	Gammaproteobacteria bacterium
PRJNA1071982	MFD10215_ilm_asm_bin6	LIB-MJ283-E3_04.6	GCA_049668485.1	JBATJM000000000	SAMN40009732	Gammaproteobacteria bacterium
PRJNA1071982	MFD10301_ilm_asm_bin16	LIB-MJ284-B3_03.16	GCA_049666625.1	JBATHJ000000000	SAMN40009787	Gammaproteobacteria bacterium
PRJNA1071982	MFD10306_ilm_asm_bin4	LIB-MJ284-A4_03.4	GCA_049666865.1	JBATHM000000000	SAMN40009784	Gammaproteobacteria bacterium
PRJNA1071982	MFD10264_ilm_asm_bin30	LIB-MJ283-G9_04.30	GCA_049667685.1	JBATIK000000000	SAMN40009760	Gammaproteobacteria bacterium
PRJNA1071982	MFD10279_ilm_asm_bin30	LIB-MJ283-H11_04_v_LIB-MJ415-B7_04.30	GCA_049667605.1	JBATIF000000000	SAMN40009765	Gammaproteobacteria bacterium
PRJNA1071982	MFD10279_ilm_asm_bin28	LIB-MJ283-H11_04_v_LIB-MJ415-B7_04.28	GCA_049667585.1	JBATIG000000000	SAMN40009764	Gammaproteobacteria bacterium
PRJNA1071982	MFD10225_ilm_asm_bin5	LIB-MJ283-H4_04.5	GCA_049667385.1	JBATHZ000000000	SAMN40009771	Gammaproteobacteria bacterium
PRJNA1071982	MFD10337_ilm_asm_bin18	LIB-MJ284-H7_03.18	GCA_049664445.1	JBATFE000000000	SAMN40009844	Gammaproteobacteria bacterium
PRJNA1071982	MFD10345_ilm_asm_bin26	LIB-MJ284-H8_03.26	GCA_049664305.1	JBATEZ000000000	SAMN40009849	Gammaproteobacteria bacterium
PRJNA1071982	MFD10350_ilm_asm_bin26	LIB-MJ284-E9_03.26	GCA_049665605.1	JBATGI000000000	SAMN40009814	Gammaproteobacteria bacterium
PRJNA1071982	MFD10350_ilm_asm_bin17	LIB-MJ284-E9_03.17	GCA_049665685.1	JBATGJ000000000	SAMN40009813	Gammaproteobacteria bacterium
PRJNA1071982	MFD10351_ilm_asm_bin13	LIB-MJ284-F9_03.13	GCA_049665425.1	JBATGD000000000	SAMN40009819	Gammaproteobacteria bacterium
PRJNA1071982	MFD10296_ilm_asm_bin25	LIB-MJ284-E2_03.25	GCA_049665725.1	JBATGL000000000	SAMN40009811	Gammaproteobacteria bacterium
PRJNA1071982	MFD10348_ilm_asm_bin32	LIB-MJ284-C9_03.32	GCA_049666105.1	JBATGV000000000	SAMN40009801	Gammaproteobacteria bacterium
PRJNA1071982	MFD10361_ilm_asm_bin2	LIB-MJ284-B11_03.2	GCA_049666745.1	JBATHL000000000	SAMN40009785	Gammaproteobacteria bacterium
PRJNA1071982	MFD05464_ilm_asm_bin16	LIB-MJ172-B5_04.16	GCA_049688075.1	JBAVKA000000000	SAMN40008714	Gammaproteobacteria bacterium
PRJNA1071982	MFD01067_ilm_asm_bin14	LIB-MJ110-B3_04_v_LIB-MJ415-G1_04.14	GCA_049698775.1	JBAVYM000000000	SAMN40008338	Gammaproteobacteria bacterium
PRJNA1071982	MFD12021_ilm_asm_bin3	LIB-MJ335-B1_02.3	GCA_049303075.1	JBAQMT000000000	SAMN40010698	Gammaproteobacteria bacterium
PRJNA1071982	MFD12018_ilm_asm_bin15	LIB-MJ334-B12_01.15	GCA_049294295.1	JBAQCP000000000	SAMN40010362	Gammaproteobacteria bacterium
PRJNA1071982	MFD01233_ilm_asm_bin41	LIB-MJ091-A10_03.41	GCA_049282355.1	JBAPTW000000000	SAMN40007796	Gammaproteobacteria bacterium
PRJNA1071982	MFD10518_ilm_asm_bin32	LIB-MJ305-F8_04.32	GCA_049290495.1	JBATNV000000000	SAMN40010125	Gammaproteobacteria bacterium
PRJNA1071982	MFD12159_ilm_asm_bin39	LIB-MJ389-C5_03.39	GCA_049647885.1	JBARYN000000000	SAMN40011714	Geitlerinemataceae cyanobacterium
PRJNA1071982	MFD12125_ilm_asm_bin24	LIB-MJ390-B4_03.24	GCA_049645785.1	JBARUN000000000	SAMN40011818	Geitlerinemataceae cyanobacterium
PRJNA1071982	MFD12171_ilm_asm_bin5	LIB-MJ386-H4_04.5	GCA_049671205.1	JBATUP000000000	SAMN40011549	Geitlerinemataceae cyanobacterium
PRJNA1071982	MFD12175_ilm_asm_bin14	LIB-MJ386-A11_04.14	GCA_049673475.1	JBATXS000000000	SAMN40011468	Geitlerinemataceae cyanobacterium
PRJNA1071982	MFD03259_ilm_asm_bin6	LIB-MJ354-G6_04_v_LIB-MJ403-H3_03.6	GCA_049679605.1	JBAUGI000000000	SAMN40011244	Geitlerinemataceae cyanobacterium
PRJNA1071982	MFD03253_ilm_asm_bin15	LIB-MJ354-B9_04_v_LIB-MJ403-B5_03.15	GCA_049680605.1	JBAUIC000000000	SAMN40011198	Geitlerinemataceae cyanobacterium
PRJNA1071982	MFD03258_ilm_asm_bin3	LIB-MJ353-G1_03.3	GCA_049790515.1	JBAQZA000000000	SAMN40011178	Geitlerinemataceae cyanobacterium
PRJNA1071982	MFD06569_ilm_asm_bin2	LIB-MJ345-F2_01.2	GCA_049795335.1	JBARDR000000000	SAMN40011056	Gelidibacter sp.
PRJNA1071982	MFD10500_ilm_asm_bin22	LIB-MJ305-D6_04.22	GCA_049292515.1	JBATRI000000000	SAMN40010034	Geminicoccaceae bacterium
PRJNA1071982	MFD01866_ilm_asm_bin16	LIB-MJ177-C8_03.16	GCA_049591755.1	JBAWFI000000000	SAMN40008794	Gemmatimonadaceae bacterium
PRJNA1071982	MFD03296_ilm_asm_bin2	LIB-MJ354-C7_04.2	GCA_049680185.1	JBAUHI000000000	SAMN40011218	Gemmatimonadales bacterium
PRJNA1071982	MFD10351_ilm_asm_bin10	LIB-MJ284-F9_03.10	GCA_049665475.1	JBATGE000000000	SAMN40009818	Gemmatimonadota bacterium
PRJNA1071982	MFD10222_ilm_asm_bin16	LIB-MJ283-E4_04.16	GCA_049668445.1	JBATJK000000000	SAMN40009734	Gemmatimonadota bacterium
PRJNA1071982	MFD10254_ilm_asm_bin17	LIB-MJ283-E8_04.17	GCA_049668325.1	JBATJE000000000	SAMN40009740	Gemmatimonadota bacterium
PRJNA1071982	MFD10592_ilm_asm_bin24	LIB-MJ334-H6_01.24	GCA_049304975.1	JBAQOR000000000	SAMN40010647	Gemmiger qucibialis
PRJNA1071982	MFD10568_ilm_asm_bin11	LIB-MJ334-H3_01.11	GCA_049305335.1	JBAQPA000000000	SAMN40010638	Gemmiger qucibialis
PRJNA1071982	MFD10538_ilm_asm_bin1	LIB-MJ305-D11_04.1	GCA_049293175.1	JBATSG000000000	SAMN40010010	Gemmiger qucibialis
PRJNA1071982	MFD10532_ilm_asm_bin5	LIB-MJ305-E10_04.5	GCA_049292055.1	JBATQN000000000	SAMN40010055	Gemmiger qucibialis
PRJNA1071982	MFD10540_ilm_asm_bin31	LIB-MJ305-F11_04.31	GCA_049291175.1	JBATOX000000000	SAMN40010097	Gemmiger qucibialis
PRJNA1071982	MFD10583_ilm_asm_bin31	LIB-MJ334-G5_01.31	GCA_049295155.1	JBAQQJ000000000	SAMN40010603	Gemmiger qucibialis
PRJNA1071982	MFD10582_ilm_asm_bin13	LIB-MJ334-F5_01.13	GCA_049296435.1	JBAQSL000000000	SAMN40010549	Gemmiger qucibialis
PRJNA1071982	MFD10560_ilm_asm_bin10	LIB-MJ334-F2_01.10	GCA_049296675.1	JBAQSW000000000	SAMN40010538	Gemmiger qucibialis
PRJNA1071982	MFD10574_ilm_asm_bin41	LIB-MJ334-F4_01.41	GCA_049296475.1	JBAQSN000000000	SAMN40010547	Gemmiger qucibialis
PRJNA1071982	MFD10575_ilm_asm_bin21	LIB-MJ334-G4_01.21	GCA_049295475.1	JBAQQS000000000	SAMN40010594	Gemmiger qucibialis
PRJNA1071982	MFD10590_ilm_asm_bin34	LIB-MJ334-F6_01.34	GCA_049296235.1	JBAQSC000000000	SAMN40010558	Gemmiger qucibialis
PRJNA1071982	MFD10572_ilm_asm_bin19	LIB-MJ334-D4_01.19	GCA_049298555.1	JBAQVV000000000	SAMN40010461	Gemmiger qucibialis
PRJNA1071982	MFD10571_ilm_asm_bin20	LIB-MJ334-C4_01.20	GCA_049299575.1	JBAQXP000000000	SAMN40010415	Gemmiger qucibialis
PRJNA1071982	MFD10579_ilm_asm_bin28	LIB-MJ334-C5_01.28	GCA_049299455.1	JBAQXK000000000	SAMN40010420	Gemmiger qucibialis
PRJNA1071982	MFD10587_ilm_asm_bin13	LIB-MJ334-C6_01.13	GCA_049299315.1	JBAQXG000000000	SAMN40010424	Gemmiger qucibialis
PRJNA1071982	MFD10588_ilm_asm_bin7	LIB-MJ334-D6_01.7	GCA_049297935.1	JBAQVF000000000	SAMN40010477	Gemmiger qucibialis
PRJNA1071982	MFD10581_ilm_asm_bin13	LIB-MJ334-E5_01.13	GCA_049297135.1	JBAQTT000000000	SAMN40010515	Gemmiger qucibialis
PRJNA1071982	MFD10589_ilm_asm_bin19	LIB-MJ334-E6_01.19	GCA_049296955.1	JBAQTJ000000000	SAMN40010525	Gemmiger qucibialis
PRJNA1071982	MFD10573_ilm_asm_bin33	LIB-MJ334-E4_01.33	GCA_049297195.1	JBAQTV000000000	SAMN40010513	Gemmiger qucibialis
PRJNA1071982	MFD10533_ilm_asm_bin13	LIB-MJ305-G10_04.13	GCA_049290375.1	JBATNN000000000	SAMN40010133	Gemmiger qucibialis
PRJNA1071982	MFD10534_ilm_asm_bin46	LIB-MJ305-H10_04.46	GCA_049289675.1	JBATME000000000	SAMN40010168	Gemmiger qucibialis
PRJNA1071982	MFD10542_ilm_asm_bin3	LIB-MJ305-H11_04.3	GCA_049289535.1	JBATLY000000000	SAMN40010174	Gemmiger qucibialis
PRJNA1071982	MFD10547_ilm_asm_bin26	LIB-MJ334-A1_01.26	GCA_049287425.1	JBAQFU000000000	SAMN40010279	Gemmiger qucibialis
PRJNA1071982	MFD10563_ilm_asm_bin16	LIB-MJ334-A3_01.16	GCA_049286625.1	JBAQEG000000000	SAMN40010319	Gemmiger qucibialis
PRJNA1071982	MFD10569_ilm_asm_bin19	LIB-MJ334-A4_01.19	GCA_049286525.1	JBAQEB000000000	SAMN40010324	Gemmiger qucibialis
PRJNA1071982	MFD10585_ilm_asm_bin8	LIB-MJ334-A6_01.8	GCA_049286365.1	JBAQDO000000000	SAMN40010337	Gemmiger qucibialis
PRJNA1071982	MFD10530_ilm_asm_bin35	LIB-MJ305-B10_04.35	GCA_049662685.1	JBATCC000000000	SAMN40009924	Gemmiger qucibialis
PRJNA1071982	MFD10536_ilm_asm_bin35	LIB-MJ305-B11_04.35	GCA_049662485.1	JBATBS000000000	SAMN40009934	Gemmiger qucibialis
PRJNA1071982	MFD10537_ilm_asm_bin40	LIB-MJ305-C11_04.40	GCA_049661505.1	JBATAE000000000	SAMN40009974	Gemmiger qucibialis
PRJNA1071982	MFD00206_ilm_asm_bin1	LIB-MJ055-G6_04.1	GCA_049283815.1	JBAPWS000000000	SAMN40007722	Gemmobacter sp.
PRJNA1071982	MFD12071_ilm_asm_bin1	LIB-MJ335-F7_02.1	GCA_049301475.1	JBAQKZ000000000	SAMN40010744	Geobacteraceae bacterium
PRJNA1071982	MFD02923_ilm_asm_bin46	LIB-MJ256-H7_03.46	GCA_049581825.1	JBAUSS000000000	SAMN40009523	Geobacteraceae bacterium
PRJNA1071982	MFD12902_ilm_asm_bin13	LIB-MJ413-G6_01.13	GCA_049276455.1	JBASWL000000000	SAMN40012471	Georgfuchsia sp.
PRJNA1071982	MFD10516_ilm_asm_bin30	LIB-MJ305-D8_04.30	GCA_049292215.1	JBATQW000000000	SAMN40010046	Geothrix sp.
PRJNA1071982	MFD12220_ilm_asm_bin31	LIB-MJ389-D6_03.31	GCA_049647525.1	JBARXV000000000	SAMN40011732	Giesbergeria sp.
PRJNA1071982	MFD10476_ilm_asm_bin23	LIB-MJ305-B3_04.23	GCA_049662345.1	JBATBK000000000	SAMN40009942	Giesbergeria sp.
PRJNA1071982	MFD10525_ilm_asm_bin32	LIB-MJ305-E9_04.32	GCA_049291355.1	JBATPF000000000	SAMN40010089	Giesbergeria sp.
PRJNA1071982	MFD01646_ilm_asm_bin8	LIB-MJ138-F11_03.8	GCA_049694135.1	JBAVQO000000000	SAMN40008544	Gillisia sp.
PRJNA1071982	MFD12154_ilm_asm_bin10	LIB-MJ388-H1_02.10	GCA_049650345.1	JBARZY000000000	SAMN40011677	Glaciecola sp.
PRJNA1071982	MFD02237_ilm_asm_bin13	LIB-MJ256-G6_03.13	GCA_049582005.1	JBAUTB000000000	SAMN40009514	Gloeobacterales cyanobacterium
PRJNA1071982	MFD00222_ilm_asm_bin9	LIB-MJ044-H6_03.9	GCA_049285975.1	JBAQAZ000000000	SAMN40007611	Glutamicibacter protophormiae
PRJNA1071982	MFD10577_ilm_asm_bin14	LIB-MJ334-A5_01.14	GCA_049294915.1	JBAQDX000000000	SAMN40010328	Gordonia amarae
PRJNA1071982	MFD10595_ilm_asm_bin31	LIB-MJ334-C7_01.31	GCA_049299075.1	JBAQWU000000000	SAMN40010436	Gordonia sp. (in: high G+C Gram-positive bacteria)
PRJNA1071982	MFD12186_ilm_asm_bin25	LIB-MJ388-G9_02.25	GCA_049650425.1	JBASAC000000000	SAMN40011673	Gordonia sp. (in: high G+C Gram-positive bacteria)
PRJNA1071982	MFD12186_ilm_asm_bin4	LIB-MJ388-G9_02.4	GCA_049650405.1	JBASAB000000000	SAMN40011674	Gordonia sp. (in: high G+C Gram-positive bacteria)
PRJNA1071982	MFD12209_ilm_asm_bin13	LIB-MJ388-C4_02.13	GCA_049651225.1	JBASBQ000000000	SAMN40011632	Gordonia sp. (in: high G+C Gram-positive bacteria)
PRJNA1071982	MFD12216_ilm_asm_bin10	LIB-MJ389-D2_03.10	GCA_049647785.1	JBARYI000000000	SAMN40011719	Gordonia sp. (in: high G+C Gram-positive bacteria)
PRJNA1071982	MFD12187_ilm_asm_bin10	LIB-MJ389-G6_03.10	GCA_049646685.1	JBARWH000000000	SAMN40011772	Gordonia sp. (in: high G+C Gram-positive bacteria)
PRJNA1071982	MFD12214_ilm_asm_bin19	LIB-MJ386-A9_04.19	GCA_049673085.1	JBATXF000000000	SAMN40011481	Gordonia sp. (in: high G+C Gram-positive bacteria)
PRJNA1071982	MFD12222_ilm_asm_bin6	LIB-MJ386-C6_04.6	GCA_049672185.1	JBATVY000000000	SAMN40011514	Gordonia sp. (in: high G+C Gram-positive bacteria)
PRJNA1071982	MFD12215_ilm_asm_bin3	LIB-MJ386-F8_04.3	GCA_049671685.1	JBATVI000000000	SAMN40011530	Gordonia sp. (in: high G+C Gram-positive bacteria)
PRJNA1071982	MFD05654_ilm_asm_bin7	LIB-MJ194-B3_04.7	GCA_049589095.1	JBAWAC000000000	SAMN40008930	Haladaptatus sp.
PRJNA1071982	MFD13457_ilm_asm_bin28	LIB-MJ413-F11_01.28	GCA_049652105.1	JBASDJ000000000	SAMN40012352	Halanaerobiales bacterium
PRJNA1071982	MFD13480_ilm_asm_bin9	LIB-MJ413-E8_01.9	GCA_049652585.1	JBASEL000000000	SAMN40012324	Halanaerobiales bacterium
PRJNA1071982	MFD13465_ilm_asm_bin13	LIB-MJ413-E10_01.13	GCA_049653685.1	JBASGT000000000	SAMN40012262	Halanaerobiales bacterium
PRJNA1071982	MFD13475_ilm_asm_bin13	LIB-MJ413-B9_01.13	GCA_049656745.1	JBASMG000000000	SAMN40012119	Halanaerobiales bacterium
PRJNA1071982	MFD13474_ilm_asm_bin32	LIB-MJ413-C9_01.32	GCA_049655585.1	JBASKA000000000	SAMN40012177	Halanaerobiales bacterium
PRJNA1071982	MFD13463_ilm_asm_bin3	LIB-MJ413-H10_01.3	GCA_049275495.1	JBASUQ000000000	SAMN40012518	Halanaerobiales bacterium
PRJNA1071982	MFD13485_ilm_asm_bin17	LIB-MJ413-H7_01.17	GCA_049274645.1	JBASTB000000000	SAMN40012559	Halanaerobiales bacterium
PRJNA1071982	MFD12175_ilm_asm_bin12	LIB-MJ386-A11_04.12	GCA_049673525.1	JBATXT000000000	SAMN40011467	Halarcobacter sp.
PRJNA1071982	MFD01233_ilm_asm_bin31	LIB-MJ091-A10_03.31	GCA_049282395.1	JBAPTY000000000	SAMN40007794	Halobacillus sp.
PRJNA1071982	MFD01219_ilm_asm_bin6	LIB-MJ091-B7_03.6	GCA_049282115.1	JBAPTK000000000	SAMN40007808	Halobacillus sp.
PRJNA1071982	MFD00111_ilm_asm_bin6	LIB-MJ055-A6_04.6	GCA_049284115.1	JBAPXH000000000	SAMN40007707	Halobacteriota archaeon
PRJNA1071982	MFD06995_ilm_asm_bin17	LIB-MJ307-H11_01.17	GCA_049287525.1	JBAQFZ000000000	SAMN40010274	Halobacteriota archaeon
PRJNA1071982	MFD00613_ilm_asm_bin2	LIB-MJ106-D8_01_v_LIB-MJ409-A9_01.2	GCA_049279475.1	JBAPOE000000000	SAMN40007944	Halobacteriota archaeon
PRJNA1071982	MFD01231_ilm_asm_bin9	LIB-MJ106-D6_01.9	GCA_049279515.1	JBAPOG000000000	SAMN40007942	Halobacteriota archaeon
PRJNA1071982	MFD02755_ilm_asm_bin1	LIB-MJ110-B8_04_v_LIB-MJ415-E2_04.1	GCA_049698735.1	JBAVYI000000000	SAMN40008342	Halobacteriota archaeon
PRJNA1071982	MFD02725_ilm_asm_bin4	LIB-MJ129-F11_02.4	GCA_049698195.1	JBAVXF000000000	SAMN40008371	Halobacteriota archaeon
PRJNA1071982	MFD05580_ilm_asm_bin1	LIB-MJ173-A9_01.1	GCA_049687835.1	JBAVJP000000000	SAMN40008725	Halobacteriota archaeon
PRJNA1071982	MFD03772_ilm_asm_bin7	LIB-MJ146-C12_01.7	GCA_049691415.1	JBAVNV000000000	SAMN40008615	Halobacteriota archaeon
PRJNA1071982	MFD03021_ilm_asm_bin5	LIB-MJ145-E7_01.5	GCA_049691515.1	JBAVNX000000000	SAMN40008613	Halobacteriota archaeon
PRJNA1071982	MFD12987_ilm_asm_bin5	LIB-MJ380-D8_03.5	GCA_049678905.1	JBAUFA000000000	SAMN40011278	Halobacteriota archaeon
PRJNA1071982	MFD12966_ilm_asm_bin2	LIB-MJ387-F5_01.2	GCA_049683895.1	JBAUJP000000000	SAMN40011594	Halobacteriota archaeon
PRJNA1071982	MFD13433_ilm_asm_bin65	LIB-MJ390-D8_03.65	GCA_049643925.1	JBARQX000000000	SAMN40011912	Halobacteriota archaeon
PRJNA1071982	MFD13431_ilm_asm_bin1	LIB-MJ390-F8_03.1	GCA_049642765.1	JBARPD000000000	SAMN40011958	Halobacteriota archaeon
PRJNA1071982	MFD12922_ilm_asm_bin31	LIB-MJ389-F5_03.31	GCA_049647145.1	JBARXD000000000	SAMN40011750	Halobacteriota archaeon
PRJNA1071982	MFD04492_ilm_asm_bin7	LIB-MJ227-E5_02.7	GCA_049587395.1	JBAVDV000000000	SAMN40009239	Halobacteriota archaeon
PRJNA1071982	MFD09357_ilm_asm_bin23	LIB-MJ255-C4_02_v_LIB-MJ405-B9_01.23	GCA_049582945.1	JBAUUY000000000	SAMN40009465	Halobacteriota archaeon
PRJNA1071982	MFD09680_ilm_asm_bin26	LIB-MJ196-E11_02.26	GCA_049579905.1	JBAUOU000000000	SAMN40009001	Halobacteriota archaeon
PRJNA1071982	MFD04544_ilm_asm_bin8	LIB-MJ201-B8_03.8	GCA_049578125.1	JBAULJ000000000	SAMN40009090	Halobacteriota archaeon
PRJNA1071982	MFD12162_ilm_asm_bin33	LIB-MJ386-B10_04.33	GCA_049672945.1	JBATWY000000000	SAMN40011488	Haloferula sp.
PRJNA1071982	MFD10548_ilm_asm_bin1	LIB-MJ334-B1_01.1	GCA_049294615.1	JBAQDB000000000	SAMN40010350	Halopseudomonas yangmingensis
PRJNA1071982	MFD12149_ilm_asm_bin5	LIB-MJ389-B10_03.5	GCA_049649345.1	JBARZC000000000	SAMN40011699	Henriciella sp.
PRJNA1071982	MFD03604_ilm_asm_bin13	LIB-MJ109-D1_01.13	GCA_049278475.1	JBAPMF000000000	SAMN40007995	Herbaspirillum sp.
PRJNA1071982	MFD10518_ilm_asm_bin44	LIB-MJ305-F8_04.44	GCA_049290515.1	JBATNT000000000	SAMN40010127	Holophaga sp.
PRJNA1071982	MFD12015_ilm_asm_bin23	LIB-MJ334-G11_01.23	GCA_049295595.1	JBAQQY000000000	SAMN40010588	Hydrogenophaga sp.
PRJNA1071982	MFD12183_ilm_asm_bin1	LIB-MJ388-H8_02.1	GCA_049649935.1	JBARZJ000000000	SAMN40011692	Hyphomicrobiaceae bacterium
PRJNA1071982	MFD02318_ilm_asm_bin1	LIB-MJ108-A4_02.1	GCA_049278815.1	JBAPMW000000000	SAMN40007978	Hyphomicrobiaceae bacterium
PRJNA1071982	MFD03312_ilm_asm_bin4	LIB-MJ105-D5_01_v_LIB-MJ367-D5_04.4	GCA_049280135.1	JBAPPN000000000	SAMN40007909	Hyphomicrobiaceae bacterium
PRJNA1071982	MFD09323_ilm_asm_bin20	LIB-MJ201-D11_03.20	GCA_049578065.1	JBAULG000000000	SAMN40009093	Hyphomicrobium sp.
PRJNA1071982	MFD10514_ilm_asm_bin45	LIB-MJ305-B8_04.45	GCA_049661865.1	JBATAO000000000	SAMN40009964	Hyphomicrobium sp.
PRJNA1071982	MFD03279_ilm_asm_bin25	LIB-MJ334-H7_01.25	GCA_049304575.1	JBAQOG000000000	SAMN40010658	Ideonella sp.
PRJNA1071982	MFD10464_ilm_asm_bin21	LIB-MJ305-F1_04.21	GCA_049291255.1	JBATPB000000000	SAMN40010093	Ignavibacteria bacterium
PRJNA1071982	MFD10470_ilm_asm_bin1	LIB-MJ305-D2_04.1	GCA_049293015.1	JBATSB000000000	SAMN40010015	Ignavibacteria bacterium
PRJNA1071982	MFD10522_ilm_asm_bin12	LIB-MJ305-B9_04.12	GCA_049661845.1	JBATAN000000000	SAMN40009965	Ignavibacteria bacterium
PRJNA1071982	MFD10536_ilm_asm_bin5	LIB-MJ305-B11_04.5	GCA_049662445.1	JBATBR000000000	SAMN40009935	Ignavibacteria bacterium
PRJNA1071982	MFD13450_ilm_asm_bin6	LIB-MJ390-C6_03.6	GCA_049644965.1	JBARSY000000000	SAMN40011859	Ignavibacteria bacterium
PRJNA1071982	MFD02138_ilm_asm_bin44	LIB-MJ259-G6_04.44	GCA_049580805.1	JBAUQR000000000	SAMN40009576	Ignavibacteriaceae bacterium
PRJNA1071982	MFD02923_ilm_asm_bin53	LIB-MJ256-H7_03.53	GCA_049581765.1	JBAUSP000000000	SAMN40009526	Ignavibacteriaceae bacterium
PRJNA1071982	MFD09702_ilm_asm_bin20	LIB-MJ254-E8_02.20	GCA_049583655.1	JBAUWH000000000	SAMN40009430	Ignavibacteriaceae bacterium
PRJNA1071982	MFD05552_ilm_asm_bin15	LIB-MJ194-H8_04.15	GCA_049588635.1	JBAVZG000000000	SAMN40008952	Ignavibacteriaceae bacterium
PRJNA1071982	MFD02520_ilm_asm_bin8	LIB-MJ140-C2_02.8	GCA_049692335.1	JBAVOT000000000	SAMN40008591	Ignavibacteriaceae bacterium
PRJNA1071982	MFD12961_ilm_asm_bin2	LIB-MJ386-H9_04.2	GCA_049671085.1	JBATUJ000000000	SAMN40011555	Ignavibacteriaceae bacterium
PRJNA1071982	MFD12956_ilm_asm_bin20	LIB-MJ387-E8_01.20	GCA_049670345.1	JBATTD000000000	SAMN40011587	Ignavibacteriaceae bacterium
PRJNA1071982	MFD10217_ilm_asm_bin5	LIB-MJ283-H3_04.5	GCA_049667415.1	JBATIA000000000	SAMN40009770	Ignavibacteriaceae bacterium
PRJNA1071982	MFD10359_ilm_asm_bin14	LIB-MJ284-H10_03.14	GCA_049665145.1	JBATFT000000000	SAMN40009829	Ignavibacteriaceae bacterium
PRJNA1071982	MFD10492_ilm_asm_bin7	LIB-MJ305-D5_04.7	GCA_049292555.1	JBATRK000000000	SAMN40010032	Ignavibacteriaceae bacterium
PRJNA1071982	MFD10472_ilm_asm_bin18	LIB-MJ305-F2_04.18	GCA_049291095.1	JBATOT000000000	SAMN40010101	Ignavibacteriaceae bacterium
PRJNA1071982	MFD03278_ilm_asm_bin3	LIB-MJ334-G7_01.3	GCA_049294995.1	JBAQPW000000000	SAMN40010616	Ignavibacteriaceae bacterium
PRJNA1071982	MFD12018_ilm_asm_bin31	LIB-MJ334-B12_01.31	GCA_049294175.1	JBAQCL000000000	SAMN40010366	Ignavibacteriaceae bacterium
PRJNA1071982	MFD01219_ilm_asm_bin3	LIB-MJ091-B7_03.3	GCA_049282135.1	JBAPTN000000000	SAMN40007805	Ignavibacteriaceae bacterium
PRJNA1071982	MFD12145_ilm_asm_bin11	LIB-MJ388-F6_02.11	GCA_049650665.1	JBASAP000000000	SAMN40011660	Ilumatobacter sp.
PRJNA1071982	MFD04454_ilm_asm_bin2	LIB-MJ195-E3_01.2	GCA_049588435.1	JBAVYV000000000	SAMN40008963	Ilumatobacter sp.
PRJNA1071982	MFD03671_ilm_asm_bin1	LIB-MJ259-E10_04.1	GCA_049581105.1	JBAURG000000000	SAMN40009561	Ilumatobacteraceae bacterium
PRJNA1071982	MFD05384_ilm_asm_bin13	LIB-MJ173-C9_01.13	GCA_049593815.1	JBAWHL000000000	SAMN40008739	Ilumatobacteraceae bacterium
PRJNA1071982	MFD02285_ilm_asm_bin1	LIB-MJ262-C5_03.1	GCA_049687215.1	JBAVIT000000000	SAMN40009605	Ilumatobacteraceae bacterium
PRJNA1071982	MFD01649_ilm_asm_bin38	LIB-MJ134-A5_03.38	GCA_049696035.1	JBAVTH000000000	SAMN40008473	Ilumatobacteraceae bacterium
PRJNA1071982	MFD03804_ilm_asm_bin3	LIB-MJ110-D2_04_v_LIB-MJ415-F1_04.3	GCA_049698515.1	JBAVYA000000000	SAMN40008350	Ilumatobacteraceae bacterium
PRJNA1071982	MFD10501_ilm_asm_bin8	LIB-MJ305-E6_04.8	GCA_049291655.1	JBATPV000000000	SAMN40010073	Ilumatobacteraceae bacterium
PRJNA1071982	MFD10579_ilm_asm_bin10	LIB-MJ334-C5_01.10	GCA_049299535.1	JBAQXN000000000	SAMN40010417	Ilumatobacteraceae bacterium
PRJNA1071982	MFD06878_ilm_asm_bin42	LIB-MJ413-H3_01.42	GCA_049275015.1	JBASTS000000000	SAMN40012542	Ilumatobacteraceae bacterium
PRJNA1071982	MFD09680_ilm_asm_bin1	LIB-MJ196-E11_02.1	GCA_049579985.1	JBAUOX000000000	SAMN40008998	Isosphaeraceae bacterium
PRJNA1071982	MFD05377_ilm_asm_bin7	LIB-MJ176-C4_03.7	GCA_049592075.1	JBAWFS000000000	SAMN40008784	Isosphaeraceae bacterium
PRJNA1071982	MFD01872_ilm_asm_bin9	LIB-MJ177-C6_03.9	GCA_049591775.1	JBAWFJ000000000	SAMN40008793	Isosphaeraceae bacterium
PRJNA1071982	MFD09247_ilm_asm_bin6	LIB-MJ252-H4_02.6	GCA_049584175.1	JBAUXI000000000	SAMN40009403	Isosphaeraceae bacterium
PRJNA1071982	MFD02210_ilm_asm_bin19	LIB-MJ407-D6_04.19	GCA_049641885.1	JBAROB000000000	SAMN40011986	Isosphaeraceae bacterium
PRJNA1071982	MFD06088_ilm_asm_bin4	LIB-MJ344-G5_04.4	GCA_049796035.1	JBAREI000000000	SAMN40011039	Isosphaeraceae bacterium
PRJNA1071982	MFD03263_ilm_asm_bin16	LIB-MJ353-A11_03.16	GCA_049791555.1	JBARAA000000000	SAMN40011151	Jannaschia helgolandensis
PRJNA1071982	MFD12172_ilm_asm_bin17	LIB-MJ388-H6_02.17	GCA_049650145.1	JBARZP000000000	SAMN40011686	Jannaschia helgolandensis
PRJNA1071982	MFD12159_ilm_asm_bin41	LIB-MJ389-C5_03.41	GCA_049647845.1	JBARYL000000000	SAMN40011716	Jannaschia sp.
PRJNA1071982	MFD12135_ilm_asm_bin13	LIB-MJ389-D7_03.13	GCA_049647445.1	JBARXR000000000	SAMN40011736	Jannaschia sp.
PRJNA1071982	MFD03804_ilm_asm_bin27	LIB-MJ110-D2_04_v_LIB-MJ415-F1_04.27	GCA_049698575.1	JBAVYB000000000	SAMN40008349	Jiangellales bacterium
PRJNA1071982	MFD03671_ilm_asm_bin2	LIB-MJ259-E10_04.2	GCA_049581045.1	JBAURF000000000	SAMN40009562	Jiangellales bacterium
PRJNA1071982	MFD01704_ilm_asm_bin15	LIB-MJ226-B1_01.15	GCA_049588135.1	JBAVFG000000000	SAMN40009202	Kaistella sp.
PRJNA1071982	MFD03261_ilm_asm_bin9	LIB-MJ352-A5_03.9	GCA_049793995.1	JBARCJ000000000	SAMN40011090	Ketobacter sp.
PRJNA1071982	MFD12170_ilm_asm_bin16	LIB-MJ389-C11_03.16	GCA_049648625.1	JBARYX000000000	SAMN40011704	Ketobacter sp.
PRJNA1071982	MFD00109_ilm_asm_bin4	LIB-MJ055-G4_04.4	GCA_049283855.1	JBAPWU000000000	SAMN40007720	Kineosporiaceae bacterium
PRJNA1071982	MFD13484_ilm_asm_bin6	LIB-MJ413-A8_01.6	GCA_049658665.1	JBASOW000000000	SAMN40012051	Kiritimatiellia bacterium
PRJNA1071982	MFD13467_ilm_asm_bin26	LIB-MJ413-B10_01.26	GCA_049657695.1	JBASNW000000000	SAMN40012077	Kiritimatiellia bacterium
PRJNA1071982	MFD13481_ilm_asm_bin24	LIB-MJ413-D8_01.24	GCA_049654145.1	JBASHQ000000000	SAMN40012239	Kiritimatiellia bacterium
PRJNA1071982	MFD13472_ilm_asm_bin12	LIB-MJ413-E9_01.12	GCA_049652565.1	JBASEK000000000	SAMN40012325	Kiritimatiellia bacterium
PRJNA1071982	MFD13471_ilm_asm_bin6	LIB-MJ413-F9_01.6	GCA_049277615.1	JBASYT000000000	SAMN40012411	Kiritimatiellia bacterium
PRJNA1071982	MFD13470_ilm_asm_bin28	LIB-MJ413-G9_01.28	GCA_049275775.1	JBASVE000000000	SAMN40012504	Kiritimatiellia bacterium
PRJNA1071982	MFD10546_ilm_asm_bin6	LIB-MJ334-D7_01.6	GCA_049297795.1	JBAQUY000000000	SAMN40010484	Klebsiella planticola
PRJNA1071982	MFD02237_ilm_asm_bin5	LIB-MJ256-G6_03.5	GCA_049581985.1	JBAUTA000000000	SAMN40009515	Kovacikia sp.
PRJNA1071982	MFD01542_ilm_asm_bin9	LIB-MJ140-A8_02.9	GCA_049692695.1	JBAVPC000000000	SAMN40008582	Ktedonobacteraceae bacterium
PRJNA1071982	MFD10584_ilm_asm_bin4	LIB-MJ334-H5_01.4	GCA_049305155.1	JBAQOV000000000	SAMN40010643	Lactobacillus amylovorus
PRJNA1071982	MFD10581_ilm_asm_bin8	LIB-MJ334-E5_01.8	GCA_049296995.1	JBAQTM000000000	SAMN40010522	Lactobacillus amylovorus
PRJNA1071982	MFD10578_ilm_asm_bin20	LIB-MJ334-B5_01.20	GCA_049293835.1	JBAQBY000000000	SAMN40010379	Lactobacillus delbrueckii
PRJNA1071982	MFD10546_ilm_asm_bin44	LIB-MJ334-D7_01.44	GCA_049297815.1	JBAQUZ000000000	SAMN40010483	Lactococcus hircilactis
PRJNA1071982	MFD10546_ilm_asm_bin12	LIB-MJ334-D7_01.12	GCA_049297915.1	JBAQVE000000000	SAMN40010478	Lactococcus lactis
PRJNA1071982	MFD10592_ilm_asm_bin23	LIB-MJ334-H6_01.23	GCA_049305035.1	JBAQOS000000000	SAMN40010646	Latilactobacillus curvatus
PRJNA1071982	MFD13471_ilm_asm_bin32	LIB-MJ413-F9_01.32	GCA_049277855.1	JBASZE000000000	SAMN40012400	Lawsonella sp.
PRJNA1071982	MFD00208_ilm_asm_bin2	LIB-MJ054-D1_03.2	GCA_049284415.1	JBAPXW000000000	SAMN40007692	Leclercia sp.
PRJNA1071982	MFD12171_ilm_asm_bin4	LIB-MJ386-H4_04.4	GCA_049671285.1	JBATUQ000000000	SAMN40011548	Leeuwenhoekiella sp.
PRJNA1071982	MFD12145_ilm_asm_bin18	LIB-MJ388-F6_02.18	GCA_049650645.1	JBASAO000000000	SAMN40011661	Leeuwenhoekiella sp.
PRJNA1071982	MFD05803_ilm_asm_bin23	LIB-MJ353-F8_03_v_LIB-MJ407-H3_04.23	GCA_049790535.1	JBAQZB000000000	SAMN40011177	Legionella sp.
PRJNA1071982	MFD06880_ilm_asm_bin9	LIB-MJ413-G3_01.9	GCA_049276735.1	JBASWZ000000000	SAMN40012457	Lentibacter algarum
PRJNA1071982	MFD06878_ilm_asm_bin52	LIB-MJ413-H3_01.52	GCA_049274995.1	JBASTR000000000	SAMN40012543	Lentibacter algarum
PRJNA1071982	MFD06885_ilm_asm_bin21	LIB-MJ413-A5_01.21	GCA_049660065.1	JBASQJ000000000	SAMN40012012	Lentibacter algarum
PRJNA1071982	MFD10544_ilm_asm_bin44	LIB-MJ305-B12_04.44	GCA_049662385.1	JBATBN000000000	SAMN40009939	Leptotrichiaceae bacterium
PRJNA1071982	MFD10530_ilm_asm_bin7	LIB-MJ305-B10_04.7	GCA_049662585.1	JBATBY000000000	SAMN40009928	Leptotrichiaceae bacterium
PRJNA1071982	MFD10537_ilm_asm_bin10	LIB-MJ305-C11_04.10	GCA_049661745.1	JBATAJ000000000	SAMN40009969	Leptotrichiaceae bacterium
PRJNA1071982	MFD10533_ilm_asm_bin31	LIB-MJ305-G10_04.31	GCA_049290295.1	JBATNJ000000000	SAMN40010137	Leptotrichiaceae bacterium
PRJNA1071982	MFD10528_ilm_asm_bin54	LIB-MJ305-H9_04.54	GCA_049288825.1	JBAQIL000000000	SAMN40010210	Leptotrichiaceae bacterium
PRJNA1071982	MFD10569_ilm_asm_bin17	LIB-MJ334-A4_01.17	GCA_049286545.1	JBAQEC000000000	SAMN40010323	Leptotrichiaceae bacterium
PRJNA1071982	MFD10538_ilm_asm_bin52	LIB-MJ305-D11_04.52	GCA_049293115.1	JBATSD000000000	SAMN40010013	Leptotrichiaceae bacterium
PRJNA1071982	MFD10531_ilm_asm_bin54	LIB-MJ305-D10_04.54	GCA_049293195.1	JBATSH000000000	SAMN40010009	Leptotrichiaceae bacterium
PRJNA1071982	MFD10532_ilm_asm_bin51	LIB-MJ305-E10_04.51	GCA_049292035.1	JBATQM000000000	SAMN40010056	Leptotrichiaceae bacterium
PRJNA1071982	MFD10540_ilm_asm_bin37	LIB-MJ305-F11_04.37	GCA_049291155.1	JBATOW000000000	SAMN40010098	Leptotrichiaceae bacterium
PRJNA1071982	MFD10574_ilm_asm_bin21	LIB-MJ334-F4_01.21	GCA_049296515.1	JBAQSQ000000000	SAMN40010544	Leptotrichiaceae bacterium
PRJNA1071982	MFD10560_ilm_asm_bin26	LIB-MJ334-F2_01.26	GCA_049296655.1	JBAQSU000000000	SAMN40010540	Leptotrichiaceae bacterium
PRJNA1071982	MFD10590_ilm_asm_bin43	LIB-MJ334-F6_01.43	GCA_049296195.1	JBAQSA000000000	SAMN40010560	Leptotrichiaceae bacterium
PRJNA1071982	MFD10583_ilm_asm_bin20	LIB-MJ334-G5_01.20	GCA_049295255.1	JBAQQM000000000	SAMN40010600	Leptotrichiaceae bacterium
PRJNA1071982	MFD10592_ilm_asm_bin26	LIB-MJ334-H6_01.26	GCA_049304955.1	JBAQOQ000000000	SAMN40010648	Leptotrichiaceae bacterium
PRJNA1071982	MFD10546_ilm_asm_bin15	LIB-MJ334-D7_01.15	GCA_049297895.1	JBAQVD000000000	SAMN40010479	Leuconostoc citreum
PRJNA1071982	MFD10578_ilm_asm_bin9	LIB-MJ334-B5_01.9	GCA_049293795.1	JBAQBW000000000	SAMN40010381	Leuconostoc falkenbergense
PRJNA1071982	MFD10562_ilm_asm_bin5	LIB-MJ334-H2_01.5	GCA_049305415.1	JBAQPB000000000	SAMN40010637	Leuconostoc falkenbergense
PRJNA1071982	MFD10537_ilm_asm_bin14	LIB-MJ305-C11_04.14	GCA_049661625.1	JBATAI000000000	SAMN40009970	Leuconostoc mesenteroides
PRJNA1071982	MFD12120_ilm_asm_bin34	LIB-MJ388-F1_02.34	GCA_049650785.1	JBASAV000000000	SAMN40011654	Lewinella sp.
PRJNA1071982	MFD13485_ilm_asm_bin27	LIB-MJ413-H7_01.27	GCA_049274585.1	JBASSX000000000	SAMN40012563	Limnochordia bacterium
PRJNA1071982	MFD13477_ilm_asm_bin11	LIB-MJ413-H8_01.11	GCA_049274425.1	JBASSP000000000	SAMN40012571	Limnochordia bacterium
PRJNA1071982	MFD13477_ilm_asm_bin29	LIB-MJ413-H8_01.29	GCA_049274265.1	JBASSH000000000	SAMN40012579	Limnochordia bacterium
PRJNA1071982	MFD13469_ilm_asm_bin4	LIB-MJ413-H9_01.4	GCA_049274045.1	JBASRW000000000	SAMN40012590	Limnochordia bacterium
PRJNA1071982	MFD13477_ilm_asm_bin7	LIB-MJ413-H8_01.7	GCA_049274215.1	JBASSD000000000	SAMN40012583	Limnochordia bacterium
PRJNA1071982	MFD13456_ilm_asm_bin7	LIB-MJ413-G11_01.7	GCA_049277115.1	JBASXU000000000	SAMN40012436	Limnochordia bacterium
PRJNA1071982	MFD13456_ilm_asm_bin10	LIB-MJ413-G11_01.10	GCA_049277275.1	JBASYB000000000	SAMN40012429	Limnochordia bacterium
PRJNA1071982	MFD13486_ilm_asm_bin9	LIB-MJ413-G7_01.9	GCA_049276235.1	JBASWA000000000	SAMN40012482	Limnochordia bacterium
PRJNA1071982	MFD13478_ilm_asm_bin14	LIB-MJ413-G8_01.14	GCA_049276175.1	JBASVX000000000	SAMN40012485	Limnochordia bacterium
PRJNA1071982	MFD13478_ilm_asm_bin6	LIB-MJ413-G8_01.6	GCA_049275955.1	JBASVM000000000	SAMN40012496	Limnochordia bacterium
PRJNA1071982	MFD13463_ilm_asm_bin15	LIB-MJ413-H10_01.15	GCA_049275615.1	JBASUW000000000	SAMN40012512	Limnochordia bacterium
PRJNA1071982	MFD13463_ilm_asm_bin17	LIB-MJ413-H10_01.17	GCA_049275595.1	JBASUV000000000	SAMN40012513	Limnochordia bacterium
PRJNA1071982	MFD13455_ilm_asm_bin20	LIB-MJ413-H11_01.20	GCA_049275235.1	JBASUD000000000	SAMN40012531	Limnochordia bacterium
PRJNA1071982	MFD13455_ilm_asm_bin4	LIB-MJ413-H11_01.4	GCA_049275135.1	JBASTY000000000	SAMN40012536	Limnochordia bacterium
PRJNA1071982	MFD13471_ilm_asm_bin61	LIB-MJ413-F9_01.61	GCA_049277635.1	JBASYS000000000	SAMN40012412	Limnochordia bacterium
PRJNA1071982	MFD13479_ilm_asm_bin3	LIB-MJ413-F8_01.3	GCA_049651385.1	JBASBZ000000000	SAMN40012388	Limnochordia bacterium
PRJNA1071982	MFD13479_ilm_asm_bin10	LIB-MJ413-F8_01.10	GCA_049651485.1	JBASCD000000000	SAMN40012384	Limnochordia bacterium
PRJNA1071982	MFD13468_ilm_asm_bin3	LIB-MJ413-A10_01.3	GCA_049660605.1	JBASQW000000000	SAMN40011999	Limnochordia bacterium
PRJNA1071982	MFD13462_ilm_asm_bin6	LIB-MJ413-A11_01.6	GCA_049660405.1	JBASQS000000000	SAMN40012003	Limnochordia bacterium
PRJNA1071982	MFD13461_ilm_asm_bin23	LIB-MJ413-B11_01.23	GCA_049657345.1	JBASNN000000000	SAMN40012086	Limnochordia bacterium
PRJNA1071982	MFD13461_ilm_asm_bin34	LIB-MJ413-B11_01.34	GCA_049657265.1	JBASNI000000000	SAMN40012091	Limnochordia bacterium
PRJNA1071982	MFD13476_ilm_asm_bin11	LIB-MJ413-A9_01.11	GCA_049658595.1	JBASOU000000000	SAMN40012053	Limnochordia bacterium
PRJNA1071982	MFD13476_ilm_asm_bin9	LIB-MJ413-A9_01.9	GCA_049658165.1	JBASOK000000000	SAMN40012063	Limnochordia bacterium
PRJNA1071982	MFD13492_ilm_asm_bin43	LIB-MJ413-A7_01.43	GCA_049659345.1	JBASPP000000000	SAMN40012032	Limnochordia bacterium
PRJNA1071982	MFD13484_ilm_asm_bin22	LIB-MJ413-A8_01.22	GCA_049658935.1	JBASPD000000000	SAMN40012044	Limnochordia bacterium
PRJNA1071982	MFD13480_ilm_asm_bin8	LIB-MJ413-E8_01.8	GCA_049652605.1	JBASEM000000000	SAMN40012323	Limnochordia bacterium
PRJNA1071982	MFD13457_ilm_asm_bin26	LIB-MJ413-F11_01.26	GCA_049652125.1	JBASDK000000000	SAMN40012351	Limnochordia bacterium
PRJNA1071982	MFD13457_ilm_asm_bin37	LIB-MJ413-F11_01.37	GCA_049652025.1	JBASDF000000000	SAMN40012356	Limnochordia bacterium
PRJNA1071982	MFD13472_ilm_asm_bin31	LIB-MJ413-E9_01.31	GCA_049652425.1	JBASDZ000000000	SAMN40012336	Limnochordia bacterium
PRJNA1071982	MFD13473_ilm_asm_bin12	LIB-MJ413-D9_01.12	GCA_049654005.1	JBASHI000000000	SAMN40012247	Limnochordia bacterium
PRJNA1071982	MFD13480_ilm_asm_bin7	LIB-MJ413-E8_01.7	GCA_049654365.1	JBASEN000000000	SAMN40012322	Limnochordia bacterium
PRJNA1071982	MFD13489_ilm_asm_bin73	LIB-MJ413-D7_01.73	GCA_049654485.1	JBASHW000000000	SAMN40012233	Limnochordia bacterium
PRJNA1071982	MFD13458_ilm_asm_bin3	LIB-MJ413-E11_01.3	GCA_049653325.1	JBASGB000000000	SAMN40012282	Limnochordia bacterium
PRJNA1071982	MFD13458_ilm_asm_bin2	LIB-MJ413-E11_01.2	GCA_049653445.1	JBASGH000000000	SAMN40012276	Limnochordia bacterium
PRJNA1071982	MFD13465_ilm_asm_bin43	LIB-MJ413-E10_01.43	GCA_049653485.1	JBASGJ000000000	SAMN40012272	Limnochordia bacterium
PRJNA1071982	MFD13465_ilm_asm_bin12	LIB-MJ413-E10_01.12	GCA_049653705.1	JBASGU000000000	SAMN40012261	Limnochordia bacterium
PRJNA1071982	MFD13474_ilm_asm_bin18	LIB-MJ413-C9_01.18	GCA_049655705.1	JBASKG000000000	SAMN40012171	Limnochordia bacterium
PRJNA1071982	MFD13474_ilm_asm_bin31	LIB-MJ413-C9_01.31	GCA_049655605.1	JBASKB000000000	SAMN40012176	Limnochordia bacterium
PRJNA1071982	MFD13466_ilm_asm_bin21	LIB-MJ413-D10_01.21	GCA_049655285.1	JBASJM000000000	SAMN40012191	Limnochordia bacterium
PRJNA1071982	MFD13459_ilm_asm_bin14	LIB-MJ413-D11_01.14	GCA_049655105.1	JBASJC000000000	SAMN40012201	Limnochordia bacterium
PRJNA1071982	MFD13475_ilm_asm_bin6	LIB-MJ413-B9_01.6	GCA_049656625.1	JBASMA000000000	SAMN40012125	Limnochordia bacterium
PRJNA1071982	MFD13475_ilm_asm_bin7	LIB-MJ413-B9_01.7	GCA_049656605.1	JBASLZ000000000	SAMN40012126	Limnochordia bacterium
PRJNA1071982	MFD13483_ilm_asm_bin14	LIB-MJ413-B8_01.14	GCA_049656945.1	JBASMQ000000000	SAMN40012109	Limnochordia bacterium
PRJNA1071982	MFD13460_ilm_asm_bin8	LIB-MJ413-C11_01.8	GCA_049656105.1	JBASKZ000000000	SAMN40012152	Limnochordia bacterium
PRJNA1071982	MFD13482_ilm_asm_bin4	LIB-MJ413-C8_01.4	GCA_049655865.1	JBASKO000000000	SAMN40012163	Limnochordia bacterium
PRJNA1071982	MFD13460_ilm_asm_bin16	LIB-MJ413-C11_01.16	GCA_049656325.1	JBASLL000000000	SAMN40012140	Limnochordia bacterium
PRJNA1071982	MFD13460_ilm_asm_bin3	LIB-MJ413-C11_01.3	GCA_049656145.1	JBASLC000000000	SAMN40012149	Limnochordia bacterium
PRJNA1071982	MFD12110_ilm_asm_bin25	LIB-MJ413-D1_01.25	GCA_049655445.1	JBASJT000000000	SAMN40012184	Limnohabitans sp.
PRJNA1071982	MFD12110_ilm_asm_bin34	LIB-MJ413-D1_01.34	GCA_049655425.1	JBASJS000000000	SAMN40012185	Limnohabitans sp.
PRJNA1071982	MFD12111_ilm_asm_bin5	LIB-MJ413-E1_01.5	GCA_049653725.1	JBASGV000000000	SAMN40012260	Limnohabitans sp.
PRJNA1071982	MFD12112_ilm_asm_bin6	LIB-MJ413-F1_01.6	GCA_049652245.1	JBASDQ000000000	SAMN40012345	Limnohabitans sp.
PRJNA1071982	MFD12113_ilm_asm_bin38	LIB-MJ413-G1_01.38	GCA_049277455.1	JBASYK000000000	SAMN40012420	Limnohabitans sp.
PRJNA1071982	MFD12113_ilm_asm_bin13	LIB-MJ413-G1_01.13	GCA_049277515.1	JBASYN000000000	SAMN40012417	Limnohabitans sp.
PRJNA1071982	MFD00612_ilm_asm_bin28	LIB-MJ106-E8_01.28	GCA_049279415.1	JBAPOB000000000	SAMN40007947	Limnoraphis robusta
PRJNA1071982	MFD12125_ilm_asm_bin38	LIB-MJ390-B4_03.38	GCA_049645745.1	JBARUL000000000	SAMN40011820	Limnoraphis sp.
PRJNA1071982	MFD12167_ilm_asm_bin23	LIB-MJ390-D2_03.23	GCA_049644465.1	JBARRZ000000000	SAMN40011884	Limnothrix sp.
PRJNA1071982	MFD12175_ilm_asm_bin8	LIB-MJ386-A11_04.8	GCA_049673465.1	JBATXP000000000	SAMN40011471	Litorimonas sp.
PRJNA1071982	MFD12175_ilm_asm_bin16	LIB-MJ386-A11_04.16	GCA_049673425.1	JBATXR000000000	SAMN40011469	Litorimonas sp.
PRJNA1071982	MFD12174_ilm_asm_bin6	LIB-MJ389-E2_03.6	GCA_049647245.1	JBARXH000000000	SAMN40011746	Litorimonas sp.
PRJNA1071982	MFD05593_ilm_asm_bin9	LIB-MJ197-A8_03.9	GCA_049579565.1	JBAUOD000000000	SAMN40009018	Luteibacter sp.
PRJNA1071982	MFD10577_ilm_asm_bin21	LIB-MJ334-A5_01.21	GCA_049294895.1	JBAQDV000000000	SAMN40010330	Luteococcus japonicus
PRJNA1071982	MFD12018_ilm_asm_bin24	LIB-MJ334-B12_01.24	GCA_049294155.1	JBAQCN000000000	SAMN40010364	Lutibacter sp.
PRJNA1071982	MFD12019_ilm_asm_bin26	LIB-MJ334-C12_01.26	GCA_049299795.1	JBAQYA000000000	SAMN40010404	Lutibacter sp.
PRJNA1071982	MFD12079_ilm_asm_bin2	LIB-MJ335-F8_02.2	GCA_049301435.1	JBAQKX000000000	SAMN40010746	Lutibacter sp.
PRJNA1071982	MFD04863_ilm_asm_bin8	LIB-MJ194-D4_04.8	GCA_049588815.1	JBAVZO000000000	SAMN40008944	Lutimonas sp.
PRJNA1071982	MFD10297_ilm_asm_bin14	LIB-MJ284-F2_03.14	GCA_049665555.1	JBATGG000000000	SAMN40009816	Lutimonas sp.
PRJNA1071982	MFD10316_ilm_asm_bin6	LIB-MJ284-C5_03.6	GCA_049666225.1	JBATGY000000000	SAMN40009798	Lutimonas sp.
PRJNA1071982	MFD10356_ilm_asm_bin4	LIB-MJ284-D10_03.4	GCA_049666025.1	JBATGS000000000	SAMN40009804	Lutimonas sp.
PRJNA1071982	MFD10305_ilm_asm_bin32	LIB-MJ284-H3_03.32	GCA_049664905.1	JBATFP000000000	SAMN40009833	Lutimonas sp.
PRJNA1071982	MFD10331_ilm_asm_bin12	LIB-MJ284-B7_03.12	GCA_049666505.1	JBATHH000000000	SAMN40009789	Lutimonas sp.
PRJNA1071982	MFD06945_ilm_asm_bin8	LIB-MJ282-B4_03.8	GCA_049684915.1	JBAVGO000000000	SAMN40009662	Lutisporaceae bacterium
PRJNA1071982	MFD12000_ilm_asm_bin24	LIB-MJ334-F9_01.24	GCA_049296025.1	JBAQRU000000000	SAMN40010566	Lysobacteraceae bacterium
PRJNA1071982	MFD04398_ilm_asm_bin13	LIB-MJ192-B6_04.13	GCA_049589995.1	JBAWBX000000000	SAMN40008883	Lysobacterales bacterium
PRJNA1071982	MFD10196_ilm_asm_bin11	LIB-MJ283-A1_04_v_LIB-MJ415-A6_04.11	GCA_049684235.1	JBAVFT000000000	SAMN40009683	Lysobacterales bacterium
PRJNA1071982	MFD10238_ilm_asm_bin2	LIB-MJ283-E6_04.2	GCA_049668385.1	JBATJH000000000	SAMN40009737	Lysobacterales bacterium
PRJNA1071982	MFD10299_ilm_asm_bin1	LIB-MJ284-H2_03.1	GCA_049665025.1	JBATFS000000000	SAMN40009830	Lysobacterales bacterium
PRJNA1071982	MFD03250_ilm_asm_bin8	LIB-MJ352-B11_03.8	GCA_049793635.1	JBARCC000000000	SAMN40011097	Maribacter sp.
PRJNA1071982	MFD12125_ilm_asm_bin32	LIB-MJ390-B4_03.32	GCA_049645725.1	JBARUM000000000	SAMN40011819	Maribacter sp.
PRJNA1071982	MFD12125_ilm_asm_bin23	LIB-MJ390-B4_03.23	GCA_049645765.1	JBARUO000000000	SAMN40011817	Maribacter sp.
PRJNA1071982	MFD10278_ilm_asm_bin14	LIB-MJ283-G11_04_v_LIB-MJ415-A7_04.14	GCA_049668005.1	JBATIW000000000	SAMN40009748	Maribacter sp.
PRJNA1071982	MFD10265_ilm_asm_bin12	LIB-MJ283-H9_04.12	GCA_049667165.1	JBATHS000000000	SAMN40009778	Maribacter sp.
PRJNA1071982	MFD10227_ilm_asm_bin1	LIB-MJ283-B5_04.1	GCA_049669205.1	JBATKH000000000	SAMN40009711	Maribacter sp.
PRJNA1071982	MFD12168_ilm_asm_bin7	LIB-MJ390-H2_03.7	GCA_049642245.1	JBAROQ000000000	SAMN40011971	Maribacter stanieri
PRJNA1071982	MFD12164_ilm_asm_bin6	LIB-MJ386-F4_04.6	GCA_049671745.1	JBATVL000000000	SAMN40011527	Marinifilaceae bacterium
PRJNA1071982	MFD12156_ilm_asm_bin12	LIB-MJ389-G4_03.12	GCA_049646805.1	JBARWL000000000	SAMN40011768	Marinomonas sp.
PRJNA1071982	MFD12155_ilm_asm_bin13	LIB-MJ389-C2_03.13	GCA_049648555.1	JBARYW000000000	SAMN40011705	Marinomonas sp.
PRJNA1071982	MFD12122_ilm_asm_bin20	LIB-MJ386-G6_04.20	GCA_049671545.1	JBATVB000000000	SAMN40011537	Marinomonas sp.
PRJNA1071982	MFD12121_ilm_asm_bin14	LIB-MJ388-A12_02.14	GCA_049683135.1	JBAUIR000000000	SAMN40011618	Marinomonas sp.
PRJNA1071982	MFD10477_ilm_asm_bin25	LIB-MJ305-D3_04.25	GCA_049292875.1	JBATRW000000000	SAMN40010020	Melioribacteraceae bacterium
PRJNA1071982	MFD04250_ilm_asm_bin5	LIB-MJ226-A2_01.5	GCA_049588175.1	JBAVFI000000000	SAMN40009200	Mesobacillus sp.
PRJNA1071982	MFD12213_ilm_asm_bin6	LIB-MJ387-B6_01.6	GCA_049670745.1	JBATTT000000000	SAMN40011571	Mesorhizobium sp.
PRJNA1071982	MFD12225_ilm_asm_bin10	LIB-MJ386-B12_04.10	GCA_049672865.1	JBATWV000000000	SAMN40011491	Mesorhizobium sp.
PRJNA1071982	MFD12186_ilm_asm_bin6	LIB-MJ388-G9_02.6	GCA_049650385.1	JBASAA000000000	SAMN40011675	Mesorhizobium sp.
PRJNA1071982	MFD12185_ilm_asm_bin6	LIB-MJ388-E8_02.6	GCA_049650925.1	JBASBC000000000	SAMN40011647	Mesorhizobium sp.
PRJNA1071982	MFD12209_ilm_asm_bin23	LIB-MJ388-C4_02.23	GCA_049651145.1	JBASBN000000000	SAMN40011635	Mesorhizobium sp.
PRJNA1071982	MFD12220_ilm_asm_bin8	LIB-MJ389-D6_03.8	GCA_049647505.1	JBARXU000000000	SAMN40011733	Mesorhizobium sp.
PRJNA1071982	MFD12216_ilm_asm_bin16	LIB-MJ389-D2_03.16	GCA_049647745.1	JBARYG000000000	SAMN40011721	Mesorhizobium sp.
PRJNA1071982	MFD12216_ilm_asm_bin5	LIB-MJ389-D2_03.5	GCA_049647725.1	JBARYF000000000	SAMN40011722	Mesorhizobium sp.
PRJNA1071982	MFD10553_ilm_asm_bin18	LIB-MJ334-G1_01.18	GCA_049295815.1	JBAQRJ000000000	SAMN40010577	Mesotoga infera
PRJNA1071982	MFD00093_ilm_asm_bin6	LIB-MJ048-B9_04.6	GCA_049285855.1	JBAQAT000000000	SAMN40007617	Methanobacterium sp.
PRJNA1071982	MFD02790_ilm_asm_bin3	LIB-MJ091-C5_03.3	GCA_049282035.1	JBAPTH000000000	SAMN40007811	Methanobacterium sp.
PRJNA1071982	MFD01092_ilm_asm_bin20	LIB-MJ131-A2_01_v_LIB-MJ408-G5_04.20	GCA_049697495.1	JBAVVX000000000	SAMN40008405	Methanobacterium sp.
PRJNA1071982	MFD02270_ilm_asm_bin3	LIB-MJ147-G4_02.3	GCA_049691195.1	JBAVNN000000000	SAMN40008623	Methanobacterium sp.
PRJNA1071982	MFD05686_ilm_asm_bin15	LIB-MJ172-A10_04.15	GCA_049688275.1	JBAVKK000000000	SAMN40008704	Methanobacterium sp.
PRJNA1071982	MFD04291_ilm_asm_bin1	LIB-MJ226-C4_01.1	GCA_049588055.1	JBAVFC000000000	SAMN40009206	Methanocella sp.
PRJNA1071982	MFD13471_ilm_asm_bin57	LIB-MJ413-F9_01.57	GCA_049277695.1	JBASYV000000000	SAMN40012409	Methanoculleus sp.
PRJNA1071982	MFD13472_ilm_asm_bin17	LIB-MJ413-E9_01.17	GCA_049652525.1	JBASEG000000000	SAMN40012329	Methanoculleus sp.
PRJNA1071982	MFD13481_ilm_asm_bin28	LIB-MJ413-D8_01.28	GCA_049654105.1	JBASHP000000000	SAMN40012240	Methanoculleus sp.
PRJNA1071982	MFD13489_ilm_asm_bin7	LIB-MJ413-D7_01.7	GCA_049654525.1	JBASHZ000000000	SAMN40012230	Methanoculleus sp.
PRJNA1071982	MFD13467_ilm_asm_bin27	LIB-MJ413-B10_01.27	GCA_049657645.1	JBASNV000000000	SAMN40012078	Methanoculleus sp.
PRJNA1071982	MFD13487_ilm_asm_bin5	LIB-MJ413-F7_01.5	GCA_049651445.1	JBASCG000000000	SAMN40012381	Methanomethylovorans sp.
PRJNA1071982	MFD04926_ilm_asm_bin5	LIB-MJ194-C12_04.5	GCA_049588975.1	JBAVZW000000000	SAMN40008936	Methanoregula sp.
PRJNA1071982	MFD04492_ilm_asm_bin8	LIB-MJ227-E5_02.8	GCA_049587375.1	JBAVDU000000000	SAMN40009240	Methanoregula sp.
PRJNA1071982	MFD04928_ilm_asm_bin15	LIB-MJ226-G10_01.15	GCA_049587835.1	JBAVER000000000	SAMN40009217	Methanoregula sp.
PRJNA1071982	MFD04928_ilm_asm_bin16	LIB-MJ226-G10_01.16	GCA_049587815.1	JBAVEQ000000000	SAMN40009218	Methanoregula sp.
PRJNA1071982	MFD05379_ilm_asm_bin5	LIB-MJ190-H7_02.5	GCA_049590635.1	JBAWDG000000000	SAMN40008848	Methanoregula sp.
PRJNA1071982	MFD04899_ilm_asm_bin35	LIB-MJ256-H8_03.35	GCA_049581685.1	JBAUSM000000000	SAMN40009529	Methanoregula sp.
PRJNA1071982	MFD04752_ilm_asm_bin4	LIB-MJ254-G11_02.4	GCA_049583265.1	JBAUVO000000000	SAMN40009449	Methanoregula sp.
PRJNA1071982	MFD02151_ilm_asm_bin7	LIB-MJ254-D9_02_v_LIB-MJ407-A8_04.7	GCA_049583895.1	JBAUWS000000000	SAMN40009419	Methanoregula sp.
PRJNA1071982	MFD09567_ilm_asm_bin30	LIB-MJ231-B7_04.30	GCA_049586215.1	JBAVBN000000000	SAMN40009299	Methanoregula sp.
PRJNA1071982	MFD02138_ilm_asm_bin32	LIB-MJ259-G6_04.32	GCA_049580845.1	JBAUQT000000000	SAMN40009574	Methanoregula sp.
PRJNA1071982	MFD02397_ilm_asm_bin9	LIB-MJ406-A8_04.9	GCA_049641905.1	JBAROC000000000	SAMN40011985	Methanoregula sp.
PRJNA1071982	MFD05686_ilm_asm_bin45	LIB-MJ172-A10_04.45	GCA_049688255.1	JBAVKJ000000000	SAMN40008705	Methanoregula sp.
PRJNA1071982	MFD01857_ilm_asm_bin21	LIB-MJ148-H10_02.21	GCA_049690555.1	JBAVMY000000000	SAMN40008638	Methanoregula sp.
PRJNA1071982	MFD01857_ilm_asm_bin9	LIB-MJ148-H10_02.9	GCA_049690535.1	JBAVMX000000000	SAMN40008639	Methanoregula sp.
PRJNA1071982	MFD01567_ilm_asm_bin11	LIB-MJ134-C1_03.11	GCA_049695755.1	JBAVST000000000	SAMN40008487	Methanoregula sp.
PRJNA1071982	MFD01567_ilm_asm_bin13	LIB-MJ134-C1_03.13	GCA_049695735.1	JBAVSS000000000	SAMN40008488	Methanoregula sp.
PRJNA1071982	MFD01092_ilm_asm_bin7	LIB-MJ131-A2_01_v_LIB-MJ408-G5_04.7	GCA_049697435.1	JBAVVW000000000	SAMN40008406	Methanoregula sp.
PRJNA1071982	MFD01828_ilm_asm_bin3	LIB-MJ130-B10_01.3	GCA_049697855.1	JBAVWP000000000	SAMN40008387	Methanoregula sp.
PRJNA1071982	MFD01805_ilm_asm_bin14	LIB-MJ130-A5_01.14	GCA_049697935.1	JBAVWT000000000	SAMN40008383	Methanoregula sp.
PRJNA1071982	MFD03653_ilm_asm_bin1	LIB-MJ130-C11_01.1	GCA_049697815.1	JBAVWM000000000	SAMN40008390	Methanoregula sp.
PRJNA1071982	MFD02961_ilm_asm_bin34	LIB-MJ263-D4_04.34	GCA_049686655.1	JBAVIG000000000	SAMN40009618	Methanoregula sp.
PRJNA1071982	MFD02961_ilm_asm_bin50	LIB-MJ263-D4_04.50	GCA_049686595.1	JBAVIF000000000	SAMN40009619	Methanoregula sp.
PRJNA1071982	MFD01207_ilm_asm_bin1	LIB-MJ107-B6_02_v_LIB-MJ367-B6_03.1	GCA_049278935.1	JBAPNC000000000	SAMN40007972	Methanoregula sp.
PRJNA1071982	MFD00971_ilm_asm_bin5	LIB-MJ093-A5_02.5	GCA_049280855.1	JBAPQY000000000	SAMN40007872	Methanoregula sp.
PRJNA1071982	MFD00089_ilm_asm_bin1	LIB-MJ051-B12_02.1	GCA_049285055.1	JBAPZC000000000	SAMN40007660	Methanoregula sp.
PRJNA1071982	MFD00306_ilm_asm_bin20	LIB-MJ051-E3_02.20	GCA_049284755.1	JBAPYN000000000	SAMN40007675	Methanoregula sp.
PRJNA1071982	MFD00306_ilm_asm_bin6	LIB-MJ051-E3_02.6	GCA_049284735.1	JBAPYM000000000	SAMN40007676	Methanoregula sp.
PRJNA1071982	MFD00673_ilm_asm_bin8	LIB-MJ089-G9_02.8	GCA_049282675.1	JBAPUL000000000	SAMN40007781	Methanoregula sp.
PRJNA1071982	MFD00353_ilm_asm_bin1	LIB-MJ044-B12_03.1	GCA_049286155.1	JBAQBI000000000	SAMN40007602	Methanoregula sp.
PRJNA1071982	MFD09592_ilm_asm_bin42	LIB-MJ306-H3_01.42	GCA_049288335.1	JBAQHN000000000	SAMN40010234	Methanoregula sp.
PRJNA1071982	MFD01112_ilm_asm_bin14	LIB-MJ306-H8_01.14	GCA_049288235.1	JBAQHI000000000	SAMN40010239	Methanoregula sp.
PRJNA1071982	MFD01112_ilm_asm_bin15	LIB-MJ306-H8_01.15	GCA_049288215.1	JBAQHH000000000	SAMN40010240	Methanoregula sp.
PRJNA1071982	MFD09594_ilm_asm_bin17	LIB-MJ307-A2_01.17	GCA_049288055.1	JBAQGZ000000000	SAMN40010248	Methanoregula sp.
PRJNA1071982	MFD13481_ilm_asm_bin42	LIB-MJ413-D8_01.42	GCA_049654045.1	JBASHL000000000	SAMN40012244	Methanoregulaceae archaeon
PRJNA1071982	MFD13465_ilm_asm_bin15	LIB-MJ413-E10_01.15	GCA_049653645.1	JBASGR000000000	SAMN40012264	Methanosarcina flavescens
PRJNA1071982	MFD13458_ilm_asm_bin20	LIB-MJ413-E11_01.20	GCA_049653425.1	JBASGG000000000	SAMN40012277	Methanosarcina flavescens
PRJNA1071982	MFD13459_ilm_asm_bin21	LIB-MJ413-D11_01.21	GCA_049655065.1	JBASJB000000000	SAMN40012202	Methanosarcina flavescens
PRJNA1071982	MFD13482_ilm_asm_bin2	LIB-MJ413-C8_01.2	GCA_049655905.1	JBASKQ000000000	SAMN40012161	Methanosarcina flavescens
PRJNA1071982	MFD13461_ilm_asm_bin22	LIB-MJ413-B11_01.22	GCA_049657405.1	JBASNO000000000	SAMN40012085	Methanosarcina flavescens
PRJNA1071982	MFD13476_ilm_asm_bin19	LIB-MJ413-A9_01.19	GCA_049658405.1	JBASOQ000000000	SAMN40012057	Methanosarcina flavescens
PRJNA1071982	MFD13479_ilm_asm_bin15	LIB-MJ413-F8_01.15	GCA_049651425.1	JBASCB000000000	SAMN40012386	Methanosarcina flavescens
PRJNA1071982	MFD13464_ilm_asm_bin1	LIB-MJ413-G10_01.1	GCA_049277395.1	JBASYI000000000	SAMN40012422	Methanosarcina flavescens
PRJNA1071982	MFD13486_ilm_asm_bin13	LIB-MJ413-G7_01.13	GCA_049276375.1	JBASWH000000000	SAMN40012475	Methanosarcina flavescens
PRJNA1071982	MFD13463_ilm_asm_bin10	LIB-MJ413-H10_01.10	GCA_049275635.1	JBASUX000000000	SAMN40012511	Methanosarcina flavescens
PRJNA1071982	MFD13469_ilm_asm_bin16	LIB-MJ413-H9_01.16	GCA_049274085.1	JBASRZ000000000	SAMN40012587	Methanosarcina flavescens
PRJNA1071982	MFD13477_ilm_asm_bin28	LIB-MJ413-H8_01.28	GCA_049274285.1	JBASSI000000000	SAMN40012578	Methanosarcina flavescens
PRJNA1071982	MFD12012_ilm_asm_bin7	LIB-MJ334-D11_01.7	GCA_049298735.1	JBAQWE000000000	SAMN40010452	Methanosarcina sp.
PRJNA1071982	MFD03983_ilm_asm_bin19	LIB-MJ131-C11_01.19	GCA_049697415.1	JBAVVS000000000	SAMN40008410	Methanosarcina sp.
PRJNA1071982	MFD04291_ilm_asm_bin14	LIB-MJ226-C4_01.14	GCA_049588035.1	JBAVFB000000000	SAMN40009207	Methanosarcina sp.
PRJNA1071982	MFD13489_ilm_asm_bin64	LIB-MJ413-D7_01.64	GCA_049654605.1	JBASID000000000	SAMN40012226	Methanosarcina thermophila
PRJNA1071982	MFD13490_ilm_asm_bin20	LIB-MJ413-C7_01.20	GCA_049655965.1	JBASKU000000000	SAMN40012157	Methanothermobacter tenebrarum
PRJNA1071982	MFD13492_ilm_asm_bin49	LIB-MJ413-A7_01.49	GCA_049659305.1	JBASPM000000000	SAMN40012035	Methanothermobacter tenebrarum
PRJNA1071982	MFD10555_ilm_asm_bin3	LIB-MJ334-A2_01.3	GCA_049286665.1	JBAQEI000000000	SAMN40010317	Methanothermobacter tenebrarum
PRJNA1071982	MFD13492_ilm_asm_bin52	LIB-MJ413-A7_01.52	GCA_049659205.1	JBASPL000000000	SAMN40012036	Methanothermobacter thermautotrophicus
PRJNA1071982	MFD13484_ilm_asm_bin29	LIB-MJ413-A8_01.29	GCA_049658865.1	JBASPA000000000	SAMN40012047	Methanothrix sp.
PRJNA1071982	MFD13467_ilm_asm_bin10	LIB-MJ413-B10_01.10	GCA_049657745.1	JBASNY000000000	SAMN40012075	Methanothrix sp.
PRJNA1071982	MFD12107_ilm_asm_bin9	LIB-MJ413-A1_01.9	GCA_049660765.1	JBASRB000000000	SAMN40011994	Methanothrix sp.
PRJNA1071982	MFD13491_ilm_asm_bin33	LIB-MJ413-B7_01.33	GCA_049657005.1	JBASMT000000000	SAMN40012106	Methanothrix sp.
PRJNA1071982	MFD13488_ilm_asm_bin27	LIB-MJ413-E7_01.27	GCA_049652865.1	JBASFD000000000	SAMN40012306	Methanothrix sp.
PRJNA1071982	MFD12901_ilm_asm_bin4	LIB-MJ413-F6_01.4	GCA_049651645.1	JBASCM000000000	SAMN40012375	Methanothrix sp.
PRJNA1071982	MFD13487_ilm_asm_bin2	LIB-MJ413-F7_01.2	GCA_049651545.1	JBASCH000000000	SAMN40012380	Methanothrix sp.
PRJNA1071982	MFD06964_ilm_asm_bin5	LIB-MJ282-A2_03.5	GCA_049685075.1	JBAVGS000000000	SAMN40009658	Methanothrix sp.
PRJNA1071982	MFD06962_ilm_asm_bin3	LIB-MJ282-C5_03.3	GCA_049684695.1	JBAVGH000000000	SAMN40009669	Methanothrix sp.
PRJNA1071982	MFD10102_ilm_asm_bin3	LIB-MJ301-G9_01_v_LIB-MJ408-C4_04.3	GCA_049663825.1	JBATEC000000000	SAMN40009872	Methanothrix sp.
PRJNA1071982	MFD10555_ilm_asm_bin20	LIB-MJ334-A2_01.20	GCA_049286685.1	JBAQEK000000000	SAMN40010315	Methanothrix sp.
PRJNA1071982	MFD10572_ilm_asm_bin22	LIB-MJ334-D4_01.22	GCA_049298515.1	JBAQVU000000000	SAMN40010462	Methanothrix sp.
PRJNA1071982	MFD12019_ilm_asm_bin55	LIB-MJ334-C12_01.55	GCA_049299735.1	JBAQXX000000000	SAMN40010407	Methanothrix sp.
PRJNA1071982	MFD12035_ilm_asm_bin3	LIB-MJ335-H2_02.3	GCA_049301195.1	JBAQKR000000000	SAMN40010752	Methanothrix sp.
PRJNA1071982	MFD12032_ilm_asm_bin7	LIB-MJ335-E2_02.7	GCA_049301695.1	JBAQLG000000000	SAMN40010737	Methanothrix sp.
PRJNA1071982	MFD12070_ilm_asm_bin15	LIB-MJ335-E7_02.15	GCA_049301675.1	JBAQLF000000000	SAMN40010738	Methanothrix sp.
PRJNA1071982	MFD12031_ilm_asm_bin15	LIB-MJ335-D2_02.15	GCA_049301795.1	JBAQLL000000000	SAMN40010732	Methanothrix sp.
PRJNA1071982	MFD12038_ilm_asm_bin1	LIB-MJ335-D3_02.1	GCA_049301775.1	JBAQLK000000000	SAMN40010733	Methanothrix sp.
PRJNA1071982	MFD12106_ilm_asm_bin3	LIB-MJ335-C12_02.3	GCA_049302295.1	JBAQLZ000000000	SAMN40010718	Methanothrix sp.
PRJNA1071982	MFD10553_ilm_asm_bin50	LIB-MJ334-G1_01.50	GCA_049295855.1	JBAQRE000000000	SAMN40010582	Methanothrix sp.
PRJNA1071982	MFD10570_ilm_asm_bin18	LIB-MJ334-B4_01.18	GCA_049293935.1	JBAQCE000000000	SAMN40010373	Methanothrix sp.
PRJNA1071982	MFD10484_ilm_asm_bin37	LIB-MJ305-D4_04.37	GCA_049292715.1	JBATRR000000000	SAMN40010025	Methanothrix sp.
PRJNA1071982	MFD12067_ilm_asm_bin6	LIB-MJ335-B7_02.6	GCA_049302655.1	JBAQMI000000000	SAMN40010709	Methanothrix sp.
PRJNA1071982	MFD12066_ilm_asm_bin6	LIB-MJ335-A7_02.6	GCA_049303135.1	JBAQMU000000000	SAMN40010697	Methanothrix sp.
PRJNA1071982	MFD04492_ilm_asm_bin14	LIB-MJ227-E5_02.14	GCA_049587555.1	JBAVEC000000000	SAMN40009232	Methanotrichaceae archaeon
PRJNA1071982	MFD12018_ilm_asm_bin16	LIB-MJ334-B12_01.16	GCA_049294315.1	JBAQCO000000000	SAMN40010363	Methylobacter sp.
PRJNA1071982	MFD12011_ilm_asm_bin36	LIB-MJ334-C11_01.36	GCA_049299935.1	JBAQYH000000000	SAMN40010397	Methylobacter sp.
PRJNA1071982	MFD01367_ilm_asm_bin13	LIB-MJ191-D10_04.13	GCA_049590295.1	JBAWCP000000000	SAMN40008865	Methyloceanibacter sp.
PRJNA1071982	MFD04867_ilm_asm_bin4	LIB-MJ191-C6_04.4	GCA_049590335.1	JBAWCQ000000000	SAMN40008864	Methyloceanibacter sp.
PRJNA1071982	MFD04869_ilm_asm_bin5	LIB-MJ192-H1_04_v_LIB-MJ409-E6_01.5	GCA_049589615.1	JBAWBC000000000	SAMN40008904	Methyloceanibacter sp.
PRJNA1071982	MFD09209_ilm_asm_bin18	LIB-MJ250-H10_04.18	GCA_049585315.1	JBAUZN000000000	SAMN40009347	Methyloceanibacter sp.
PRJNA1071982	MFD09236_ilm_asm_bin11	LIB-MJ252-D2_02.11	GCA_049584435.1	JBAUXU000000000	SAMN40009391	Methyloceanibacter sp.
PRJNA1071982	MFD01362_ilm_asm_bin19	LIB-MJ196-D4_02.19	GCA_049580005.1	JBAUOY000000000	SAMN40008997	Methyloceanibacter sp.
PRJNA1071982	MFD04990_ilm_asm_bin9	LIB-MJ196-H2_02_v_LIB-MJ402-G9_04.9	GCA_049579665.1	JBAUOI000000000	SAMN40009013	Methyloceanibacter sp.
PRJNA1071982	MFD05568_ilm_asm_bin19	LIB-MJ197-D11_03_v_LIB-MJ366-D11_03.19	GCA_049579525.1	JBAUOB000000000	SAMN40009020	Methyloceanibacter sp.
PRJNA1071982	MFD04537_ilm_asm_bin14	LIB-MJ175-E11_02_v_LIB-MJ368-E11_01.14	GCA_049592495.1	JBAWGC000000000	SAMN40008774	Methyloceanibacter sp.
PRJNA1071982	MFD02500_ilm_asm_bin6	LIB-MJ135-F8_04.6	GCA_049694955.1	JBAVRK000000000	SAMN40008522	Methyloceanibacter sp.
PRJNA1071982	MFD12448_ilm_asm_bin6	LIB-MJ385-H3_04.6	GCA_049673845.1	JBATYA000000000	SAMN40011460	Methyloceanibacter sp.
PRJNA1071982	MFD12982_ilm_asm_bin7	LIB-MJ384-B11_01.7	GCA_049674525.1	JBATZJ000000000	SAMN40011425	Methyloceanibacter sp.
PRJNA1071982	MFD12937_ilm_asm_bin24	LIB-MJ385-A8_04.24	GCA_049674225.1	JBATYT000000000	SAMN40011441	Methyloceanibacter sp.
PRJNA1071982	MFD12446_ilm_asm_bin5	LIB-MJ383-D8_01.5	GCA_049676845.1	JBAUBN000000000	SAMN40011369	Methyloceanibacter sp.
PRJNA1071982	MFD13099_ilm_asm_bin37	LIB-MJ381-G2_02.37	GCA_049678085.1	JBAUDM000000000	SAMN40011318	Methyloceanibacter sp.
PRJNA1071982	MFD10749_ilm_asm_bin20	LIB-MJ383-A11_01.20	GCA_049677545.1	JBAUCL000000000	SAMN40011345	Methyloceanibacter sp.
PRJNA1071982	MFD10735_ilm_asm_bin10	LIB-MJ383-G8_01.10	GCA_049675825.1	JBAUAQ000000000	SAMN40011392	Methyloceanibacter sp.
PRJNA1071982	MFD12979_ilm_asm_bin11	LIB-MJ384-A10_01.11	GCA_049674645.1	JBATZK000000000	SAMN40011424	Methyloceanibacter sp.
PRJNA1071982	MFD12934_ilm_asm_bin34	LIB-MJ380-C1_03.34	GCA_049679025.1	JBAUFG000000000	SAMN40011272	Methyloceanibacter sp.
PRJNA1071982	MFD13097_ilm_asm_bin24	LIB-MJ381-B2_02.24	GCA_049678565.1	JBAUEK000000000	SAMN40011294	Methyloceanibacter sp.
PRJNA1071982	MFD13098_ilm_asm_bin16	LIB-MJ381-G4_02.16	GCA_049678045.1	JBAUDL000000000	SAMN40011319	Methyloceanibacter sp.
PRJNA1071982	MFD12939_ilm_asm_bin5	LIB-MJ381-C4_02.5	GCA_049678265.1	JBAUDV000000000	SAMN40011309	Methyloceanibacter sp.
PRJNA1071982	MFD12959_ilm_asm_bin69	LIB-MJ390-D1_03.69	GCA_049644565.1	JBARSD000000000	SAMN40011880	Methyloceanibacter sp.
PRJNA1071982	MFD12505_ilm_asm_bin11	LIB-MJ390-C4_03.11	GCA_049645085.1	JBARTE000000000	SAMN40011853	Methyloceanibacter sp.
PRJNA1071982	MFD12925_ilm_asm_bin7	LIB-MJ390-C1_03.7	GCA_049645225.1	JBARTL000000000	SAMN40011846	Methyloceanibacter sp.
PRJNA1071982	MFD06091_ilm_asm_bin12	LIB-MJ339-C7_03.12	GCA_049801475.1	JBARKP000000000	SAMN40010876	Methyloceanibacter sp.
PRJNA1071982	MFD06300_ilm_asm_bin81	LIB-MJ339-D7_03.81	GCA_049800475.1	JBARJW000000000	SAMN40010895	Methyloceanibacter sp.
PRJNA1071982	MFD10642_ilm_asm_bin25	LIB-MJ344-G7_04.25	GCA_049795955.1	JBAREH000000000	SAMN40011040	Methyloceanibacter sp.
PRJNA1071982	MFD10754_ilm_asm_bin6	LIB-MJ352-F6_03_v_LIB-MJ368-F6_01.6	GCA_049792275.1	JBARAS000000000	SAMN40011133	Methyloceanibacter sp.
PRJNA1071982	MFD09417_ilm_asm_bin3	LIB-MJ353-E9_03.3	GCA_049790595.1	JBAQZC000000000	SAMN40011176	Methyloceanibacter sp.
PRJNA1071982	MFD02457_ilm_asm_bin34	LIB-MJ307-E8_01.34	GCA_049287625.1	JBAQGE000000000	SAMN40010269	Methyloceanibacter sp.
PRJNA1071982	MFD01078_ilm_asm_bin9	LIB-MJ089-D6_02.9	GCA_049282975.1	JBAPVC000000000	SAMN40007764	Methyloceanibacter sp.
PRJNA1071982	MFD01052_ilm_asm_bin3	LIB-MJ108-E6_02.3	GCA_049278695.1	JBAPMQ000000000	SAMN40007984	Methyloceanibacter sp.
PRJNA1071982	MFD01147_ilm_asm_bin16	LIB-MJ091-D11_03.16	GCA_049281995.1	JBAPTE000000000	SAMN40007814	Methylocella sp.
PRJNA1071982	MFD01145_ilm_asm_bin5	LIB-MJ091-E5_03.5	GCA_049281715.1	JBAPSQ000000000	SAMN40007828	Methylocella sp.
PRJNA1071982	MFD06568_ilm_asm_bin10	LIB-MJ336-E9_02.10	GCA_049300395.1	JBAQJQ000000000	SAMN40010779	Methylocella sp.
PRJNA1071982	MFD06120_ilm_asm_bin60	LIB-MJ339-H6_03.60	GCA_049799995.1	JBARIY000000000	SAMN40010919	Methylocella sp.
PRJNA1071982	MFD06157_ilm_asm_bin20	LIB-MJ342-B3_02.20	GCA_049798635.1	JBARGX000000000	SAMN40010972	Methylocella sp.
PRJNA1071982	MFD06628_ilm_asm_bin27	LIB-MJ339-E9_03_v_LIB-MJ405-C4_01.27	GCA_049800375.1	JBARJR000000000	SAMN40010900	Methylocella sp.
PRJNA1071982	MFD06118_ilm_asm_bin20	LIB-MJ337-C9_03.20	GCA_049802895.1	JBARNI000000000	SAMN40010805	Methylocella sp.
PRJNA1071982	MFD10821_ilm_asm_bin15	LIB-MJ380-F1_03.15	GCA_049678865.1	JBAUEY000000000	SAMN40011280	Methylocella sp.
PRJNA1071982	MFD11098_ilm_asm_bin22	LIB-MJ380-A2_03.22	GCA_049679275.1	JBAUFR000000000	SAMN40011261	Methylocella sp.
PRJNA1071982	MFD10751_ilm_asm_bin28	LIB-MJ383-H8_01.28	GCA_049674825.1	JBATZR000000000	SAMN40011417	Methylocella sp.
PRJNA1071982	MFD10888_ilm_asm_bin4	LIB-MJ383-G7_01.4	GCA_049675965.1	JBAUAT000000000	SAMN40011389	Methylocella sp.
PRJNA1071982	MFD10734_ilm_asm_bin20	LIB-MJ383-H10_01.20	GCA_049675945.1	JBAUAO000000000	SAMN40011394	Methylocella sp.
PRJNA1071982	MFD11004_ilm_asm_bin10	LIB-MJ383-E6_01.10	GCA_049676785.1	JBAUBM000000000	SAMN40011370	Methylocella sp.
PRJNA1071982	MFD10807_ilm_asm_bin32	LIB-MJ383-C2_01.32	GCA_049677365.1	JBAUCC000000000	SAMN40011354	Methylocella sp.
PRJNA1071982	MFD10926_ilm_asm_bin23	LIB-MJ385-G8_04.23	GCA_049673825.1	JBATYB000000000	SAMN40011459	Methylocella sp.
PRJNA1071982	MFD10847_ilm_asm_bin11	LIB-MJ385-H7_04.11	GCA_049673745.1	JBATXZ000000000	SAMN40011461	Methylocella sp.
PRJNA1071982	MFD01341_ilm_asm_bin39	LIB-MJ134-B7_03.39	GCA_049695875.1	JBAVSZ000000000	SAMN40008481	Methylocella sp.
PRJNA1071982	MFD05709_ilm_asm_bin20	LIB-MJ172-B6_04.20	GCA_049687975.1	JBAVJX000000000	SAMN40008717	Methylocella sp.
PRJNA1071982	MFD01067_ilm_asm_bin17	LIB-MJ110-B3_04_v_LIB-MJ415-G1_04.17	GCA_049698795.1	JBAVYL000000000	SAMN40008339	Methylocella sp.
PRJNA1071982	MFD05704_ilm_asm_bin4	LIB-MJ197-G7_03.4	GCA_049579405.1	JBAUNU000000000	SAMN40009027	Methylocella sp.
PRJNA1071982	MFD05367_ilm_asm_bin6	LIB-MJ259-H9_04.6	GCA_049580585.1	JBAUQF000000000	SAMN40009588	Methylocella sp.
PRJNA1071982	MFD05407_ilm_asm_bin5	LIB-MJ193-A4_01.5	GCA_049589595.1	JBAWBB000000000	SAMN40008905	Methylocella sp.
PRJNA1071982	MFD09556_ilm_asm_bin16	LIB-MJ191-B5_04.16	GCA_049590435.1	JBAWCW000000000	SAMN40008858	Methylocella sp.
PRJNA1071982	MFD04981_ilm_asm_bin9	LIB-MJ226-B4_01.9	GCA_049588095.1	JBAVFE000000000	SAMN40009204	Methylocella sp.
PRJNA1071982	MFD12109_ilm_asm_bin23	LIB-MJ413-C1_01.23	GCA_049656545.1	JBASLW000000000	SAMN40012129	Methylococcaceae bacterium
PRJNA1071982	MFD12014_ilm_asm_bin15	LIB-MJ334-F11_01.15	GCA_049296695.1	JBAQSX000000000	SAMN40010537	Methylococcaceae bacterium
PRJNA1071982	MFD12017_ilm_asm_bin25	LIB-MJ334-A12_01.25	GCA_049286765.1	JBAQEN000000000	SAMN40010312	Methylococcaceae bacterium
PRJNA1071982	MFD10097_ilm_asm_bin24	LIB-MJ301-F5_01.24	GCA_049663925.1	JBATEH000000000	SAMN40009867	Methylocystis silviterrae
PRJNA1071982	MFD12049_ilm_asm_bin11	LIB-MJ335-H4_02.11	GCA_049301155.1	JBAQKQ000000000	SAMN40010753	Methylocystis silviterrae
PRJNA1071982	MFD00086_ilm_asm_bin2	LIB-MJ048-B5_04.2	GCA_049285895.1	JBAQAU000000000	SAMN40007616	Methylocystis sp.
PRJNA1071982	MFD00329_ilm_asm_bin12	LIB-MJ048-D4_04.12	GCA_049285755.1	JBAQAO000000000	SAMN40007622	Methylocystis sp.
PRJNA1071982	MFD00328_ilm_asm_bin20	LIB-MJ051-C11_02.20	GCA_049284955.1	JBAPYX000000000	SAMN40007665	Methylocystis sp.
PRJNA1071982	MFD06363_ilm_asm_bin29	LIB-MJ344-B9_04.29	GCA_049796775.1	JBARFB000000000	SAMN40011020	Methylocystis sp.
PRJNA1071982	MFD09530_ilm_asm_bin3	LIB-MJ192-E2_04.3	GCA_049589885.1	JBAWBQ000000000	SAMN40008890	Methylocystis sp.
PRJNA1071982	MFD01418_ilm_asm_bin10	LIB-MJ177-G6_03.10	GCA_049591215.1	JBAWEN000000000	SAMN40008815	Methylocystis sp.
PRJNA1071982	MFD04752_ilm_asm_bin24	LIB-MJ254-G11_02.24	GCA_049583305.1	JBAUVQ000000000	SAMN40009447	Methylocystis sp.
PRJNA1071982	MFD03712_ilm_asm_bin6	LIB-MJ413-B2_01.6	GCA_049657205.1	JBASND000000000	SAMN40012096	Methylophilaceae bacterium
PRJNA1071982	MFD10514_ilm_asm_bin2	LIB-MJ305-B8_04.2	GCA_049662045.1	JBATAW000000000	SAMN40009956	Methylophilaceae bacterium
PRJNA1071982	MFD03231_ilm_asm_bin43	LIB-MJ413-G5_01.43	GCA_049276595.1	JBASWS000000000	SAMN40012464	Methylorubrum rhodinum
PRJNA1071982	MFD12022_ilm_asm_bin7	LIB-MJ335-C1_02.7	GCA_049302535.1	JBAQME000000000	SAMN40010713	Methylotenera sp.
PRJNA1071982	MFD13448_ilm_asm_bin13	LIB-MJ390-E6_03.13	GCA_049643685.1	JBARQL000000000	SAMN40011924	Methylotenera sp.
PRJNA1071982	MFD04666_ilm_asm_bin16	LIB-MJ262-D6_03.16	GCA_049687015.1	JBAVIP000000000	SAMN40009609	Methylotenera sp.
PRJNA1071982	MFD03855_ilm_asm_bin12	LIB-MJ280-D6_02.12	GCA_049685975.1	JBAVHQ000000000	SAMN40009634	Methylovirgula sp.
PRJNA1071982	MFD10725_ilm_asm_bin1	LIB-MJ388-A11_02.1	GCA_049683175.1	JBAUIT000000000	SAMN40011616	Methylovirgula sp.
PRJNA1071982	MFD10825_ilm_asm_bin24	LIB-MJ354-C1_04_v_LIB-MJ367-C1_04.24	GCA_049680525.1	JBAUHY000000000	SAMN40011202	Methylovirgula sp.
PRJNA1071982	MFD10722_ilm_asm_bin19	LIB-MJ383-D1_01.19	GCA_049677245.1	JBAUBY000000000	SAMN40011358	Methylovirgula sp.
PRJNA1071982	MFD10988_ilm_asm_bin43	LIB-MJ383-H6_01.43	GCA_049675245.1	JBATZZ000000000	SAMN40011409	Methylovirgula sp.
PRJNA1071982	MFD10772_ilm_asm_bin47	LIB-MJ354-H3_04_v_LIB-MJ367-H3_04.47	GCA_049679445.1	JBAUGA000000000	SAMN40011252	Methylovirgula sp.
PRJNA1071982	MFD10802_ilm_asm_bin21	LIB-MJ354-H7_04_v_LIB-MJ403-D4_03.21	GCA_049679345.1	JBAUFV000000000	SAMN40011257	Methylovirgula sp.
PRJNA1071982	MFD05802_ilm_asm_bin5	LIB-MJ354-H9_04_v_LIB-MJ403-F5_03.5	GCA_049679325.1	JBAUFU000000000	SAMN40011258	Methylovirgula sp.
PRJNA1071982	MFD10743_ilm_asm_bin4	LIB-MJ381-C1_02.4	GCA_049678365.1	JBAUEA000000000	SAMN40011304	Methylovirgula sp.
PRJNA1071982	MFD02725_ilm_asm_bin9	LIB-MJ129-F11_02.9	GCA_049698175.1	JBAVXE000000000	SAMN40008372	Methylovirgula sp.
PRJNA1071982	MFD03797_ilm_asm_bin8	LIB-MJ149-E5_03.8	GCA_049690275.1	JBAVMR000000000	SAMN40008645	Methylovirgula sp.
PRJNA1071982	MFD02578_ilm_asm_bin18	LIB-MJ132-D2_03.18	GCA_049696995.1	JBAVUX000000000	SAMN40008431	Methylovirgula sp.
PRJNA1071982	MFD10871_ilm_asm_bin10	LIB-MJ390-F2_03.10	GCA_049643305.1	JBARPS000000000	SAMN40011943	Methylovirgula sp.
PRJNA1071982	MFD10873_ilm_asm_bin9	LIB-MJ389-H10_03.9	GCA_049646525.1	JBARVZ000000000	SAMN40011780	Methylovirgula sp.
PRJNA1071982	MFD06536_ilm_asm_bin2	LIB-MJ347-B1_04_v_LIB-MJ402-G6_04.2	GCA_049794755.1	JBARDD000000000	SAMN40011070	Methylovirgula sp.
PRJNA1071982	MFD10739_ilm_asm_bin32	LIB-MJ352-F2_03_v_LIB-MJ368-F2_01.32	GCA_049792455.1	JBARAX000000000	SAMN40011128	Methylovirgula sp.
PRJNA1071982	MFD10881_ilm_asm_bin58	LIB-MJ354-A1_04_v_LIB-MJ367-A1_04.58	GCA_049787195.1	JBAQYU000000000	SAMN40011184	Methylovirgula sp.
PRJNA1071982	MFD06228_ilm_asm_bin7	LIB-MJ341-E8_02_v_LIB-MJ406-D3_04.7	GCA_049799295.1	JBARHP000000000	SAMN40010954	Methylovirgula sp.
PRJNA1071982	MFD09728_ilm_asm_bin4	LIB-MJ341-H6_02_v_LIB-MJ406-F2_04.4	GCA_049799035.1	JBARHG000000000	SAMN40010963	Methylovirgula sp.
PRJNA1071982	MFD06470_ilm_asm_bin18	LIB-MJ341-D9_02_v_LIB-MJ406-B4_04.18	GCA_049799495.1	JBARHZ000000000	SAMN40010944	Methylovirgula sp.
PRJNA1071982	MFD06650_ilm_asm_bin16	LIB-MJ339-H11_03_v_LIB-MJ405-E5_01.16	GCA_049800215.1	JBARJJ000000000	SAMN40010908	Methylovirgula sp.
PRJNA1071982	MFD04601_ilm_asm_bin14	LIB-MJ226-E9_01.14	GCA_049587955.1	JBAVEX000000000	SAMN40009211	Methylovirgula sp.
PRJNA1071982	MFD06592_ilm_asm_bin26	LIB-MJ336-A8_02.26	GCA_049300895.1	JBAQKJ000000000	SAMN40010760	Methylovirgula sp.
PRJNA1071982	MFD00650_ilm_asm_bin12	LIB-MJ092-E4_01.12	GCA_049281055.1	JBAPRK000000000	SAMN40007860	Methylovirgula sp.
PRJNA1071982	MFD02850_ilm_asm_bin9	LIB-MJ093-A12_02_v_LIB-MJ408-C11_04.9	GCA_049281015.1	JBAPRG000000000	SAMN40007864	Methylovirgula sp.
PRJNA1071982	MFD04870_ilm_asm_bin36	LIB-MJ306-F5_01_v_LIB-MJ367-F5_03.36	GCA_049288505.1	JBAQHV000000000	SAMN40010226	Methylovirgula sp.
PRJNA1071982	MFD01221_ilm_asm_bin10	LIB-MJ106-F9_01_v_LIB-MJ368-F9_04.10	GCA_049279375.1	JBAPNZ000000000	SAMN40007949	Methylovirgula sp.
PRJNA1071982	MFD12011_ilm_asm_bin29	LIB-MJ334-C11_01.29	GCA_049300075.1	JBAQYL000000000	SAMN40010393	Methylovulum miyakonense
PRJNA1071982	MFD12220_ilm_asm_bin15	LIB-MJ389-D6_03.15	GCA_049647625.1	JBARYA000000000	SAMN40011727	Microbacteriaceae bacterium
PRJNA1071982	MFD12211_ilm_asm_bin10	LIB-MJ389-G11_03.10	GCA_049646915.1	JBARWR000000000	SAMN40011762	Microbacterium sp.
PRJNA1071982	MFD12224_ilm_asm_bin4	LIB-MJ388-G5_02.4	GCA_049650565.1	JBASAK000000000	SAMN40011665	Microbacterium sp.
PRJNA1071982	MFD10499_ilm_asm_bin14	LIB-MJ305-C6_04.14	GCA_049661145.1	JBASZT000000000	SAMN40009985	Microbacterium sp.
PRJNA1071982	MFD12186_ilm_asm_bin17	LIB-MJ388-G9_02.17	GCA_049654285.1	JBASAE000000000	SAMN40011671	Microbacterium sp.
PRJNA1071982	MFD12000_ilm_asm_bin3	LIB-MJ334-F9_01.3	GCA_049472115.1	JBAQRS000000000	SAMN40010568	Microbacterium sp.
PRJNA1071982	MFD04917_ilm_asm_bin12	LIB-MJ199-B10_04.12	GCA_049578705.1	JBAUMO000000000	SAMN40009059	Microbacterium sp.
PRJNA1071982	MFD00141_ilm_asm_bin2	LIB-MJ044-C1_03_v_LIB-MJ404-F11_03.2	GCA_049286115.1	JBAQBG000000000	SAMN40007604	Microbacterium sp.
PRJNA1071982	MFD12149_ilm_asm_bin22	LIB-MJ389-B10_03.22	GCA_049649525.1	JBARZE000000000	SAMN40011697	Microcoleaceae cyanobacterium
PRJNA1071982	MFD12174_ilm_asm_bin4	LIB-MJ389-E2_03.4	GCA_049647275.1	JBARXI000000000	SAMN40011745	Microcoleaceae cyanobacterium
PRJNA1071982	MFD12174_ilm_asm_bin3	LIB-MJ389-E2_03.3	GCA_049647265.1	JBARXJ000000000	SAMN40011744	Microcoleaceae cyanobacterium
PRJNA1071982	MFD12148_ilm_asm_bin1	LIB-MJ388-A1_02.1	GCA_049683235.1	JBAUIW000000000	SAMN40011613	Microcoleaceae cyanobacterium
PRJNA1071982	MFD04635_ilm_asm_bin9	LIB-MJ263-G9_04.9	GCA_049686215.1	JBAVHV000000000	SAMN40009629	Microcoleus sp.
PRJNA1071982	MFD03037_ilm_asm_bin7	LIB-MJ135-F11_04.7	GCA_049695055.1	JBAVRM000000000	SAMN40008520	Microcoleus sp.
PRJNA1071982	MFD05731_ilm_asm_bin1	LIB-MJ173-A11_01.1	GCA_049687875.1	JBAVJQ000000000	SAMN40008724	Microcoleus sp.
PRJNA1071982	MFD12116_ilm_asm_bin10	LIB-MJ389-H4_03.10	GCA_049646505.1	JBARVX000000000	SAMN40011782	Microcoleus sp.
PRJNA1071982	MFD12002_ilm_asm_bin66	LIB-MJ334-H9_01.66	GCA_049303575.1	JBAQNH000000000	SAMN40010684	Microgenomates group bacterium
PRJNA1071982	MFD12002_ilm_asm_bin60	LIB-MJ334-H9_01.60	GCA_049303675.1	JBAQNJ000000000	SAMN40010682	Microgenomates group bacterium
PRJNA1071982	MFD12002_ilm_asm_bin4	LIB-MJ334-H9_01.4	GCA_049304055.1	JBAQNT000000000	SAMN40010672	Microgenomates group bacterium
PRJNA1071982	MFD12002_ilm_asm_bin47	LIB-MJ334-H9_01.47	GCA_049304035.1	JBAQNR000000000	SAMN40010674	Microgenomates group bacterium
PRJNA1071982	MFD12003_ilm_asm_bin54	LIB-MJ334-A10_01.54	GCA_049287105.1	JBAQFE000000000	SAMN40010295	Microgenomates group bacterium
PRJNA1071982	MFD12003_ilm_asm_bin69	LIB-MJ334-A10_01.69	GCA_049286965.1	JBAQEX000000000	SAMN40010302	Microgenomates group bacterium
PRJNA1071982	MFD12003_ilm_asm_bin7	LIB-MJ334-A10_01.7	GCA_049286945.1	JBAQEW000000000	SAMN40010303	Microgenomates group bacterium
PRJNA1071982	MFD12003_ilm_asm_bin4	LIB-MJ334-A10_01.4	GCA_049287205.1	JBAQFJ000000000	SAMN40010290	Microgenomates group bacterium
PRJNA1071982	MFD12003_ilm_asm_bin49	LIB-MJ334-A10_01.49	GCA_049287165.1	JBAQFG000000000	SAMN40010293	Microgenomates group bacterium
PRJNA1071982	MFD12003_ilm_asm_bin47	LIB-MJ334-A10_01.47	GCA_049287145.1	JBAQFH000000000	SAMN40010292	Microgenomates group bacterium
PRJNA1071982	MFD10541_ilm_asm_bin4	LIB-MJ305-G11_04.4	GCA_049290215.1	JBATNF000000000	SAMN40010141	Microgenomates group bacterium
PRJNA1071982	MFD10534_ilm_asm_bin47	LIB-MJ305-H10_04.47	GCA_049289655.1	JBATMD000000000	SAMN40010169	Microgenomates group bacterium
PRJNA1071982	MFD12071_ilm_asm_bin3	LIB-MJ335-F7_02.3	GCA_049301455.1	JBAQKY000000000	SAMN40010745	Microgenomates group bacterium
PRJNA1071982	MFD10486_ilm_asm_bin12	LIB-MJ305-F4_04.12	GCA_049290975.1	JBATON000000000	SAMN40010107	Microgenomates group bacterium
PRJNA1071982	MFD13443_ilm_asm_bin6	LIB-MJ390-B7_03.6	GCA_049645585.1	JBARUE000000000	SAMN40011827	Microgenomates group bacterium
PRJNA1071982	MFD13439_ilm_asm_bin26	LIB-MJ390-F7_03.26	GCA_049642925.1	JBARPI000000000	SAMN40011953	Microgenomates group bacterium
PRJNA1071982	MFD13450_ilm_asm_bin51	LIB-MJ390-C6_03.51	GCA_049644985.1	JBARSZ000000000	SAMN40011858	Microgenomates group bacterium
PRJNA1071982	MFD10481_ilm_asm_bin19	LIB-MJ305-A4_04.19	GCA_049663225.1	JBATDA000000000	SAMN40009900	Microgenomates group bacterium
PRJNA1071982	MFD10505_ilm_asm_bin47	LIB-MJ305-A7_04.47	GCA_049662945.1	JBATCP000000000	SAMN40009911	Microgenomates group bacterium
PRJNA1071982	MFD13099_ilm_asm_bin3	LIB-MJ381-G2_02.3	GCA_049678105.1	JBAUDN000000000	SAMN40011317	Microgenomates group bacterium
PRJNA1071982	MFD13097_ilm_asm_bin11	LIB-MJ381-B2_02.11	GCA_049678645.1	JBAUEN000000000	SAMN40011291	Microgenomates group bacterium
PRJNA1071982	MFD03245_ilm_asm_bin7	LIB-MJ352-G9_03.7	GCA_049791715.1	JBARAE000000000	SAMN40011147	Micromonospora sp.
PRJNA1071982	MFD10524_ilm_asm_bin11	LIB-MJ305-D9_04.11	GCA_049292195.1	JBATQU000000000	SAMN40010048	Micropruina sp.
PRJNA1071982	MFD12220_ilm_asm_bin21	LIB-MJ389-D6_03.21	GCA_049647585.1	JBARXY000000000	SAMN40011729	Microthrixaceae bacterium
PRJNA1071982	MFD12225_ilm_asm_bin27	LIB-MJ386-B12_04.27	GCA_049672765.1	JBATWQ000000000	SAMN40011496	Microthrixaceae bacterium
PRJNA1071982	MFD13486_ilm_asm_bin7	LIB-MJ413-G7_01.7	GCA_049276255.1	JBASWB000000000	SAMN40012481	Miniphocaeibacter sp.
PRJNA1071982	MFD13469_ilm_asm_bin5	LIB-MJ413-H9_01.5	GCA_049274025.1	JBASRV000000000	SAMN40012591	Miniphocaeibacter sp.
PRJNA1071982	MFD12106_ilm_asm_bin16	LIB-MJ335-C12_02.16	GCA_049302335.1	JBAQMA000000000	SAMN40010717	Minisyncoccales bacterium
PRJNA1071982	MFD12106_ilm_asm_bin14	LIB-MJ335-C12_02.14	GCA_049302415.1	JBAQMB000000000	SAMN40010716	Minisyncoccales bacterium
PRJNA1071982	MFD12011_ilm_asm_bin9	LIB-MJ334-C11_01.9	GCA_049299875.1	JBAQYE000000000	SAMN40010400	Minisyncoccales bacterium
PRJNA1071982	MFD12067_ilm_asm_bin20	LIB-MJ335-B7_02.20	GCA_049302695.1	JBAQMJ000000000	SAMN40010708	Minisyncoccales bacterium
PRJNA1071982	MFD12067_ilm_asm_bin19	LIB-MJ335-B7_02.19	GCA_049302755.1	JBAQMK000000000	SAMN40010707	Minisyncoccales bacterium
PRJNA1071982	MFD12901_ilm_asm_bin15	LIB-MJ413-F6_01.15	GCA_049651705.1	JBASCP000000000	SAMN40012372	Minisyncoccales bacterium
PRJNA1071982	MFD13423_ilm_asm_bin13	LIB-MJ390-F9_03.13	GCA_049642725.1	JBARPC000000000	SAMN40011959	Minisyncoccales bacterium
PRJNA1071982	MFD12107_ilm_asm_bin15	LIB-MJ413-A1_01.15	GCA_049641805.1	JBARNX000000000	SAMN40011990	Minisyncoccales bacterium
PRJNA1071982	MFD13489_ilm_asm_bin72	LIB-MJ413-D7_01.72	GCA_049654465.1	JBASHX000000000	SAMN40012232	Minisyncoccales bacterium
PRJNA1071982	MFD05686_ilm_asm_bin53	LIB-MJ172-A10_04.53	GCA_049688215.1	JBAVKH000000000	SAMN40008707	Minisyncoccia bacterium
PRJNA1071982	MFD03852_ilm_asm_bin17	LIB-MJ134-B10_03.17	GCA_049695975.1	JBAVTE000000000	SAMN40008476	Minisyncoccia bacterium
PRJNA1071982	MFD03500_ilm_asm_bin15	LIB-MJ413-E5_01.15	GCA_049653065.1	JBASFO000000000	SAMN40012295	Minisyncoccia bacterium
PRJNA1071982	MFD12107_ilm_asm_bin28	LIB-MJ413-A1_01.28	GCA_049641785.1	JBARNW000000000	SAMN40011991	Minisyncoccia bacterium
PRJNA1071982	MFD03501_ilm_asm_bin2	LIB-MJ413-F5_01.2	GCA_049651785.1	JBASCT000000000	SAMN40012368	Minisyncoccia bacterium
PRJNA1071982	MFD12002_ilm_asm_bin51	LIB-MJ334-H9_01.51	GCA_049303835.1	JBAQNN000000000	SAMN40010678	Minisyncoccia bacterium
PRJNA1071982	MFD12002_ilm_asm_bin8	LIB-MJ334-H9_01.8	GCA_049303475.1	JBAQNE000000000	SAMN40010687	Minisyncoccia bacterium
PRJNA1071982	MFD12002_ilm_asm_bin40	LIB-MJ334-H9_01.40	GCA_049304015.1	JBAQNS000000000	SAMN40010673	Minisyncoccia bacterium
PRJNA1071982	MFD12002_ilm_asm_bin62	LIB-MJ334-H9_01.62	GCA_049303715.1	JBAQNI000000000	SAMN40010683	Minisyncoccia bacterium
PRJNA1071982	MFD12002_ilm_asm_bin6	LIB-MJ334-H9_01.6	GCA_049303695.1	JBAQNK000000000	SAMN40010681	Minisyncoccia bacterium
PRJNA1071982	MFD12002_ilm_asm_bin32	LIB-MJ334-H9_01.32	GCA_049304215.1	JBAQNX000000000	SAMN40010668	Minisyncoccia bacterium
PRJNA1071982	MFD12002_ilm_asm_bin21	LIB-MJ334-H9_01.21	GCA_049304335.1	JBAQOA000000000	SAMN40010665	Minisyncoccia bacterium
PRJNA1071982	MFD03279_ilm_asm_bin10	LIB-MJ334-H7_01.10	GCA_049304815.1	JBAQOM000000000	SAMN40010652	Minisyncoccia bacterium
PRJNA1071982	MFD03286_ilm_asm_bin13	LIB-MJ334-G8_01.13	GCA_049306055.1	JBAQPT000000000	SAMN40010619	Minisyncoccia bacterium
PRJNA1071982	MFD12001_ilm_asm_bin22	LIB-MJ334-G9_01.22	GCA_049305795.1	JBAQPM000000000	SAMN40010626	Minisyncoccia bacterium
PRJNA1071982	MFD12011_ilm_asm_bin4	LIB-MJ334-C11_01.4	GCA_049299915.1	JBAQYG000000000	SAMN40010398	Minisyncoccia bacterium
PRJNA1071982	MFD03290_ilm_asm_bin3	LIB-MJ334-C9_01.3	GCA_049298935.1	JBAQWN000000000	SAMN40010443	Minisyncoccia bacterium
PRJNA1071982	MFD03282_ilm_asm_bin15	LIB-MJ334-C8_01.15	GCA_049299015.1	JBAQWR000000000	SAMN40010439	Minisyncoccia bacterium
PRJNA1071982	MFD03282_ilm_asm_bin28	LIB-MJ334-C8_01.28	GCA_049298995.1	JBAQWQ000000000	SAMN40010440	Minisyncoccia bacterium
PRJNA1071982	MFD03290_ilm_asm_bin18	LIB-MJ334-C9_01.18	GCA_049298975.1	JBAQWP000000000	SAMN40010441	Minisyncoccia bacterium
PRJNA1071982	MFD03283_ilm_asm_bin10	LIB-MJ334-D8_01.10	GCA_049297775.1	JBAQUX000000000	SAMN40010485	Minisyncoccia bacterium
PRJNA1071982	MFD03283_ilm_asm_bin6	LIB-MJ334-D8_01.6	GCA_049297675.1	JBAQUS000000000	SAMN40010490	Minisyncoccia bacterium
PRJNA1071982	MFD03283_ilm_asm_bin15	LIB-MJ334-D8_01.15	GCA_049297735.1	JBAQUV000000000	SAMN40010487	Minisyncoccia bacterium
PRJNA1071982	MFD03283_ilm_asm_bin17	LIB-MJ334-D8_01.17	GCA_049297715.1	JBAQUU000000000	SAMN40010488	Minisyncoccia bacterium
PRJNA1071982	MFD03284_ilm_asm_bin19	LIB-MJ334-E8_01.19	GCA_049296895.1	JBAQTH000000000	SAMN40010527	Minisyncoccia bacterium
PRJNA1071982	MFD03284_ilm_asm_bin34	LIB-MJ334-E8_01.34	GCA_049296875.1	JBAQTG000000000	SAMN40010528	Minisyncoccia bacterium
PRJNA1071982	MFD03284_ilm_asm_bin37	LIB-MJ334-E8_01.37	GCA_049296855.1	JBAQTF000000000	SAMN40010529	Minisyncoccia bacterium
PRJNA1071982	MFD03284_ilm_asm_bin57	LIB-MJ334-E8_01.57	GCA_049296835.1	JBAQTE000000000	SAMN40010530	Minisyncoccia bacterium
PRJNA1071982	MFD03284_ilm_asm_bin7	LIB-MJ334-E8_01.7	GCA_049296815.1	JBAQTD000000000	SAMN40010531	Minisyncoccia bacterium
PRJNA1071982	MFD03285_ilm_asm_bin31	LIB-MJ334-F8_01.31	GCA_049296175.1	JBAQRZ000000000	SAMN40010561	Minisyncoccia bacterium
PRJNA1071982	MFD03285_ilm_asm_bin32	LIB-MJ334-F8_01.32	GCA_049296155.1	JBAQRY000000000	SAMN40010562	Minisyncoccia bacterium
PRJNA1071982	MFD12000_ilm_asm_bin35	LIB-MJ334-F9_01.35	GCA_049295975.1	JBAQRP000000000	SAMN40010571	Minisyncoccia bacterium
PRJNA1071982	MFD12004_ilm_asm_bin23	LIB-MJ334-B10_01.23	GCA_049294435.1	JBAQCU000000000	SAMN40010357	Minisyncoccia bacterium
PRJNA1071982	MFD12003_ilm_asm_bin51	LIB-MJ334-A10_01.51	GCA_049287125.1	JBAQFF000000000	SAMN40010294	Minisyncoccia bacterium
PRJNA1071982	MFD12003_ilm_asm_bin45	LIB-MJ334-A10_01.45	GCA_049287185.1	JBAQFI000000000	SAMN40010291	Minisyncoccia bacterium
PRJNA1071982	MFD12003_ilm_asm_bin26	LIB-MJ334-A10_01.26	GCA_049287305.1	JBAQFO000000000	SAMN40010285	Minisyncoccia bacterium
PRJNA1071982	MFD12003_ilm_asm_bin28	LIB-MJ334-A10_01.28	GCA_049287285.1	JBAQFN000000000	SAMN40010286	Minisyncoccia bacterium
PRJNA1071982	MFD12003_ilm_asm_bin29	LIB-MJ334-A10_01.29	GCA_049287265.1	JBAQFM000000000	SAMN40010287	Minisyncoccia bacterium
PRJNA1071982	MFD12003_ilm_asm_bin33	LIB-MJ334-A10_01.33	GCA_049287245.1	JBAQFL000000000	SAMN40010288	Minisyncoccia bacterium
PRJNA1071982	MFD12003_ilm_asm_bin73	LIB-MJ334-A10_01.73	GCA_049286905.1	JBAQEU000000000	SAMN40010305	Minisyncoccia bacterium
PRJNA1071982	MFD12003_ilm_asm_bin59	LIB-MJ334-A10_01.59	GCA_049287045.1	JBAQFC000000000	SAMN40010297	Minisyncoccia bacterium
PRJNA1071982	MFD03280_ilm_asm_bin44	LIB-MJ334-A8_01.44	GCA_049286255.1	JBAQDD000000000	SAMN40010348	Minisyncoccia bacterium
PRJNA1071982	MFD03232_ilm_asm_bin42	LIB-MJ413-H5_01.42	GCA_049274895.1	JBASTM000000000	SAMN40012548	Minisyncoccia bacterium
PRJNA1071982	MFD01223_ilm_asm_bin33	LIB-MJ106-H9_01.33	GCA_049279115.1	JBAPNL000000000	SAMN40007963	Minisyncoccia bacterium
PRJNA1071982	MFD01223_ilm_asm_bin34	LIB-MJ106-H9_01.34	GCA_049279095.1	JBAPNK000000000	SAMN40007964	Minisyncoccia bacterium
PRJNA1071982	MFD12108_ilm_asm_bin40	LIB-MJ413-B1_01.40	GCA_049657865.1	JBASOB000000000	SAMN40012072	Mobilitalea sp.
PRJNA1071982	MFD12220_ilm_asm_bin29	LIB-MJ389-D6_03.29	GCA_049647545.1	JBARXW000000000	SAMN40011731	Moheibacter sp.
PRJNA1071982	MFD12226_ilm_asm_bin14	LIB-MJ386-C11_04.14	GCA_049672565.1	JBATWK000000000	SAMN40011502	Moheibacter sp.
PRJNA1071982	MFD12225_ilm_asm_bin13	LIB-MJ386-B12_04.13	GCA_049672845.1	JBATWT000000000	SAMN40011493	Moheibacter sp.
PRJNA1071982	MFD12223_ilm_asm_bin3	LIB-MJ387-F7_01.3	GCA_049683675.1	JBAUJI000000000	SAMN40011601	Moheibacter sp.
PRJNA1071982	MFD12110_ilm_asm_bin38	LIB-MJ413-D1_01.38	GCA_049655345.1	JBASJP000000000	SAMN40012188	Moraxellaceae bacterium
PRJNA1071982	MFD12081_ilm_asm_bin4	LIB-MJ335-H8_02.4	GCA_049301135.1	JBAQKP000000000	SAMN40010754	Moraxellaceae bacterium
PRJNA1071982	MFD10280_ilm_asm_bin4	LIB-MJ283-A12_04_v_LIB-MJ415-C7_04.4	GCA_049669965.1	JBATLB000000000	SAMN40009691	Muriicola sp.
PRJNA1071982	MFD10287_ilm_asm_bin8	LIB-MJ284-D1_03.8	GCA_049666365.1	JBATGT000000000	SAMN40009803	Muriicola sp.
PRJNA1071982	MFD10206_ilm_asm_bin10	LIB-MJ283-C2_04.10	GCA_049668925.1	JBATJY000000000	SAMN40009720	Muriicola sp.
PRJNA1071982	MFD01004_ilm_asm_bin1	LIB-MJ110-E9_04_v_LIB-MJ415-A3_04.1	GCA_049698415.1	JBAVXU000000000	SAMN40008356	Mycobacteriales bacterium
PRJNA1071982	MFD00902_ilm_asm_bin6	LIB-MJ137-B9_02.6	GCA_049694795.1	JBAVRG000000000	SAMN40008526	Mycobacteriales bacterium
PRJNA1071982	MFD02228_ilm_asm_bin12	LIB-MJ139-H4_01.12	GCA_049693115.1	JBAVPN000000000	SAMN40008571	Mycobacterium sp.
PRJNA1071982	MFD01624_ilm_asm_bin12	LIB-MJ135-B4_04.12	GCA_049695215.1	JBAVRU000000000	SAMN40008512	Mycobacterium sp.
PRJNA1071982	MFD02691_ilm_asm_bin5	LIB-MJ261-F8_01.5	GCA_049687275.1	JBAVIW000000000	SAMN40009602	Mycobacterium sp.
PRJNA1071982	MFD01766_ilm_asm_bin7	LIB-MJ149-E8_03.7	GCA_049690195.1	JBAVMP000000000	SAMN40008647	Mycobacterium sp.
PRJNA1071982	MFD00741_ilm_asm_bin3	LIB-MJ140-B2_02.3	GCA_049692615.1	JBAVPA000000000	SAMN40008584	Mycobacterium sp.
PRJNA1071982	MFD03092_ilm_asm_bin18	LIB-MJ140-E2_02.18	GCA_049692195.1	JBAVOP000000000	SAMN40008595	Mycobacterium sp.
PRJNA1071982	MFD01848_ilm_asm_bin1	LIB-MJ130-D3_01.1	GCA_049697775.1	JBAVWK000000000	SAMN40008392	Mycobacterium sp.
PRJNA1071982	MFD01169_ilm_asm_bin7	LIB-MJ130-D4_01.7	GCA_049697675.1	JBAVWG000000000	SAMN40008396	Mycobacterium sp.
PRJNA1071982	MFD02201_ilm_asm_bin2	LIB-MJ129-F6_02.2	GCA_049698115.1	JBAVXB000000000	SAMN40008375	Mycobacterium sp.
PRJNA1071982	MFD10109_ilm_asm_bin7	LIB-MJ301-F11_01.7	GCA_049663985.1	JBATEJ000000000	SAMN40009865	Mycobacterium sp.
PRJNA1071982	MFD10097_ilm_asm_bin30	LIB-MJ301-F5_01.30	GCA_049663885.1	JBATEF000000000	SAMN40009869	Mycobacterium sp.
PRJNA1071982	MFD12962_ilm_asm_bin17	LIB-MJ386-B8_04.17	GCA_049672665.1	JBATWN000000000	SAMN40011499	Mycobacterium sp.
PRJNA1071982	MFD04595_ilm_asm_bin22	LIB-MJ386-A12_04.22	GCA_049673265.1	JBATXN000000000	SAMN40011473	Mycobacterium sp.
PRJNA1071982	MFD12130_ilm_asm_bin1	LIB-MJ387-H3_01.1	GCA_049683355.1	JBAUJB000000000	SAMN40011608	Mycobacterium sp.
PRJNA1071982	MFD12178_ilm_asm_bin13	LIB-MJ387-F2_01.13	GCA_049683935.1	JBAUJR000000000	SAMN40011592	Mycobacterium sp.
PRJNA1071982	MFD13097_ilm_asm_bin25	LIB-MJ381-B2_02.25	GCA_049678545.1	JBAUEJ000000000	SAMN40011295	Mycobacterium sp.
PRJNA1071982	MFD10818_ilm_asm_bin28	LIB-MJ354-H2_04_v_LIB-MJ367-H2_04.28	GCA_049679585.1	JBAUGG000000000	SAMN40011246	Mycobacterium sp.
PRJNA1071982	MFD10833_ilm_asm_bin13	LIB-MJ354-G5_04.13	GCA_049679645.1	JBAUGK000000000	SAMN40011242	Mycobacterium sp.
PRJNA1071982	MFD10889_ilm_asm_bin10	LIB-MJ354-F4_04_v_LIB-MJ403-D2_03.10	GCA_049679825.1	JBAUGQ000000000	SAMN40011236	Mycobacterium sp.
PRJNA1071982	MFD10751_ilm_asm_bin40	LIB-MJ383-H8_01.40	GCA_049674865.1	JBATZQ000000000	SAMN40011418	Mycobacterium sp.
PRJNA1071982	MFD10812_ilm_asm_bin63	LIB-MJ383-A10_01.63	GCA_049677585.1	JBAUCN000000000	SAMN40011343	Mycobacterium sp.
PRJNA1071982	MFD12925_ilm_asm_bin35	LIB-MJ390-C1_03.35	GCA_049645245.1	JBARTM000000000	SAMN40011845	Mycobacterium sp.
PRJNA1071982	MFD12167_ilm_asm_bin15	LIB-MJ390-D2_03.15	GCA_049644525.1	JBARSB000000000	SAMN40011882	Mycobacterium sp.
PRJNA1071982	MFD12931_ilm_asm_bin13	LIB-MJ390-E1_03.13	GCA_049643765.1	JBARQQ000000000	SAMN40011919	Mycobacterium sp.
PRJNA1071982	MFD12210_ilm_asm_bin11	LIB-MJ389-E10_03.11	GCA_049647385.1	JBARXO000000000	SAMN40011739	Mycobacterium sp.
PRJNA1071982	MFD12220_ilm_asm_bin19	LIB-MJ389-D6_03.19	GCA_049647605.1	JBARXZ000000000	SAMN40011728	Mycobacterium sp.
PRJNA1071982	MFD12216_ilm_asm_bin8	LIB-MJ389-D2_03.8	GCA_049647685.1	JBARYD000000000	SAMN40011724	Mycobacterium sp.
PRJNA1071982	MFD12177_ilm_asm_bin12	LIB-MJ389-G5_03.12	GCA_049646765.1	JBARWJ000000000	SAMN40011770	Mycobacterium sp.
PRJNA1071982	MFD12188_ilm_asm_bin14	LIB-MJ389-G10_03.14	GCA_049647025.1	JBARWV000000000	SAMN40011758	Mycobacterium sp.
PRJNA1071982	MFD12129_ilm_asm_bin6	LIB-MJ390-B2_03.6	GCA_049645865.1	JBARUS000000000	SAMN40011813	Mycobacterium sp.
PRJNA1071982	MFD06156_ilm_asm_bin9	LIB-MJ339-F7_03_v_LIB-MJ405-E3_01.9	GCA_049800295.1	JBARJN000000000	SAMN40010904	Mycobacterium sp.
PRJNA1071982	MFD10947_ilm_asm_bin27	LIB-MJ337-E9_03.27	GCA_049802695.1	JBARMY000000000	SAMN40010815	Mycobacterium sp.
PRJNA1071982	MFD06570_ilm_asm_bin9	LIB-MJ337-F7_03_v_LIB-MJ404-B5_03.9	GCA_049802595.1	JBARMT000000000	SAMN40010820	Mycobacterium sp.
PRJNA1071982	MFD06641_ilm_asm_bin17	LIB-MJ338-D4_04.17	GCA_049801995.1	JBARLP000000000	SAMN40010850	Mycobacterium sp.
PRJNA1071982	MFD06150_ilm_asm_bin19	LIB-MJ337-C4_03.19	GCA_049802995.1	JBARNN000000000	SAMN40010800	Mycobacterium sp.
PRJNA1071982	MFD06120_ilm_asm_bin9	LIB-MJ339-H6_03.9	GCA_049799975.1	JBARIX000000000	SAMN40010920	Mycobacterium sp.
PRJNA1071982	MFD06171_ilm_asm_bin19	LIB-MJ344-E9_04.19	GCA_049796315.1	JBAREQ000000000	SAMN40011031	Mycobacterium sp.
PRJNA1071982	MFD10194_ilm_asm_bin8	LIB-MJ344-G8_04.8	GCA_049795835.1	JBAREE000000000	SAMN40011043	Mycobacterium sp.
PRJNA1071982	MFD05796_ilm_asm_bin11	LIB-MJ353-H9_03_v_LIB-MJ407-F4_04.11	GCA_049790475.1	JBAQYZ000000000	SAMN40011179	Mycobacterium sp.
PRJNA1071982	MFD04660_ilm_asm_bin16	LIB-MJ196-E8_02.16	GCA_049579825.1	JBAUOQ000000000	SAMN40009005	Mycobacterium sp.
PRJNA1071982	MFD05049_ilm_asm_bin30	LIB-MJ201-H8_03.30	GCA_049577845.1	JBAUKU000000000	SAMN40009105	Mycobacterium sp.
PRJNA1071982	MFD01800_ilm_asm_bin30	LIB-MJ201-D9_03.30	GCA_049577945.1	JBAULB000000000	SAMN40009098	Mycobacterium sp.
PRJNA1071982	MFD05660_ilm_asm_bin6	LIB-MJ194-D3_04.6	GCA_049588855.1	JBAVZQ000000000	SAMN40008942	Mycobacterium sp.
PRJNA1071982	MFD09568_ilm_asm_bin9	LIB-MJ191-H1_04_v_LIB-MJ405-H9_01.9	GCA_049590075.1	JBAWCD000000000	SAMN40008877	Mycobacterium sp.
PRJNA1071982	MFD04972_ilm_asm_bin12	LIB-MJ191-C5_04.12	GCA_049590415.1	JBAWCU000000000	SAMN40008860	Mycobacterium sp.
PRJNA1071982	MFD09495_ilm_asm_bin14	LIB-MJ193-E10_01.14	GCA_049589475.1	JBAWAV000000000	SAMN40008911	Mycobacterium sp.
PRJNA1071982	MFD06836_ilm_asm_bin6	LIB-MJ193-E9_01.6	GCA_049589395.1	JBAWAS000000000	SAMN40008914	Mycobacterium sp.
PRJNA1071982	MFD04827_ilm_asm_bin13	LIB-MJ255-B4_02.13	GCA_049583085.1	JBAUVF000000000	SAMN40009458	Mycobacterium sp.
PRJNA1071982	MFD02197_ilm_asm_bin16	LIB-MJ255-B9_02.16	GCA_049583025.1	JBAUVC000000000	SAMN40009461	Mycobacterium sp.
PRJNA1071982	MFD09238_ilm_asm_bin10	LIB-MJ253-C12_01_v_LIB-MJ404-D7_03.10	GCA_049584055.1	JBAUXC000000000	SAMN40009409	Mycobacterium sp.
PRJNA1071982	MFD09279_ilm_asm_bin23	LIB-MJ251-B1_04_v_LIB-MJ409-G7_01.23	GCA_049585075.1	JBAUZA000000000	SAMN40009359	Mycobacterium sp.
PRJNA1071982	MFD06542_ilm_asm_bin14	LIB-MJ336-A7_02.14	GCA_049301015.1	JBAQKM000000000	SAMN40010757	Mycobacterium sp.
PRJNA1071982	MFD06121_ilm_asm_bin8	LIB-MJ336-F5_02.8	GCA_049300275.1	JBAQJK000000000	SAMN40010785	Mycobacterium sp.
PRJNA1071982	MFD06153_ilm_asm_bin6	LIB-MJ336-B6_02.6	GCA_049300705.1	JBAQKE000000000	SAMN40010765	Mycobacterium sp.
PRJNA1071982	MFD06173_ilm_asm_bin22	LIB-MJ336-C5_02.22	GCA_049300575.1	JBAQKA000000000	SAMN40010769	Mycobacterium sp.
PRJNA1071982	MFD06433_ilm_asm_bin16	LIB-MJ336-B7_02.16	GCA_049300675.1	JBAQKD000000000	SAMN40010766	Mycobacterium sp.
PRJNA1071982	MFD00331_ilm_asm_bin9	LIB-MJ048-E6_04.9	GCA_049285715.1	JBAQAM000000000	SAMN40007624	Mycobacterium sp.
PRJNA1071982	MFD01085_ilm_asm_bin5	LIB-MJ093-E10_02.5	GCA_049280695.1	JBAPQQ000000000	SAMN40007880	Mycobacterium sp.
PRJNA1071982	MFD03303_ilm_asm_bin24	LIB-MJ105-F7_01.24	GCA_049280035.1	JBAPPI000000000	SAMN40007914	Mycobacterium sp.
PRJNA1071982	MFD00598_ilm_asm_bin5	LIB-MJ092-D6_01.5	GCA_049281135.1	JBAPRN000000000	SAMN40007857	Mycobacterium sp.
PRJNA1071982	MFD00370_ilm_asm_bin6	LIB-MJ051-E8_02.6	GCA_049284675.1	JBAPYJ000000000	SAMN40007679	Mycobacterium sp.
PRJNA1071982	MFD01308_ilm_asm_bin24	LIB-MJ088-C8_04_v_LIB-MJ365-C8_02.24	GCA_049283595.1	JBAPWH000000000	SAMN40007733	Mycobacterium sp.
PRJNA1071982	MFD03822_ilm_asm_bin1	LIB-MJ108-G9_02.1	GCA_049278615.1	JBAPMM000000000	SAMN40007988	Mycobacterium sp.
PRJNA1071982	MFD03683_ilm_asm_bin10	LIB-MJ109-A6_01.10	GCA_049278535.1	JBAPMI000000000	SAMN40007992	Mycobacterium sp.
PRJNA1071982	MFD06880_ilm_asm_bin39	LIB-MJ413-G3_01.39	GCA_049276795.1	JBASXD000000000	SAMN40012453	Mycobacterium sp.
PRJNA1071982	MFD06874_ilm_asm_bin10	LIB-MJ413-H4_01.10	GCA_049274975.1	JBASTQ000000000	SAMN40012544	Mycobacterium sp.
PRJNA1071982	MFD12187_ilm_asm_bin6	LIB-MJ389-G6_03.6	GCA_049646605.1	JBARWD000000000	SAMN40011776	Mycolicibacter algericus
PRJNA1071982	MFD12186_ilm_asm_bin8	LIB-MJ388-G9_02.8	GCA_049650365.1	JBARZZ000000000	SAMN40011676	Mycolicibacter algericus
PRJNA1071982	MFD12214_ilm_asm_bin3	LIB-MJ386-A9_04.3	GCA_049673045.1	JBATXD000000000	SAMN40011483	Mycolicibacter algericus
PRJNA1071982	MFD12215_ilm_asm_bin1	LIB-MJ386-F8_04.1	GCA_049671705.1	JBATVJ000000000	SAMN40011529	Mycolicibacter algericus
PRJNA1071982	MFD12213_ilm_asm_bin9	LIB-MJ387-B6_01.9	GCA_049670605.1	JBATTQ000000000	SAMN40011574	Mycolicibacter algericus
PRJNA1071982	MFD12209_ilm_asm_bin10	LIB-MJ388-C4_02.10	GCA_049651245.1	JBASBS000000000	SAMN40011630	Mycolicibacter sinensis
PRJNA1071982	MFD12188_ilm_asm_bin34	LIB-MJ389-G10_03.34	GCA_049646965.1	JBARWS000000000	SAMN40011761	Mycolicibacterium fortuitum
PRJNA1071982	MFD05674_ilm_asm_bin19	LIB-MJ193-H10_01_v_LIB-MJ402-F8_04.19	GCA_049589315.1	JBAWAM000000000	SAMN40008920	Myxococcaceae bacterium
PRJNA1071982	MFD13466_ilm_asm_bin28	LIB-MJ413-D10_01.28	GCA_049655205.1	JBASJH000000000	SAMN40012196	Natronincolaceae bacterium
PRJNA1071982	MFD13483_ilm_asm_bin4	LIB-MJ413-B8_01.4	GCA_049656885.1	JBASMN000000000	SAMN40012112	Natronincolaceae bacterium
PRJNA1071982	MFD10544_ilm_asm_bin45	LIB-MJ305-B12_04.45	GCA_049662365.1	JBATBM000000000	SAMN40009940	Neisseria sp.
PRJNA1071982	MFD01713_ilm_asm_bin15	LIB-MJ195-G4_01.15	GCA_049580325.1	JBAUPS000000000	SAMN40008977	Nitrolancea sp.
PRJNA1071982	MFD03278_ilm_asm_bin2	LIB-MJ334-G7_01.2	GCA_049306155.1	JBAQPY000000000	SAMN40010614	Nitrosomonas europaea
PRJNA1071982	MFD10487_ilm_asm_bin3	LIB-MJ305-G4_04.3	GCA_049290155.1	JBATNC000000000	SAMN40010144	Nitrosomonas sp.
PRJNA1071982	MFD10512_ilm_asm_bin33	LIB-MJ305-H7_04.33	GCA_049288995.1	JBAQIT000000000	SAMN40010202	Nitrosomonas sp.
PRJNA1071982	MFD02382_ilm_asm_bin9	LIB-MJ129-H7_02.9	GCA_049697995.1	JBAVWV000000000	SAMN40008381	Nitrososphaeraceae archaeon
PRJNA1071982	MFD05091_ilm_asm_bin9	LIB-MJ140-H11_02_v_LIB-MJ407-C12_04.9	GCA_049691795.1	JBAVOE000000000	SAMN40008606	Nitrososphaeraceae archaeon
PRJNA1071982	MFD05208_ilm_asm_bin4	LIB-MJ151-D2_04.4	GCA_049689735.1	JBAVME000000000	SAMN40008658	Nitrososphaeraceae archaeon
PRJNA1071982	MFD07399_ilm_asm_bin7	LIB-MJ166-A9_01.7	GCA_049689495.1	JBAVLX000000000	SAMN40008665	Nitrososphaeraceae archaeon
PRJNA1071982	MFD07499_ilm_asm_bin2	LIB-MJ166-A2_01.2	GCA_049689475.1	JBAVLY000000000	SAMN40008664	Nitrososphaeraceae archaeon
PRJNA1071982	MFD07526_ilm_asm_bin9	LIB-MJ166-B5_01.9	GCA_049689435.1	JBAVLW000000000	SAMN40008666	Nitrososphaeraceae archaeon
PRJNA1071982	MFD07445_ilm_asm_bin11	LIB-MJ167-B1_02.11	GCA_049689295.1	JBAVLT000000000	SAMN40008669	Nitrososphaeraceae archaeon
PRJNA1071982	MFD07186_ilm_asm_bin4	LIB-MJ166-G3_01.4	GCA_049689375.1	JBAVLV000000000	SAMN40008667	Nitrososphaeraceae archaeon
PRJNA1071982	MFD07334_ilm_asm_bin5	LIB-MJ166-G9_01.5	GCA_049689355.1	JBAVLU000000000	SAMN40008668	Nitrososphaeraceae archaeon
PRJNA1071982	MFD07373_ilm_asm_bin7	LIB-MJ167-E5_02.7	GCA_049689135.1	JBAVLO000000000	SAMN40008674	Nitrososphaeraceae archaeon
PRJNA1071982	MFD07372_ilm_asm_bin12	LIB-MJ167-F1_02.12	GCA_049689035.1	JBAVLN000000000	SAMN40008675	Nitrososphaeraceae archaeon
PRJNA1071982	MFD07496_ilm_asm_bin1	LIB-MJ168-C1_02.1	GCA_049688795.1	JBAVLG000000000	SAMN40008682	Nitrososphaeraceae archaeon
PRJNA1071982	MFD07188_ilm_asm_bin9	LIB-MJ168-D1_02.9	GCA_049688755.1	JBAVLF000000000	SAMN40008683	Nitrososphaeraceae archaeon
PRJNA1071982	MFD07435_ilm_asm_bin13	LIB-MJ168-H11_02_v_LIB-MJ402-G11_04.13	GCA_049688715.1	JBAVLD000000000	SAMN40008685	Nitrososphaeraceae archaeon
PRJNA1071982	MFD04452_ilm_asm_bin15	LIB-MJ172-B2_04.15	GCA_049688115.1	JBAVKD000000000	SAMN40008711	Nitrososphaeraceae archaeon
PRJNA1071982	MFD07099_ilm_asm_bin6	LIB-MJ169-H5_01.6	GCA_049688435.1	JBAVKS000000000	SAMN40008696	Nitrososphaeraceae archaeon
PRJNA1071982	MFD05102_ilm_asm_bin19	LIB-MJ135-B3_04_v_LIB-MJ367-B3_04.19	GCA_049695275.1	JBAVRW000000000	SAMN40008510	Nitrososphaeraceae archaeon
PRJNA1071982	MFD05102_ilm_asm_bin6	LIB-MJ135-B3_04_v_LIB-MJ367-B3_04.6	GCA_049695255.1	JBAVRV000000000	SAMN40008511	Nitrososphaeraceae archaeon
PRJNA1071982	MFD05302_ilm_asm_bin4	LIB-MJ139-A10_01.4	GCA_049693895.1	JBAVQI000000000	SAMN40008550	Nitrososphaeraceae archaeon
PRJNA1071982	MFD02168_ilm_asm_bin2	LIB-MJ135-G6_04.2	GCA_049694915.1	JBAVRI000000000	SAMN40008524	Nitrososphaeraceae archaeon
PRJNA1071982	MFD10099_ilm_asm_bin25	LIB-MJ301-E11_01.25	GCA_049664065.1	JBATEN000000000	SAMN40009861	Nitrososphaeraceae archaeon
PRJNA1071982	MFD12450_ilm_asm_bin10	LIB-MJ383-F11_01.10	GCA_049676525.1	JBAUBG000000000	SAMN40011376	Nitrososphaeraceae archaeon
PRJNA1071982	MFD09086_ilm_asm_bin17	LIB-MJ280-H3_02.17	GCA_049685635.1	JBAVHH000000000	SAMN40009643	Nitrososphaeraceae archaeon
PRJNA1071982	MFD09086_ilm_asm_bin8	LIB-MJ280-H3_02.8	GCA_049685615.1	JBAVHG000000000	SAMN40009644	Nitrososphaeraceae archaeon
PRJNA1071982	MFD08724_ilm_asm_bin2	LIB-MJ281-B12_01.2	GCA_049685535.1	JBAVHE000000000	SAMN40009646	Nitrososphaeraceae archaeon
PRJNA1071982	MFD08350_ilm_asm_bin11	LIB-MJ282-A11_03.11	GCA_049685095.1	JBAVGT000000000	SAMN40009657	Nitrososphaeraceae archaeon
PRJNA1071982	MFD09095_ilm_asm_bin15	LIB-MJ281-C12_01.15	GCA_049685295.1	JBAVGY000000000	SAMN40009652	Nitrososphaeraceae archaeon
PRJNA1071982	MFD09095_ilm_asm_bin5	LIB-MJ281-C12_01.5	GCA_049685275.1	JBAVGX000000000	SAMN40009653	Nitrososphaeraceae archaeon
PRJNA1071982	MFD09095_ilm_asm_bin7	LIB-MJ281-C12_01.7	GCA_049685235.1	JBAVGW000000000	SAMN40009654	Nitrososphaeraceae archaeon
PRJNA1071982	MFD10022_ilm_asm_bin11	LIB-MJ279-A10_02.11	GCA_049686095.1	JBAVHT000000000	SAMN40009631	Nitrososphaeraceae archaeon
PRJNA1071982	MFD02594_ilm_asm_bin21	LIB-MJ263-C2_04.21	GCA_049686775.1	JBAVIJ000000000	SAMN40009615	Nitrososphaeraceae archaeon
PRJNA1071982	MFD09513_ilm_asm_bin11	LIB-MJ354-A7_04_v_LIB-MJ403-A4_03.11	GCA_049787055.1	JBAQYO000000000	SAMN40011190	Nitrososphaeraceae archaeon
PRJNA1071982	MFD09510_ilm_asm_bin3	LIB-MJ352-H5_03.3	GCA_049791575.1	JBARAC000000000	SAMN40011149	Nitrososphaeraceae archaeon
PRJNA1071982	MFD06695_ilm_asm_bin15	LIB-MJ339-H3_03.15	GCA_049800075.1	JBARJC000000000	SAMN40010915	Nitrososphaeraceae archaeon
PRJNA1071982	MFD06695_ilm_asm_bin9	LIB-MJ339-H3_03.9	GCA_049800055.1	JBARJB000000000	SAMN40010916	Nitrososphaeraceae archaeon
PRJNA1071982	MFD06068_ilm_asm_bin4	LIB-MJ338-B10_04.4	GCA_049802115.1	JBARLV000000000	SAMN40010844	Nitrososphaeraceae archaeon
PRJNA1071982	MFD06685_ilm_asm_bin112	LIB-MJ339-A7_03.112	GCA_049801695.1	JBARLA000000000	SAMN40010865	Nitrososphaeraceae archaeon
PRJNA1071982	MFD06685_ilm_asm_bin68	LIB-MJ339-A7_03.68	GCA_049801675.1	JBARKY000000000	SAMN40010867	Nitrososphaeraceae archaeon
PRJNA1071982	MFD06685_ilm_asm_bin2	LIB-MJ339-A7_03.2	GCA_049801655.1	JBARKZ000000000	SAMN40010866	Nitrososphaeraceae archaeon
PRJNA1071982	MFD06506_ilm_asm_bin33	LIB-MJ339-F4_03.33	GCA_049800315.1	JBARJO000000000	SAMN40010903	Nitrososphaeraceae archaeon
PRJNA1071982	MFD09947_ilm_asm_bin21	LIB-MJ339-B4_03.21	GCA_049801555.1	JBARKS000000000	SAMN40010873	Nitrososphaeraceae archaeon
PRJNA1071982	MFD09947_ilm_asm_bin18	LIB-MJ339-B4_03.18	GCA_049801535.1	JBARKT000000000	SAMN40010872	Nitrososphaeraceae archaeon
PRJNA1071982	MFD07008_ilm_asm_bin1	LIB-MJ259-H4_04.1	GCA_049580665.1	JBAUQK000000000	SAMN40009583	Nitrososphaeraceae archaeon
PRJNA1071982	MFD06897_ilm_asm_bin8	LIB-MJ259-G7_04.8	GCA_049580725.1	JBAUQN000000000	SAMN40009580	Nitrososphaeraceae archaeon
PRJNA1071982	MFD09375_ilm_asm_bin4	LIB-MJ196-A6_02.4	GCA_049580105.1	JBAUPF000000000	SAMN40008990	Nitrososphaeraceae archaeon
PRJNA1071982	MFD04996_ilm_asm_bin25	LIB-MJ198-F1_03.25	GCA_049578985.1	JBAUMZ000000000	SAMN40009048	Nitrososphaeraceae archaeon
PRJNA1071982	MFD08083_ilm_asm_bin3	LIB-MJ214-C12_02.3	GCA_049577745.1	JBAUKQ000000000	SAMN40009109	Nitrososphaeraceae archaeon
PRJNA1071982	MFD08210_ilm_asm_bin21	LIB-MJ214-H1_02_v_LIB-MJ402-B12_04.21	GCA_049577725.1	JBAUKN000000000	SAMN40009112	Nitrososphaeraceae archaeon
PRJNA1071982	MFD07985_ilm_asm_bin1	LIB-MJ201-A11_03.1	GCA_049578185.1	JBAULN000000000	SAMN40009086	Nitrososphaeraceae archaeon
PRJNA1071982	MFD08075_ilm_asm_bin2	LIB-MJ215-E1_01.2	GCA_049577565.1	JBAUKH000000000	SAMN40009118	Nitrososphaeraceae archaeon
PRJNA1071982	MFD08185_ilm_asm_bin5	LIB-MJ215-G2_01.5	GCA_049577505.1	JBAUKG000000000	SAMN40009119	Nitrososphaeraceae archaeon
PRJNA1071982	MFD08469_ilm_asm_bin1	LIB-MJ217-G11_03.1	GCA_049577285.1	JBAUJU000000000	SAMN40009131	Nitrososphaeraceae archaeon
PRJNA1071982	MFD07858_ilm_asm_bin2	LIB-MJ177-F2_03.2	GCA_049591355.1	JBAWET000000000	SAMN40008809	Nitrososphaeraceae archaeon
PRJNA1071982	MFD07858_ilm_asm_bin10	LIB-MJ177-F2_03.10	GCA_049591335.1	JBAWEU000000000	SAMN40008808	Nitrososphaeraceae archaeon
PRJNA1071982	MFD07877_ilm_asm_bin12	LIB-MJ175-H6_02.12	GCA_049592195.1	JBAWFV000000000	SAMN40008781	Nitrososphaeraceae archaeon
PRJNA1071982	MFD07730_ilm_asm_bin2	LIB-MJ176-C1_03.2	GCA_049592155.1	JBAWFT000000000	SAMN40008783	Nitrososphaeraceae archaeon
PRJNA1071982	MFD07770_ilm_asm_bin4	LIB-MJ177-C2_03.4	GCA_049591835.1	JBAWFK000000000	SAMN40008792	Nitrososphaeraceae archaeon
PRJNA1071982	MFD06984_ilm_asm_bin21	LIB-MJ194-G4_04_v_LIB-MJ408-F7_04.21	GCA_049588715.1	JBAVZI000000000	SAMN40008950	Nitrososphaeraceae archaeon
PRJNA1071982	MFD05860_ilm_asm_bin5	LIB-MJ226-A11_01.5	GCA_049588195.1	JBAVFJ000000000	SAMN40009199	Nitrososphaeraceae archaeon
PRJNA1071982	MFD08057_ilm_asm_bin3	LIB-MJ217-H10_03.3	GCA_049588335.1	JBAVFQ000000000	SAMN40009192	Nitrososphaeraceae archaeon
PRJNA1071982	MFD08525_ilm_asm_bin11	LIB-MJ217-H4_03.11	GCA_049588295.1	JBAVFO000000000	SAMN40009194	Nitrososphaeraceae archaeon
PRJNA1071982	MFD09555_ilm_asm_bin6	LIB-MJ195-E9_01.6	GCA_049588395.1	JBAVYT000000000	SAMN40008965	Nitrososphaeraceae archaeon
PRJNA1071982	MFD08718_ilm_asm_bin11	LIB-MJ251-E2_04.11	GCA_049584795.1	JBAUYM000000000	SAMN40009373	Nitrososphaeraceae archaeon
PRJNA1071982	MFD08856_ilm_asm_bin6	LIB-MJ252-B1_02.6	GCA_049584515.1	JBAUXY000000000	SAMN40009387	Nitrososphaeraceae archaeon
PRJNA1071982	MFD08699_ilm_asm_bin10	LIB-MJ250-H2_04.10	GCA_049585275.1	JBAUZK000000000	SAMN40009350	Nitrososphaeraceae archaeon
PRJNA1071982	MFD09064_ilm_asm_bin6	LIB-MJ250-A6_04.6	GCA_049585915.1	JBAVAX000000000	SAMN40009315	Nitrososphaeraceae archaeon
PRJNA1071982	MFD08278_ilm_asm_bin10	LIB-MJ230-A6_03.10	GCA_049586695.1	JBAVCM000000000	SAMN40009274	Nitrososphaeraceae archaeon
PRJNA1071982	MFD05837_ilm_asm_bin2	LIB-MJ230-D11_03.2	GCA_049586515.1	JBAVCC000000000	SAMN40009284	Nitrososphaeraceae archaeon
PRJNA1071982	MFD05927_ilm_asm_bin14	LIB-MJ231-E7_04.14	GCA_049586015.1	JBAVBC000000000	SAMN40009310	Nitrososphaeraceae archaeon
PRJNA1071982	MFD06900_ilm_asm_bin3	LIB-MJ254-G5_02.3	GCA_049583225.1	JBAUVM000000000	SAMN40009451	Nitrososphaeraceae archaeon
PRJNA1071982	MFD07965_ilm_asm_bin6	LIB-MJ256-H6_03.6	GCA_049581925.1	JBAUSX000000000	SAMN40009518	Nitrososphaeraceae archaeon
PRJNA1071982	MFD07972_ilm_asm_bin2	LIB-MJ256-A10_03.2	GCA_049582385.1	JBAUTV000000000	SAMN40009494	Nitrososphaeraceae archaeon
PRJNA1071982	MFD04422_ilm_asm_bin2	LIB-MJ175-F1_02.2	GCA_049592455.1	JBAWGB000000000	SAMN40008775	Nitrososphaeraceae archaeon
PRJNA1071982	MFD07580_ilm_asm_bin10	LIB-MJ174-H1_01_v_LIB-MJ407-F8_04.10	GCA_049592875.1	JBAWGN000000000	SAMN40008763	Nitrososphaeraceae archaeon
PRJNA1071982	MFD07809_ilm_asm_bin3	LIB-MJ174-E7_01.3	GCA_049593235.1	JBAWGV000000000	SAMN40008755	Nitrososphaeraceae archaeon
PRJNA1071982	MFD09709_ilm_asm_bin1	LIB-MJ306-A5_01.1	GCA_049288785.1	JBAQIJ000000000	SAMN40010212	Nitrososphaeraceae archaeon
PRJNA1071982	MFD04024_ilm_asm_bin15	LIB-MJ089-B6_02.15	GCA_049283255.1	JBAPVQ000000000	SAMN40007750	Nitrososphaeraceae archaeon
PRJNA1071982	MFD04024_ilm_asm_bin23	LIB-MJ089-B6_02.23	GCA_049283235.1	JBAPVP000000000	SAMN40007751	Nitrososphaeraceae archaeon
PRJNA1071982	MFD04165_ilm_asm_bin10	LIB-MJ089-B8_02.10	GCA_049283155.1	JBAPVL000000000	SAMN40007755	Nitrososphaeraceae archaeon
PRJNA1071982	MFD04165_ilm_asm_bin7	LIB-MJ089-B8_02.7	GCA_049283135.1	JBAPVK000000000	SAMN40007756	Nitrososphaeraceae archaeon
PRJNA1071982	MFD04165_ilm_asm_bin8	LIB-MJ089-B8_02.8	GCA_049283115.1	JBAPVJ000000000	SAMN40007757	Nitrososphaeraceae archaeon
PRJNA1071982	MFD04120_ilm_asm_bin3	LIB-MJ089-C9_02.3	GCA_049283035.1	JBAPVF000000000	SAMN40007761	Nitrososphaeraceae archaeon
PRJNA1071982	MFD04120_ilm_asm_bin7	LIB-MJ089-C9_02.7	GCA_049283015.1	JBAPVE000000000	SAMN40007762	Nitrososphaeraceae archaeon
PRJNA1071982	MFD04037_ilm_asm_bin16	LIB-MJ090-A2_04.16	GCA_049282595.1	JBAPUI000000000	SAMN40007784	Nitrososphaeraceae archaeon
PRJNA1071982	MFD00166_ilm_asm_bin4	LIB-MJ051-G5_02.4	GCA_049284635.1	JBAPYH000000000	SAMN40007681	Nitrososphaeraceae archaeon
PRJNA1071982	MFD04109_ilm_asm_bin5	LIB-MJ091-H8_03.5	GCA_049281255.1	JBAPRU000000000	SAMN40007850	Nitrososphaeraceae archaeon
PRJNA1071982	MFD04097_ilm_asm_bin4	LIB-MJ091-G2_03.4	GCA_049281555.1	JBAPSI000000000	SAMN40007836	Nitrososphaeraceae archaeon
PRJNA1071982	MFD04013_ilm_asm_bin13	LIB-MJ091-H11_03.13	GCA_049281395.1	JBAPSA000000000	SAMN40007844	Nitrososphaeraceae archaeon
PRJNA1071982	MFD04013_ilm_asm_bin4	LIB-MJ091-H11_03.4	GCA_049281375.1	JBAPRZ000000000	SAMN40007845	Nitrososphaeraceae archaeon
PRJNA1071982	MFD04013_ilm_asm_bin5	LIB-MJ091-H11_03.5	GCA_049281355.1	JBAPRY000000000	SAMN40007846	Nitrososphaeraceae archaeon
PRJNA1071982	MFD02322_ilm_asm_bin7	LIB-MJ089-H2_02.7	GCA_049282635.1	JBAPUK000000000	SAMN40007782	Nitrososphaeraceae archaeon
PRJNA1071982	MFD03312_ilm_asm_bin10	LIB-MJ105-D5_01_v_LIB-MJ367-D5_04.10	GCA_049280155.1	JBAPPO000000000	SAMN40007908	Nitrososphaeraceae archaeon
PRJNA1071982	MFD04107_ilm_asm_bin6	LIB-MJ093-H6_02.6	GCA_049280515.1	JBAPQH000000000	SAMN40007889	Nitrososphaeraceae archaeon
PRJNA1071982	MFD13964_ilm_asm_bin2	LIB-MJ414-B4_03.2	GCA_049273955.1	JBASRR000000000	SAMN40012595	Nitrososphaeraceae archaeon
PRJNA1071982	MFD00887_ilm_asm_bin1	LIB-MJ131-E1_01.1	GCA_049697295.1	JBAVVM000000000	SAMN40008416	Nitrosotalea sp.
PRJNA1071982	MFD02955_ilm_asm_bin5	LIB-MJ132-A9_03.5	GCA_049697075.1	JBAVVB000000000	SAMN40008427	Nitrosotalea sp.
PRJNA1071982	MFD10734_ilm_asm_bin7	LIB-MJ383-H10_01.7	GCA_049675625.1	JBAUAK000000000	SAMN40011398	Nitrosotalea sp.
PRJNA1071982	MFD10721_ilm_asm_bin23	LIB-MJ382-E7_02.23	GCA_049677745.1	JBAUCW000000000	SAMN40011334	Nitrosotalea sp.
PRJNA1071982	MFD06347_ilm_asm_bin24	LIB-MJ346-D8_02_v_LIB-MJ365-D8_04.24	GCA_049795075.1	JBARDK000000000	SAMN40011063	Nitrosotalea sp.
PRJNA1071982	MFD05764_ilm_asm_bin248	LIB-MJ352-E7_03_v_LIB-MJ368-E7_01.248	GCA_049792975.1	JBARBK000000000	SAMN40011115	Nitrosotalea sp.
PRJNA1071982	MFD04851_ilm_asm_bin1	LIB-MJ194-E2_04.1	GCA_049588755.1	JBAVZM000000000	SAMN40008946	Nitrosotalea sp.
PRJNA1071982	MFD01221_ilm_asm_bin36	LIB-MJ106-F9_01_v_LIB-MJ368-F9_04.36	GCA_049279315.1	JBAPNV000000000	SAMN40007953	Nitrosotalea sp.
PRJNA1071982	MFD01159_ilm_asm_bin22	LIB-MJ093-A2_02.22	GCA_049280955.1	JBAPRE000000000	SAMN40007866	Nitrosotalea sp.
PRJNA1071982	MFD00673_ilm_asm_bin17	LIB-MJ089-G9_02.17	GCA_049282775.1	JBAPUR000000000	SAMN40007775	Nitrosotalea sp.
PRJNA1071982	MFD10520_ilm_asm_bin5	LIB-MJ305-H8_04.5	GCA_049288915.1	JBAQIP000000000	SAMN40010206	Nitrospira sp.
PRJNA1071982	MFD10496_ilm_asm_bin14	LIB-MJ305-H5_04.14	GCA_049289195.1	JBAQJD000000000	SAMN40010192	Nitrospira sp.
PRJNA1071982	MFD10511_ilm_asm_bin4	LIB-MJ305-G7_04.4	GCA_049289915.1	JBATMQ000000000	SAMN40010156	Nitrospira sp.
PRJNA1071982	MFD10503_ilm_asm_bin25	LIB-MJ305-G6_04.25	GCA_049290015.1	JBATMV000000000	SAMN40010151	Nitrospira sp.
PRJNA1071982	MFD10480_ilm_asm_bin8	LIB-MJ305-H3_04.8	GCA_049289235.1	JBATLJ000000000	SAMN40010189	Nitrospira sp.
PRJNA1071982	MFD10510_ilm_asm_bin25	LIB-MJ305-F7_04.25	GCA_049290755.1	JBATOD000000000	SAMN40010117	Nitrospira sp.
PRJNA1071982	MFD10493_ilm_asm_bin29	LIB-MJ305-E5_04.29	GCA_049291715.1	JBATPY000000000	SAMN40010070	Nitrospira sp.
PRJNA1071982	MFD03287_ilm_asm_bin17	LIB-MJ334-H8_01.17	GCA_049304455.1	JBAQOD000000000	SAMN40010662	Nitrospira sp.
PRJNA1071982	MFD10460_ilm_asm_bin33	LIB-MJ305-B1_04.33	GCA_049662845.1	JBATCK000000000	SAMN40009916	Nitrospira sp.
PRJNA1071982	MFD10513_ilm_asm_bin25	LIB-MJ305-A8_04.25	GCA_049662925.1	JBATCO000000000	SAMN40009912	Nitrospira sp.
PRJNA1071982	MFD10467_ilm_asm_bin10	LIB-MJ305-A2_04.10	GCA_049663525.1	JBATDP000000000	SAMN40009885	Nitrospira sp.
PRJNA1071982	MFD10482_ilm_asm_bin18	LIB-MJ305-B4_04.18	GCA_049662225.1	JBATBG000000000	SAMN40009946	Nitrospira sp.
PRJNA1071982	MFD10498_ilm_asm_bin10	LIB-MJ305-B6_04.10	GCA_049662205.1	JBATBE000000000	SAMN40009948	Nitrospira sp.
PRJNA1071982	MFD03500_ilm_asm_bin39	LIB-MJ413-E5_01.39	GCA_049652965.1	JBASFJ000000000	SAMN40012300	Nitrospira sp.
PRJNA1071982	MFD13442_ilm_asm_bin53	LIB-MJ390-C7_03.53	GCA_049646705.1	JBARSR000000000	SAMN40011866	Nitrospira sp.
PRJNA1071982	MFD13439_ilm_asm_bin61	LIB-MJ390-F7_03.61	GCA_049642845.1	JBARPF000000000	SAMN40011956	Nitrospira sp.
PRJNA1071982	MFD13507_ilm_asm_bin26	LIB-MJ390-D4_03.26	GCA_049644405.1	JBARRW000000000	SAMN40011887	Nitrospira sp.
PRJNA1071982	MFD10475_ilm_asm_bin17	LIB-MJ305-A3_04.17	GCA_049663485.1	JBATDN000000000	SAMN40009887	Nitrospirales bacterium
PRJNA1071982	MFD10474_ilm_asm_bin29	LIB-MJ305-H2_04.29	GCA_049289415.1	JBATLR000000000	SAMN40010181	Nitrospirales bacterium
PRJNA1071982	MFD12058_ilm_asm_bin12	LIB-MJ335-A6_02.12	GCA_049303235.1	JBAQMY000000000	SAMN40010693	Nitrospirota bacterium
PRJNA1071982	MFD12058_ilm_asm_bin4	LIB-MJ335-A6_02.4	GCA_049303195.1	JBAQMX000000000	SAMN40010694	Nitrospirota bacterium
PRJNA1071982	MFD06091_ilm_asm_bin59	LIB-MJ339-C7_03.59	GCA_049801375.1	JBARKJ000000000	SAMN40010882	Nitrospirota bacterium
PRJNA1071982	MFD05764_ilm_asm_bin136	LIB-MJ352-E7_03_v_LIB-MJ368-E7_01.136	GCA_049793155.1	JBARBN000000000	SAMN40011112	Nitrospirota bacterium
PRJNA1071982	MFD09582_ilm_asm_bin10	LIB-MJ194-B12_04.10	GCA_049589115.1	JBAWAD000000000	SAMN40008929	Nocardioidaceae bacterium
PRJNA1071982	MFD05455_ilm_asm_bin3	LIB-MJ228-A8_01.3	GCA_049587135.1	JBAVDH000000000	SAMN40009253	Nocardioidaceae bacterium
PRJNA1071982	MFD05499_ilm_asm_bin14	LIB-MJ254-E7_02.14	GCA_049583755.1	JBAUWL000000000	SAMN40009426	Nocardioidaceae bacterium
PRJNA1071982	MFD00014_ilm_asm_bin4	LIB-MJ050-H2_02.4	GCA_049285195.1	JBAPZK000000000	SAMN40007652	Nocardioidaceae bacterium
PRJNA1071982	MFD02457_ilm_asm_bin12	LIB-MJ307-E8_01.12	GCA_049287645.1	JBAQGF000000000	SAMN40010268	Nocardioides sp.
PRJNA1071982	MFD10595_ilm_asm_bin2	LIB-MJ334-C7_01.2	GCA_049299195.1	JBAQXA000000000	SAMN40010430	Nocardioides sp.
PRJNA1071982	MFD05499_ilm_asm_bin11	LIB-MJ254-E7_02.11	GCA_049583775.1	JBAUWM000000000	SAMN40009425	Nocardioides sp.
PRJNA1071982	MFD05648_ilm_asm_bin3	LIB-MJ230-D8_03.3	GCA_049586475.1	JBAVCA000000000	SAMN40009286	Nocardioides sp.
PRJNA1071982	MFD09702_ilm_asm_bin5	LIB-MJ254-E8_02.5	GCA_049583575.1	JBAUWD000000000	SAMN40009434	Nocardioides sp.
PRJNA1071982	MFD09394_ilm_asm_bin5	LIB-MJ190-B9_02.5	GCA_049590955.1	JBAWDY000000000	SAMN40008830	Nocardioides sp.
PRJNA1071982	MFD05384_ilm_asm_bin7	LIB-MJ173-C9_01.7	GCA_049593675.1	JBAWHI000000000	SAMN40008742	Nocardioides sp.
PRJNA1071982	MFD12114_ilm_asm_bin18	LIB-MJ388-B12_02.18	GCA_049682875.1	JBAUIJ000000000	SAMN40011626	Nodosilinea sp.
PRJNA1071982	MFD12124_ilm_asm_bin10	LIB-MJ386-F1_04.10	GCA_049671905.1	JBATVQ000000000	SAMN40011522	Nodosilinea sp.
PRJNA1071982	MFD12115_ilm_asm_bin12	LIB-MJ386-D4_04.12	GCA_049672065.1	JBATVV000000000	SAMN40011517	Nodosilinea sp.
PRJNA1071982	MFD12116_ilm_asm_bin28	LIB-MJ389-H4_03.28	GCA_049646445.1	JBARVV000000000	SAMN40011784	Nodosilinea sp.
PRJNA1071982	MFD01170_ilm_asm_bin22	LIB-MJ390-A4_03.22	GCA_049646225.1	JBARVK000000000	SAMN40011795	Nodosilinea sp.
PRJNA1071982	MFD12125_ilm_asm_bin22	LIB-MJ390-B4_03.22	GCA_049645805.1	JBARUP000000000	SAMN40011816	Nodosilinea sp.
PRJNA1071982	MFD12159_ilm_asm_bin24	LIB-MJ389-C5_03.24	GCA_049647945.1	JBARYP000000000	SAMN40011712	Nonlabens sp.
PRJNA1071982	MFD12122_ilm_asm_bin10	LIB-MJ386-G6_04.10	GCA_049671565.1	JBATVD000000000	SAMN40011535	Nonlabens sp.
PRJNA1071982	MFD13441_ilm_asm_bin73	LIB-MJ390-D7_03.73	GCA_049644105.1	JBARRG000000000	SAMN40011903	Nostocoides sp.
PRJNA1071982	MFD10522_ilm_asm_bin29	LIB-MJ305-B9_04.29	GCA_049661885.1	JBATAM000000000	SAMN40009966	Nostocoides sp.
PRJNA1071982	MFD10517_ilm_asm_bin29	LIB-MJ305-E8_04.29	GCA_049291595.1	JBATPR000000000	SAMN40010077	Nostocoides sp.
PRJNA1071982	MFD10508_ilm_asm_bin34	LIB-MJ305-D7_04.34	GCA_049292265.1	JBATQZ000000000	SAMN40010043	Nostocoides sp.
PRJNA1071982	MFD10494_ilm_asm_bin13	LIB-MJ305-F5_04.13	GCA_049290915.1	JBATOK000000000	SAMN40010110	Nostocoides sp.
PRJNA1071982	MFD02832_ilm_asm_bin8	LIB-MJ280-F11_02.8	GCA_049685755.1	JBAVHK000000000	SAMN40009640	Novosphingobium sp.
PRJNA1071982	MFD12117_ilm_asm_bin2	LIB-MJ387-F1_01.2	GCA_049670305.1	JBATTB000000000	SAMN40011589	Oceanisphaera sp.
PRJNA1071982	MFD12168_ilm_asm_bin9	LIB-MJ390-H2_03.9	GCA_049642185.1	JBAROP000000000	SAMN40011972	Olleya sp.
PRJNA1071982	MFD12162_ilm_asm_bin38	LIB-MJ386-B10_04.38	GCA_049672905.1	JBATWX000000000	SAMN40011489	Olleya sp.
PRJNA1071982	MFD01051_ilm_asm_bin28	LIB-MJ138-B8_03.28	GCA_049694435.1	JBAVQX000000000	SAMN40008535	Onishia taeanensis
PRJNA1071982	MFD01223_ilm_asm_bin21	LIB-MJ106-H9_01.21	GCA_049279175.1	JBAPNN000000000	SAMN40007961	Opitutaceae bacterium
PRJNA1071982	MFD00015_ilm_asm_bin4	LIB-MJ051-C12_02.4	GCA_049284895.1	JBAPYU000000000	SAMN40007668	Opitutaceae bacterium
PRJNA1071982	MFD02138_ilm_asm_bin18	LIB-MJ259-G6_04.18	GCA_049580885.1	JBAUQW000000000	SAMN40009571	Opitutaceae bacterium
PRJNA1071982	MFD07001_ilm_asm_bin3	LIB-MJ307-A12_01.3	GCA_049288075.1	JBAQHA000000000	SAMN40010247	Oricola sp.
PRJNA1071982	MFD02245_ilm_asm_bin27	LIB-MJ260-H6_01.27	GCA_049687555.1	JBAVJD000000000	SAMN40009595	Ornithinibacter sp.
PRJNA1071982	MFD12115_ilm_asm_bin7	LIB-MJ386-D4_04.7	GCA_049672045.1	JBATVU000000000	SAMN40011518	Ornithinimicrobium sp.
PRJNA1071982	MFD12124_ilm_asm_bin5	LIB-MJ386-F1_04.5	GCA_049671805.1	JBATVO000000000	SAMN40011524	Ornithinimicrobium sp.
PRJNA1071982	MFD12171_ilm_asm_bin14	LIB-MJ386-H4_04.14	GCA_049671385.1	JBATUU000000000	SAMN40011544	Ornithinimicrobium sp.
PRJNA1071982	MFD12123_ilm_asm_bin12	LIB-MJ387-B2_01.12	GCA_049670905.1	JBATUA000000000	SAMN40011564	Ornithinimicrobium sp.
PRJNA1071982	MFD12173_ilm_asm_bin14	LIB-MJ387-F6_01.14	GCA_049683875.1	JBAUJO000000000	SAMN40011595	Ornithinimicrobium sp.
PRJNA1071982	MFD12137_ilm_asm_bin8	LIB-MJ388-A10_02.8	GCA_049683215.1	JBAUIV000000000	SAMN40011614	Ornithinimicrobium sp.
PRJNA1071982	MFD12125_ilm_asm_bin16	LIB-MJ390-B4_03.16	GCA_049645825.1	JBARUQ000000000	SAMN40011815	Ornithinimicrobium sp.
PRJNA1071982	MFD12116_ilm_asm_bin14	LIB-MJ389-H4_03.14	GCA_049646465.1	JBARVW000000000	SAMN40011783	Ornithinimicrobium sp.
PRJNA1071982	MFD12114_ilm_asm_bin2	LIB-MJ388-B12_02.2	GCA_049651345.1	JBASBV000000000	SAMN40011627	Ornithinimicrobium sp.
PRJNA1071982	MFD12120_ilm_asm_bin12	LIB-MJ388-F1_02.12	GCA_049650845.1	JBASAZ000000000	SAMN40011650	Ornithinimicrobium sp.
PRJNA1071982	MFD12145_ilm_asm_bin24	LIB-MJ388-F6_02.24	GCA_049650625.1	JBASAN000000000	SAMN40011662	Ornithinimicrobium sp.
PRJNA1071982	MFD12149_ilm_asm_bin27	LIB-MJ389-B10_03.27	GCA_049649445.1	JBARZD000000000	SAMN40011698	Ornithinimicrobium sp.
PRJNA1071982	MFD12149_ilm_asm_bin13	LIB-MJ389-B10_03.13	GCA_049649785.1	JBARZG000000000	SAMN40011695	Ornithinimicrobium sp.
PRJNA1071982	MFD03260_ilm_asm_bin6	LIB-MJ353-B7_03.6	GCA_049791055.1	JBAQZN000000000	SAMN40011165	Ornithinimicrobium sp.
PRJNA1071982	MFD06880_ilm_asm_bin15	LIB-MJ413-G3_01.15	GCA_049276995.1	JBASXM000000000	SAMN40012444	Orrella sp.
PRJNA1071982	MFD12012_ilm_asm_bin13	LIB-MJ334-D11_01.13	GCA_049298835.1	JBAQWI000000000	SAMN40010448	Oscillospiraceae bacterium
PRJNA1071982	MFD12218_ilm_asm_bin35	LIB-MJ390-C2_03.35	GCA_049645145.1	JBARTH000000000	SAMN40011850	Ottowia sp.
PRJNA1071982	MFD12172_ilm_asm_bin11	LIB-MJ388-H6_02.11	GCA_049650205.1	JBARZR000000000	SAMN40011684	Pacificimonas sp.
PRJNA1071982	MFD12121_ilm_asm_bin21	LIB-MJ388-A12_02.21	GCA_049683075.1	JBAUIQ000000000	SAMN40011619	Pacificimonas sp.
PRJNA1071982	MFD09544_ilm_asm_bin6	LIB-MJ230-C8_03.6	GCA_049586535.1	JBAVCD000000000	SAMN40009283	Paenarthrobacter sp.
PRJNA1071982	MFD03725_ilm_asm_bin20	LIB-MJ131-G2_01.20	GCA_049697175.1	JBAVVG000000000	SAMN40008422	Paeniglutamicibacter sp.
PRJNA1071982	MFD12923_ilm_asm_bin1	LIB-MJ386-G7_04.1	GCA_049671445.1	JBATUX000000000	SAMN40011541	Paenisporosarcina sp.
PRJNA1071982	MFD12929_ilm_asm_bin1	LIB-MJ389-H3_03.1	GCA_049646485.1	JBARVY000000000	SAMN40011781	Paenisporosarcina sp.
PRJNA1071982	MFD12925_ilm_asm_bin29	LIB-MJ390-C1_03.29	GCA_049645305.1	JBARTP000000000	SAMN40011842	Paenisporosarcina sp.
PRJNA1071982	MFD12108_ilm_asm_bin23	LIB-MJ413-B1_01.23	GCA_049658045.1	JBASOG000000000	SAMN40012067	Paludibacter sp.
PRJNA1071982	MFD12109_ilm_asm_bin69	LIB-MJ413-C1_01.69	GCA_049656385.1	JBASLO000000000	SAMN40012137	Paludibacter sp.
PRJNA1071982	MFD13471_ilm_asm_bin48	LIB-MJ413-F9_01.48	GCA_049277775.1	JBASYZ000000000	SAMN40012405	Paludibacteraceae bacterium
PRJNA1071982	MFD02586_ilm_asm_bin1	LIB-MJ140-A4_02.1	GCA_049692795.1	JBAVPG000000000	SAMN40008578	Pantoea agglomerans
PRJNA1071982	MFD00724_ilm_asm_bin2	LIB-MJ133-C1_03.2	GCA_049696415.1	JBAVTU000000000	SAMN40008460	Pantoea agglomerans
PRJNA1071982	MFD10145_ilm_asm_bin1	LIB-MJ342-D4_02.1	GCA_049798415.1	JBARGQ000000000	SAMN40010979	Paraburkholderia caledonica
PRJNA1071982	MFD00741_ilm_asm_bin4	LIB-MJ140-B2_02.4	GCA_049692595.1	JBAVOZ000000000	SAMN40008585	Paraburkholderia sp.
PRJNA1071982	MFD01706_ilm_asm_bin34	LIB-MJ177-E10_03.34	GCA_049591435.1	JBAWEW000000000	SAMN40008806	Paraburkholderia sp.
PRJNA1071982	MFD02374_ilm_asm_bin26	LIB-MJ259-A6_04.26	GCA_049581445.1	JBAURZ000000000	SAMN40009542	Paraburkholderia sp.
PRJNA1071982	MFD10517_ilm_asm_bin9	LIB-MJ305-E8_04.9	GCA_049291435.1	JBATPK000000000	SAMN40010084	Paracoccaceae bacterium
PRJNA1071982	MFD10525_ilm_asm_bin14	LIB-MJ305-E9_04.14	GCA_049291415.1	JBATPI000000000	SAMN40010086	Paracoccaceae bacterium
PRJNA1071982	MFD10492_ilm_asm_bin27	LIB-MJ305-D5_04.27	GCA_049292575.1	JBATRL000000000	SAMN40010031	Paracoccaceae bacterium
PRJNA1071982	MFD10503_ilm_asm_bin9	LIB-MJ305-G6_04.9	GCA_049289975.1	JBATMT000000000	SAMN40010153	Paracoccaceae bacterium
PRJNA1071982	MFD01649_ilm_asm_bin37	LIB-MJ134-A5_03.37	GCA_049696055.1	JBAVTI000000000	SAMN40008472	Paracoccaceae bacterium
PRJNA1071982	MFD01051_ilm_asm_bin15	LIB-MJ138-B8_03.15	GCA_049694515.1	JBAVQZ000000000	SAMN40008533	Paracoccaceae bacterium
PRJNA1071982	MFD10256_ilm_asm_bin15	LIB-MJ283-G8_04.15	GCA_049667725.1	JBATIM000000000	SAMN40009758	Paracoccaceae bacterium
PRJNA1071982	MFD10514_ilm_asm_bin20	LIB-MJ305-B8_04.20	GCA_049662025.1	JBATAV000000000	SAMN40009957	Paracoccaceae bacterium
PRJNA1071982	MFD12160_ilm_asm_bin7	LIB-MJ389-H5_03.7	GCA_049646265.1	JBARVM000000000	SAMN40011793	Paracoccaceae bacterium
PRJNA1071982	MFD12218_ilm_asm_bin28	LIB-MJ390-C2_03.28	GCA_049645185.1	JBARTI000000000	SAMN40011849	Paradevosia shaoguanensis
PRJNA1071982	MFD10241_ilm_asm_bin23	LIB-MJ283-H6_04.23	GCA_049667325.1	JBATHY000000000	SAMN40009772	Parasphingorhabdus sp.
PRJNA1071982	MFD10250_ilm_asm_bin6	LIB-MJ283-A8_04.6	GCA_049669645.1	JBATKS000000000	SAMN40009700	Parasphingorhabdus sp.
PRJNA1071982	MFD06885_ilm_asm_bin12	LIB-MJ413-A5_01.12	GCA_049660205.1	JBASQL000000000	SAMN40012010	Parasynechococcus sp.
PRJNA1071982	MFD12120_ilm_asm_bin6	LIB-MJ388-F1_02.6	GCA_049650685.1	JBASAQ000000000	SAMN40011659	Parerythrobacter sp.
PRJNA1071982	MFD12019_ilm_asm_bin20	LIB-MJ334-C12_01.20	GCA_049299855.1	JBAQYD000000000	SAMN40010401	Parvibaculum sedimenti
PRJNA1071982	MFD12042_ilm_asm_bin2	LIB-MJ335-A4_02.2	GCA_049303435.1	JBAQNC000000000	SAMN40010689	Parvibaculum sp.
PRJNA1071982	MFD12221_ilm_asm_bin8	LIB-MJ388-D9_02.8	GCA_049651025.1	JBASBH000000000	SAMN40011642	Parvibaculum sp.
PRJNA1071982	MFD12217_ilm_asm_bin1	LIB-MJ387-A7_01.1	GCA_049671045.1	JBATUH000000000	SAMN40011557	Parvibaculum sp.
PRJNA1071982	MFD12225_ilm_asm_bin14	LIB-MJ386-B12_04.14	GCA_049672805.1	JBATWS000000000	SAMN40011494	Parvibaculum sp.
PRJNA1071982	MFD10097_ilm_asm_bin28	LIB-MJ301-F5_01.28	GCA_049663905.1	JBATEG000000000	SAMN40009868	Parvibaculum sp.
PRJNA1071982	MFD12080_ilm_asm_bin11	LIB-MJ335-G8_02.11	GCA_049301335.1	JBAQKV000000000	SAMN40010748	Patescibacteria group bacterium
PRJNA1071982	MFD12006_ilm_asm_bin4	LIB-MJ334-E10_01.4	GCA_049297375.1	JBAQUF000000000	SAMN40010503	Patescibacteria group bacterium
PRJNA1071982	MFD03281_ilm_asm_bin26	LIB-MJ334-B8_01.26	GCA_049293675.1	JBAQBR000000000	SAMN40010386	Patescibacteria group bacterium
PRJNA1071982	MFD12010_ilm_asm_bin15	LIB-MJ334-B11_01.15	GCA_049294415.1	JBAQCS000000000	SAMN40010359	Patescibacteria group bacterium
PRJNA1071982	MFD12007_ilm_asm_bin9	LIB-MJ334-G10_01.9	GCA_049295615.1	JBAQQZ000000000	SAMN40010587	Patescibacteria group bacterium
PRJNA1071982	MFD03292_ilm_asm_bin19	LIB-MJ334-E9_01.19	GCA_049296775.1	JBAQTB000000000	SAMN40010533	Patescibacteria group bacterium
PRJNA1071982	MFD03280_ilm_asm_bin22	LIB-MJ334-A8_01.22	GCA_049286235.1	JBAQDH000000000	SAMN40010344	Patescibacteria group bacterium
PRJNA1071982	MFD03232_ilm_asm_bin101	LIB-MJ413-H5_01.101	GCA_049274945.1	JBASTP000000000	SAMN40012545	Patescibacteria group bacterium
PRJNA1071982	MFD10578_ilm_asm_bin17	LIB-MJ334-B5_01.17	GCA_049293855.1	JBAQBZ000000000	SAMN40010378	Paucilactobacillus nenjiangensis
PRJNA1071982	MFD10546_ilm_asm_bin18	LIB-MJ334-D7_01.18	GCA_049297875.1	JBAQVC000000000	SAMN40010480	Paucilactobacillus nenjiangensis
PRJNA1071982	MFD05055_ilm_asm_bin11	LIB-MJ190-H10_02.11	GCA_049590755.1	JBAWDN000000000	SAMN40008841	Pedobacter sp.
PRJNA1071982	MFD05455_ilm_asm_bin14	LIB-MJ228-A8_01.14	GCA_049587155.1	JBAVDJ000000000	SAMN40009251	Pedococcus sp.
PRJNA1071982	MFD06972_ilm_asm_bin6	LIB-MJ282-H1_03.6	GCA_049684415.1	JBAVFX000000000	SAMN40009679	Pelodictyon phaeoclathratiforme
PRJNA1071982	MFD13471_ilm_asm_bin16	LIB-MJ413-F9_01.16	GCA_049278015.1	JBASZL000000000	SAMN40012393	Peptococcia bacterium
PRJNA1071982	MFD13470_ilm_asm_bin15	LIB-MJ413-G9_01.15	GCA_049275815.1	JBASVG000000000	SAMN40012502	Peptococcia bacterium
PRJNA1071982	MFD13472_ilm_asm_bin9	LIB-MJ413-E9_01.9	GCA_049652285.1	JBASDS000000000	SAMN40012343	Peptococcia bacterium
PRJNA1071982	MFD13472_ilm_asm_bin34	LIB-MJ413-E9_01.34	GCA_049652405.1	JBASDY000000000	SAMN40012337	Petrimonas mucosa
PRJNA1071982	MFD13471_ilm_asm_bin22	LIB-MJ413-F9_01.22	GCA_049277935.1	JBASZI000000000	SAMN40012396	Petrimonas mucosa
PRJNA1071982	MFD03287_ilm_asm_bin16	LIB-MJ334-H8_01.16	GCA_049304515.1	JBAQOE000000000	SAMN40010661	Phenylobacterium sp.
PRJNA1071982	MFD12120_ilm_asm_bin40	LIB-MJ388-F1_02.40	GCA_049650725.1	JBASAS000000000	SAMN40011657	Phormidesmis sp.
PRJNA1071982	MFD12120_ilm_asm_bin20	LIB-MJ388-F1_02.20	GCA_049650825.1	JBASAX000000000	SAMN40011652	Phormidesmis sp.
PRJNA1071982	MFD12172_ilm_asm_bin16	LIB-MJ388-H6_02.16	GCA_049650185.1	JBARZQ000000000	SAMN40011685	Phormidesmis sp.
PRJNA1071982	MFD12116_ilm_asm_bin38	LIB-MJ389-H4_03.38	GCA_049646425.1	JBARVU000000000	SAMN40011785	Phormidesmis sp.
PRJNA1071982	MFD12116_ilm_asm_bin6	LIB-MJ389-H4_03.6	GCA_049646385.1	JBARVS000000000	SAMN40011787	Phormidesmis sp.
PRJNA1071982	MFD12159_ilm_asm_bin12	LIB-MJ389-C5_03.12	GCA_049648255.1	JBARYT000000000	SAMN40011708	Phormidesmis sp.
PRJNA1071982	MFD12173_ilm_asm_bin7	LIB-MJ387-F6_01.7	GCA_049683815.1	JBAUJM000000000	SAMN40011597	Phormidesmis sp.
PRJNA1071982	MFD03253_ilm_asm_bin19	LIB-MJ354-B9_04_v_LIB-MJ403-B5_03.19	GCA_049680585.1	JBAUIB000000000	SAMN40011199	Phormidesmis sp.
PRJNA1071982	MFD03259_ilm_asm_bin11	LIB-MJ354-G6_04_v_LIB-MJ403-H3_03.11	GCA_049679625.1	JBAUGJ000000000	SAMN40011243	Phormidesmis sp.
PRJNA1071982	MFD12171_ilm_asm_bin2	LIB-MJ386-H4_04.2	GCA_049671365.1	JBATUT000000000	SAMN40011545	Phormidesmis sp.
PRJNA1071982	MFD03260_ilm_asm_bin18	LIB-MJ353-B7_03.18	GCA_049791075.1	JBAQZO000000000	SAMN40011164	Phormidesmis sp.
PRJNA1071982	MFD03260_ilm_asm_bin15	LIB-MJ353-B7_03.15	GCA_049791095.1	JBAQZP000000000	SAMN40011163	Phormidesmis sp.
PRJNA1071982	MFD03250_ilm_asm_bin6	LIB-MJ352-B11_03.6	GCA_049793775.1	JBARCD000000000	SAMN40011096	Phormidesmis sp.
PRJNA1071982	MFD04603_ilm_asm_bin3	LIB-MJ194-B9_04.3	GCA_049589015.1	JBAVZX000000000	SAMN40008935	Phormidium sp.
PRJNA1071982	MFD04452_ilm_asm_bin17	LIB-MJ172-B2_04.17	GCA_049688135.1	JBAVKC000000000	SAMN40008712	Photobacterium halotolerans
PRJNA1071982	MFD03253_ilm_asm_bin6	LIB-MJ354-B9_04_v_LIB-MJ403-B5_03.6	GCA_049680565.1	JBAUIA000000000	SAMN40011200	Phototrophicaceae bacterium
PRJNA1071982	MFD03278_ilm_asm_bin4	LIB-MJ334-G7_01.4	GCA_049306115.1	JBAQPV000000000	SAMN40010617	Phototrophicaceae bacterium
PRJNA1071982	MFD12939_ilm_asm_bin30	LIB-MJ381-C4_02.30	GCA_049678285.1	JBAUDW000000000	SAMN40011308	Phycisphaerae bacterium
PRJNA1071982	MFD13428_ilm_asm_bin4	LIB-MJ390-A9_03.4	GCA_049645985.1	JBARUX000000000	SAMN40011808	Phycisphaerae bacterium
PRJNA1071982	MFD13427_ilm_asm_bin29	LIB-MJ390-B9_03.29	GCA_049645425.1	JBARTV000000000	SAMN40011836	Phycisphaerae bacterium
PRJNA1071982	MFD13423_ilm_asm_bin70	LIB-MJ390-F9_03.70	GCA_049642605.1	JBAROZ000000000	SAMN40011962	Phycisphaerae bacterium
PRJNA1071982	MFD13429_ilm_asm_bin36	LIB-MJ390-H8_03.36	GCA_049642005.1	JBAROH000000000	SAMN40011980	Phycisphaerae bacterium
PRJNA1071982	MFD13434_ilm_asm_bin25	LIB-MJ390-C8_03.25	GCA_049644785.1	JBARSO000000000	SAMN40011869	Phycisphaerae bacterium
PRJNA1071982	MFD13434_ilm_asm_bin32	LIB-MJ390-C8_03.32	GCA_049644765.1	JBARSN000000000	SAMN40011870	Phycisphaerae bacterium
PRJNA1071982	MFD13433_ilm_asm_bin27	LIB-MJ390-D8_03.27	GCA_049644085.1	JBARRF000000000	SAMN40011904	Phycisphaerae bacterium
PRJNA1071982	MFD13424_ilm_asm_bin31	LIB-MJ390-E9_03.31	GCA_049643425.1	JBARPY000000000	SAMN40011937	Phycisphaerae bacterium
PRJNA1071982	MFD13424_ilm_asm_bin50	LIB-MJ390-E9_03.50	GCA_049643365.1	JBARPV000000000	SAMN40011940	Phycisphaerae bacterium
PRJNA1071982	MFD13424_ilm_asm_bin61	LIB-MJ390-E9_03.61	GCA_049643345.1	JBARPU000000000	SAMN40011941	Phycisphaerae bacterium
PRJNA1071982	MFD13432_ilm_asm_bin61	LIB-MJ390-E8_03.61	GCA_049643485.1	JBARQB000000000	SAMN40011934	Phycisphaerae bacterium
PRJNA1071982	MFD13433_ilm_asm_bin31	LIB-MJ390-D8_03.31	GCA_049644045.1	JBARRC000000000	SAMN40011907	Phycisphaerae bacterium
PRJNA1071982	MFD13433_ilm_asm_bin44	LIB-MJ390-D8_03.44	GCA_049643945.1	JBARQY000000000	SAMN40011911	Phycisphaerae bacterium
PRJNA1071982	MFD13425_ilm_asm_bin5	LIB-MJ390-D9_03.5	GCA_049643785.1	JBARQT000000000	SAMN40011916	Phycisphaerae bacterium
PRJNA1071982	MFD13489_ilm_asm_bin62	LIB-MJ413-D7_01.62	GCA_049654625.1	JBASIE000000000	SAMN40012225	Phycisphaerae bacterium
PRJNA1071982	MFD03278_ilm_asm_bin20	LIB-MJ334-G7_01.20	GCA_049294925.1	JBAQPX000000000	SAMN40010615	Phycisphaerales bacterium
PRJNA1071982	MFD03264_ilm_asm_bin17	LIB-MJ354-C4_04_v_LIB-MJ403-A2_03.17	GCA_049680365.1	JBAUHQ000000000	SAMN40011210	Pirellulaceae bacterium
PRJNA1071982	MFD13197_ilm_asm_bin9	LIB-MJ386-C1_04.9	GCA_049672585.1	JBATWL000000000	SAMN40011501	Pirellulales bacterium
PRJNA1071982	MFD03852_ilm_asm_bin10	LIB-MJ134-B10_03.10	GCA_049695995.1	JBAVTF000000000	SAMN40008475	Pirellulales bacterium
PRJNA1071982	MFD10706_ilm_asm_bin16	LIB-MJ353-C12_03.16	GCA_049790855.1	JBAQZJ000000000	SAMN40011169	Planctomycetaceae bacterium
PRJNA1071982	MFD03501_ilm_asm_bin11	LIB-MJ413-F5_01.11	GCA_049651865.1	JBASCX000000000	SAMN40012364	Planctomycetota bacterium
PRJNA1071982	MFD03231_ilm_asm_bin1	LIB-MJ413-G5_01.1	GCA_049276695.1	JBASWX000000000	SAMN40012459	Planctomycetota bacterium
PRJNA1071982	MFD07810_ilm_asm_bin1	LIB-MJ174-C1_01.1	GCA_049593395.1	JBAWGZ000000000	SAMN40008751	Planifilum fulgidum
PRJNA1071982	MFD09946_ilm_asm_bin3	LIB-MJ413-F4_01.3	GCA_049651885.1	JBASCY000000000	SAMN40012363	Planktomarina temperata
PRJNA1071982	MFD09962_ilm_asm_bin3	LIB-MJ413-D4_01.3	GCA_049654985.1	JBASIW000000000	SAMN40012207	Planktomarina temperata
PRJNA1071982	MFD06885_ilm_asm_bin16	LIB-MJ413-A5_01.16	GCA_049660165.1	JBASQK000000000	SAMN40012011	Planktomarina temperata
PRJNA1071982	MFD06914_ilm_asm_bin11	LIB-MJ413-A4_01.11	GCA_049660245.1	JBASQN000000000	SAMN40012008	Planktomarina temperata
PRJNA1071982	MFD06881_ilm_asm_bin13	LIB-MJ413-B3_01.13	GCA_049657165.1	JBASNB000000000	SAMN40012098	Planktomarina temperata
PRJNA1071982	MFD09799_ilm_asm_bin3	LIB-MJ413-B4_01.3	GCA_049657145.1	JBASNA000000000	SAMN40012099	Planktomarina temperata
PRJNA1071982	MFD03264_ilm_asm_bin22	LIB-MJ354-C4_04_v_LIB-MJ403-A2_03.22	GCA_049680325.1	JBAUHO000000000	SAMN40011212	Planktotalea sp.
PRJNA1071982	MFD04266_ilm_asm_bin10	LIB-MJ230-F2_03.10	GCA_049586395.1	JBAVBW000000000	SAMN40009290	Planktothrix agardhii
PRJNA1071982	MFD13005_ilm_asm_bin2	LIB-MJ382-E5_02.2	GCA_049677825.1	JBAUCZ000000000	SAMN40011331	Planococcus citreus
PRJNA1071982	MFD13001_ilm_asm_bin8	LIB-MJ384-G5_01.8	GCA_049674445.1	JBATZD000000000	SAMN40011431	Planococcus donghaensis
PRJNA1071982	MFD06866_ilm_asm_bin5	LIB-MJ413-G4_01.5	GCA_049276715.1	JBASWY000000000	SAMN40012458	Polaribacter sp.
PRJNA1071982	MFD04188_ilm_asm_bin2	LIB-MJ230-H1_03_v_LIB-MJ402-B11_04.2	GCA_049586375.1	JBAVBV000000000	SAMN40009291	Polaromonas sp.
PRJNA1071982	MFD03500_ilm_asm_bin11	LIB-MJ413-E5_01.11	GCA_049653085.1	JBASFP000000000	SAMN40012294	Polaromonas sp.
PRJNA1071982	MFD06263_ilm_asm_bin10	LIB-MJ354-A10_04_v_LIB-MJ403-G5_03.10	GCA_049790275.1	JBAQYR000000000	SAMN40011187	Polaromonas sp.
PRJNA1071982	MFD12018_ilm_asm_bin28	LIB-MJ334-B12_01.28	GCA_049294165.1	JBAQCM000000000	SAMN40010365	Polaromonas sp.
PRJNA1071982	MFD12098_ilm_asm_bin5	LIB-MJ335-C11_02.5	GCA_049302435.1	JBAQMC000000000	SAMN40010715	Polaromonas sp.
PRJNA1071982	MFD12019_ilm_asm_bin54	LIB-MJ334-C12_01.54	GCA_049299755.1	JBAQXY000000000	SAMN40010406	Polaromonas sp.
PRJNA1071982	MFD02961_ilm_asm_bin52	LIB-MJ263-D4_04.52	GCA_049686575.1	JBAVIE000000000	SAMN40009620	Polyangia bacterium
PRJNA1071982	MFD01689_ilm_asm_bin21	LIB-MJ148-G5_02.21	GCA_049690695.1	JBAVNC000000000	SAMN40008634	Polyangia bacterium
PRJNA1071982	MFD05379_ilm_asm_bin15	LIB-MJ190-H7_02.15	GCA_049590665.1	JBAWDJ000000000	SAMN40008845	Polyangia bacterium
PRJNA1071982	MFD02138_ilm_asm_bin3	LIB-MJ259-G6_04.3	GCA_049580865.1	JBAUQU000000000	SAMN40009573	Polyangia bacterium
PRJNA1071982	MFD04780_ilm_asm_bin14	LIB-MJ201-D8_03.14	GCA_049578005.1	JBAULD000000000	SAMN40009096	Polyangiaceae bacterium
PRJNA1071982	MFD02366_ilm_asm_bin8	LIB-MJ140-G8_02.8	GCA_049691835.1	JBAVOF000000000	SAMN40008605	Polyangiales bacterium
PRJNA1071982	MFD02430_ilm_asm_bin7	LIB-MJ149-G7_03.7	GCA_049690135.1	JBAVMO000000000	SAMN40008648	Polyangiales bacterium
PRJNA1071982	MFD03804_ilm_asm_bin6	LIB-MJ110-D2_04_v_LIB-MJ415-F1_04.6	GCA_049698535.1	JBAVXY000000000	SAMN40008352	Polyangiales bacterium
PRJNA1071982	MFD10196_ilm_asm_bin26	LIB-MJ283-A1_04_v_LIB-MJ415-A6_04.26	GCA_049684175.1	JBAVFR000000000	SAMN40009685	Polyangiales bacterium
PRJNA1071982	MFD12163_ilm_asm_bin16	LIB-MJ387-C9_01.16	GCA_049670545.1	JBATTM000000000	SAMN40011578	Polyangiales bacterium
PRJNA1071982	MFD10204_ilm_asm_bin16	LIB-MJ283-A2_04.16	GCA_049669945.1	JBATLA000000000	SAMN40009692	Polyangiales bacterium
PRJNA1071982	MFD10219_ilm_asm_bin8	LIB-MJ283-B4_04.8	GCA_049669265.1	JBATKI000000000	SAMN40009710	Polyangiales bacterium
PRJNA1071982	MFD10205_ilm_asm_bin26	LIB-MJ283-B2_04.26	GCA_049669515.1	JBATKP000000000	SAMN40009703	Polyangiales bacterium
PRJNA1071982	MFD10337_ilm_asm_bin29	LIB-MJ284-H7_03.29	GCA_049664325.1	JBATFB000000000	SAMN40009847	Polyangiales bacterium
PRJNA1071982	MFD10313_ilm_asm_bin9	LIB-MJ284-H4_03.9	GCA_049664745.1	JBATFK000000000	SAMN40009838	Polyangiales bacterium
PRJNA1071982	MFD10358_ilm_asm_bin12	LIB-MJ284-G10_03.12	GCA_049665305.1	JBATFZ000000000	SAMN40009823	Polyangiales bacterium
PRJNA1071982	MFD10297_ilm_asm_bin16	LIB-MJ284-F2_03.16	GCA_049665465.1	JBATGF000000000	SAMN40009817	Polyangiales bacterium
PRJNA1071982	MFD10351_ilm_asm_bin17	LIB-MJ284-F9_03.17	GCA_049665385.1	JBATGB000000000	SAMN40009821	Polyangiales bacterium
PRJNA1071982	MFD10249_ilm_asm_bin9	LIB-MJ283-H7_04.9	GCA_049667285.1	JBATHW000000000	SAMN40009774	Polyangiales bacterium
PRJNA1071982	MFD10331_ilm_asm_bin21	LIB-MJ284-B7_03.21	GCA_049666605.1	JBATHG000000000	SAMN40009790	Polyangiales bacterium
PRJNA1071982	MFD10331_ilm_asm_bin25	LIB-MJ284-B7_03.25	GCA_049666485.1	JBATHF000000000	SAMN40009791	Polyangiales bacterium
PRJNA1071982	MFD10316_ilm_asm_bin14	LIB-MJ284-C5_03.14	GCA_049666445.1	JBATHC000000000	SAMN40009794	Polyangiales bacterium
PRJNA1071982	MFD10354_ilm_asm_bin16	LIB-MJ284-A10_03.16	GCA_049667015.1	JBATHR000000000	SAMN40009779	Polyangiales bacterium
PRJNA1071982	MFD10239_ilm_asm_bin1	LIB-MJ283-F6_04.1	GCA_049668265.1	JBATJC000000000	SAMN40009742	Polyangiales bacterium
PRJNA1071982	MFD10278_ilm_asm_bin20	LIB-MJ283-G11_04_v_LIB-MJ415-A7_04.20	GCA_049667965.1	JBATIV000000000	SAMN40009749	Polyangiales bacterium
PRJNA1071982	MFD12925_ilm_asm_bin34	LIB-MJ390-C1_03.34	GCA_049645265.1	JBARTN000000000	SAMN40011844	Polyangiales bacterium
PRJNA1071982	MFD02460_ilm_asm_bin2	LIB-MJ306-C12_01.2	GCA_049288685.1	JBAQIE000000000	SAMN40010217	Polyangiales bacterium
PRJNA1071982	MFD12043_ilm_asm_bin5	LIB-MJ335-B4_02.5	GCA_049302935.1	JBAQMQ000000000	SAMN40010701	Polynucleobacter sp.
PRJNA1071982	MFD06885_ilm_asm_bin31	LIB-MJ413-A5_01.31	GCA_049659945.1	JBASQF000000000	SAMN40012016	Pontimonas sp.
PRJNA1071982	MFD10474_ilm_asm_bin21	LIB-MJ305-H2_04.21	GCA_049289475.1	JBATLU000000000	SAMN40010178	Pontixanthobacter sp.
PRJNA1071982	MFD12120_ilm_asm_bin43	LIB-MJ388-F1_02.43	GCA_049650705.1	JBASAR000000000	SAMN40011658	Pontixanthobacter sp.
PRJNA1071982	MFD12139_ilm_asm_bin3	LIB-MJ388-A6_02.3	GCA_049682855.1	JBAUIK000000000	SAMN40011625	Pontixanthobacter sp.
PRJNA1071982	MFD12121_ilm_asm_bin38	LIB-MJ388-A12_02.38	GCA_049682975.1	JBAUIN000000000	SAMN40011622	Pontixanthobacter sp.
PRJNA1071982	MFD10109_ilm_asm_bin6	LIB-MJ301-F11_01.6	GCA_049663965.1	JBATEK000000000	SAMN40009864	Porticoccaceae bacterium
PRJNA1071982	MFD10097_ilm_asm_bin12	LIB-MJ301-F5_01.12	GCA_049663945.1	JBATEI000000000	SAMN40009866	Porticoccaceae bacterium
PRJNA1071982	MFD09979_ilm_asm_bin6	LIB-MJ413-E2_01.6	GCA_049653125.1	JBASFR000000000	SAMN40012292	Porticoccaceae bacterium
PRJNA1071982	MFD12017_ilm_asm_bin13	LIB-MJ334-A12_01.13	GCA_049286825.1	JBAQEQ000000000	SAMN40010309	Porticoccaceae bacterium
PRJNA1071982	MFD09852_ilm_asm_bin8	LIB-MJ413-G2_01.8	GCA_049277035.1	JBASXP000000000	SAMN40012441	Porticoccaceae bacterium
PRJNA1071982	MFD12123_ilm_asm_bin2	LIB-MJ387-B2_01.2	GCA_049670865.1	JBATTZ000000000	SAMN40011565	Poseidonibacter sp.
PRJNA1071982	MFD10531_ilm_asm_bin37	LIB-MJ305-D10_04.37	GCA_049293255.1	JBATSK000000000	SAMN40010006	Prevotella sp.
PRJNA1071982	MFD12122_ilm_asm_bin36	LIB-MJ386-G6_04.36	GCA_049671465.1	JBATUY000000000	SAMN40011540	Pricia sp.
PRJNA1071982	MFD12121_ilm_asm_bin27	LIB-MJ388-A12_02.27	GCA_049683055.1	JBAUIP000000000	SAMN40011620	Pricia sp.
PRJNA1071982	MFD07026_ilm_asm_bin6	LIB-MJ146-E7_01.6	GCA_049691295.1	JBAVNR000000000	SAMN40008619	Priestia megaterium
PRJNA1071982	MFD07060_ilm_asm_bin4	LIB-MJ147-G5_02.4	GCA_049691135.1	JBAVNM000000000	SAMN40008624	Priestia megaterium
PRJNA1071982	MFD12209_ilm_asm_bin16	LIB-MJ388-C4_02.16	GCA_049651185.1	JBASBP000000000	SAMN40011633	Priestia megaterium
PRJNA1071982	MFD12224_ilm_asm_bin12	LIB-MJ388-G5_02.12	GCA_049650585.1	JBASAL000000000	SAMN40011664	Priestia megaterium
PRJNA1071982	MFD12216_ilm_asm_bin12	LIB-MJ389-D2_03.12	GCA_049647765.1	JBARYH000000000	SAMN40011720	Priestia megaterium
PRJNA1071982	MFD06954_ilm_asm_bin7	LIB-MJ282-D5_03.7	GCA_049684615.1	JBAVGC000000000	SAMN40009674	Prochlorococcaceae cyanobacterium
PRJNA1071982	MFD09915_ilm_asm_bin7	LIB-MJ301-D5_01.7	GCA_049664045.1	JBATEO000000000	SAMN40009860	Prochlorococcaceae cyanobacterium
PRJNA1071982	MFD09915_ilm_asm_bin11	LIB-MJ301-D5_01.11	GCA_049664085.1	JBATEP000000000	SAMN40009859	Prochlorococcaceae cyanobacterium
PRJNA1071982	MFD13488_ilm_asm_bin48	LIB-MJ413-E7_01.48	GCA_049652785.1	JBASEZ000000000	SAMN40012310	Prolixibacteraceae bacterium
PRJNA1071982	MFD13491_ilm_asm_bin15	LIB-MJ413-B7_01.15	GCA_049657045.1	JBASMV000000000	SAMN40012104	Prolixibacteraceae bacterium
PRJNA1071982	MFD10553_ilm_asm_bin8	LIB-MJ334-G1_01.8	GCA_049295735.1	JBAQRD000000000	SAMN40010583	Prolixibacteraceae bacterium
PRJNA1071982	MFD12113_ilm_asm_bin43	LIB-MJ413-G1_01.43	GCA_049277435.1	JBASYJ000000000	SAMN40012421	Prolixibacteraceae bacterium
PRJNA1071982	MFD12951_ilm_asm_bin5	LIB-MJ386-H6_04.5	GCA_049671145.1	JBATUM000000000	SAMN40011552	Promethearchaeia archaeon
PRJNA1071982	MFD00583_ilm_asm_bin32	LIB-MJ107-H4_02.32	GCA_049278835.1	JBAPMX000000000	SAMN40007977	Propionibacteriaceae bacterium
PRJNA1071982	MFD10555_ilm_asm_bin22	LIB-MJ334-A2_01.22	GCA_049286705.1	JBAQEJ000000000	SAMN40010316	Propionibacteriaceae bacterium
PRJNA1071982	MFD10546_ilm_asm_bin42	LIB-MJ334-D7_01.42	GCA_049297835.1	JBAQVA000000000	SAMN40010482	Propionibacterium sp.
PRJNA1071982	MFD10579_ilm_asm_bin4	LIB-MJ334-C5_01.4	GCA_049299335.1	JBAQXH000000000	SAMN40010423	Propioniciclava sp.
PRJNA1071982	MFD10587_ilm_asm_bin8	LIB-MJ334-C6_01.8	GCA_049299255.1	JBAQXD000000000	SAMN40010427	Propioniciclava sp.
PRJNA1071982	MFD10590_ilm_asm_bin10	LIB-MJ334-F6_01.10	GCA_049296295.1	JBAQSF000000000	SAMN40010555	Propioniciclava sp.
PRJNA1071982	MFD10515_ilm_asm_bin1	LIB-MJ305-C8_04.1	GCA_049293395.1	JBATSR000000000	SAMN40009999	Propionicimonas sp.
PRJNA1071982	MFD10524_ilm_asm_bin19	LIB-MJ305-D9_04.19	GCA_049292175.1	JBATQT000000000	SAMN40010049	Propionicimonas sp.
PRJNA1071982	MFD04369_ilm_asm_bin9	LIB-MJ306-D7_01.9	GCA_049288605.1	JBAQIA000000000	SAMN40010221	Propionicimonas sp.
PRJNA1071982	MFD02724_ilm_asm_bin17	LIB-MJ091-E7_03_v_LIB-MJ403-D9_03.17	GCA_049281675.1	JBAPSO000000000	SAMN40007830	Propionicimonas sp.
PRJNA1071982	MFD03980_ilm_asm_bin6	LIB-MJ169-A2_01.6	GCA_049688555.1	JBAVKY000000000	SAMN40008690	Propionicimonas sp.
PRJNA1071982	MFD13489_ilm_asm_bin6	LIB-MJ413-D7_01.6	GCA_049654665.1	JBASIF000000000	SAMN40012224	Propionicimonas sp.
PRJNA1071982	MFD13492_ilm_asm_bin63	LIB-MJ413-A7_01.63	GCA_049659185.1	JBASPJ000000000	SAMN40012038	Propionicimonas sp.
PRJNA1071982	MFD10506_ilm_asm_bin24	LIB-MJ305-B7_04.24	GCA_049662125.1	JBATAZ000000000	SAMN40009953	Propionicimonas sp.
PRJNA1071982	MFD10476_ilm_asm_bin38	LIB-MJ305-B3_04.38	GCA_049662305.1	JBATBJ000000000	SAMN40009943	Propionicimonas sp.
PRJNA1071982	MFD13507_ilm_asm_bin10	LIB-MJ390-D4_03.10	GCA_049644485.1	JBARRY000000000	SAMN40011885	Propionicimonas sp.
PRJNA1071982	MFD13440_ilm_asm_bin11	LIB-MJ390-E7_03.11	GCA_049643645.1	JBARQJ000000000	SAMN40011926	Propionicimonas sp.
PRJNA1071982	MFD12010_ilm_asm_bin26	LIB-MJ334-B11_01.26	GCA_049294395.1	JBAQCR000000000	SAMN40010360	Prosthecobacter sp.
PRJNA1071982	MFD12161_ilm_asm_bin5	LIB-MJ387-E5_01.5	GCA_049670425.1	JBATTG000000000	SAMN40011584	Proteocatella sp.
PRJNA1071982	MFD10529_ilm_asm_bin41	LIB-MJ305-A10_04.41	GCA_049663685.1	JBATDX000000000	SAMN40009877	Providencia rettgeri
PRJNA1071982	MFD12211_ilm_asm_bin2	LIB-MJ389-G11_03.2	GCA_049646905.1	JBARWP000000000	SAMN40011764	Pseudaminobacter sp.
PRJNA1071982	MFD12168_ilm_asm_bin10	LIB-MJ390-H2_03.10	GCA_049642315.1	JBAROS000000000	SAMN40011969	Pseudoalteromonas nigrifaciens
PRJNA1071982	MFD12117_ilm_asm_bin4	LIB-MJ387-F1_01.4	GCA_049670205.1	JBATTA000000000	SAMN40011590	Pseudoalteromonas nigrifaciens
PRJNA1071982	MFD12122_ilm_asm_bin14	LIB-MJ386-G6_04.14	GCA_049671585.1	JBATVC000000000	SAMN40011536	Pseudoalteromonas rhizosphaerae
PRJNA1071982	MFD12081_ilm_asm_bin6	LIB-MJ335-H8_02.6	GCA_049301055.1	JBAQKN000000000	SAMN40010756	Pseudobdellovibrio sp.
PRJNA1071982	MFD12111_ilm_asm_bin13	LIB-MJ413-E1_01.13	GCA_049653785.1	JBASGY000000000	SAMN40012257	Pseudohongiellaceae bacterium
PRJNA1071982	MFD06109_ilm_asm_bin11	LIB-MJ336-C2_02.11	GCA_049300635.1	JBAQKC000000000	SAMN40010767	Pseudolabrys sp.
PRJNA1071982	MFD06694_ilm_asm_bin3	LIB-MJ336-D2_02.3	GCA_049300515.1	JBAQJW000000000	SAMN40010773	Pseudolabrys sp.
PRJNA1071982	MFD01316_ilm_asm_bin8	LIB-MJ091-G10_03.8	GCA_049281575.1	JBAPSJ000000000	SAMN40007835	Pseudolabrys sp.
PRJNA1071982	MFD00663_ilm_asm_bin3	LIB-MJ092-D8_01.3	GCA_049281115.1	JBAPRM000000000	SAMN40007858	Pseudolabrys sp.
PRJNA1071982	MFD02311_ilm_asm_bin8	LIB-MJ092-A2_01.8	GCA_049281275.1	JBAPRT000000000	SAMN40007851	Pseudolabrys sp.
PRJNA1071982	MFD01155_ilm_asm_bin15	LIB-MJ093-B9_02.15	GCA_049280835.1	JBAPQX000000000	SAMN40007873	Pseudolabrys sp.
PRJNA1071982	MFD00547_ilm_asm_bin1	LIB-MJ051-B4_02.1	GCA_049285035.1	JBAPZB000000000	SAMN40007661	Pseudolabrys sp.
PRJNA1071982	MFD00084_ilm_asm_bin4	LIB-MJ054-D10_03.4	GCA_049284375.1	JBAPXU000000000	SAMN40007694	Pseudolabrys sp.
PRJNA1071982	MFD00261_ilm_asm_bin1	LIB-MJ054-E11_03.1	GCA_049284315.1	JBAPXR000000000	SAMN40007697	Pseudolabrys sp.
PRJNA1071982	MFD00447_ilm_asm_bin6	LIB-MJ054-G2_03.6	GCA_049284275.1	JBAPXP000000000	SAMN40007699	Pseudolabrys sp.
PRJNA1071982	MFD00460_ilm_asm_bin4	LIB-MJ055-B9_04.4	GCA_049283995.1	JBAPXC000000000	SAMN40007712	Pseudolabrys sp.
PRJNA1071982	MFD00534_ilm_asm_bin21	LIB-MJ055-F8_04.21	GCA_049283915.1	JBAPWX000000000	SAMN40007717	Pseudolabrys sp.
PRJNA1071982	MFD00534_ilm_asm_bin5	LIB-MJ055-F8_04.5	GCA_049283895.1	JBAPWW000000000	SAMN40007718	Pseudolabrys sp.
PRJNA1071982	MFD01078_ilm_asm_bin4	LIB-MJ089-D6_02.4	GCA_049282995.1	JBAPVD000000000	SAMN40007763	Pseudolabrys sp.
PRJNA1071982	MFD00533_ilm_asm_bin1	LIB-MJ090-D11_04.1	GCA_049282555.1	JBAPUG000000000	SAMN40007786	Pseudolabrys sp.
PRJNA1071982	MFD00720_ilm_asm_bin16	LIB-MJ088-E6_04_v_LIB-MJ365-E6_02.16	GCA_049283495.1	JBAPWC000000000	SAMN40007738	Pseudolabrys sp.
PRJNA1071982	MFD00720_ilm_asm_bin22	LIB-MJ088-E6_04_v_LIB-MJ365-E6_02.22	GCA_049283475.1	JBAPWB000000000	SAMN40007739	Pseudolabrys sp.
PRJNA1071982	MFD01059_ilm_asm_bin1	LIB-MJ088-C2_04_v_LIB-MJ365-C2_02.1	GCA_049283655.1	JBAPWK000000000	SAMN40007730	Pseudolabrys sp.
PRJNA1071982	MFD01059_ilm_asm_bin7	LIB-MJ088-C2_04_v_LIB-MJ365-C2_02.7	GCA_049283635.1	JBAPWJ000000000	SAMN40007731	Pseudolabrys sp.
PRJNA1071982	MFD01892_ilm_asm_bin10	LIB-MJ306-H2_01.10	GCA_049288385.1	JBAQHQ000000000	SAMN40010231	Pseudolabrys sp.
PRJNA1071982	MFD01920_ilm_asm_bin1	LIB-MJ307-B4_01.1	GCA_049287915.1	JBAQGS000000000	SAMN40010255	Pseudolabrys sp.
PRJNA1071982	MFD00532_ilm_asm_bin4	LIB-MJ044-A6_03.4	GCA_049286215.1	JBAQBL000000000	SAMN40007599	Pseudolabrys sp.
PRJNA1071982	MFD00483_ilm_asm_bin4	LIB-MJ044-H2_03.4	GCA_049286015.1	JBAQBA000000000	SAMN40007610	Pseudolabrys sp.
PRJNA1071982	MFD00065_ilm_asm_bin4	LIB-MJ050-H10_02.4	GCA_049285215.1	JBAPZL000000000	SAMN40007651	Pseudolabrys sp.
PRJNA1071982	MFD00001_ilm_asm_bin4	LIB-MJ050-D8_02_v_LIB-MJ408-E10_04.4	GCA_049285395.1	JBAPZU000000000	SAMN40007642	Pseudolabrys sp.
PRJNA1071982	MFD01075_ilm_asm_bin2	LIB-MJ107-E7_02_v_LIB-MJ367-E7_03.2	GCA_049278855.1	JBAPMY000000000	SAMN40007976	Pseudolabrys sp.
PRJNA1071982	MFD03604_ilm_asm_bin10	LIB-MJ109-D1_01.10	GCA_049278495.1	JBAPMG000000000	SAMN40007994	Pseudolabrys sp.
PRJNA1071982	MFD03598_ilm_asm_bin10	LIB-MJ109-E2_01.10	GCA_049278455.1	JBAPME000000000	SAMN40007996	Pseudolabrys sp.
PRJNA1071982	MFD02791_ilm_asm_bin8	LIB-MJ108-H8_02.8	GCA_049278595.1	JBAPML000000000	SAMN40007989	Pseudolabrys sp.
PRJNA1071982	MFD01102_ilm_asm_bin2	LIB-MJ108-G4_02.2	GCA_049278675.1	JBAPMO000000000	SAMN40007986	Pseudolabrys sp.
PRJNA1071982	MFD01154_ilm_asm_bin1	LIB-MJ108-A8_02.1	GCA_049278795.1	JBAPMV000000000	SAMN40007979	Pseudolabrys sp.
PRJNA1071982	MFD00753_ilm_asm_bin10	LIB-MJ106-G5_01.10	GCA_049279255.1	JBAPNS000000000	SAMN40007956	Pseudolabrys sp.
PRJNA1071982	MFD00701_ilm_asm_bin1	LIB-MJ106-E10_01.1	GCA_049279455.1	JBAPOD000000000	SAMN40007945	Pseudolabrys sp.
PRJNA1071982	MFD00701_ilm_asm_bin10	LIB-MJ106-E10_01.10	GCA_049279435.1	JBAPOC000000000	SAMN40007946	Pseudolabrys sp.
PRJNA1071982	MFD13966_ilm_asm_bin2	LIB-MJ414-E8_03.2	GCA_049273815.1	JBASRL000000000	SAMN40012601	Pseudolabrys sp.
PRJNA1071982	MFD07995_ilm_asm_bin8	LIB-MJ201-D2_03.8	GCA_049578045.1	JBAULF000000000	SAMN40009094	Pseudolabrys sp.
PRJNA1071982	MFD06827_ilm_asm_bin18	LIB-MJ201-B6_03.18	GCA_049578145.1	JBAULK000000000	SAMN40009089	Pseudolabrys sp.
PRJNA1071982	MFD05533_ilm_asm_bin3	LIB-MJ200-G7_04.3	GCA_049578245.1	JBAULQ000000000	SAMN40009083	Pseudolabrys sp.
PRJNA1071982	MFD00889_ilm_asm_bin6	LIB-MJ201-A8_03.6	GCA_049578225.1	JBAULM000000000	SAMN40009087	Pseudolabrys sp.
PRJNA1071982	MFD06839_ilm_asm_bin4	LIB-MJ201-A10_03.4	GCA_049578205.1	JBAULO000000000	SAMN40009085	Pseudolabrys sp.
PRJNA1071982	MFD08171_ilm_asm_bin5	LIB-MJ214-D4_02.5	GCA_049577705.1	JBAUKP000000000	SAMN40009110	Pseudolabrys sp.
PRJNA1071982	MFD08005_ilm_asm_bin2	LIB-MJ213-A6_01.2	GCA_049577785.1	JBAUKS000000000	SAMN40009107	Pseudolabrys sp.
PRJNA1071982	MFD04439_ilm_asm_bin7	LIB-MJ217-G3_03.7	GCA_049577265.1	JBAUJT000000000	SAMN40009132	Pseudolabrys sp.
PRJNA1071982	MFD08138_ilm_asm_bin4	LIB-MJ217-G6_03.4	GCA_049577245.1	JBAUJS000000000	SAMN40009133	Pseudolabrys sp.
PRJNA1071982	MFD08213_ilm_asm_bin5	LIB-MJ217-D11_03.5	GCA_049577425.1	JBAUJZ000000000	SAMN40009126	Pseudolabrys sp.
PRJNA1071982	MFD08406_ilm_asm_bin1	LIB-MJ217-B3_03.1	GCA_049577405.1	JBAUKA000000000	SAMN40009125	Pseudolabrys sp.
PRJNA1071982	MFD08388_ilm_asm_bin2	LIB-MJ217-F11_03.2	GCA_049577385.1	JBAUJY000000000	SAMN40009127	Pseudolabrys sp.
PRJNA1071982	MFD08533_ilm_asm_bin4	LIB-MJ217-A6_03.4	GCA_049577485.1	JBAUKC000000000	SAMN40009123	Pseudolabrys sp.
PRJNA1071982	MFD07925_ilm_asm_bin2	LIB-MJ215-G8_01.2	GCA_049577545.1	JBAUKF000000000	SAMN40009120	Pseudolabrys sp.
PRJNA1071982	MFD08534_ilm_asm_bin8	LIB-MJ217-A7_03.8	GCA_049577445.1	JBAUKB000000000	SAMN40009124	Pseudolabrys sp.
PRJNA1071982	MFD08102_ilm_asm_bin7	LIB-MJ214-H10_02.7	GCA_049577665.1	JBAUKM000000000	SAMN40009113	Pseudolabrys sp.
PRJNA1071982	MFD05051_ilm_asm_bin9	LIB-MJ195-F8_01_v_LIB-MJ415-A8_04.9	GCA_049580345.1	JBAUPT000000000	SAMN40008976	Pseudolabrys sp.
PRJNA1071982	MFD08937_ilm_asm_bin15	LIB-MJ260-C1_01_v_LIB-MJ406-E7_04.15	GCA_049580545.1	JBAUQD000000000	SAMN40009590	Pseudolabrys sp.
PRJNA1071982	MFD04961_ilm_asm_bin3	LIB-MJ196-B3_02_v_LIB-MJ366-B3_04.3	GCA_049580065.1	JBAUPC000000000	SAMN40008993	Pseudolabrys sp.
PRJNA1071982	MFD04393_ilm_asm_bin9	LIB-MJ196-A9_02.9	GCA_049580125.1	JBAUPE000000000	SAMN40008991	Pseudolabrys sp.
PRJNA1071982	MFD05546_ilm_asm_bin16	LIB-MJ196-A10_02_v_LIB-MJ366-A10_04.16	GCA_049580185.1	JBAUPJ000000000	SAMN40008986	Pseudolabrys sp.
PRJNA1071982	MFD05546_ilm_asm_bin21	LIB-MJ196-A10_02_v_LIB-MJ366-A10_04.21	GCA_049580165.1	JBAUPI000000000	SAMN40008987	Pseudolabrys sp.
PRJNA1071982	MFD05013_ilm_asm_bin13	LIB-MJ196-H5_02_v_LIB-MJ366-H5_04.13	GCA_049579645.1	JBAUOH000000000	SAMN40009014	Pseudolabrys sp.
PRJNA1071982	MFD04890_ilm_asm_bin12	LIB-MJ197-F5_03_v_LIB-MJ366-F5_03.12	GCA_049579465.1	JBAUNX000000000	SAMN40009024	Pseudolabrys sp.
PRJNA1071982	MFD05059_ilm_asm_bin5	LIB-MJ199-B3_04.5	GCA_049578845.1	JBAUMN000000000	SAMN40009060	Pseudolabrys sp.
PRJNA1071982	MFD04964_ilm_asm_bin14	LIB-MJ198-A3_03.14	GCA_049579265.1	JBAUNN000000000	SAMN40009034	Pseudolabrys sp.
PRJNA1071982	MFD04229_ilm_asm_bin4	LIB-MJ199-D8_04.4	GCA_049578685.1	JBAUMM000000000	SAMN40009061	Pseudolabrys sp.
PRJNA1071982	MFD04224_ilm_asm_bin10	LIB-MJ199-E3_04.10	GCA_049578645.1	JBAUMK000000000	SAMN40009063	Pseudolabrys sp.
PRJNA1071982	MFD04988_ilm_asm_bin5	LIB-MJ199-G2_04.5	GCA_049578765.1	JBAUMJ000000000	SAMN40009064	Pseudolabrys sp.
PRJNA1071982	MFD04904_ilm_asm_bin4	LIB-MJ200-F5_04.4	GCA_049578325.1	JBAULT000000000	SAMN40009080	Pseudolabrys sp.
PRJNA1071982	MFD04957_ilm_asm_bin2	LIB-MJ200-C8_04.2	GCA_049578405.1	JBAULX000000000	SAMN40009076	Pseudolabrys sp.
PRJNA1071982	MFD04306_ilm_asm_bin3	LIB-MJ177-F4_03.3	GCA_049591315.1	JBAWES000000000	SAMN40008810	Pseudolabrys sp.
PRJNA1071982	MFD06838_ilm_asm_bin7	LIB-MJ193-F9_01.7	GCA_049589375.1	JBAWAQ000000000	SAMN40008916	Pseudolabrys sp.
PRJNA1071982	MFD04773_ilm_asm_bin3	LIB-MJ193-D10_01.3	GCA_049589535.1	JBAWAY000000000	SAMN40008908	Pseudolabrys sp.
PRJNA1071982	MFD09661_ilm_asm_bin14	LIB-MJ193-A8_01.14	GCA_049589575.1	JBAWBA000000000	SAMN40008906	Pseudolabrys sp.
PRJNA1071982	MFD05492_ilm_asm_bin16	LIB-MJ192-G7_04.16	GCA_049589715.1	JBAWBH000000000	SAMN40008899	Pseudolabrys sp.
PRJNA1071982	MFD09432_ilm_asm_bin2	LIB-MJ192-C2_04.2	GCA_049589955.1	JBAWBU000000000	SAMN40008886	Pseudolabrys sp.
PRJNA1071982	MFD06978_ilm_asm_bin5	LIB-MJ193-H8_01.5	GCA_049589155.1	JBAWAF000000000	SAMN40008927	Pseudolabrys sp.
PRJNA1071982	MFD01400_ilm_asm_bin6	LIB-MJ195-F11_01.6	GCA_049588375.1	JBAVYS000000000	SAMN40008966	Pseudolabrys sp.
PRJNA1071982	MFD02571_ilm_asm_bin2	LIB-MJ218-D8_04_v_LIB-MJ366-D8_03.2	GCA_049588235.1	JBAVFL000000000	SAMN40009197	Pseudolabrys sp.
PRJNA1071982	MFD05945_ilm_asm_bin10	LIB-MJ226-D6_01.10	GCA_049588015.1	JBAVFA000000000	SAMN40009208	Pseudolabrys sp.
PRJNA1071982	MFD05932_ilm_asm_bin4	LIB-MJ227-H7_02.4	GCA_049587235.1	JBAVDN000000000	SAMN40009247	Pseudolabrys sp.
PRJNA1071982	MFD05948_ilm_asm_bin5	LIB-MJ228-A4_01.5	GCA_049587215.1	JBAVDM000000000	SAMN40009248	Pseudolabrys sp.
PRJNA1071982	MFD09534_ilm_asm_bin3	LIB-MJ228-G7_01.3	GCA_049586935.1	JBAVCZ000000000	SAMN40009261	Pseudolabrys sp.
PRJNA1071982	MFD01746_ilm_asm_bin11	LIB-MJ229-A6_03.11	GCA_049586915.1	JBAVCX000000000	SAMN40009263	Pseudolabrys sp.
PRJNA1071982	MFD01746_ilm_asm_bin4	LIB-MJ229-A6_03.4	GCA_049586895.1	JBAVCW000000000	SAMN40009264	Pseudolabrys sp.
PRJNA1071982	MFD05987_ilm_asm_bin8	LIB-MJ229-B8_03.8	GCA_049586875.1	JBAVCU000000000	SAMN40009266	Pseudolabrys sp.
PRJNA1071982	MFD05984_ilm_asm_bin3	LIB-MJ228-B4_01.3	GCA_049587075.1	JBAVDG000000000	SAMN40009254	Pseudolabrys sp.
PRJNA1071982	MFD05929_ilm_asm_bin13	LIB-MJ229-C4_03.13	GCA_049586835.1	JBAVCT000000000	SAMN40009267	Pseudolabrys sp.
PRJNA1071982	MFD05786_ilm_asm_bin9	LIB-MJ229-D6_03.9	GCA_049586795.1	JBAVCS000000000	SAMN40009268	Pseudolabrys sp.
PRJNA1071982	MFD08310_ilm_asm_bin5	LIB-MJ228-E2_01.5	GCA_049587015.1	JBAVDB000000000	SAMN40009259	Pseudolabrys sp.
PRJNA1071982	MFD04256_ilm_asm_bin2	LIB-MJ228-D6_01.2	GCA_049586995.1	JBAVDC000000000	SAMN40009258	Pseudolabrys sp.
PRJNA1071982	MFD06042_ilm_asm_bin9	LIB-MJ227-D1_02.9	GCA_049587595.1	JBAVEG000000000	SAMN40009228	Pseudolabrys sp.
PRJNA1071982	MFD04237_ilm_asm_bin7	LIB-MJ227-C6_02.7	GCA_049587655.1	JBAVEI000000000	SAMN40009226	Pseudolabrys sp.
PRJNA1071982	MFD05784_ilm_asm_bin6	LIB-MJ227-C9_02.6	GCA_049587635.1	JBAVEH000000000	SAMN40009227	Pseudolabrys sp.
PRJNA1071982	MFD06002_ilm_asm_bin1	LIB-MJ230-E6_03.1	GCA_049586415.1	JBAVBX000000000	SAMN40009289	Pseudolabrys sp.
PRJNA1071982	MFD05927_ilm_asm_bin3	LIB-MJ231-E7_04.3	GCA_049586055.1	JBAVBB000000000	SAMN40009311	Pseudolabrys sp.
PRJNA1071982	MFD04265_ilm_asm_bin1	LIB-MJ231-E6_04.1	GCA_049586035.1	JBAVBD000000000	SAMN40009309	Pseudolabrys sp.
PRJNA1071982	MFD04302_ilm_asm_bin12	LIB-MJ231-H11_04_v_LIB-MJ408-B12_04.12	GCA_049585955.1	JBAVAY000000000	SAMN40009314	Pseudolabrys sp.
PRJNA1071982	MFD05823_ilm_asm_bin5	LIB-MJ231-B2_04.5	GCA_049586275.1	JBAVBR000000000	SAMN40009295	Pseudolabrys sp.
PRJNA1071982	MFD08632_ilm_asm_bin7	LIB-MJ251-A3_04.7	GCA_049585135.1	JBAUZD000000000	SAMN40009356	Pseudolabrys sp.
PRJNA1071982	MFD08737_ilm_asm_bin12	LIB-MJ251-A6_04.12	GCA_049585115.1	JBAUZC000000000	SAMN40009357	Pseudolabrys sp.
PRJNA1071982	MFD09062_ilm_asm_bin5	LIB-MJ253-F6_01.5	GCA_049584015.1	JBAUWZ000000000	SAMN40009412	Pseudolabrys sp.
PRJNA1071982	MFD08690_ilm_asm_bin8	LIB-MJ252-D8_02.8	GCA_049584395.1	JBAUXS000000000	SAMN40009393	Pseudolabrys sp.
PRJNA1071982	MFD08718_ilm_asm_bin5	LIB-MJ251-E2_04.5	GCA_049584775.1	JBAUYL000000000	SAMN40009374	Pseudolabrys sp.
PRJNA1071982	MFD08846_ilm_asm_bin5	LIB-MJ251-E11_04.5	GCA_049584815.1	JBAUYN000000000	SAMN40009372	Pseudolabrys sp.
PRJNA1071982	MFD08634_ilm_asm_bin7	LIB-MJ251-B2_04.7	GCA_049585035.1	JBAUYY000000000	SAMN40009361	Pseudolabrys sp.
PRJNA1071982	MFD09652_ilm_asm_bin12	LIB-MJ259-F8_04.12	GCA_049581025.1	JBAURC000000000	SAMN40009565	Pseudolabrys sp.
PRJNA1071982	MFD07009_ilm_asm_bin2	LIB-MJ259-C11_04.2	GCA_049581285.1	JBAURP000000000	SAMN40009552	Pseudolabrys sp.
PRJNA1071982	MFD05838_ilm_asm_bin3	LIB-MJ259-C6_04.3	GCA_049581245.1	JBAURO000000000	SAMN40009553	Pseudolabrys sp.
PRJNA1071982	MFD02923_ilm_asm_bin43	LIB-MJ256-H7_03.43	GCA_049581865.1	JBAUSU000000000	SAMN40009521	Pseudolabrys sp.
PRJNA1071982	MFD06815_ilm_asm_bin7	LIB-MJ254-G6_02.7	GCA_049583185.1	JBAUVL000000000	SAMN40009452	Pseudolabrys sp.
PRJNA1071982	MFD01870_ilm_asm_bin7	LIB-MJ256-A4_03.7	GCA_049582345.1	JBAUTU000000000	SAMN40009495	Pseudolabrys sp.
PRJNA1071982	MFD10140_ilm_asm_bin12	LIB-MJ402-H7_04.12	GCA_049641965.1	JBAROE000000000	SAMN40011983	Pseudolabrys sp.
PRJNA1071982	MFD10695_ilm_asm_bin8	LIB-MJ402-A8_04.8	GCA_049641955.1	JBAROG000000000	SAMN40011981	Pseudolabrys sp.
PRJNA1071982	MFD06375_ilm_asm_bin2	LIB-MJ409-A11_01.2	GCA_049641865.1	JBAROA000000000	SAMN40011987	Pseudolabrys sp.
PRJNA1071982	MFD10140_ilm_asm_bin5	LIB-MJ402-H7_04.5	GCA_049641915.1	JBAROD000000000	SAMN40011984	Pseudolabrys sp.
PRJNA1071982	MFD02908_ilm_asm_bin3	LIB-MJ389-A3_03.3	GCA_049649755.1	JBARZH000000000	SAMN40011694	Pseudolabrys sp.
PRJNA1071982	MFD11033_ilm_asm_bin10	LIB-MJ385-A6_04.10	GCA_049674285.1	JBATYV000000000	SAMN40011439	Pseudolabrys sp.
PRJNA1071982	MFD10891_ilm_asm_bin13	LIB-MJ385-D4_04.13	GCA_049674005.1	JBATYI000000000	SAMN40011452	Pseudolabrys sp.
PRJNA1071982	MFD10813_ilm_asm_bin9	LIB-MJ385-B10_04.9	GCA_049674125.1	JBATYN000000000	SAMN40011447	Pseudolabrys sp.
PRJNA1071982	MFD11061_ilm_asm_bin1	LIB-MJ385-F2_04.1	GCA_049673925.1	JBATYF000000000	SAMN40011455	Pseudolabrys sp.
PRJNA1071982	MFD06220_ilm_asm_bin1	LIB-MJ354-C12_04_v_LIB-MJ367-C12_04.1	GCA_049680445.1	JBAUHU000000000	SAMN40011206	Pseudolabrys sp.
PRJNA1071982	MFD08372_ilm_asm_bin6	LIB-MJ282-H9_03.6	GCA_049684295.1	JBAVFU000000000	SAMN40009682	Pseudolabrys sp.
PRJNA1071982	MFD05911_ilm_asm_bin5	LIB-MJ280-G4_02.5	GCA_049685735.1	JBAVHI000000000	SAMN40009642	Pseudolabrys sp.
PRJNA1071982	MFD09060_ilm_asm_bin5	LIB-MJ281-A8_01.5	GCA_049685575.1	JBAVHF000000000	SAMN40009645	Pseudolabrys sp.
PRJNA1071982	MFD10024_ilm_asm_bin2	LIB-MJ281-F2_01.2	GCA_049685195.1	JBAVGV000000000	SAMN40009655	Pseudolabrys sp.
PRJNA1071982	MFD10003_ilm_asm_bin10	LIB-MJ281-H3_01.10	GCA_049685155.1	JBAVGU000000000	SAMN40009656	Pseudolabrys sp.
PRJNA1071982	MFD05923_ilm_asm_bin14	LIB-MJ282-A3_03.14	GCA_049685035.1	JBAVGR000000000	SAMN40009659	Pseudolabrys sp.
PRJNA1071982	MFD02249_ilm_asm_bin5	LIB-MJ263-A4_04.5	GCA_049686895.1	JBAVIM000000000	SAMN40009612	Pseudolabrys sp.
PRJNA1071982	MFD01923_ilm_asm_bin18	LIB-MJ262-B4_03.18	GCA_049687135.1	JBAVIU000000000	SAMN40009604	Pseudolabrys sp.
PRJNA1071982	MFD05919_ilm_asm_bin13	LIB-MJ280-D9_02_v_LIB-MJ410-A10_02.13	GCA_049685875.1	JBAVHN000000000	SAMN40009637	Pseudolabrys sp.
PRJNA1071982	MFD09076_ilm_asm_bin10	LIB-MJ263-H8_04.10	GCA_049686195.1	JBAVHU000000000	SAMN40009630	Pseudolabrys sp.
PRJNA1071982	MFD10030_ilm_asm_bin6	LIB-MJ279-G4_02.6	GCA_049686115.1	JBAVHR000000000	SAMN40009633	Pseudolabrys sp.
PRJNA1071982	MFD03296_ilm_asm_bin3	LIB-MJ354-C7_04.3	GCA_049680165.1	JBAUHH000000000	SAMN40011219	Pseudolabrys sp.
PRJNA1071982	MFD12521_ilm_asm_bin2	LIB-MJ381-H5_02.2	GCA_049678005.1	JBAUDJ000000000	SAMN40011321	Pseudolabrys sp.
PRJNA1071982	MFD12482_ilm_asm_bin2	LIB-MJ382-A11_02.2	GCA_049677985.1	JBAUDI000000000	SAMN40011322	Pseudolabrys sp.
PRJNA1071982	MFD10788_ilm_asm_bin2	LIB-MJ381-F6_02.2	GCA_049678145.1	JBAUDP000000000	SAMN40011315	Pseudolabrys sp.
PRJNA1071982	MFD10984_ilm_asm_bin4	LIB-MJ381-E7_02.4	GCA_049678125.1	JBAUDR000000000	SAMN40011313	Pseudolabrys sp.
PRJNA1071982	MFD11091_ilm_asm_bin5	LIB-MJ381-A7_02.5	GCA_049678685.1	JBAUER000000000	SAMN40011287	Pseudolabrys sp.
PRJNA1071982	MFD12434_ilm_asm_bin4	LIB-MJ380-G6_03.4	GCA_049678735.1	JBAUES000000000	SAMN40011286	Pseudolabrys sp.
PRJNA1071982	MFD10828_ilm_asm_bin14	LIB-MJ380-C7_03.14	GCA_049678945.1	JBAUFC000000000	SAMN40011276	Pseudolabrys sp.
PRJNA1071982	MFD12441_ilm_asm_bin5	LIB-MJ382-G10_02.5	GCA_049677665.1	JBAUCR000000000	SAMN40011339	Pseudolabrys sp.
PRJNA1071982	MFD12523_ilm_asm_bin1	LIB-MJ383-F5_01.1	GCA_049676405.1	JBAUBD000000000	SAMN40011379	Pseudolabrys sp.
PRJNA1071982	MFD11071_ilm_asm_bin10	LIB-MJ383-F9_01.10	GCA_049676345.1	JBAUBC000000000	SAMN40011380	Pseudolabrys sp.
PRJNA1071982	MFD11071_ilm_asm_bin7	LIB-MJ383-F9_01.7	GCA_049676325.1	JBAUBB000000000	SAMN40011381	Pseudolabrys sp.
PRJNA1071982	MFD01455_ilm_asm_bin5	LIB-MJ151-C1_04.5	GCA_049689795.1	JBAVMF000000000	SAMN40008657	Pseudolabrys sp.
PRJNA1071982	MFD03046_ilm_asm_bin8	LIB-MJ151-A3_04.8	GCA_049689915.1	JBAVMI000000000	SAMN40008654	Pseudolabrys sp.
PRJNA1071982	MFD02720_ilm_asm_bin4	LIB-MJ149-H8_03.4	GCA_049690055.1	JBAVMM000000000	SAMN40008650	Pseudolabrys sp.
PRJNA1071982	MFD03992_ilm_asm_bin3	LIB-MJ149-C11_03.3	GCA_049690395.1	JBAVMT000000000	SAMN40008643	Pseudolabrys sp.
PRJNA1071982	MFD03010_ilm_asm_bin4	LIB-MJ151-H11_04_v_LIB-MJ404-B12_03.4	GCA_049689555.1	JBAVLZ000000000	SAMN40008663	Pseudolabrys sp.
PRJNA1071982	MFD01779_ilm_asm_bin8	LIB-MJ151-E4_04_v_LIB-MJ404-A12_03.8	GCA_049689675.1	JBAVMC000000000	SAMN40008660	Pseudolabrys sp.
PRJNA1071982	MFD07709_ilm_asm_bin12	LIB-MJ168-H8_02.12	GCA_049688635.1	JBAVLC000000000	SAMN40008686	Pseudolabrys sp.
PRJNA1071982	MFD07079_ilm_asm_bin1	LIB-MJ169-A1_01.1	GCA_049688615.1	JBAVLB000000000	SAMN40008687	Pseudolabrys sp.
PRJNA1071982	MFD07372_ilm_asm_bin6	LIB-MJ167-F1_02.6	GCA_049689015.1	JBAVLM000000000	SAMN40008676	Pseudolabrys sp.
PRJNA1071982	MFD07562_ilm_asm_bin3	LIB-MJ167-C1_02.3	GCA_049689195.1	JBAVLQ000000000	SAMN40008672	Pseudolabrys sp.
PRJNA1071982	MFD07445_ilm_asm_bin14	LIB-MJ167-B1_02.14	GCA_049689255.1	JBAVLS000000000	SAMN40008670	Pseudolabrys sp.
PRJNA1071982	MFD07432_ilm_asm_bin10	LIB-MJ167-B2_02.10	GCA_049689235.1	JBAVLR000000000	SAMN40008671	Pseudolabrys sp.
PRJNA1071982	MFD07703_ilm_asm_bin17	LIB-MJ169-B4_01.17	GCA_049688535.1	JBAVKX000000000	SAMN40008691	Pseudolabrys sp.
PRJNA1071982	MFD07400_ilm_asm_bin3	LIB-MJ169-C1_01.3	GCA_049688515.1	JBAVKW000000000	SAMN40008692	Pseudolabrys sp.
PRJNA1071982	MFD07707_ilm_asm_bin5	LIB-MJ169-H8_01.5	GCA_049688415.1	JBAVKR000000000	SAMN40008697	Pseudolabrys sp.
PRJNA1071982	MFD07145_ilm_asm_bin8	LIB-MJ169-C9_01.8	GCA_049688475.1	JBAVKU000000000	SAMN40008694	Pseudolabrys sp.
PRJNA1071982	MFD07700_ilm_asm_bin3	LIB-MJ169-E5_01.3	GCA_049688455.1	JBAVKT000000000	SAMN40008695	Pseudolabrys sp.
PRJNA1071982	MFD07649_ilm_asm_bin13	LIB-MJ171-C11_04.13	GCA_049688355.1	JBAVKO000000000	SAMN40008700	Pseudolabrys sp.
PRJNA1071982	MFD07460_ilm_asm_bin1	LIB-MJ171-F9_04.1	GCA_049688315.1	JBAVKM000000000	SAMN40008702	Pseudolabrys sp.
PRJNA1071982	MFD07601_ilm_asm_bin8	LIB-MJ172-F5_04.8	GCA_049687955.1	JBAVJV000000000	SAMN40008719	Pseudolabrys sp.
PRJNA1071982	MFD07650_ilm_asm_bin1	LIB-MJ173-B8_01.1	GCA_049687715.1	JBAVJJ000000000	SAMN40008731	Pseudolabrys sp.
PRJNA1071982	MFD01612_ilm_asm_bin14	LIB-MJ261-F4_01.14	GCA_049687315.1	JBAVIX000000000	SAMN40009601	Pseudolabrys sp.
PRJNA1071982	MFD02241_ilm_asm_bin2	LIB-MJ261-E10_01.2	GCA_049687375.1	JBAVIY000000000	SAMN40009600	Pseudolabrys sp.
PRJNA1071982	MFD02986_ilm_asm_bin2	LIB-MJ147-H1_02_v_LIB-MJ403-B8_03.2	GCA_049691055.1	JBAVNL000000000	SAMN40008625	Pseudolabrys sp.
PRJNA1071982	MFD03067_ilm_asm_bin2	LIB-MJ148-D7_02.2	GCA_049690935.1	JBAVNI000000000	SAMN40008628	Pseudolabrys sp.
PRJNA1071982	MFD01856_ilm_asm_bin7	LIB-MJ148-F5_02_v_LIB-MJ407-H9_04.7	GCA_049690815.1	JBAVNF000000000	SAMN40008631	Pseudolabrys sp.
PRJNA1071982	MFD02912_ilm_asm_bin7	LIB-MJ140-A5_02.7	GCA_049692715.1	JBAVPD000000000	SAMN40008581	Pseudolabrys sp.
PRJNA1071982	MFD02690_ilm_asm_bin4	LIB-MJ140-F6_02.4	GCA_049691935.1	JBAVOH000000000	SAMN40008603	Pseudolabrys sp.
PRJNA1071982	MFD02930_ilm_asm_bin4	LIB-MJ140-C1_02.4	GCA_049692495.1	JBAVOX000000000	SAMN40008587	Pseudolabrys sp.
PRJNA1071982	MFD01670_ilm_asm_bin1	LIB-MJ133-H10_03.1	GCA_049696315.1	JBAVTP000000000	SAMN40008465	Pseudolabrys sp.
PRJNA1071982	MFD00748_ilm_asm_bin10	LIB-MJ133-A6_03.10	GCA_049696475.1	JBAVTX000000000	SAMN40008457	Pseudolabrys sp.
PRJNA1071982	MFD00748_ilm_asm_bin9	LIB-MJ133-A6_03.9	GCA_049696455.1	JBAVTW000000000	SAMN40008458	Pseudolabrys sp.
PRJNA1071982	MFD02036_ilm_asm_bin5	LIB-MJ132-F9_03.5	GCA_049696735.1	JBAVUK000000000	SAMN40008444	Pseudolabrys sp.
PRJNA1071982	MFD03920_ilm_asm_bin1	LIB-MJ132-G3_03.1	GCA_049696715.1	JBAVUJ000000000	SAMN40008445	Pseudolabrys sp.
PRJNA1071982	MFD02373_ilm_asm_bin7	LIB-MJ132-E1_03.7	GCA_049696935.1	JBAVUU000000000	SAMN40008434	Pseudolabrys sp.
PRJNA1071982	MFD02369_ilm_asm_bin21	LIB-MJ135-C2_04_v_LIB-MJ367-C2_04.21	GCA_049695195.1	JBAVRS000000000	SAMN40008514	Pseudolabrys sp.
PRJNA1071982	MFD02881_ilm_asm_bin2	LIB-MJ134-F5_03_v_LIB-MJ404-F7_03.2	GCA_049695355.1	JBAVSA000000000	SAMN40008506	Pseudolabrys sp.
PRJNA1071982	MFD02915_ilm_asm_bin1	LIB-MJ134-B9_03.1	GCA_049695795.1	JBAVSV000000000	SAMN40008485	Pseudolabrys sp.
PRJNA1071982	MFD02915_ilm_asm_bin5	LIB-MJ134-B9_03.5	GCA_049695775.1	JBAVSU000000000	SAMN40008486	Pseudolabrys sp.
PRJNA1071982	MFD02910_ilm_asm_bin2	LIB-MJ138-A3_03.2	GCA_049694595.1	JBAVRB000000000	SAMN40008531	Pseudolabrys sp.
PRJNA1071982	MFD02456_ilm_asm_bin3	LIB-MJ137-C1_02.3	GCA_049694715.1	JBAVRF000000000	SAMN40008527	Pseudolabrys sp.
PRJNA1071982	MFD02199_ilm_asm_bin6	LIB-MJ135-G2_04_v_LIB-MJ367-G2_04.6	GCA_049694855.1	JBAVRJ000000000	SAMN40008523	Pseudolabrys sp.
PRJNA1071982	MFD03889_ilm_asm_bin5	LIB-MJ138-A4_03.5	GCA_049694575.1	JBAVRA000000000	SAMN40008532	Pseudolabrys sp.
PRJNA1071982	MFD02685_ilm_asm_bin4	LIB-MJ138-H10_03.4	GCA_049694015.1	JBAVQL000000000	SAMN40008547	Pseudolabrys sp.
PRJNA1071982	MFD02884_ilm_asm_bin2	LIB-MJ139-B1_01.2	GCA_049693735.1	JBAVQE000000000	SAMN40008554	Pseudolabrys sp.
PRJNA1071982	MFD02234_ilm_asm_bin4	LIB-MJ139-A9_01.4	GCA_049693775.1	JBAVQF000000000	SAMN40008553	Pseudolabrys sp.
PRJNA1071982	MFD01668_ilm_asm_bin6	LIB-MJ139-D1_01.6	GCA_049693495.1	JBAVPY000000000	SAMN40008560	Pseudolabrys sp.
PRJNA1071982	MFD02516_ilm_asm_bin9	LIB-MJ139-C8_01.9	GCA_049693575.1	JBAVPZ000000000	SAMN40008559	Pseudolabrys sp.
PRJNA1071982	MFD03716_ilm_asm_bin1	LIB-MJ139-H5_01.1	GCA_049692995.1	JBAVPK000000000	SAMN40008574	Pseudolabrys sp.
PRJNA1071982	MFD02577_ilm_asm_bin3	LIB-MJ139-F6_01.3	GCA_049693235.1	JBAVPQ000000000	SAMN40008568	Pseudolabrys sp.
PRJNA1071982	MFD02948_ilm_asm_bin2	LIB-MJ139-E1_01.2	GCA_049693375.1	JBAVPT000000000	SAMN40008565	Pseudolabrys sp.
PRJNA1071982	MFD02345_ilm_asm_bin112	LIB-MJ139-D5_01.112	GCA_049693455.1	JBAVPW000000000	SAMN40008562	Pseudolabrys sp.
PRJNA1071982	MFD02814_ilm_asm_bin1	LIB-MJ110-H3_04.1	GCA_049705245.1	JBAVXR000000000	SAMN40008359	Pseudolabrys sp.
PRJNA1071982	MFD03860_ilm_asm_bin6	LIB-MJ110-F8_04.6	GCA_049698395.1	JBAVXS000000000	SAMN40008358	Pseudolabrys sp.
PRJNA1071982	MFD02812_ilm_asm_bin2	LIB-MJ110-E6_04.2	GCA_049698475.1	JBAVXW000000000	SAMN40008354	Pseudolabrys sp.
PRJNA1071982	MFD02890_ilm_asm_bin4	LIB-MJ129-C12_02.4	GCA_049698335.1	JBAVXM000000000	SAMN40008364	Pseudolabrys sp.
PRJNA1071982	MFD02890_ilm_asm_bin5	LIB-MJ129-C12_02.5	GCA_049698315.1	JBAVXL000000000	SAMN40008365	Pseudolabrys sp.
PRJNA1071982	MFD03714_ilm_asm_bin1	LIB-MJ129-C2_02.1	GCA_049698275.1	JBAVXK000000000	SAMN40008366	Pseudolabrys sp.
PRJNA1071982	MFD01556_ilm_asm_bin5	LIB-MJ129-E9_02.5	GCA_049698235.1	JBAVXG000000000	SAMN40008370	Pseudolabrys sp.
PRJNA1071982	MFD00728_ilm_asm_bin5	LIB-MJ110-B2_04.5	GCA_049698815.1	JBAVYN000000000	SAMN40008337	Pseudolabrys sp.
PRJNA1071982	MFD02773_ilm_asm_bin9	LIB-MJ131-C9_01.9	GCA_049697335.1	JBAVVO000000000	SAMN40008414	Pseudolabrys sp.
PRJNA1071982	MFD03856_ilm_asm_bin4	LIB-MJ130-D2_01.4	GCA_049697795.1	JBAVWL000000000	SAMN40008391	Pseudolabrys sp.
PRJNA1071982	MFD02758_ilm_asm_bin3	LIB-MJ129-F2_02.3	GCA_049698155.1	JBAVXD000000000	SAMN40008373	Pseudolabrys sp.
PRJNA1071982	MFD02727_ilm_asm_bin5	LIB-MJ129-F5_02.5	GCA_049698135.1	JBAVXC000000000	SAMN40008374	Pseudolabrys sp.
PRJNA1071982	MFD01679_ilm_asm_bin6	LIB-MJ129-H10_02.6	GCA_049698035.1	JBAVWX000000000	SAMN40008379	Pseudolabrys sp.
PRJNA1071982	MFD03940_ilm_asm_bin7	LIB-MJ129-G5_02.7	GCA_049698075.1	JBAVWY000000000	SAMN40008378	Pseudolabrys sp.
PRJNA1071982	MFD09842_ilm_asm_bin53	LIB-MJ339-B7_03.53	GCA_049801515.1	JBARKR000000000	SAMN40010874	Pseudolabrys sp.
PRJNA1071982	MFD06765_ilm_asm_bin4	LIB-MJ339-B12_03_v_LIB-MJ405-G5_01.4	GCA_049801575.1	JBARKU000000000	SAMN40010871	Pseudolabrys sp.
PRJNA1071982	MFD06300_ilm_asm_bin71	LIB-MJ339-D7_03.71	GCA_049800495.1	JBARJX000000000	SAMN40010894	Pseudolabrys sp.
PRJNA1071982	MFD06685_ilm_asm_bin97	LIB-MJ339-A7_03.97	GCA_049801635.1	JBARKX000000000	SAMN40010868	Pseudolabrys sp.
PRJNA1071982	MFD06147_ilm_asm_bin10	LIB-MJ338-H3_04.10	GCA_049801735.1	JBARLC000000000	SAMN40010863	Pseudolabrys sp.
PRJNA1071982	MFD06062_ilm_asm_bin7	LIB-MJ337-G11_03.7	GCA_049802495.1	JBARMO000000000	SAMN40010825	Pseudolabrys sp.
PRJNA1071982	MFD06409_ilm_asm_bin3	LIB-MJ337-F11_03.3	GCA_049802615.1	JBARMU000000000	SAMN40010819	Pseudolabrys sp.
PRJNA1071982	MFD06221_ilm_asm_bin19	LIB-MJ337-E4_03.19	GCA_049802815.1	JBARNE000000000	SAMN40010809	Pseudolabrys sp.
PRJNA1071982	MFD06221_ilm_asm_bin7	LIB-MJ337-E4_03.7	GCA_049802795.1	JBARND000000000	SAMN40010810	Pseudolabrys sp.
PRJNA1071982	MFD10948_ilm_asm_bin10	LIB-MJ337-E6_03_v_LIB-MJ404-C4_03.10	GCA_049802775.1	JBARNC000000000	SAMN40010811	Pseudolabrys sp.
PRJNA1071982	MFD06648_ilm_asm_bin15	LIB-MJ340-A9_01_v_LIB-MJ406-D6_04.15	GCA_049799935.1	JBARIV000000000	SAMN40010922	Pseudolabrys sp.
PRJNA1071982	MFD06251_ilm_asm_bin10	LIB-MJ342-C6_02.10	GCA_049798535.1	JBARGT000000000	SAMN40010976	Pseudolabrys sp.
PRJNA1071982	MFD09363_ilm_asm_bin2	LIB-MJ342-C11_02.2	GCA_049798515.1	JBARGU000000000	SAMN40010975	Pseudolabrys sp.
PRJNA1071982	MFD06390_ilm_asm_bin7	LIB-MJ342-B8_02.7	GCA_049798615.1	JBARGW000000000	SAMN40010973	Pseudolabrys sp.
PRJNA1071982	MFD06553_ilm_asm_bin1	LIB-MJ342-C1_02.1	GCA_049798595.1	JBARGV000000000	SAMN40010974	Pseudolabrys sp.
PRJNA1071982	MFD10138_ilm_asm_bin1	LIB-MJ342-G2_02.1	GCA_049798015.1	JBARGG000000000	SAMN40010989	Pseudolabrys sp.
PRJNA1071982	MFD10686_ilm_asm_bin8	LIB-MJ342-E2_02.8	GCA_049798315.1	JBARGN000000000	SAMN40010982	Pseudolabrys sp.
PRJNA1071982	MFD06323_ilm_asm_bin5	LIB-MJ341-F11_02_v_LIB-MJ367-F11_04.5	GCA_049799255.1	JBARHN000000000	SAMN40010956	Pseudolabrys sp.
PRJNA1071982	MFD10687_ilm_asm_bin1	LIB-MJ346-D3_02_v_LIB-MJ365-D3_04.1	GCA_049795235.1	JBARDO000000000	SAMN40011059	Pseudolabrys sp.
PRJNA1071982	MFD10688_ilm_asm_bin2	LIB-MJ345-D1_01.2	GCA_049795495.1	JBARDV000000000	SAMN40011052	Pseudolabrys sp.
PRJNA1071982	MFD06295_ilm_asm_bin5	LIB-MJ345-C11_01_v_LIB-MJ365-C11_02.5	GCA_049795575.1	JBARDX000000000	SAMN40011050	Pseudolabrys sp.
PRJNA1071982	MFD10146_ilm_asm_bin6	LIB-MJ345-C6_01_v_LIB-MJ365-C6_02.6	GCA_049795555.1	JBARDW000000000	SAMN40011051	Pseudolabrys sp.
PRJNA1071982	MFD10183_ilm_asm_bin3	LIB-MJ345-E10_01.3	GCA_049795415.1	JBARDT000000000	SAMN40011054	Pseudolabrys sp.
PRJNA1071982	MFD10688_ilm_asm_bin3	LIB-MJ345-D1_01.3	GCA_049795455.1	JBARDU000000000	SAMN40011053	Pseudolabrys sp.
PRJNA1071982	MFD09761_ilm_asm_bin1	LIB-MJ345-E6_01_v_LIB-MJ365-E6_03.1	GCA_049795355.1	JBARDS000000000	SAMN40011055	Pseudolabrys sp.
PRJNA1071982	MFD10179_ilm_asm_bin8	LIB-MJ344-H3_04.8	GCA_049795815.1	JBARED000000000	SAMN40011044	Pseudolabrys sp.
PRJNA1071982	MFD10612_ilm_asm_bin10	LIB-MJ344-H7_04.10	GCA_049795795.1	JBAREC000000000	SAMN40011045	Pseudolabrys sp.
PRJNA1071982	MFD06617_ilm_asm_bin3	LIB-MJ345-A8_01_v_LIB-MJ365-A8_02.3	GCA_049795715.1	JBAREB000000000	SAMN40011046	Pseudolabrys sp.
PRJNA1071982	MFD10154_ilm_asm_bin6	LIB-MJ345-B6_01_v_LIB-MJ365-B6_02.6	GCA_049795695.1	JBAREA000000000	SAMN40011047	Pseudolabrys sp.
PRJNA1071982	MFD10642_ilm_asm_bin9	LIB-MJ344-G7_04.9	GCA_049795935.1	JBAREG000000000	SAMN40011041	Pseudolabrys sp.
PRJNA1071982	MFD09460_ilm_asm_bin11	LIB-MJ344-F7_04.11	GCA_049796175.1	JBAREN000000000	SAMN40011034	Pseudolabrys sp.
PRJNA1071982	MFD10112_ilm_asm_bin4	LIB-MJ342-G7_02.4	GCA_049797935.1	JBARGF000000000	SAMN40010990	Pseudolabrys sp.
PRJNA1071982	MFD10119_ilm_asm_bin4	LIB-MJ342-H3_02.4	GCA_049797915.1	JBARGD000000000	SAMN40010992	Pseudolabrys sp.
PRJNA1071982	MFD10150_ilm_asm_bin7	LIB-MJ342-G9_02.7	GCA_049797895.1	JBARGE000000000	SAMN40010991	Pseudolabrys sp.
PRJNA1071982	MFD06365_ilm_asm_bin10	LIB-MJ342-H4_02.10	GCA_049797795.1	JBARGC000000000	SAMN40010993	Pseudolabrys sp.
PRJNA1071982	MFD09793_ilm_asm_bin11	LIB-MJ342-D11_02.11	GCA_049798435.1	JBARGR000000000	SAMN40010978	Pseudolabrys sp.
PRJNA1071982	MFD10652_ilm_asm_bin2	LIB-MJ343-A7_01.2	GCA_049797695.1	JBARFZ000000000	SAMN40010996	Pseudolabrys sp.
PRJNA1071982	MFD10169_ilm_asm_bin5	LIB-MJ343-C12_01.5	GCA_049797715.1	JBARFY000000000	SAMN40010997	Pseudolabrys sp.
PRJNA1071982	MFD10607_ilm_asm_bin1	LIB-MJ343-D8_01.1	GCA_049797335.1	JBARFO000000000	SAMN40011007	Pseudolabrys sp.
PRJNA1071982	MFD10629_ilm_asm_bin6	LIB-MJ344-C2_04.6	GCA_049796675.1	JBAREZ000000000	SAMN40011022	Pseudolabrys sp.
PRJNA1071982	MFD10653_ilm_asm_bin2	LIB-MJ344-C7_04.2	GCA_049796655.1	JBAREY000000000	SAMN40011023	Pseudolabrys sp.
PRJNA1071982	MFD09609_ilm_asm_bin9	LIB-MJ344-D4_04.9	GCA_049796635.1	JBAREX000000000	SAMN40011024	Pseudolabrys sp.
PRJNA1071982	MFD10655_ilm_asm_bin9	LIB-MJ344-B6_04.9	GCA_049796835.1	JBARFC000000000	SAMN40011019	Pseudolabrys sp.
PRJNA1071982	MFD06235_ilm_asm_bin2	LIB-MJ343-G9_01.2	GCA_049797095.1	JBARFI000000000	SAMN40011013	Pseudolabrys sp.
PRJNA1071982	MFD10188_ilm_asm_bin6	LIB-MJ343-E7_01.6	GCA_049797235.1	JBARFM000000000	SAMN40011009	Pseudolabrys sp.
PRJNA1071982	MFD10630_ilm_asm_bin6	LIB-MJ344-A9_04.6	GCA_049796975.1	JBARFF000000000	SAMN40011016	Pseudolabrys sp.
PRJNA1071982	MFD10133_ilm_asm_bin10	LIB-MJ343-F9_01.10	GCA_049797135.1	JBARFK000000000	SAMN40011011	Pseudolabrys sp.
PRJNA1071982	MFD10636_ilm_asm_bin1	LIB-MJ344-B10_04.1	GCA_049796895.1	JBARFE000000000	SAMN40011017	Pseudolabrys sp.
PRJNA1071982	MFD06273_ilm_asm_bin4	LIB-MJ344-B3_04.4	GCA_049796875.1	JBARFD000000000	SAMN40011018	Pseudolabrys sp.
PRJNA1071982	MFD03295_ilm_asm_bin9	LIB-MJ352-A8_03.9	GCA_049793875.1	JBARCH000000000	SAMN40011092	Pseudolabrys sp.
PRJNA1071982	MFD06311_ilm_asm_bin6	LIB-MJ347-C6_04_v_LIB-MJ368-C6_03.6	GCA_049794475.1	JBARCV000000000	SAMN40011078	Pseudolabrys sp.
PRJNA1071982	MFD10634_ilm_asm_bin4	LIB-MJ346-H3_02.4	GCA_049794855.1	JBARDF000000000	SAMN40011068	Pseudolabrys sp.
PRJNA1071982	MFD06261_ilm_asm_bin3	LIB-MJ352-G4_03_v_LIB-MJ368-G4_01.3	GCA_049791975.1	JBARAL000000000	SAMN40011140	Pseudolabrys sp.
PRJNA1071982	MFD06263_ilm_asm_bin3	LIB-MJ354-A10_04_v_LIB-MJ403-G5_03.3	GCA_049787095.1	JBAQYQ000000000	SAMN40011188	Pseudolabrys sp.
PRJNA1071982	MFD10537_ilm_asm_bin20	LIB-MJ305-C11_04.20	GCA_049661645.1	JBATAG000000000	SAMN40009972	Pseudolactococcus chungangensis
PRJNA1071982	MFD10559_ilm_asm_bin10	LIB-MJ334-E2_01.10	GCA_049297355.1	JBAQUD000000000	SAMN40010505	Pseudolactococcus chungangensis
PRJNA1071982	MFD10578_ilm_asm_bin11	LIB-MJ334-B5_01.11	GCA_049293875.1	JBAQCA000000000	SAMN40010377	Pseudolactococcus chungangensis
PRJNA1071982	MFD10591_ilm_asm_bin23	LIB-MJ334-G6_01.23	GCA_049295035.1	JBAQQE000000000	SAMN40010608	Pseudolactococcus chungangensis
PRJNA1071982	MFD10582_ilm_asm_bin20	LIB-MJ334-F5_01.20	GCA_049296375.1	JBAQSJ000000000	SAMN40010551	Pseudolactococcus chungangensis
PRJNA1071982	MFD10561_ilm_asm_bin31	LIB-MJ334-G2_01.31	GCA_049295515.1	JBAQQU000000000	SAMN40010592	Pseudolactococcus chungangensis
PRJNA1071982	MFD10583_ilm_asm_bin16	LIB-MJ334-G5_01.16	GCA_049295265.1	JBAQQN000000000	SAMN40010599	Pseudolactococcus raffinolactis
PRJNA1071982	MFD10561_ilm_asm_bin12	LIB-MJ334-G2_01.12	GCA_049295535.1	JBAQQV000000000	SAMN40010591	Pseudolactococcus raffinolactis
PRJNA1071982	MFD10553_ilm_asm_bin19	LIB-MJ334-G1_01.19	GCA_049295835.1	JBAQRI000000000	SAMN40010578	Pseudolactococcus raffinolactis
PRJNA1071982	MFD10582_ilm_asm_bin14	LIB-MJ334-F5_01.14	GCA_049296395.1	JBAQSK000000000	SAMN40010550	Pseudolactococcus raffinolactis
PRJNA1071982	MFD10590_ilm_asm_bin29	LIB-MJ334-F6_01.29	GCA_049296255.1	JBAQSD000000000	SAMN40010557	Pseudolactococcus raffinolactis
PRJNA1071982	MFD10552_ilm_asm_bin21	LIB-MJ334-F1_01.21	GCA_049296715.1	JBAQSY000000000	SAMN40010536	Pseudolactococcus raffinolactis
PRJNA1071982	MFD10574_ilm_asm_bin37	LIB-MJ334-F4_01.37	GCA_049296455.1	JBAQSO000000000	SAMN40010546	Pseudolactococcus raffinolactis
PRJNA1071982	MFD10575_ilm_asm_bin35	LIB-MJ334-G4_01.35	GCA_049295375.1	JBAQQQ000000000	SAMN40010596	Pseudolactococcus raffinolactis
PRJNA1071982	MFD10591_ilm_asm_bin10	LIB-MJ334-G6_01.10	GCA_049295075.1	JBAQQG000000000	SAMN40010606	Pseudolactococcus raffinolactis
PRJNA1071982	MFD10549_ilm_asm_bin5	LIB-MJ334-C1_01.5	GCA_049293615.1	JBAQBN000000000	SAMN40010390	Pseudolactococcus raffinolactis
PRJNA1071982	MFD10538_ilm_asm_bin14	LIB-MJ305-D11_04.14	GCA_049293155.1	JBATSF000000000	SAMN40010011	Pseudolactococcus raffinolactis
PRJNA1071982	MFD10540_ilm_asm_bin22	LIB-MJ305-F11_04.22	GCA_049291195.1	JBATOY000000000	SAMN40010096	Pseudolactococcus raffinolactis
PRJNA1071982	MFD10532_ilm_asm_bin79	LIB-MJ305-E10_04.79	GCA_049291995.1	JBATQK000000000	SAMN40010058	Pseudolactococcus raffinolactis
PRJNA1071982	MFD10559_ilm_asm_bin20	LIB-MJ334-E2_01.20	GCA_049297335.1	JBAQUC000000000	SAMN40010506	Pseudolactococcus raffinolactis
PRJNA1071982	MFD10589_ilm_asm_bin17	LIB-MJ334-E6_01.17	GCA_049296935.1	JBAQTK000000000	SAMN40010524	Pseudolactococcus raffinolactis
PRJNA1071982	MFD10588_ilm_asm_bin19	LIB-MJ334-D6_01.19	GCA_049298075.1	JBAQVJ000000000	SAMN40010473	Pseudolactococcus raffinolactis
PRJNA1071982	MFD10579_ilm_asm_bin15	LIB-MJ334-C5_01.15	GCA_049299495.1	JBAQXM000000000	SAMN40010418	Pseudolactococcus raffinolactis
PRJNA1071982	MFD10587_ilm_asm_bin21	LIB-MJ334-C6_01.21	GCA_049299295.1	JBAQXF000000000	SAMN40010425	Pseudolactococcus raffinolactis
PRJNA1071982	MFD10558_ilm_asm_bin16	LIB-MJ334-D2_01.16	GCA_049298715.1	JBAQWD000000000	SAMN40010453	Pseudolactococcus raffinolactis
PRJNA1071982	MFD10580_ilm_asm_bin16	LIB-MJ334-D5_01.16	GCA_049298255.1	JBAQVO000000000	SAMN40010468	Pseudolactococcus raffinolactis
PRJNA1071982	MFD10572_ilm_asm_bin9	LIB-MJ334-D4_01.9	GCA_049298335.1	JBAQVQ000000000	SAMN40010466	Pseudolactococcus raffinolactis
PRJNA1071982	MFD10585_ilm_asm_bin25	LIB-MJ334-A6_01.25	GCA_049286405.1	JBAQDQ000000000	SAMN40010335	Pseudolactococcus raffinolactis
PRJNA1071982	MFD10569_ilm_asm_bin10	LIB-MJ334-A4_01.10	GCA_049286585.1	JBAQEE000000000	SAMN40010321	Pseudolactococcus raffinolactis
PRJNA1071982	MFD10547_ilm_asm_bin31	LIB-MJ334-A1_01.31	GCA_049287405.1	JBAQFT000000000	SAMN40010280	Pseudolactococcus raffinolactis
PRJNA1071982	MFD10563_ilm_asm_bin13	LIB-MJ334-A3_01.13	GCA_049286645.1	JBAQEH000000000	SAMN40010318	Pseudolactococcus raffinolactis
PRJNA1071982	MFD10542_ilm_asm_bin18	LIB-MJ305-H11_04.18	GCA_049289595.1	JBATMA000000000	SAMN40010172	Pseudolactococcus raffinolactis
PRJNA1071982	MFD10534_ilm_asm_bin27	LIB-MJ305-H10_04.27	GCA_049289735.1	JBATMJ000000000	SAMN40010163	Pseudolactococcus raffinolactis
PRJNA1071982	MFD10533_ilm_asm_bin29	LIB-MJ305-G10_04.29	GCA_049290315.1	JBATNK000000000	SAMN40010136	Pseudolactococcus raffinolactis
PRJNA1071982	MFD10592_ilm_asm_bin39	LIB-MJ334-H6_01.39	GCA_049304935.1	JBAQOP000000000	SAMN40010649	Pseudolactococcus raffinolactis
PRJNA1071982	MFD10568_ilm_asm_bin9	LIB-MJ334-H3_01.9	GCA_049305295.1	JBAQOY000000000	SAMN40010640	Pseudolactococcus raffinolactis
PRJNA1071982	MFD10554_ilm_asm_bin16	LIB-MJ334-H1_01.16	GCA_049305575.1	JBAQPG000000000	SAMN40010632	Pseudolactococcus raffinolactis
PRJNA1071982	MFD10544_ilm_asm_bin42	LIB-MJ305-B12_04.42	GCA_049662405.1	JBATBO000000000	SAMN40009938	Pseudolactococcus raffinolactis
PRJNA1071982	MFD10536_ilm_asm_bin21	LIB-MJ305-B11_04.21	GCA_049662505.1	JBATBU000000000	SAMN40009932	Pseudolactococcus raffinolactis
PRJNA1071982	MFD10530_ilm_asm_bin18	LIB-MJ305-B10_04.18	GCA_049662745.1	JBATCG000000000	SAMN40009920	Pseudolactococcus raffinolactis
PRJNA1071982	MFD03501_ilm_asm_bin19	LIB-MJ413-F5_01.19	GCA_049651805.1	JBASCU000000000	SAMN40012367	Pseudolysinimonas sp.
PRJNA1071982	MFD10309_ilm_asm_bin6	LIB-MJ284-D4_03.6	GCA_049665845.1	JBATGO000000000	SAMN40009808	Pseudomonadales bacterium
PRJNA1071982	MFD10496_ilm_asm_bin19	LIB-MJ305-H5_04.19	GCA_049289175.1	JBAQJC000000000	SAMN40010193	Pseudomonadales bacterium
PRJNA1071982	MFD10484_ilm_asm_bin51	LIB-MJ305-D4_04.51	GCA_049292655.1	JBATRP000000000	SAMN40010027	Pseudomonadales bacterium
PRJNA1071982	MFD12219_ilm_asm_bin5	LIB-MJ387-C6_01.5	GCA_049670565.1	JBATTN000000000	SAMN40011577	Pseudomonas aeruginosa
PRJNA1071982	MFD12218_ilm_asm_bin22	LIB-MJ390-C2_03.22	GCA_049645165.1	JBARTJ000000000	SAMN40011848	Pseudomonas aeruginosa
PRJNA1071982	MFD04271_ilm_asm_bin20	LIB-MJ227-G11_02.20	GCA_049587275.1	JBAVDP000000000	SAMN40009245	Pseudomonas alloputida
PRJNA1071982	MFD05599_ilm_asm_bin7	LIB-MJ190-G10_02.7	GCA_049590795.1	JBAWDQ000000000	SAMN40008838	Pseudomonas alloputida
PRJNA1071982	MFD00947_ilm_asm_bin11	LIB-MJ132-E8_03.11	GCA_049696895.1	JBAVUR000000000	SAMN40008437	Pseudomonas capeferrum
PRJNA1071982	MFD02708_ilm_asm_bin8	LIB-MJ131-F8_01.8	GCA_049697215.1	JBAVVI000000000	SAMN40008420	Pseudomonas farsensis
PRJNA1071982	MFD04635_ilm_asm_bin3	LIB-MJ263-G9_04.3	GCA_049686235.1	JBAVHW000000000	SAMN40009628	Pseudomonas fluorescens
PRJNA1071982	MFD05403_ilm_asm_bin13	LIB-MJ255-F11_02.13	GCA_049582685.1	JBAUUK000000000	SAMN40009479	Pseudomonas gingeri
PRJNA1071982	MFD04307_ilm_asm_bin7	LIB-MJ226-E8_01.7	GCA_049587995.1	JBAVEZ000000000	SAMN40009209	Pseudomonas graminis
PRJNA1071982	MFD12161_ilm_asm_bin4	LIB-MJ387-E5_01.4	GCA_049670465.1	JBATTH000000000	SAMN40011583	Pseudomonas mandelii
PRJNA1071982	MFD12162_ilm_asm_bin6	LIB-MJ386-B10_04.6	GCA_049672925.1	JBATWW000000000	SAMN40011490	Pseudomonas mandelii
PRJNA1071982	MFD12137_ilm_asm_bin9	LIB-MJ388-A10_02.9	GCA_049683195.1	JBAUIU000000000	SAMN40011615	Pseudomonas neustonica
PRJNA1071982	MFD12155_ilm_asm_bin4	LIB-MJ389-C2_03.4	GCA_049648415.1	JBARYV000000000	SAMN40011706	Pseudomonas neustonica
PRJNA1071982	MFD05389_ilm_asm_bin14	LIB-MJ191-A7_04.14	GCA_049590575.1	JBAWDE000000000	SAMN40008850	Pseudomonas sp.
PRJNA1071982	MFD10902_ilm_asm_bin57	LIB-MJ352-G5_03_v_LIB-MJ368-G5_01.57	GCA_049791795.1	JBARAH000000000	SAMN40011144	Pseudomonas sp.
PRJNA1071982	MFD12925_ilm_asm_bin24	LIB-MJ390-C1_03.24	GCA_049645325.1	JBARTQ000000000	SAMN40011841	Pseudomonas sp.
PRJNA1071982	MFD03500_ilm_asm_bin25	LIB-MJ413-E5_01.25	GCA_049653025.1	JBASFM000000000	SAMN40012297	Pseudomonas sp.
PRJNA1071982	MFD12217_ilm_asm_bin20	LIB-MJ387-A7_01.20	GCA_049671025.1	JBATUG000000000	SAMN40011558	Pseudomonas sp.
PRJNA1071982	MFD00758_ilm_asm_bin9	LIB-MJ132-F4_03.9	GCA_049696775.1	JBAVUM000000000	SAMN40008442	Pseudomonas sp.
PRJNA1071982	MFD03279_ilm_asm_bin2	LIB-MJ334-H7_01.2	GCA_049304615.1	JBAQOI000000000	SAMN40010656	Pseudomonas sp.
PRJNA1071982	MFD12076_ilm_asm_bin11	LIB-MJ335-C8_02.11	GCA_049301935.1	JBAQLP000000000	SAMN40010728	Pseudomonas sp.
PRJNA1071982	MFD12031_ilm_asm_bin13	LIB-MJ335-D2_02.13	GCA_049301815.1	JBAQLM000000000	SAMN40010731	Pseudomonas sp.
PRJNA1071982	MFD12080_ilm_asm_bin6	LIB-MJ335-G8_02.6	GCA_049301255.1	JBAQKT000000000	SAMN40010750	Pseudomonas sp.
PRJNA1071982	MFD06452_ilm_asm_bin10	LIB-MJ336-B5_02.10	GCA_049300855.1	JBAQKH000000000	SAMN40010762	Pseudomonas sp.
PRJNA1071982	MFD03280_ilm_asm_bin27	LIB-MJ334-A8_01.27	GCA_049294635.1	JBAQDG000000000	SAMN40010345	Pseudomonas sp.
PRJNA1071982	MFD00217_ilm_asm_bin9	LIB-MJ055-H9_04.9	GCA_049283755.1	JBAPWP000000000	SAMN40007725	Pseudomonas sp.
PRJNA1071982	MFD00227_ilm_asm_bin2	LIB-MJ051-F5_02.2	GCA_049284655.1	JBAPYI000000000	SAMN40007680	Pseudomonas sp.
PRJNA1071982	MFD12109_ilm_asm_bin28	LIB-MJ413-C1_01.28	GCA_049656525.1	JBASLV000000000	SAMN40012130	Pseudomonas veronii
PRJNA1071982	MFD00367_ilm_asm_bin9	LIB-MJ051-B7_02.9	GCA_049285015.1	JBAPZA000000000	SAMN40007662	Pseudonocardiaceae bacterium
PRJNA1071982	MFD01297_ilm_asm_bin4	LIB-MJ088-E7_04.4	GCA_049283415.1	JBAPVY000000000	SAMN40007742	Pseudonocardiaceae bacterium
PRJNA1071982	MFD03303_ilm_asm_bin1	LIB-MJ105-F7_01.1	GCA_049280055.1	JBAPPK000000000	SAMN40007912	Pseudonocardiaceae bacterium
PRJNA1071982	MFD01929_ilm_asm_bin13	LIB-MJ307-C5_01.13	GCA_049287865.1	JBAQGQ000000000	SAMN40010257	Pseudonocardiaceae bacterium
PRJNA1071982	MFD01688_ilm_asm_bin27	LIB-MJ132-G4_03.27	GCA_049696695.1	JBAVUI000000000	SAMN40008446	Pseudonocardiaceae bacterium
PRJNA1071982	MFD01688_ilm_asm_bin31	LIB-MJ132-G4_03.31	GCA_049696675.1	JBAVUH000000000	SAMN40008447	Pseudonocardiaceae bacterium
PRJNA1071982	MFD01200_ilm_asm_bin1	LIB-MJ133-D8_03_v_LIB-MJ408-E9_04.1	GCA_049696375.1	JBAVTS000000000	SAMN40008462	Pseudonocardiaceae bacterium
PRJNA1071982	MFD02504_ilm_asm_bin4	LIB-MJ148-E7_02.4	GCA_049690855.1	JBAVNG000000000	SAMN40008630	Pseudonocardiaceae bacterium
PRJNA1071982	MFD04491_ilm_asm_bin10	LIB-MJ149-A3_03.10	GCA_049690495.1	JBAVMW000000000	SAMN40008640	Pseudonocardiaceae bacterium
PRJNA1071982	MFD04552_ilm_asm_bin23	LIB-MJ149-G9_03.23	GCA_049690155.1	JBAVMN000000000	SAMN40008649	Pseudonocardiaceae bacterium
PRJNA1071982	MFD01169_ilm_asm_bin10	LIB-MJ130-D4_01.10	GCA_049697755.1	JBAVWJ000000000	SAMN40008393	Pseudonocardiaceae bacterium
PRJNA1071982	MFD01169_ilm_asm_bin3	LIB-MJ130-D4_01.3	GCA_049697695.1	JBAVWH000000000	SAMN40008395	Pseudonocardiaceae bacterium
PRJNA1071982	MFD04595_ilm_asm_bin18	LIB-MJ386-A12_04.18	GCA_049673365.1	JBATXO000000000	SAMN40011472	Pseudonocardiaceae bacterium
PRJNA1071982	MFD04595_ilm_asm_bin5	LIB-MJ386-A12_04.5	GCA_049673305.1	JBATXM000000000	SAMN40011474	Pseudonocardiaceae bacterium
PRJNA1071982	MFD01855_ilm_asm_bin13	LIB-MJ262-G4_03.13	GCA_049686915.1	JBAVIN000000000	SAMN40009611	Pseudonocardiaceae bacterium
PRJNA1071982	MFD10194_ilm_asm_bin5	LIB-MJ344-G8_04.5	GCA_049795915.1	JBAREF000000000	SAMN40011042	Pseudonocardiaceae bacterium
PRJNA1071982	MFD09482_ilm_asm_bin8	LIB-MJ191-B12_04.8	GCA_049590475.1	JBAWCZ000000000	SAMN40008855	Pseudonocardiaceae bacterium
PRJNA1071982	MFD09539_ilm_asm_bin7	LIB-MJ194-H1_04.7	GCA_049588675.1	JBAVZH000000000	SAMN40008951	Pseudonocardiaceae bacterium
PRJNA1071982	MFD10064_ilm_asm_bin14	LIB-MJ251-H4_04.14	GCA_049584595.1	JBAUYC000000000	SAMN40009383	Pseudonocardiaceae bacterium
PRJNA1071982	MFD12160_ilm_asm_bin20	LIB-MJ389-H5_03.20	GCA_049646325.1	JBARVP000000000	SAMN40011790	Pseudorhodobacter sp.
PRJNA1071982	MFD12164_ilm_asm_bin11	LIB-MJ386-F4_04.11	GCA_049671765.1	JBATVM000000000	SAMN40011526	Psychrilyobacter sp.
PRJNA1071982	MFD12925_ilm_asm_bin22	LIB-MJ390-C1_03.22	GCA_049645345.1	JBARTR000000000	SAMN40011840	Psychrobacillus psychrotolerans
PRJNA1071982	MFD12931_ilm_asm_bin11	LIB-MJ390-E1_03.11	GCA_049643845.1	JBARQR000000000	SAMN40011918	Psychrobacillus psychrotolerans
PRJNA1071982	MFD01018_ilm_asm_bin21	LIB-MJ091-G4_03.21	GCA_049281455.1	JBAPSD000000000	SAMN40007841	Psychrobacillus psychrotolerans
PRJNA1071982	MFD12925_ilm_asm_bin2	LIB-MJ390-C1_03.2	GCA_049645365.1	JBARTS000000000	SAMN40011839	Psychrobacter alimentarius
PRJNA1071982	MFD12068_ilm_asm_bin14	LIB-MJ335-C7_02.14	GCA_049302055.1	JBAQLT000000000	SAMN40010724	Psychrobacter glacincola
PRJNA1071982	MFD12067_ilm_asm_bin17	LIB-MJ335-B7_02.17	GCA_049302795.1	JBAQML000000000	SAMN40010706	Psychrobacter glacincola
PRJNA1071982	MFD12927_ilm_asm_bin6	LIB-MJ387-B10_01.6	GCA_049670945.1	JBATUB000000000	SAMN40011563	Psychrobacter nivimaris
PRJNA1071982	MFD13005_ilm_asm_bin3	LIB-MJ382-E5_02.3	GCA_049677805.1	JBAUCY000000000	SAMN40011332	Psychrobacter sp.
PRJNA1071982	MFD13100_ilm_asm_bin17	LIB-MJ381-D10_02.17	GCA_049678205.1	JBAUDT000000000	SAMN40011311	Psychrobacter sp.
PRJNA1071982	MFD12931_ilm_asm_bin2	LIB-MJ390-E1_03.2	GCA_049643725.1	JBARQP000000000	SAMN40011920	Psychrobacter sp.
PRJNA1071982	MFD10591_ilm_asm_bin16	LIB-MJ334-G6_01.16	GCA_049295055.1	JBAQQF000000000	SAMN40010607	Psychrobacter sp.
PRJNA1071982	MFD10558_ilm_asm_bin20	LIB-MJ334-D2_01.20	GCA_049298695.1	JBAQWC000000000	SAMN40010454	Psychrobacter urativorans
PRJNA1071982	MFD10360_ilm_asm_bin7	LIB-MJ284-A11_03.7	GCA_049667005.1	JBATHQ000000000	SAMN40009780	Psychromonas sp.
PRJNA1071982	MFD12159_ilm_asm_bin8	LIB-MJ389-C5_03.8	GCA_049647825.1	JBARYK000000000	SAMN40011717	Psychroserpens sp.
PRJNA1071982	MFD03250_ilm_asm_bin25	LIB-MJ352-B11_03.25	GCA_049793815.1	JBARCE000000000	SAMN40011095	Psychroserpens sp.
PRJNA1071982	MFD12225_ilm_asm_bin11	LIB-MJ386-B12_04.11	GCA_049672825.1	JBATWU000000000	SAMN40011492	Pusillimonas sp.
PRJNA1071982	MFD03333_ilm_asm_bin1	LIB-MJ105-A2_01.1	GCA_049280475.1	JBAPQF000000000	SAMN40007891	Pyrinomonadaceae bacterium
PRJNA1071982	MFD00507_ilm_asm_bin12	LIB-MJ055-D7_04.12	GCA_049283975.1	JBAPXA000000000	SAMN40007714	Pyrinomonadaceae bacterium
PRJNA1071982	MFD10474_ilm_asm_bin19	LIB-MJ305-H2_04.19	GCA_049289555.1	JBATLV000000000	SAMN40010177	Pyrinomonadaceae bacterium
PRJNA1071982	MFD09203_ilm_asm_bin4	LIB-MJ415-D4_04.4	GCA_049273695.1	JBASRE000000000	SAMN40012608	Pyrinomonadaceae bacterium
PRJNA1071982	MFD06482_ilm_asm_bin2	LIB-MJ340-A8_01_v_LIB-MJ406-B6_04.2	GCA_049799955.1	JBARIW000000000	SAMN40010921	Pyrinomonadaceae bacterium
PRJNA1071982	MFD03269_ilm_asm_bin12	LIB-MJ354-E2_04.12	GCA_049679985.1	JBAUGY000000000	SAMN40011228	Pyrinomonadaceae bacterium
PRJNA1071982	MFD03269_ilm_asm_bin25	LIB-MJ354-E2_04.25	GCA_049679945.1	JBAUGW000000000	SAMN40011230	Pyrinomonadaceae bacterium
PRJNA1071982	MFD04987_ilm_asm_bin8	LIB-MJ354-G4_04_v_LIB-MJ403-E2_03.8	GCA_049679665.1	JBAUGL000000000	SAMN40011241	Pyrinomonadaceae bacterium
PRJNA1071982	MFD00858_ilm_asm_bin8	LIB-MJ129-H9_02.8	GCA_049697975.1	JBAVWU000000000	SAMN40008382	Pyrinomonadaceae bacterium
PRJNA1071982	MFD04531_ilm_asm_bin8	LIB-MJ172-G5_04.8	GCA_049687915.1	JBAVJT000000000	SAMN40008721	Pyrinomonadaceae bacterium
PRJNA1071982	MFD00676_ilm_asm_bin4	LIB-MJ140-A10_02.4	GCA_049692915.1	JBAVPI000000000	SAMN40008576	Pyrinomonadaceae bacterium
PRJNA1071982	MFD13447_ilm_asm_bin1	LIB-MJ390-F6_03.1	GCA_049643185.1	JBARPO000000000	SAMN40011947	Pyrinomonadaceae bacterium
PRJNA1071982	MFD13441_ilm_asm_bin68	LIB-MJ390-D7_03.68	GCA_049644125.1	JBARRH000000000	SAMN40011902	Pyrinomonadaceae bacterium
PRJNA1071982	MFD10475_ilm_asm_bin22	LIB-MJ305-A3_04.22	GCA_049663465.1	JBATDM000000000	SAMN40009888	Pyrinomonadaceae bacterium
PRJNA1071982	MFD10505_ilm_asm_bin20	LIB-MJ305-A7_04.20	GCA_049663025.1	JBATCT000000000	SAMN40009907	Pyrinomonadaceae bacterium
PRJNA1071982	MFD04555_ilm_asm_bin4	LIB-MJ174-G2_01.4	GCA_049593215.1	JBAWGU000000000	SAMN40008756	Pyrinomonadaceae bacterium
PRJNA1071982	MFD03279_ilm_asm_bin3	LIB-MJ334-H7_01.3	GCA_049306455.1	JBAUZH000000000	SAMN40010659	Ralstonia pickettii
PRJNA1071982	MFD13489_ilm_asm_bin52	LIB-MJ413-D7_01.52	GCA_049654705.1	JBASIJ000000000	SAMN40012220	Rectinema sp.
PRJNA1071982	MFD12108_ilm_asm_bin16	LIB-MJ413-B1_01.16	GCA_049658125.1	JBASOI000000000	SAMN40012065	Rectinemataceae bacterium
PRJNA1071982	MFD12108_ilm_asm_bin38	LIB-MJ413-B1_01.38	GCA_049657885.1	JBASOD000000000	SAMN40012070	Rectinemataceae bacterium
PRJNA1071982	MFD12001_ilm_asm_bin32	LIB-MJ334-G9_01.32	GCA_049305735.1	JBAQPL000000000	SAMN40010627	Rectinemataceae bacterium
PRJNA1071982	MFD12006_ilm_asm_bin23	LIB-MJ334-E10_01.23	GCA_049297435.1	JBAQUI000000000	SAMN40010500	Rectinemataceae bacterium
PRJNA1071982	MFD12106_ilm_asm_bin9	LIB-MJ335-C12_02.9	GCA_049302175.1	JBAQLW000000000	SAMN40010721	Rectinemataceae bacterium
PRJNA1071982	MFD12000_ilm_asm_bin37	LIB-MJ334-F9_01.37	GCA_049295915.1	JBAQRN000000000	SAMN40010573	Rectinemataceae bacterium
PRJNA1071982	MFD06130_ilm_asm_bin2	LIB-MJ343-H1_01_v_LIB-MJ409-C11_01.2	GCA_049797015.1	JBARFH000000000	SAMN40011014	Rhabdochlamydiaceae bacterium
PRJNA1071982	MFD06571_ilm_asm_bin38	LIB-MJ338-C2_04.38	GCA_049802055.1	JBARLS000000000	SAMN40010847	Rhabdochlamydiaceae bacterium
PRJNA1071982	MFD10475_ilm_asm_bin44	LIB-MJ305-A3_04.44	GCA_049663325.1	JBATDF000000000	SAMN40009895	Rhizobiaceae bacterium
PRJNA1071982	MFD01649_ilm_asm_bin6	LIB-MJ134-A5_03.6	GCA_049696015.1	JBAVTG000000000	SAMN40008474	Rhizobiaceae bacterium
PRJNA1071982	MFD10503_ilm_asm_bin40	LIB-MJ305-G6_04.40	GCA_049289995.1	JBATMU000000000	SAMN40010152	Rhizobiaceae bacterium
PRJNA1071982	MFD10487_ilm_asm_bin30	LIB-MJ305-G4_04.30	GCA_049290135.1	JBATNB000000000	SAMN40010145	Rhizobiaceae bacterium
PRJNA1071982	MFD10474_ilm_asm_bin6	LIB-MJ305-H2_04.6	GCA_049289295.1	JBATLL000000000	SAMN40010187	Rhizobiaceae bacterium
PRJNA1071982	MFD05173_ilm_asm_bin1	LIB-MJ148-B8_02.1	GCA_049691005.1	JBAVNJ000000000	SAMN40008627	Rhizobium ruizarguesonis
PRJNA1071982	MFD02138_ilm_asm_bin13	LIB-MJ259-G6_04.13	GCA_049580925.1	JBAUQX000000000	SAMN40009570	Rhizomicrobium sp.
PRJNA1071982	MFD02138_ilm_asm_bin21	LIB-MJ259-G6_04.21	GCA_049580905.1	JBAUQV000000000	SAMN40009572	Rhizomicrobium sp.
PRJNA1071982	MFD05368_ilm_asm_bin20	LIB-MJ177-E8_03.20	GCA_049591375.1	JBAWEV000000000	SAMN40008807	Rhizomicrobium sp.
PRJNA1071982	MFD03092_ilm_asm_bin44	LIB-MJ140-E2_02.44	GCA_049692035.1	JBAVOL000000000	SAMN40008599	Rhizomicrobium sp.
PRJNA1071982	MFD03065_ilm_asm_bin3	LIB-MJ139-E2_01.3	GCA_049693315.1	JBAVPS000000000	SAMN40008566	Rhizomicrobium sp.
PRJNA1071982	MFD12216_ilm_asm_bin9	LIB-MJ389-D2_03.9	GCA_049647665.1	JBARYC000000000	SAMN40011725	Rhodanobacter lindaniclasticus
PRJNA1071982	MFD12210_ilm_asm_bin6	LIB-MJ389-E10_03.6	GCA_049647345.1	JBARXL000000000	SAMN40011742	Rhodanobacter lindaniclasticus
PRJNA1071982	MFD12188_ilm_asm_bin17	LIB-MJ389-G10_03.17	GCA_049646945.1	JBARWU000000000	SAMN40011759	Rhodanobacter sp.
PRJNA1071982	MFD12187_ilm_asm_bin8	LIB-MJ389-G6_03.8	GCA_049646565.1	JBARWB000000000	SAMN40011778	Rhodanobacter sp.
PRJNA1071982	MFD12186_ilm_asm_bin16	LIB-MJ388-G9_02.16	GCA_049650465.1	JBASAF000000000	SAMN40011670	Rhodanobacter sp.
PRJNA1071982	MFD12209_ilm_asm_bin3	LIB-MJ388-C4_02.3	GCA_049651125.1	JBASBM000000000	SAMN40011636	Rhodanobacter sp.
PRJNA1071982	MFD12226_ilm_asm_bin6	LIB-MJ386-C11_04.6	GCA_049672485.1	JBATWG000000000	SAMN40011506	Rhodanobacter sp.
PRJNA1071982	MFD12214_ilm_asm_bin10	LIB-MJ386-A9_04.10	GCA_049673165.1	JBATXI000000000	SAMN40011478	Rhodanobacter sp.
PRJNA1071982	MFD12213_ilm_asm_bin7	LIB-MJ387-B6_01.7	GCA_049670705.1	JBATTS000000000	SAMN40011572	Rhodanobacter sp.
PRJNA1071982	MFD12217_ilm_asm_bin31	LIB-MJ387-A7_01.31	GCA_049670985.1	JBATUE000000000	SAMN40011560	Rhodanobacter sp.
PRJNA1071982	MFD12215_ilm_asm_bin4	LIB-MJ386-F8_04.4	GCA_049671665.1	JBATVH000000000	SAMN40011531	Rhodanobacter sp.
PRJNA1071982	MFD06536_ilm_asm_bin44	LIB-MJ347-B1_04_v_LIB-MJ402-G6_04.44	GCA_049794535.1	JBARCX000000000	SAMN40011076	Rhodanobacter sp.
PRJNA1071982	MFD03328_ilm_asm_bin16	LIB-MJ105-D11_01_v_LIB-MJ367-D11_04.16	GCA_049280175.1	JBAPPP000000000	SAMN40007907	Rhodanobacter sp.
PRJNA1071982	MFD01646_ilm_asm_bin26	LIB-MJ138-F11_03.26	GCA_049694155.1	JBAVQP000000000	SAMN40008543	Rhodanobacteraceae bacterium
PRJNA1071982	MFD01051_ilm_asm_bin25	LIB-MJ138-B8_03.25	GCA_049694475.1	JBAVQY000000000	SAMN40008534	Rhodanobacteraceae bacterium
PRJNA1071982	MFD02520_ilm_asm_bin40	LIB-MJ140-C2_02.40	GCA_049692415.1	JBAVOV000000000	SAMN40008589	Rhodanobacteraceae bacterium
PRJNA1071982	MFD01796_ilm_asm_bin22	LIB-MJ190-E7_02.22	GCA_049590895.1	JBAWDT000000000	SAMN40008835	Rhodanobacteraceae bacterium
PRJNA1071982	MFD04733_ilm_asm_bin19	LIB-MJ193-H11_01_v_LIB-MJ402-G8_04.19	GCA_049589255.1	JBAWAK000000000	SAMN40008922	Rhodanobacteraceae bacterium
PRJNA1071982	MFD04734_ilm_asm_bin15	LIB-MJ194-C9_04.15	GCA_049588955.1	JBAVZT000000000	SAMN40008939	Rhodanobacteraceae bacterium
PRJNA1071982	MFD09702_ilm_asm_bin31	LIB-MJ254-E8_02.31	GCA_049583635.1	JBAUWF000000000	SAMN40009432	Rhodanobacteraceae bacterium
PRJNA1071982	MFD05684_ilm_asm_bin33	LIB-MJ198-E1_03.33	GCA_049579025.1	JBAUNB000000000	SAMN40009046	Rhodanobacteraceae bacterium
PRJNA1071982	MFD12185_ilm_asm_bin2	LIB-MJ388-E8_02.2	GCA_049650945.1	JBASBD000000000	SAMN40011646	Rhodococcus qingshengii
PRJNA1071982	MFD12211_ilm_asm_bin6	LIB-MJ389-G11_03.6	GCA_049646825.1	JBARWN000000000	SAMN40011766	Rhodococcus qingshengii
PRJNA1071982	MFD12017_ilm_asm_bin23	LIB-MJ334-A12_01.23	GCA_049286785.1	JBAQEO000000000	SAMN40010311	Rhodococcus sp. (in: high G+C Gram-positive bacteria)
PRJNA1071982	MFD10595_ilm_asm_bin10	LIB-MJ334-C7_01.10	GCA_049299235.1	JBAQXC000000000	SAMN40010428	Rhodococcus sp. (in: high G+C Gram-positive bacteria)
PRJNA1071982	MFD12177_ilm_asm_bin10	LIB-MJ389-G5_03.10	GCA_049646785.1	JBARWK000000000	SAMN40011769	Rhodococcus sp. (in: high G+C Gram-positive bacteria)
PRJNA1071982	MFD12129_ilm_asm_bin1	LIB-MJ390-B2_03.1	GCA_049645945.1	JBARUW000000000	SAMN40011809	Rhodococcus sp. (in: high G+C Gram-positive bacteria)
PRJNA1071982	MFD12118_ilm_asm_bin2	LIB-MJ388-G11_02.2	GCA_049650605.1	JBASAM000000000	SAMN40011663	Rhodococcus sp. (in: high G+C Gram-positive bacteria)
PRJNA1071982	MFD12134_ilm_asm_bin11	LIB-MJ390-G1_03.11	GCA_049642585.1	JBAROY000000000	SAMN40011963	Rhodococcus sp. (in: high G+C Gram-positive bacteria)
PRJNA1071982	MFD12167_ilm_asm_bin13	LIB-MJ390-D2_03.13	GCA_049644545.1	JBARSC000000000	SAMN40011881	Rhodococcus sp. (in: high G+C Gram-positive bacteria)
PRJNA1071982	MFD12146_ilm_asm_bin9	LIB-MJ386-A8_04.9	GCA_049673145.1	JBATXJ000000000	SAMN40011477	Rhodococcus sp. (in: high G+C Gram-positive bacteria)
PRJNA1071982	MFD12146_ilm_asm_bin7	LIB-MJ386-A8_04.7	GCA_049673185.1	JBATXK000000000	SAMN40011476	Rhodococcus sp. (in: high G+C Gram-positive bacteria)
PRJNA1071982	MFD12144_ilm_asm_bin10	LIB-MJ386-D11_04.10	GCA_049672125.1	JBATVW000000000	SAMN40011516	Rhodococcus sp. (in: high G+C Gram-positive bacteria)
PRJNA1071982	MFD12166_ilm_asm_bin4	LIB-MJ386-B7_04.4	GCA_049672705.1	JBATWO000000000	SAMN40011498	Rhodococcus sp. (in: high G+C Gram-positive bacteria)
PRJNA1071982	MFD03264_ilm_asm_bin4	LIB-MJ354-C4_04_v_LIB-MJ403-A2_03.4	GCA_049680275.1	JBAUHM000000000	SAMN40011214	Rhodococcus sp. (in: high G+C Gram-positive bacteria)
PRJNA1071982	MFD12147_ilm_asm_bin5	LIB-MJ387-H7_01.5	GCA_049683255.1	JBAUIX000000000	SAMN40011612	Rhodococcus sp. (in: high G+C Gram-positive bacteria)
PRJNA1071982	MFD12130_ilm_asm_bin9	LIB-MJ387-H3_01.9	GCA_049683295.1	JBAUIZ000000000	SAMN40011610	Rhodococcus sp. (in: high G+C Gram-positive bacteria)
PRJNA1071982	MFD05485_ilm_asm_bin1	LIB-MJ177-D2_03.1	GCA_049591685.1	JBAWFH000000000	SAMN40008795	Rhodococcus sp. (in: high G+C Gram-positive bacteria)
PRJNA1071982	MFD12007_ilm_asm_bin15	LIB-MJ334-G10_01.15	GCA_049295655.1	JBAQRB000000000	SAMN40010585	Rhodocyclaceae bacterium
PRJNA1071982	MFD04340_ilm_asm_bin1	LIB-MJ173-G4_01.1	GCA_049593715.1	JBAWHH000000000	SAMN40008743	Rhodocyclaceae bacterium
PRJNA1071982	MFD12098_ilm_asm_bin3	LIB-MJ335-C11_02.3	GCA_049302455.1	JBAQMD000000000	SAMN40010714	Rhodoferax ferrireducens
PRJNA1071982	MFD12031_ilm_asm_bin12	LIB-MJ335-D2_02.12	GCA_049301835.1	JBAQLN000000000	SAMN40010730	Rhodoferax sp.
PRJNA1071982	MFD12081_ilm_asm_bin5	LIB-MJ335-H8_02.5	GCA_049301075.1	JBAQKO000000000	SAMN40010755	Rhodoferax sp.
PRJNA1071982	MFD12076_ilm_asm_bin1	LIB-MJ335-C8_02.1	GCA_049301955.1	JBAQLQ000000000	SAMN40010727	Rhodoferax sp.
PRJNA1071982	MFD12019_ilm_asm_bin27	LIB-MJ334-C12_01.27	GCA_049299775.1	JBAQXZ000000000	SAMN40010405	Rhodoferax sp.
PRJNA1071982	MFD12006_ilm_asm_bin30	LIB-MJ334-E10_01.30	GCA_049297415.1	JBAQUH000000000	SAMN40010501	Rhodoferax sp.
PRJNA1071982	MFD12000_ilm_asm_bin9	LIB-MJ334-F9_01.9	GCA_049295895.1	JBAQRL000000000	SAMN40010575	Rhodoferax sp.
PRJNA1071982	MFD03280_ilm_asm_bin41	LIB-MJ334-A8_01.41	GCA_049294595.1	JBAQDE000000000	SAMN40010347	Rhodoferax sp.
PRJNA1071982	MFD03281_ilm_asm_bin15	LIB-MJ334-B8_01.15	GCA_049293775.1	JBAQBT000000000	SAMN40010384	Rhodoferax sp.
PRJNA1071982	MFD12003_ilm_asm_bin34	LIB-MJ334-A10_01.34	GCA_049287225.1	JBAQFK000000000	SAMN40010289	Rhodoferax sp.
PRJNA1071982	MFD10577_ilm_asm_bin18	LIB-MJ334-A5_01.18	GCA_049286445.1	JBAQDW000000000	SAMN40010329	Rhodoferax sp.
PRJNA1071982	MFD10526_ilm_asm_bin34	LIB-MJ305-F9_04.34	GCA_049290435.1	JBATNQ000000000	SAMN40010130	Rhodoferax sp.
PRJNA1071982	MFD12001_ilm_asm_bin20	LIB-MJ334-G9_01.20	GCA_049305835.1	JBAQPN000000000	SAMN40010625	Rhodoferax sp.
PRJNA1071982	MFD12002_ilm_asm_bin50	LIB-MJ334-H9_01.50	GCA_049303955.1	JBAQNO000000000	SAMN40010677	Rhodoferax sp.
PRJNA1071982	MFD13507_ilm_asm_bin59	LIB-MJ390-D4_03.59	GCA_049644425.1	JBARRV000000000	SAMN40011888	Rhodoferax sp.
PRJNA1071982	MFD12108_ilm_asm_bin4	LIB-MJ413-B1_01.4	GCA_049657905.1	JBASOC000000000	SAMN40012071	Rhodoferax sp.
PRJNA1071982	MFD12110_ilm_asm_bin39	LIB-MJ413-D1_01.39	GCA_049655365.1	JBASJO000000000	SAMN40012189	Rhodoferax sp.
PRJNA1071982	MFD12001_ilm_asm_bin40	LIB-MJ334-G9_01.40	GCA_049305635.1	JBAQPI000000000	SAMN40010630	Rhodoglobus sp.
PRJNA1071982	MFD06880_ilm_asm_bin43	LIB-MJ413-G3_01.43	GCA_049276775.1	JBASXC000000000	SAMN40012454	Rhodoluna sp.
PRJNA1071982	MFD05642_ilm_asm_bin5	LIB-MJ174-D10_01.5	GCA_049593295.1	JBAWGX000000000	SAMN40008753	Rhodomicrobiaceae bacterium
PRJNA1071982	MFD01528_ilm_asm_bin13	LIB-MJ177-H5_03.13	GCA_049591175.1	JBAWEL000000000	SAMN40008817	Rhodomicrobium sp.
PRJNA1071982	MFD01788_ilm_asm_bin12	LIB-MJ192-D5_04.12	GCA_049589915.1	JBAWBS000000000	SAMN40008888	Rhodomicrobium sp.
PRJNA1071982	MFD04837_ilm_asm_bin4	LIB-MJ194-E11_04.4	GCA_049588795.1	JBAVZN000000000	SAMN40008945	Rhodomicrobium sp.
PRJNA1071982	MFD08697_ilm_asm_bin5	LIB-MJ250-B2_04.5	GCA_049585925.1	JBAVAW000000000	SAMN40009316	Rhodomicrobium sp.
PRJNA1071982	MFD04782_ilm_asm_bin11	LIB-MJ198-B4_03.11	GCA_049579205.1	JBAUNL000000000	SAMN40009036	Rhodomicrobium sp.
PRJNA1071982	MFD06551_ilm_asm_bin10	LIB-MJ347-E1_04_v_LIB-MJ368-E1_03.10	GCA_049794395.1	JBARCU000000000	SAMN40011079	Rhodomicrobium sp.
PRJNA1071982	MFD06138_ilm_asm_bin35	LIB-MJ339-E8_03.35	GCA_049800395.1	JBARJT000000000	SAMN40010898	Rhodomicrobium sp.
PRJNA1071982	MFD06333_ilm_asm_bin25	LIB-MJ338-A4_04.25	GCA_049802195.1	JBARLZ000000000	SAMN40010840	Rhodomicrobium sp.
PRJNA1071982	MFD06458_ilm_asm_bin5	LIB-MJ337-E7_03_v_LIB-MJ404-A5_03.5	GCA_049802755.1	JBARNB000000000	SAMN40010812	Rhodomicrobium sp.
PRJNA1071982	MFD05715_ilm_asm_bin5	LIB-MJ172-G8_04.5	GCA_049687895.1	JBAVJS000000000	SAMN40008722	Rhodomicrobium sp.
PRJNA1071982	MFD01097_ilm_asm_bin28	LIB-MJ134-B8_03.28	GCA_049695815.1	JBAVSW000000000	SAMN40008484	Rhodomicrobium sp.
PRJNA1071982	MFD02476_ilm_asm_bin14	LIB-MJ134-E8_03_v_LIB-MJ404-A8_03.14	GCA_049695435.1	JBAVSE000000000	SAMN40008502	Rhodomicrobium sp.
PRJNA1071982	MFD02913_ilm_asm_bin18	LIB-MJ132-H3_03.18	GCA_049696555.1	JBAVUC000000000	SAMN40008452	Rhodomicrobium sp.
PRJNA1071982	MFD02889_ilm_asm_bin12	LIB-MJ131-C8_01.12	GCA_049697375.1	JBAVVQ000000000	SAMN40008412	Rhodomicrobium sp.
PRJNA1071982	MFD01223_ilm_asm_bin20	LIB-MJ106-H9_01.20	GCA_049279195.1	JBAPNO000000000	SAMN40007960	Rhodomicrobium sp.
PRJNA1071982	MFD00151_ilm_asm_bin36	LIB-MJ050-D6_02_v_LIB-MJ408-D10_04.36	GCA_049285435.1	JBAPZX000000000	SAMN40007639	Rhodomicrobium sp.
PRJNA1071982	MFD00978_ilm_asm_bin31	LIB-MJ091-G3_03.31	GCA_049281475.1	JBAPSE000000000	SAMN40007840	Rhodomicrobium sp.
PRJNA1071982	MFD00446_ilm_asm_bin5	LIB-MJ051-H7_02.5	GCA_049284595.1	JBAPYF000000000	SAMN40007683	Rhodomicrobium sp.
PRJNA1071982	MFD00370_ilm_asm_bin5	LIB-MJ051-E8_02.5	GCA_049284695.1	JBAPYK000000000	SAMN40007678	Rhodoplanes sp.
PRJNA1071982	MFD00103_ilm_asm_bin4	LIB-MJ051-C6_02.4	GCA_049284875.1	JBAPYT000000000	SAMN40007669	Rhodoplanes sp.
PRJNA1071982	MFD00773_ilm_asm_bin8	LIB-MJ091-C8_03.8	GCA_049282015.1	JBAPTF000000000	SAMN40007813	Rhodoplanes sp.
PRJNA1071982	MFD00560_ilm_asm_bin7	LIB-MJ044-B6_03.7	GCA_049286135.1	JBAQBH000000000	SAMN40007603	Rhodoplanes sp.
PRJNA1071982	MFD00336_ilm_asm_bin10	LIB-MJ048-A3_04.10	GCA_049285875.1	JBAQAV000000000	SAMN40007615	Rhodoplanes sp.
PRJNA1071982	MFD00337_ilm_asm_bin1	LIB-MJ048-A10_04.1	GCA_049285955.1	JBAQAY000000000	SAMN40007612	Rhodoplanes sp.
PRJNA1071982	MFD09692_ilm_asm_bin7	LIB-MJ306-B1_01.7	GCA_049288765.1	JBAQII000000000	SAMN40010213	Rhodoplanes sp.
PRJNA1071982	MFD01462_ilm_asm_bin1	LIB-MJ306-E6_01.1	GCA_049288565.1	JBAQHY000000000	SAMN40010223	Rhodoplanes sp.
PRJNA1071982	MFD00648_ilm_asm_bin6	LIB-MJ139-D4_01.6	GCA_049693515.1	JBAVPX000000000	SAMN40008561	Rhodoplanes sp.
PRJNA1071982	MFD05378_ilm_asm_bin1	LIB-MJ197-E8_03.1	GCA_049579445.1	JBAUNY000000000	SAMN40009023	Rhodoplanes sp.
PRJNA1071982	MFD04944_ilm_asm_bin15	LIB-MJ196-F6_02.15	GCA_049579745.1	JBAUON000000000	SAMN40009008	Rhodoplanes sp.
PRJNA1071982	MFD02406_ilm_asm_bin10	LIB-MJ255-A5_02.10	GCA_049583125.1	JBAUVH000000000	SAMN40009456	Rhodoplanes sp.
PRJNA1071982	MFD01701_ilm_asm_bin9	LIB-MJ254-H11_02_v_LIB-MJ407-C8_04.9	GCA_049583205.1	JBAUVK000000000	SAMN40009453	Rhodoplanes sp.
PRJNA1071982	MFD05589_ilm_asm_bin2	LIB-MJ229-B6_03.2	GCA_049586855.1	JBAVCV000000000	SAMN40009265	Rhodoplanes sp.
PRJNA1071982	MFD05684_ilm_asm_bin18	LIB-MJ198-E1_03.18	GCA_049579085.1	JBAUND000000000	SAMN40009044	Rhodothermales bacterium
PRJNA1071982	MFD12111_ilm_asm_bin4	LIB-MJ413-E1_01.4	GCA_049653745.1	JBASGW000000000	SAMN40012259	Rickettsiales bacterium
PRJNA1071982	MFD12120_ilm_asm_bin4	LIB-MJ388-F1_02.4	GCA_049650745.1	JBASAT000000000	SAMN40011656	Rivularia sp. (in: cyanobacteria)
PRJNA1071982	MFD12149_ilm_asm_bin21	LIB-MJ389-B10_03.21	GCA_049649675.1	JBARZF000000000	SAMN40011696	Rivularia sp. (in: cyanobacteria)
PRJNA1071982	MFD12172_ilm_asm_bin26	LIB-MJ388-H6_02.26	GCA_049650075.1	JBARZL000000000	SAMN40011690	Rivularia sp. (in: cyanobacteria)
PRJNA1071982	MFD12121_ilm_asm_bin7	LIB-MJ388-A12_02.7	GCA_049682955.1	JBAUIM000000000	SAMN40011623	Rivularia sp. (in: cyanobacteria)
PRJNA1071982	MFD12175_ilm_asm_bin28	LIB-MJ386-A11_04.28	GCA_049673405.1	JBATXQ000000000	SAMN40011470	Rivularia sp. (in: cyanobacteria)
PRJNA1071982	MFD10198_ilm_asm_bin28	LIB-MJ283-C1_04.28	GCA_049668985.1	JBATKA000000000	SAMN40009718	Robiginitalea sp.
PRJNA1071982	MFD10300_ilm_asm_bin12	LIB-MJ284-A3_03.12	GCA_049666925.1	JBATHO000000000	SAMN40009782	Robiginitalea sp.
PRJNA1071982	MFD10316_ilm_asm_bin17	LIB-MJ284-C5_03.17	GCA_049666325.1	JBATHB000000000	SAMN40009795	Robiginitalea sp.
PRJNA1071982	MFD10305_ilm_asm_bin8	LIB-MJ284-H3_03.8	GCA_049664855.1	JBATFO000000000	SAMN40009834	Robiginitalea sp.
PRJNA1071982	MFD10313_ilm_asm_bin7	LIB-MJ284-H4_03.7	GCA_049664685.1	JBATFL000000000	SAMN40009837	Robiginitalea sp.
PRJNA1071982	MFD05004_ilm_asm_bin6	LIB-MJ194-F7_04.6	GCA_049588695.1	JBAVZJ000000000	SAMN40008949	Robiginitalea sp.
PRJNA1071982	MFD06602_ilm_asm_bin39	LIB-MJ337-C12_03.39	GCA_049803055.1	JBARNQ000000000	SAMN40010797	Roseiarcus sp.
PRJNA1071982	MFD05751_ilm_asm_bin3	LIB-MJ172-E7_04.3	GCA_049687995.1	JBAVJW000000000	SAMN40008718	Roseiarcus sp.
PRJNA1071982	MFD04571_ilm_asm_bin11	LIB-MJ389-C6_03.11	GCA_049647805.1	JBARYJ000000000	SAMN40011718	Roseiarcus sp.
PRJNA1071982	MFD01509_ilm_asm_bin5	LIB-MJ177-B4_03.5	GCA_049591875.1	JBAWFL000000000	SAMN40008791	Roseiarcus sp.
PRJNA1071982	MFD09235_ilm_asm_bin59	LIB-MJ250-C5_04_v_LIB-MJ365-C5_03.59	GCA_049585735.1	JBAVAN000000000	SAMN40009325	Roseiarcus sp.
PRJNA1071982	MFD10070_ilm_asm_bin9	LIB-MJ252-F4_02.9	GCA_049584355.1	JBAUXQ000000000	SAMN40009395	Roseiarcus sp.
PRJNA1071982	MFD06940_ilm_asm_bin58	LIB-MJ251-C7_04.58	GCA_049584835.1	JBAUYP000000000	SAMN40009370	Roseiarcus sp.
PRJNA1071982	MFD05613_ilm_asm_bin30	LIB-MJ199-H8_04.30	GCA_049578525.1	JBAUME000000000	SAMN40009069	Roseiarcus sp.
PRJNA1071982	MFD01112_ilm_asm_bin2	LIB-MJ306-H8_01.2	GCA_049288155.1	JBAQHF000000000	SAMN40010242	Roseiarcus sp.
PRJNA1071982	MFD09215_ilm_asm_bin20	LIB-MJ307-B11_01.20	GCA_049287975.1	JBAQGU000000000	SAMN40010253	Roseiarcus sp.
PRJNA1071982	MFD00929_ilm_asm_bin17	LIB-MJ092-C7_01.17	GCA_049281155.1	JBAPRO000000000	SAMN40007856	Roseiarcus sp.
PRJNA1071982	MFD00061_ilm_asm_bin14	LIB-MJ050-H7_02.14	GCA_049285115.1	JBAPZG000000000	SAMN40007656	Roseiarcus sp.
PRJNA1071982	MFD01195_ilm_asm_bin6	LIB-MJ088-E10_04_v_LIB-MJ365-E10_02.6	GCA_049283515.1	JBAPWD000000000	SAMN40007737	Roseiarcus sp.
PRJNA1071982	MFD06880_ilm_asm_bin33	LIB-MJ413-G3_01.33	GCA_049276815.1	JBASXF000000000	SAMN40012451	Roseicyclus sp.
PRJNA1071982	MFD04846_ilm_asm_bin22	LIB-MJ193-D9_01.22	GCA_049589495.1	JBAWAW000000000	SAMN40008910	Roseobacter sp.
PRJNA1071982	MFD05004_ilm_asm_bin5	LIB-MJ194-F7_04.5	GCA_049588735.1	JBAVZK000000000	SAMN40008948	Roseobacter sp.
PRJNA1071982	MFD04863_ilm_asm_bin3	LIB-MJ194-D4_04.3	GCA_049588835.1	JBAVZP000000000	SAMN40008943	Roseobacter sp.
PRJNA1071982	MFD06880_ilm_asm_bin35	LIB-MJ413-G3_01.35	GCA_049276875.1	JBASXE000000000	SAMN40012452	Roseovarius sp.
PRJNA1071982	MFD09416_ilm_asm_bin5	LIB-MJ191-F7_04.5	GCA_049590195.1	JBAWCI000000000	SAMN40008872	Rouxiella badensis
PRJNA1071982	MFD05403_ilm_asm_bin8	LIB-MJ255-F11_02.8	GCA_049582605.1	JBAUUI000000000	SAMN40009481	Rouxiella badensis
PRJNA1071982	MFD05367_ilm_asm_bin28	LIB-MJ259-H9_04.28	GCA_049580565.1	JBAUQG000000000	SAMN40009587	Rouxiella badensis
PRJNA1071982	MFD03264_ilm_asm_bin14	LIB-MJ354-C4_04_v_LIB-MJ403-A2_03.14	GCA_049680385.1	JBAUHR000000000	SAMN40011209	Rubripirellula sp.
PRJNA1071982	MFD12159_ilm_asm_bin22	LIB-MJ389-C5_03.22	GCA_049648075.1	JBARYR000000000	SAMN40011710	Rubrivirga sp.
PRJNA1071982	MFD03232_ilm_asm_bin90	LIB-MJ413-H5_01.90	GCA_049274755.1	JBASTF000000000	SAMN40012555	Rubrivivax sp.
PRJNA1071982	MFD12172_ilm_asm_bin25	LIB-MJ388-H6_02.25	GCA_049650095.1	JBARZM000000000	SAMN40011689	Rubrobacteraceae bacterium
PRJNA1071982	MFD12172_ilm_asm_bin18	LIB-MJ388-H6_02.18	GCA_049650165.1	JBARZO000000000	SAMN40011687	Rubrobacteraceae bacterium
PRJNA1071982	MFD04733_ilm_asm_bin32	LIB-MJ193-H11_01_v_LIB-MJ402-G8_04.32	GCA_049589235.1	JBAWAJ000000000	SAMN40008923	Rudaea sp.
PRJNA1071982	MFD12006_ilm_asm_bin43	LIB-MJ334-E10_01.43	GCA_049297315.1	JBAQUE000000000	SAMN40010504	Rugosibacter sp.
PRJNA1071982	MFD12078_ilm_asm_bin5	LIB-MJ335-E8_02.5	GCA_049301575.1	JBAQLB000000000	SAMN40010742	Rugosibacter sp.
PRJNA1071982	MFD12042_ilm_asm_bin9	LIB-MJ335-A4_02.9	GCA_049303375.1	JBAQNB000000000	SAMN40010690	Rugosibacter sp.
PRJNA1071982	MFD12107_ilm_asm_bin32	LIB-MJ413-A1_01.32	GCA_049660865.1	JBASRD000000000	SAMN40011992	Rugosibacter sp.
PRJNA1071982	MFD10591_ilm_asm_bin26	LIB-MJ334-G6_01.26	GCA_049306355.1	JBAQQD000000000	SAMN40010609	Ruminococcus bromii
PRJNA1071982	MFD10589_ilm_asm_bin14	LIB-MJ334-E6_01.14	GCA_049296975.1	JBAQTL000000000	SAMN40010523	Ruminococcus bromii
PRJNA1071982	MFD10581_ilm_asm_bin3	LIB-MJ334-E5_01.3	GCA_049297055.1	JBAQTP000000000	SAMN40010519	Ruminococcus bromii
PRJNA1071982	MFD10551_ilm_asm_bin11	LIB-MJ334-E1_01.11	GCA_049297635.1	JBAQUP000000000	SAMN40010493	Ruminococcus bromii
PRJNA1071982	MFD10571_ilm_asm_bin21	LIB-MJ334-C4_01.21	GCA_049299555.1	JBAQXO000000000	SAMN40010416	Ruminococcus bromii
PRJNA1071982	MFD10557_ilm_asm_bin20	LIB-MJ334-C2_01.20	GCA_049299675.1	JBAQXU000000000	SAMN40010410	Ruminococcus bromii
PRJNA1071982	MFD10583_ilm_asm_bin26	LIB-MJ334-G5_01.26	GCA_049295195.1	JBAQQK000000000	SAMN40010602	Ruminococcus bromii
PRJNA1071982	MFD10553_ilm_asm_bin15	LIB-MJ334-G1_01.15	GCA_049295875.1	JBAQRK000000000	SAMN40010576	Ruminococcus bromii
PRJNA1071982	MFD10575_ilm_asm_bin34	LIB-MJ334-G4_01.34	GCA_049295455.1	JBAQQR000000000	SAMN40010595	Ruminococcus bromii
PRJNA1071982	MFD10574_ilm_asm_bin27	LIB-MJ334-F4_01.27	GCA_049296495.1	JBAQSP000000000	SAMN40010545	Ruminococcus bromii
PRJNA1071982	MFD10538_ilm_asm_bin9	LIB-MJ305-D11_04.9	GCA_049293055.1	JBATSC000000000	SAMN40010014	Ruminococcus bromii
PRJNA1071982	MFD10531_ilm_asm_bin34	LIB-MJ305-D10_04.34	GCA_049293275.1	JBATSL000000000	SAMN40010005	Ruminococcus bromii
PRJNA1071982	MFD10532_ilm_asm_bin39	LIB-MJ305-E10_04.39	GCA_049292115.1	JBATQQ000000000	SAMN40010052	Ruminococcus bromii
PRJNA1071982	MFD10528_ilm_asm_bin11	LIB-MJ305-H9_04.11	GCA_049288895.1	JBAQIO000000000	SAMN40010207	Ruminococcus bromii
PRJNA1071982	MFD10533_ilm_asm_bin26	LIB-MJ305-G10_04.26	GCA_049290335.1	JBATNL000000000	SAMN40010135	Ruminococcus bromii
PRJNA1071982	MFD10534_ilm_asm_bin37	LIB-MJ305-H10_04.37	GCA_049289755.1	JBATMH000000000	SAMN40010165	Ruminococcus bromii
PRJNA1071982	MFD10569_ilm_asm_bin5	LIB-MJ334-A4_01.5	GCA_049286505.1	JBAQEA000000000	SAMN40010325	Ruminococcus bromii
PRJNA1071982	MFD10585_ilm_asm_bin4	LIB-MJ334-A6_01.4	GCA_049286385.1	JBAQDP000000000	SAMN40010336	Ruminococcus bromii
PRJNA1071982	MFD10593_ilm_asm_bin15	LIB-MJ334-A7_01.15	GCA_049286345.1	JBAQDN000000000	SAMN40010338	Ruminococcus bromii
PRJNA1071982	MFD10547_ilm_asm_bin15	LIB-MJ334-A1_01.15	GCA_049287465.1	JBAQFW000000000	SAMN40010277	Ruminococcus bromii
PRJNA1071982	MFD10537_ilm_asm_bin4	LIB-MJ305-C11_04.4	GCA_049661585.1	JBATAF000000000	SAMN40009973	Ruminococcus bromii
PRJNA1071982	MFD10535_ilm_asm_bin9	LIB-MJ305-A11_04.9	GCA_049663585.1	JBATDS000000000	SAMN40009882	Ruminococcus bromii
PRJNA1071982	MFD10543_ilm_asm_bin26	LIB-MJ305-A12_04.26	GCA_049663545.1	JBATDQ000000000	SAMN40009884	Ruminococcus bromii
PRJNA1071982	MFD10530_ilm_asm_bin32	LIB-MJ305-B10_04.32	GCA_049662715.1	JBATCE000000000	SAMN40009922	Ruminococcus bromii
PRJNA1071982	MFD10536_ilm_asm_bin2	LIB-MJ305-B11_04.2	GCA_049662545.1	JBATBV000000000	SAMN40009931	Ruminococcus bromii
PRJNA1071982	MFD13488_ilm_asm_bin40	LIB-MJ413-E7_01.40	GCA_049652825.1	JBASFB000000000	SAMN40012308	Ruminococcus flavefaciens
PRJNA1071982	MFD13470_ilm_asm_bin5	LIB-MJ413-G9_01.5	GCA_049275695.1	JBASVA000000000	SAMN40012508	Saccharofermentanales bacterium
PRJNA1071982	MFD13471_ilm_asm_bin38	LIB-MJ413-F9_01.38	GCA_049277795.1	JBASZB000000000	SAMN40012403	Saccharofermentanales bacterium
PRJNA1071982	MFD13472_ilm_asm_bin19	LIB-MJ413-E9_01.19	GCA_049654265.1	JBASEE000000000	SAMN40012331	Saccharofermentanales bacterium
PRJNA1071982	MFD13484_ilm_asm_bin16	LIB-MJ413-A8_01.16	GCA_049659005.1	JBASPF000000000	SAMN40012042	Saccharofermentanales bacterium
PRJNA1071982	MFD03264_ilm_asm_bin10	LIB-MJ354-C4_04_v_LIB-MJ403-A2_03.10	GCA_049680405.1	JBAUHS000000000	SAMN40011208	Salaquimonas sp.
PRJNA1071982	MFD03265_ilm_asm_bin5	LIB-MJ354-B12_04.5	GCA_049682575.1	JBAUIE000000000	SAMN40011196	Salaquimonas sp.
PRJNA1071982	MFD02254_ilm_asm_bin2	LIB-MJ145-H9_01.2	GCA_049691475.1	JBAVNW000000000	SAMN40008614	Salegentibacter sp.
PRJNA1071982	MFD04776_ilm_asm_bin22	LIB-MJ192-E4_04.22	GCA_049589835.1	JBAWBO000000000	SAMN40008892	Salegentibacter sp.
PRJNA1071982	MFD05654_ilm_asm_bin9	LIB-MJ194-B3_04.9	GCA_049589035.1	JBAWAB000000000	SAMN40008931	Salegentibacter sp.
PRJNA1071982	MFD02324_ilm_asm_bin6	LIB-MJ091-C12_03.6	GCA_049282075.1	JBAPTJ000000000	SAMN40007809	Salegentibacter sp.
PRJNA1071982	MFD02245_ilm_asm_bin7	LIB-MJ260-H6_01.7	GCA_049687495.1	JBAVJB000000000	SAMN40009597	Salinimicrobium sp.
PRJNA1071982	MFD02245_ilm_asm_bin10	LIB-MJ260-H6_01.10	GCA_049687615.1	JBAVJE000000000	SAMN40009594	Salinimicrobium sp.
PRJNA1071982	MFD02245_ilm_asm_bin38	LIB-MJ260-H6_01.38	GCA_049687515.1	JBAVJC000000000	SAMN40009596	Salinisphaera sp.
PRJNA1071982	MFD12163_ilm_asm_bin4	LIB-MJ387-C9_01.4	GCA_049670505.1	JBATTK000000000	SAMN40011580	Saonia sp.
PRJNA1071982	MFD10498_ilm_asm_bin29	LIB-MJ305-B6_04.29	GCA_049662145.1	JBATBB000000000	SAMN40009951	Saprospiraceae bacterium
PRJNA1071982	MFD10514_ilm_asm_bin25	LIB-MJ305-B8_04.25	GCA_049661985.1	JBATAU000000000	SAMN40009958	Saprospiraceae bacterium
PRJNA1071982	MFD10469_ilm_asm_bin18	LIB-MJ305-C2_04.18	GCA_049661365.1	JBASZZ000000000	SAMN40009979	Saprospiraceae bacterium
PRJNA1071982	MFD10483_ilm_asm_bin11	LIB-MJ305-C4_04_v_LIB-MJ410-F11_02.11	GCA_049661265.1	JBASZX000000000	SAMN40009981	Saprospiraceae bacterium
PRJNA1071982	MFD10476_ilm_asm_bin7	LIB-MJ305-B3_04.7	GCA_049662265.1	JBATBI000000000	SAMN40009944	Saprospiraceae bacterium
PRJNA1071982	MFD10460_ilm_asm_bin16	LIB-MJ305-B1_04.16	GCA_049662885.1	JBATCM000000000	SAMN40009914	Saprospiraceae bacterium
PRJNA1071982	MFD10475_ilm_asm_bin45	LIB-MJ305-A3_04.45	GCA_049663305.1	JBATDE000000000	SAMN40009896	Saprospiraceae bacterium
PRJNA1071982	MFD10481_ilm_asm_bin4	LIB-MJ305-A4_04.4	GCA_049663125.1	JBATCY000000000	SAMN40009902	Saprospiraceae bacterium
PRJNA1071982	MFD10489_ilm_asm_bin7	LIB-MJ305-A5_04.7	GCA_049663065.1	JBATCV000000000	SAMN40009905	Saprospiraceae bacterium
PRJNA1071982	MFD13447_ilm_asm_bin22	LIB-MJ390-F6_03.22	GCA_049643165.1	JBARPN000000000	SAMN40011948	Saprospiraceae bacterium
PRJNA1071982	MFD13441_ilm_asm_bin57	LIB-MJ390-D7_03.57	GCA_049644165.1	JBARRI000000000	SAMN40011901	Saprospiraceae bacterium
PRJNA1071982	MFD12159_ilm_asm_bin23	LIB-MJ389-C5_03.23	GCA_049648045.1	JBARYQ000000000	SAMN40011711	Saprospiraceae bacterium
PRJNA1071982	MFD13443_ilm_asm_bin53	LIB-MJ390-B7_03.53	GCA_049646725.1	JBARUF000000000	SAMN40011826	Saprospiraceae bacterium
PRJNA1071982	MFD13443_ilm_asm_bin88	LIB-MJ390-B7_03.88	GCA_049645565.1	JBARUB000000000	SAMN40011830	Saprospiraceae bacterium
PRJNA1071982	MFD13443_ilm_asm_bin23	LIB-MJ390-B7_03.23	GCA_049645665.1	JBARUI000000000	SAMN40011823	Saprospiraceae bacterium
PRJNA1071982	MFD13443_ilm_asm_bin29	LIB-MJ390-B7_03.29	GCA_049645645.1	JBARUH000000000	SAMN40011824	Saprospiraceae bacterium
PRJNA1071982	MFD13444_ilm_asm_bin87	LIB-MJ390-A7_03.87	GCA_049646045.1	JBARVB000000000	SAMN40011804	Saprospiraceae bacterium
PRJNA1071982	MFD13444_ilm_asm_bin92	LIB-MJ390-A7_03.92	GCA_049646025.1	JBARUZ000000000	SAMN40011806	Saprospiraceae bacterium
PRJNA1071982	MFD13444_ilm_asm_bin89	LIB-MJ390-A7_03.89	GCA_049646005.1	JBARVA000000000	SAMN40011805	Saprospiraceae bacterium
PRJNA1071982	MFD03278_ilm_asm_bin14	LIB-MJ334-G7_01.14	GCA_049306275.1	JBAQQB000000000	SAMN40010611	Saprospiraceae bacterium
PRJNA1071982	MFD03278_ilm_asm_bin19	LIB-MJ334-G7_01.19	GCA_049306215.1	JBAQPZ000000000	SAMN40010613	Saprospiraceae bacterium
PRJNA1071982	MFD10517_ilm_asm_bin27	LIB-MJ305-E8_04.27	GCA_049291575.1	JBATPS000000000	SAMN40010076	Saprospiraceae bacterium
PRJNA1071982	MFD10517_ilm_asm_bin30	LIB-MJ305-E8_04.30	GCA_049291555.1	JBATPQ000000000	SAMN40010078	Saprospiraceae bacterium
PRJNA1071982	MFD10485_ilm_asm_bin30	LIB-MJ305-E4_04.30	GCA_049291775.1	JBATPZ000000000	SAMN40010069	Saprospiraceae bacterium
PRJNA1071982	MFD10509_ilm_asm_bin13	LIB-MJ305-E7_04.13	GCA_049291615.1	JBATPU000000000	SAMN40010074	Saprospiraceae bacterium
PRJNA1071982	MFD10464_ilm_asm_bin40	LIB-MJ305-F1_04.40	GCA_049291215.1	JBATOZ000000000	SAMN40010095	Saprospiraceae bacterium
PRJNA1071982	MFD10472_ilm_asm_bin20	LIB-MJ305-F2_04.20	GCA_049291075.1	JBATOS000000000	SAMN40010102	Saprospiraceae bacterium
PRJNA1071982	MFD10472_ilm_asm_bin23	LIB-MJ305-F2_04.23	GCA_049291055.1	JBATOR000000000	SAMN40010103	Saprospiraceae bacterium
PRJNA1071982	MFD10472_ilm_asm_bin25	LIB-MJ305-F2_04.25	GCA_049291035.1	JBATOQ000000000	SAMN40010104	Saprospiraceae bacterium
PRJNA1071982	MFD10486_ilm_asm_bin26	LIB-MJ305-F4_04.26	GCA_049290955.1	JBATOM000000000	SAMN40010108	Saprospiraceae bacterium
PRJNA1071982	MFD10477_ilm_asm_bin23	LIB-MJ305-D3_04.23	GCA_049292885.1	JBATRY000000000	SAMN40010018	Saprospiraceae bacterium
PRJNA1071982	MFD10507_ilm_asm_bin19	LIB-MJ305-C7_04.19	GCA_049293455.1	JBATSU000000000	SAMN40009996	Saprospiraceae bacterium
PRJNA1071982	MFD10484_ilm_asm_bin56	LIB-MJ305-D4_04.56	GCA_049292635.1	JBATRO000000000	SAMN40010028	Saprospiraceae bacterium
PRJNA1071982	MFD10463_ilm_asm_bin1	LIB-MJ305-E1_04.1	GCA_049292155.1	JBATQS000000000	SAMN40010050	Saprospiraceae bacterium
PRJNA1071982	MFD10508_ilm_asm_bin17	LIB-MJ305-D7_04.17	GCA_049292435.1	JBATRE000000000	SAMN40010038	Saprospiraceae bacterium
PRJNA1071982	MFD10527_ilm_asm_bin19	LIB-MJ305-G9_04.19	GCA_049289795.1	JBATML000000000	SAMN40010161	Saprospiraceae bacterium
PRJNA1071982	MFD10527_ilm_asm_bin13	LIB-MJ305-G9_04.13	GCA_049289835.1	JBATMM000000000	SAMN40010160	Saprospiraceae bacterium
PRJNA1071982	MFD10474_ilm_asm_bin28	LIB-MJ305-H2_04.28	GCA_049289435.1	JBATLS000000000	SAMN40010180	Saprospiraceae bacterium
PRJNA1071982	MFD10488_ilm_asm_bin46	LIB-MJ305-H4_04.46	GCA_049289215.1	JBATLH000000000	SAMN40010191	Saprospiraceae bacterium
PRJNA1071982	MFD10487_ilm_asm_bin5	LIB-MJ305-G4_04.5	GCA_049290115.1	JBATMZ000000000	SAMN40010147	Saprospiraceae bacterium
PRJNA1071982	MFD10503_ilm_asm_bin12	LIB-MJ305-G6_04.12	GCA_049290035.1	JBATMY000000000	SAMN40010148	Saprospiraceae bacterium
PRJNA1071982	MFD03712_ilm_asm_bin24	LIB-MJ413-B2_01.24	GCA_049657225.1	JBASNE000000000	SAMN40012095	Schleiferiaceae bacterium
PRJNA1071982	MFD06878_ilm_asm_bin24	LIB-MJ413-H3_01.24	GCA_049275035.1	JBASTT000000000	SAMN40012541	Schleiferiaceae bacterium
PRJNA1071982	MFD10539_ilm_asm_bin11	LIB-MJ305-E11_04.11	GCA_049291975.1	JBATQJ000000000	SAMN40010059	Scrofimicrobium sp.
PRJNA1071982	MFD12109_ilm_asm_bin60	LIB-MJ413-C1_01.60	GCA_049656425.1	JBASLQ000000000	SAMN40012135	Sedimentibacter sp.
PRJNA1071982	MFD13484_ilm_asm_bin26	LIB-MJ413-A8_01.26	GCA_049658805.1	JBASPB000000000	SAMN40012046	Sedimentibacter sp.
PRJNA1071982	MFD10219_ilm_asm_bin12	LIB-MJ283-B4_04.12	GCA_049669425.1	JBATKM000000000	SAMN40009706	Sedimenticolaceae bacterium
PRJNA1071982	MFD10219_ilm_asm_bin17	LIB-MJ283-B4_04.17	GCA_049669325.1	JBATKK000000000	SAMN40009708	Sedimenticolaceae bacterium
PRJNA1071982	MFD10235_ilm_asm_bin25	LIB-MJ283-B6_04.25	GCA_049669185.1	JBATKF000000000	SAMN40009713	Sedimenticolaceae bacterium
PRJNA1071982	MFD10229_ilm_asm_bin20	LIB-MJ283-D5_04.20	GCA_049668545.1	JBATJP000000000	SAMN40009729	Sedimenticolaceae bacterium
PRJNA1071982	MFD10208_ilm_asm_bin7	LIB-MJ283-E2_04.7	GCA_049668525.1	JBATJO000000000	SAMN40009730	Sedimenticolaceae bacterium
PRJNA1071982	MFD10268_ilm_asm_bin12	LIB-MJ283-D10_04.12	GCA_049668625.1	JBATJR000000000	SAMN40009727	Sedimenticolaceae bacterium
PRJNA1071982	MFD10222_ilm_asm_bin1	LIB-MJ283-E4_04.1	GCA_049668465.1	JBATJL000000000	SAMN40009733	Sedimenticolaceae bacterium
PRJNA1071982	MFD10239_ilm_asm_bin19	LIB-MJ283-F6_04.19	GCA_049668165.1	JBATJB000000000	SAMN40009743	Sedimenticolaceae bacterium
PRJNA1071982	MFD10224_ilm_asm_bin6	LIB-MJ283-G4_04.6	GCA_049667805.1	JBATIQ000000000	SAMN40009754	Sedimenticolaceae bacterium
PRJNA1071982	MFD10257_ilm_asm_bin28	LIB-MJ283-H8_04.28	GCA_049667185.1	JBATHV000000000	SAMN40009775	Sedimenticolaceae bacterium
PRJNA1071982	MFD10279_ilm_asm_bin7	LIB-MJ283-H11_04_v_LIB-MJ415-B7_04.7	GCA_049667525.1	JBATIC000000000	SAMN40009768	Sedimenticolaceae bacterium
PRJNA1071982	MFD10279_ilm_asm_bin36	LIB-MJ283-H11_04_v_LIB-MJ415-B7_04.36	GCA_049667565.1	JBATIE000000000	SAMN40009766	Sedimenticolaceae bacterium
PRJNA1071982	MFD10313_ilm_asm_bin1	LIB-MJ284-H4_03.1	GCA_049664845.1	JBATFN000000000	SAMN40009835	Sedimenticolaceae bacterium
PRJNA1071982	MFD10305_ilm_asm_bin20	LIB-MJ284-H3_03.20	GCA_049664925.1	JBATFQ000000000	SAMN40009832	Sedimenticolaceae bacterium
PRJNA1071982	MFD06947_ilm_asm_bin5	LIB-MJ282-B5_03.5	GCA_049684835.1	JBAVGM000000000	SAMN40009664	Sedimentisphaerales bacterium
PRJNA1071982	MFD03833_ilm_asm_bin2	LIB-MJ147-D9_02.2	GCA_049691175.1	JBAVNP000000000	SAMN40008621	Sedimentisphaerales bacterium
PRJNA1071982	MFD13433_ilm_asm_bin29	LIB-MJ390-D8_03.29	GCA_049644065.1	JBARRE000000000	SAMN40011905	Sedimentisphaerales bacterium
PRJNA1071982	MFD13424_ilm_asm_bin26	LIB-MJ390-E9_03.26	GCA_049643445.1	JBARPZ000000000	SAMN40011936	Sedimentisphaerales bacterium
PRJNA1071982	MFD06995_ilm_asm_bin24	LIB-MJ307-H11_01.24	GCA_049287505.1	JBAQFY000000000	SAMN40010275	Sedimentisphaerales bacterium
PRJNA1071982	MFD00095_ilm_asm_bin10	LIB-MJ054-D3_03.10	GCA_049284355.1	JBAPXT000000000	SAMN40007695	Sedimentisphaerales bacterium
PRJNA1071982	MFD12000_ilm_asm_bin36	LIB-MJ334-F9_01.36	GCA_049295955.1	JBAQRO000000000	SAMN40010572	Sediminibacterium sp.
PRJNA1071982	MFD03232_ilm_asm_bin56	LIB-MJ413-H5_01.56	GCA_049274835.1	JBASTJ000000000	SAMN40012551	Sediminibacterium sp.
PRJNA1071982	MFD03721_ilm_asm_bin25	LIB-MJ413-A2_01.25	GCA_049660325.1	JBASQO000000000	SAMN40012007	Sediminibacterium sp.
PRJNA1071982	MFD10593_ilm_asm_bin16	LIB-MJ334-A7_01.16	GCA_049294755.1	JBAQDM000000000	SAMN40010339	Segatella copri
PRJNA1071982	MFD10528_ilm_asm_bin29	LIB-MJ305-H9_04.29	GCA_049288875.1	JBAQIN000000000	SAMN40010208	Segatella copri
PRJNA1071982	MFD02883_ilm_asm_bin1	LIB-MJ135-F2_04.1	GCA_049694975.1	JBAVRL000000000	SAMN40008521	Serratia inhibens
PRJNA1071982	MFD05687_ilm_asm_bin11	LIB-MJ191-E6_04.11	GCA_049590275.1	JBAWCN000000000	SAMN40008867	Serratia proteamaculans
PRJNA1071982	MFD10529_ilm_asm_bin31	LIB-MJ305-A10_04.31	GCA_049663705.1	JBATDY000000000	SAMN40009876	Shewanella indica
PRJNA1071982	MFD12122_ilm_asm_bin23	LIB-MJ386-G6_04.23	GCA_049671505.1	JBATVA000000000	SAMN40011538	Shewanella sp.
PRJNA1071982	MFD12221_ilm_asm_bin12	LIB-MJ388-D9_02.12	GCA_049651085.1	JBASBL000000000	SAMN40011638	Shinella sp.
PRJNA1071982	MFD12185_ilm_asm_bin12	LIB-MJ388-E8_02.12	GCA_049650965.1	JBASBE000000000	SAMN40011645	Shinella zoogloeoides
PRJNA1071982	MFD03281_ilm_asm_bin23	LIB-MJ334-B8_01.23	GCA_049293715.1	JBAQBS000000000	SAMN40010385	Sideroxyarcus sp.
PRJNA1071982	MFD03280_ilm_asm_bin37	LIB-MJ334-A8_01.37	GCA_049286265.1	JBAQDF000000000	SAMN40010346	Sideroxyarcus sp.
PRJNA1071982	MFD00056_ilm_asm_bin48	LIB-MJ050-H8_02.48	GCA_049285075.1	JBAPZD000000000	SAMN40007659	Silvibacterium sp.
PRJNA1071982	MFD10791_ilm_asm_bin46	LIB-MJ352-G2_03_v_LIB-MJ368-G2_01.46	GCA_049792155.1	JBARAP000000000	SAMN40011136	Silvibacterium sp.
PRJNA1071982	MFD06399_ilm_asm_bin17	LIB-MJ338-B11_04.17	GCA_049802075.1	JBARLU000000000	SAMN40010845	Silvibacterium sp.
PRJNA1071982	MFD06141_ilm_asm_bin1	LIB-MJ339-A3_03.1	GCA_049801715.1	JBARLB000000000	SAMN40010864	Silvibacterium sp.
PRJNA1071982	MFD06632_ilm_asm_bin25	LIB-MJ338-G11_04.25	GCA_049801835.1	JBARLH000000000	SAMN40010858	Silvibacterium sp.
PRJNA1071982	MFD06120_ilm_asm_bin19	LIB-MJ339-H6_03.19	GCA_049800015.1	JBARJA000000000	SAMN40010917	Silvibacterium sp.
PRJNA1071982	MFD06470_ilm_asm_bin28	LIB-MJ341-D9_02_v_LIB-MJ406-B4_04.28	GCA_049799415.1	JBARHV000000000	SAMN40010948	Silvibacterium sp.
PRJNA1071982	MFD05734_ilm_asm_bin10	LIB-MJ198-F6_03.10	GCA_049578965.1	JBAUMY000000000	SAMN40009049	Silvibacterium sp.
PRJNA1071982	MFD01830_ilm_asm_bin49	LIB-MJ195-D11_01_v_LIB-MJ415-B8_04.49	GCA_049588475.1	JBAVYX000000000	SAMN40008961	Silvibacterium sp.
PRJNA1071982	MFD05697_ilm_asm_bin11	LIB-MJ173-C8_01.11	GCA_049593835.1	JBAWHM000000000	SAMN40008738	Silvibacterium sp.
PRJNA1071982	MFD04928_ilm_asm_bin21	LIB-MJ226-G10_01.21	GCA_049587795.1	JBAVEP000000000	SAMN40009219	Smithella sp.
PRJNA1071982	MFD10098_ilm_asm_bin11	LIB-MJ301-D2_01.11	GCA_049664145.1	JBATES000000000	SAMN40009856	Smithella sp.
PRJNA1071982	MFD09594_ilm_asm_bin32	LIB-MJ307-A2_01.32	GCA_049288035.1	JBAQGY000000000	SAMN40010249	Smithella sp.
PRJNA1071982	MFD12019_ilm_asm_bin24	LIB-MJ334-C12_01.24	GCA_049299815.1	JBAQYB000000000	SAMN40010403	Smithella sp.
PRJNA1071982	MFD12011_ilm_asm_bin34	LIB-MJ334-C11_01.34	GCA_049299955.1	JBAQYI000000000	SAMN40010396	Smithella sp.
PRJNA1071982	MFD12070_ilm_asm_bin5	LIB-MJ335-E7_02.5	GCA_049301635.1	JBAQLD000000000	SAMN40010740	Smithella sp.
PRJNA1071982	MFD01124_ilm_asm_bin10	LIB-MJ107-A1_02.10	GCA_049279015.1	JBAPNG000000000	SAMN40007968	Smithella sp.
PRJNA1071982	MFD12075_ilm_asm_bin13	LIB-MJ335-B8_02.13	GCA_049302675.1	JBAQMH000000000	SAMN40010710	Smithella sp.
PRJNA1071982	MFD12066_ilm_asm_bin25	LIB-MJ335-A7_02.25	GCA_049303215.1	JBAQMV000000000	SAMN40010696	Smithella sp.
PRJNA1071982	MFD13471_ilm_asm_bin20	LIB-MJ413-F9_01.20	GCA_049277955.1	JBASZJ000000000	SAMN40012395	Smithellaceae bacterium
PRJNA1071982	MFD13470_ilm_asm_bin11	LIB-MJ413-G9_01.11	GCA_049275835.1	JBASVH000000000	SAMN40012501	Smithellaceae bacterium
PRJNA1071982	MFD12011_ilm_asm_bin33	LIB-MJ334-C11_01.33	GCA_049299975.1	JBAQYJ000000000	SAMN40010395	Smithellaceae bacterium
PRJNA1071982	MFD13491_ilm_asm_bin7	LIB-MJ413-B7_01.7	GCA_049656985.1	JBASMS000000000	SAMN40012107	Smithellaceae bacterium
PRJNA1071982	MFD13489_ilm_asm_bin18	LIB-MJ413-D7_01.18	GCA_049654885.1	JBASIR000000000	SAMN40012212	Smithellaceae bacterium
PRJNA1071982	MFD13481_ilm_asm_bin21	LIB-MJ413-D8_01.21	GCA_049654185.1	JBASHS000000000	SAMN40012237	Smithellaceae bacterium
PRJNA1071982	MFD13481_ilm_asm_bin19	LIB-MJ413-D8_01.19	GCA_049654225.1	JBASHU000000000	SAMN40012235	Smithellaceae bacterium
PRJNA1071982	MFD13488_ilm_asm_bin13	LIB-MJ413-E7_01.13	GCA_049652905.1	JBASFG000000000	SAMN40012303	Smithellaceae bacterium
PRJNA1071982	MFD09215_ilm_asm_bin12	LIB-MJ307-B11_01.12	GCA_049287955.1	JBAQGV000000000	SAMN40010252	Solirubrobacteraceae bacterium
PRJNA1071982	MFD09676_ilm_asm_bin3	LIB-MJ306-H11_01.3	GCA_049288415.1	JBAQHR000000000	SAMN40010230	Solirubrobacteraceae bacterium
PRJNA1071982	MFD01929_ilm_asm_bin14	LIB-MJ307-C5_01.14	GCA_049287845.1	JBAQGP000000000	SAMN40010258	Solirubrobacteraceae bacterium
PRJNA1071982	MFD05814_ilm_asm_bin19	LIB-MJ307-E5_01.19	GCA_049287685.1	JBAQGH000000000	SAMN40010266	Solirubrobacteraceae bacterium
PRJNA1071982	MFD00132_ilm_asm_bin12	LIB-MJ054-G6_03.12	GCA_049284255.1	JBAPXO000000000	SAMN40007700	Solirubrobacteraceae bacterium
PRJNA1071982	MFD00132_ilm_asm_bin17	LIB-MJ054-G6_03.17	GCA_049284235.1	JBAPXN000000000	SAMN40007701	Solirubrobacteraceae bacterium
PRJNA1071982	MFD01297_ilm_asm_bin12	LIB-MJ088-E7_04.12	GCA_049283455.1	JBAPWA000000000	SAMN40007740	Solirubrobacteraceae bacterium
PRJNA1071982	MFD01257_ilm_asm_bin3	LIB-MJ088-G7_04.3	GCA_049283335.1	JBAPVU000000000	SAMN40007746	Solirubrobacteraceae bacterium
PRJNA1071982	MFD03341_ilm_asm_bin48	LIB-MJ105-H3_01.48	GCA_049279735.1	JBAPOR000000000	SAMN40007931	Solirubrobacteraceae bacterium
PRJNA1071982	MFD03704_ilm_asm_bin2	LIB-MJ109-E5_01_v_LIB-MJ409-F1_01.2	GCA_049278415.1	JBAPMC000000000	SAMN40007998	Solirubrobacteraceae bacterium
PRJNA1071982	MFD09421_ilm_asm_bin17	LIB-MJ195-E7_01.17	GCA_049588415.1	JBAVYU000000000	SAMN40008964	Solirubrobacteraceae bacterium
PRJNA1071982	MFD01830_ilm_asm_bin29	LIB-MJ195-D11_01_v_LIB-MJ415-B8_04.29	GCA_049588515.1	JBAVYZ000000000	SAMN40008959	Solirubrobacteraceae bacterium
PRJNA1071982	MFD05706_ilm_asm_bin11	LIB-MJ177-D7_03.11	GCA_049591655.1	JBAWFG000000000	SAMN40008796	Solirubrobacteraceae bacterium
PRJNA1071982	MFD05722_ilm_asm_bin31	LIB-MJ177-D8_03.31	GCA_049591495.1	JBAWFB000000000	SAMN40008801	Solirubrobacteraceae bacterium
PRJNA1071982	MFD05420_ilm_asm_bin1	LIB-MJ259-C9_04.1	GCA_049581225.1	JBAURN000000000	SAMN40009554	Solirubrobacteraceae bacterium
PRJNA1071982	MFD09266_ilm_asm_bin6	LIB-MJ252-H6_02.6	GCA_049584155.1	JBAUXH000000000	SAMN40009404	Solirubrobacteraceae bacterium
PRJNA1071982	MFD09245_ilm_asm_bin13	LIB-MJ253-B4_01_v_LIB-MJ404-E6_03.13	GCA_049584115.1	JBAUXF000000000	SAMN40009406	Solirubrobacteraceae bacterium
PRJNA1071982	MFD09245_ilm_asm_bin20	LIB-MJ253-B4_01_v_LIB-MJ404-E6_03.20	GCA_049584095.1	JBAUXE000000000	SAMN40009407	Solirubrobacteraceae bacterium
PRJNA1071982	MFD09235_ilm_asm_bin31	LIB-MJ250-C5_04_v_LIB-MJ365-C5_03.31	GCA_049585835.1	JBAVAS000000000	SAMN40009320	Solirubrobacteraceae bacterium
PRJNA1071982	MFD05642_ilm_asm_bin12	LIB-MJ174-D10_01.12	GCA_049593355.1	JBAWGY000000000	SAMN40008752	Solirubrobacteraceae bacterium
PRJNA1071982	MFD00904_ilm_asm_bin13	LIB-MJ134-C6_03.13	GCA_049695695.1	JBAVSP000000000	SAMN40008491	Solirubrobacteraceae bacterium
PRJNA1071982	MFD01169_ilm_asm_bin12	LIB-MJ130-D4_01.12	GCA_049697735.1	JBAVWI000000000	SAMN40008394	Solirubrobacteraceae bacterium
PRJNA1071982	MFD06138_ilm_asm_bin14	LIB-MJ339-E8_03.14	GCA_049800435.1	JBARJU000000000	SAMN40010897	Solirubrobacteraceae bacterium
PRJNA1071982	MFD06248_ilm_asm_bin5	LIB-MJ344-F9_04.5	GCA_049796185.1	JBAREM000000000	SAMN40011035	Solirubrobacterales bacterium
PRJNA1071982	MFD06330_ilm_asm_bin2	LIB-MJ344-D9_04.2	GCA_049796555.1	JBAREW000000000	SAMN40011025	Solirubrobacterales bacterium
PRJNA1071982	MFD06388_ilm_asm_bin3	LIB-MJ344-E10_04.3	GCA_049796515.1	JBAREU000000000	SAMN40011027	Solirubrobacterales bacterium
PRJNA1071982	MFD10706_ilm_asm_bin9	LIB-MJ353-C12_03.9	GCA_049790835.1	JBAQZI000000000	SAMN40011170	Solirubrobacterales bacterium
PRJNA1071982	MFD13065_ilm_asm_bin18	LIB-MJ385-A11_04.18	GCA_049674365.1	JBATYZ000000000	SAMN40011435	Solirubrobacterales bacterium
PRJNA1071982	MFD06953_ilm_asm_bin19	LIB-MJ282-D4_03.19	GCA_049684635.1	JBAVGD000000000	SAMN40009673	Solirubrobacterales bacterium
PRJNA1071982	MFD10017_ilm_asm_bin1	LIB-MJ279-E5_02.1	GCA_049686075.1	JBAVHS000000000	SAMN40009632	Solirubrobacterales bacterium
PRJNA1071982	MFD12931_ilm_asm_bin4	LIB-MJ390-E1_03.4	GCA_049643825.1	JBARQO000000000	SAMN40011921	Solirubrobacterales bacterium
PRJNA1071982	MFD03501_ilm_asm_bin20	LIB-MJ413-F5_01.20	GCA_049651765.1	JBASCS000000000	SAMN40012369	Solirubrobacterales bacterium
PRJNA1071982	MFD12925_ilm_asm_bin17	LIB-MJ390-C1_03.17	GCA_049645385.1	JBARTT000000000	SAMN40011838	Solirubrobacterales bacterium
PRJNA1071982	MFD05384_ilm_asm_bin23	LIB-MJ173-C9_01.23	GCA_049593795.1	JBAWHK000000000	SAMN40008740	Solirubrobacterales bacterium
PRJNA1071982	MFD09235_ilm_asm_bin33	LIB-MJ250-C5_04_v_LIB-MJ365-C5_03.33	GCA_049585815.1	JBAVAR000000000	SAMN40009321	Solirubrobacterales bacterium
PRJNA1071982	MFD05983_ilm_asm_bin5	LIB-MJ231-E5_04.5	GCA_049586075.1	JBAVBE000000000	SAMN40009308	Solirubrobacterales bacterium
PRJNA1071982	MFD09702_ilm_asm_bin14	LIB-MJ254-E8_02.14	GCA_049583735.1	JBAUWK000000000	SAMN40009427	Solirubrobacterales bacterium
PRJNA1071982	MFD01796_ilm_asm_bin29	LIB-MJ190-E7_02.29	GCA_049590835.1	JBAWDS000000000	SAMN40008836	Solirubrobacterales bacterium
PRJNA1071982	MFD04844_ilm_asm_bin13	LIB-MJ194-B8_04.13	GCA_049588995.1	JBAVZY000000000	SAMN40008934	Solirubrobacterales bacterium
PRJNA1071982	MFD07407_ilm_asm_bin6	LIB-MJ229-H2_03_v_LIB-MJ410-C8_02.6	GCA_049586735.1	JBAVCN000000000	SAMN40009273	Solirubrobacterales bacterium
PRJNA1071982	MFD04952_ilm_asm_bin21	LIB-MJ197-A5_03.21	GCA_049579605.1	JBAUOF000000000	SAMN40009016	Solirubrobacterales bacterium
PRJNA1071982	MFD05593_ilm_asm_bin11	LIB-MJ197-A8_03.11	GCA_049579585.1	JBAUOE000000000	SAMN40009017	Solirubrobacterales bacterium
PRJNA1071982	MFD08018_ilm_asm_bin1	LIB-MJ216-C4_02.1	GCA_049577465.1	JBAUKD000000000	SAMN40009122	Solirubrobacterales bacterium
PRJNA1071982	MFD03231_ilm_asm_bin24	LIB-MJ413-G5_01.24	GCA_049276635.1	JBASWU000000000	SAMN40012462	Solirubrobacterales bacterium
PRJNA1071982	MFD03232_ilm_asm_bin84	LIB-MJ413-H5_01.84	GCA_049274775.1	JBASTG000000000	SAMN40012554	Solirubrobacterales bacterium
PRJNA1071982	MFD03232_ilm_asm_bin24	LIB-MJ413-H5_01.24	GCA_049274915.1	JBASTN000000000	SAMN40012547	Solirubrobacterales bacterium
PRJNA1071982	MFD05439_ilm_asm_bin14	LIB-MJ200-C11_04.14	GCA_049578485.1	JBAUMA000000000	SAMN40009073	Specibacter sp.
PRJNA1071982	MFD12109_ilm_asm_bin57	LIB-MJ413-C1_01.57	GCA_049656445.1	JBASLR000000000	SAMN40012134	Sphaerochaeta sp.
PRJNA1071982	MFD12221_ilm_asm_bin10	LIB-MJ388-D9_02.10	GCA_049684055.1	JBAUZW000000000	SAMN40011637	Sphingobacterium cellulitidis
PRJNA1071982	MFD12218_ilm_asm_bin39	LIB-MJ390-C2_03.39	GCA_049645105.1	JBARTG000000000	SAMN40011851	Sphingobacterium siyangense
PRJNA1071982	MFD12218_ilm_asm_bin15	LIB-MJ390-C2_03.15	GCA_049645205.1	JBARTK000000000	SAMN40011847	Sphingobacterium thalpophilum
PRJNA1071982	MFD03501_ilm_asm_bin24	LIB-MJ413-F5_01.24	GCA_049651745.1	JBASCR000000000	SAMN40012370	Sphingobium sp.
PRJNA1071982	MFD03279_ilm_asm_bin14	LIB-MJ334-H7_01.14	GCA_049304715.1	JBAQOJ000000000	SAMN40010655	Sphingobium sp.
PRJNA1071982	MFD03279_ilm_asm_bin12	LIB-MJ334-H7_01.12	GCA_049304695.1	JBAQOK000000000	SAMN40010654	Sphingobium sp.
PRJNA1071982	MFD03231_ilm_asm_bin49	LIB-MJ413-G5_01.49	GCA_049276575.1	JBASWR000000000	SAMN40012465	Sphingobium sp.
PRJNA1071982	MFD12185_ilm_asm_bin9	LIB-MJ388-E8_02.9	GCA_049650905.1	JBASBB000000000	SAMN40011648	Sphingopyxis granuli
PRJNA1071982	MFD12224_ilm_asm_bin8	LIB-MJ388-G5_02.8	GCA_049650545.1	JBASAJ000000000	SAMN40011666	Sphingopyxis granuli
PRJNA1071982	MFD12187_ilm_asm_bin11	LIB-MJ389-G6_03.11	GCA_049646665.1	JBARWG000000000	SAMN40011773	Sphingopyxis granuli
PRJNA1071982	MFD12223_ilm_asm_bin7	LIB-MJ387-F7_01.7	GCA_049683555.1	JBAUJF000000000	SAMN40011604	Sphingopyxis granuli
PRJNA1071982	MFD12214_ilm_asm_bin8	LIB-MJ386-A9_04.8	GCA_049673025.1	JBATXC000000000	SAMN40011484	Sphingopyxis granuli
PRJNA1071982	MFD12221_ilm_asm_bin9	LIB-MJ388-D9_02.9	GCA_049651005.1	JBASBG000000000	SAMN40011643	Sphingopyxis sp.
PRJNA1071982	MFD10519_ilm_asm_bin20	LIB-MJ305-G8_04.20	GCA_049289895.1	JBATMP000000000	SAMN40010157	Sphingorhabdus sp.
PRJNA1071982	MFD10500_ilm_asm_bin4	LIB-MJ305-D6_04.4	GCA_049292475.1	JBATRG000000000	SAMN40010036	Sphingorhabdus sp.
PRJNA1071982	MFD10517_ilm_asm_bin37	LIB-MJ305-E8_04.37	GCA_049291515.1	JBATPO000000000	SAMN40010080	Sphingorhabdus sp.
PRJNA1071982	MFD10502_ilm_asm_bin34	LIB-MJ305-F6_04.34	GCA_049290835.1	JBATOG000000000	SAMN40010114	Sphingorhabdus sp.
PRJNA1071982	MFD10505_ilm_asm_bin44	LIB-MJ305-A7_04.44	GCA_049662965.1	JBATCQ000000000	SAMN40009910	Sphingorhabdus sp.
PRJNA1071982	MFD10467_ilm_asm_bin2	LIB-MJ305-A2_04.2	GCA_049663505.1	JBATDO000000000	SAMN40009886	Sphingorhabdus sp.
PRJNA1071982	MFD03274_ilm_asm_bin1	LIB-MJ352-B10_03.1	GCA_049793895.1	JBARCG000000000	SAMN40011093	Sphingorhabdus sp.
PRJNA1071982	MFD13489_ilm_asm_bin25	LIB-MJ413-D7_01.25	GCA_049654865.1	JBASIQ000000000	SAMN40012213	Spirochaetota bacterium
PRJNA1071982	MFD03260_ilm_asm_bin9	LIB-MJ353-B7_03.9	GCA_049790975.1	JBAQZM000000000	SAMN40011166	Spirulinaceae cyanobacterium
PRJNA1071982	MFD12172_ilm_asm_bin23	LIB-MJ388-H6_02.23	GCA_049650125.1	JBARZN000000000	SAMN40011688	Spirulinaceae cyanobacterium
PRJNA1071982	MFD12171_ilm_asm_bin20	LIB-MJ386-H4_04.20	GCA_049671325.1	JBATUS000000000	SAMN40011546	Spirulinaceae cyanobacterium
PRJNA1071982	MFD12173_ilm_asm_bin6	LIB-MJ387-F6_01.6	GCA_049683835.1	JBAUJN000000000	SAMN40011596	Spirulinaceae cyanobacterium
PRJNA1071982	MFD06173_ilm_asm_bin14	LIB-MJ336-C5_02.14	GCA_049300655.1	JBAQKB000000000	SAMN40010768	Stellaceae bacterium
PRJNA1071982	MFD09291_ilm_asm_bin9	LIB-MJ307-E4_01.9	GCA_049287705.1	JBAQGI000000000	SAMN40010265	Stellaceae bacterium
PRJNA1071982	MFD06453_ilm_asm_bin19	LIB-MJ338-F9_04.19	GCA_049801875.1	JBARLJ000000000	SAMN40010856	Stellaceae bacterium
PRJNA1071982	MFD06091_ilm_asm_bin70	LIB-MJ339-C7_03.70	GCA_049801295.1	JBARKH000000000	SAMN40010884	Stellaceae bacterium
PRJNA1071982	MFD06547_ilm_asm_bin8	LIB-MJ343-E8_01.8	GCA_049797215.1	JBARFL000000000	SAMN40011010	Stellaceae bacterium
PRJNA1071982	MFD06455_ilm_asm_bin7	LIB-MJ341-C6_02_v_LIB-MJ367-C6_04.7	GCA_049799535.1	JBARIB000000000	SAMN40010942	Stellaceae bacterium
PRJNA1071982	MFD03801_ilm_asm_bin2	LIB-MJ151-E5_04.2	GCA_049689615.1	JBAVMB000000000	SAMN40008661	Stellaceae bacterium
PRJNA1071982	MFD00878_ilm_asm_bin9	LIB-MJ129-B10_02.9	GCA_049705105.1	JBAVXQ000000000	SAMN40008360	Stellaceae bacterium
PRJNA1071982	MFD04862_ilm_asm_bin14	LIB-MJ198-F7_03.14	GCA_049578925.1	JBAUMW000000000	SAMN40009051	Stellaceae bacterium
PRJNA1071982	MFD10072_ilm_asm_bin2	LIB-MJ252-H3_02.2	GCA_049584235.1	JBAUXK000000000	SAMN40009401	Stellaceae bacterium
PRJNA1071982	MFD10064_ilm_asm_bin5	LIB-MJ251-H4_04.5	GCA_049584555.1	JBAUYA000000000	SAMN40009385	Stellaceae bacterium
PRJNA1071982	MFD06940_ilm_asm_bin31	LIB-MJ251-C7_04.31	GCA_049584915.1	JBAUYS000000000	SAMN40009367	Stellaceae bacterium
PRJNA1071982	MFD09235_ilm_asm_bin19	LIB-MJ250-C5_04_v_LIB-MJ365-C5_03.19	GCA_049585855.1	JBAVAT000000000	SAMN40009319	Stellaceae bacterium
PRJNA1071982	MFD09591_ilm_asm_bin28	LIB-MJ259-A1_04_v_LIB-MJ415-E3_04.28	GCA_049581665.1	JBAUSK000000000	SAMN40009531	Stellaceae bacterium
PRJNA1071982	MFD12219_ilm_asm_bin1	LIB-MJ387-C6_01.1	GCA_049670585.1	JBATTP000000000	SAMN40011575	Stenotrophomonas geniculata
PRJNA1071982	MFD02738_ilm_asm_bin2	LIB-MJ133-E4_03.2	GCA_049696355.1	JBAVTR000000000	SAMN40008463	Stenotrophomonas indicatrix
PRJNA1071982	MFD12217_ilm_asm_bin29	LIB-MJ387-A7_01.29	GCA_049671005.1	JBATUF000000000	SAMN40011559	Stenotrophomonas maltophilia
PRJNA1071982	MFD12185_ilm_asm_bin11	LIB-MJ388-E8_02.11	GCA_049650985.1	JBASBF000000000	SAMN40011644	Stenotrophomonas sp.
PRJNA1071982	MFD12211_ilm_asm_bin3	LIB-MJ389-G11_03.3	GCA_049646865.1	JBARWO000000000	SAMN40011765	Stenotrophomonas sp.
PRJNA1071982	MFD09550_ilm_asm_bin12	LIB-MJ306-F6_01.12	GCA_049288475.1	JBAQHU000000000	SAMN40010227	Steroidobacteraceae bacterium
PRJNA1071982	MFD09304_ilm_asm_bin6	LIB-MJ306-B12_01.6	GCA_049288745.1	JBAQIH000000000	SAMN40010214	Steroidobacteraceae bacterium
PRJNA1071982	MFD01152_ilm_asm_bin24	LIB-MJ091-E11_03.24	GCA_049281875.1	JBAPSX000000000	SAMN40007821	Steroidobacteraceae bacterium
PRJNA1071982	MFD01230_ilm_asm_bin21	LIB-MJ092-B4_01.21	GCA_049281175.1	JBAPRP000000000	SAMN40007855	Steroidobacteraceae bacterium
PRJNA1071982	MFD00297_ilm_asm_bin16	LIB-MJ055-B6_04.16	GCA_049284075.1	JBAPXF000000000	SAMN40007709	Steroidobacteraceae bacterium
PRJNA1071982	MFD03290_ilm_asm_bin37	LIB-MJ334-C9_01.37	GCA_049298915.1	JBAQWM000000000	SAMN40010444	Steroidobacteraceae bacterium
PRJNA1071982	MFD01221_ilm_asm_bin1	LIB-MJ106-F9_01_v_LIB-MJ368-F9_04.1	GCA_049279395.1	JBAPOA000000000	SAMN40007948	Steroidobacteraceae bacterium
PRJNA1071982	MFD01947_ilm_asm_bin58	LIB-MJ259-A2_04.58	GCA_049581505.1	JBAUSD000000000	SAMN40009538	Steroidobacteraceae bacterium
PRJNA1071982	MFD02197_ilm_asm_bin1	LIB-MJ255-B9_02.1	GCA_049583045.1	JBAUVD000000000	SAMN40009460	Steroidobacteraceae bacterium
PRJNA1071982	MFD06940_ilm_asm_bin28	LIB-MJ251-C7_04.28	GCA_049584935.1	JBAUYT000000000	SAMN40009366	Steroidobacteraceae bacterium
PRJNA1071982	MFD04579_ilm_asm_bin23	LIB-MJ227-F11_02.23	GCA_049587295.1	JBAVDQ000000000	SAMN40009244	Steroidobacteraceae bacterium
PRJNA1071982	MFD05539_ilm_asm_bin14	LIB-MJ193-H7_01.14	GCA_049589175.1	JBAWAG000000000	SAMN40008926	Steroidobacteraceae bacterium
PRJNA1071982	MFD04660_ilm_asm_bin42	LIB-MJ196-E8_02.42	GCA_049579785.1	JBAUOO000000000	SAMN40009007	Steroidobacteraceae bacterium
PRJNA1071982	MFD10847_ilm_asm_bin15	LIB-MJ385-H7_04.15	GCA_049673725.1	JBATXY000000000	SAMN40011462	Steroidobacteraceae bacterium
PRJNA1071982	MFD10090_ilm_asm_bin24	LIB-MJ301-H4_01.24	GCA_049663745.1	JBATEA000000000	SAMN40009874	Steroidobacteraceae bacterium
PRJNA1071982	MFD10097_ilm_asm_bin5	LIB-MJ301-F5_01.5	GCA_049663845.1	JBATED000000000	SAMN40009871	Steroidobacteraceae bacterium
PRJNA1071982	MFD04666_ilm_asm_bin11	LIB-MJ262-D6_03.11	GCA_049687035.1	JBAVIQ000000000	SAMN40009608	Steroidobacteraceae bacterium
PRJNA1071982	MFD11004_ilm_asm_bin33	LIB-MJ383-E6_01.33	GCA_049676665.1	JBAUBJ000000000	SAMN40011373	Steroidobacteraceae bacterium
PRJNA1071982	MFD10988_ilm_asm_bin31	LIB-MJ383-H6_01.31	GCA_049675405.1	JBAUAD000000000	SAMN40011405	Steroidobacteraceae bacterium
PRJNA1071982	MFD10988_ilm_asm_bin6	LIB-MJ383-H6_01.6	GCA_049675085.1	JBATZW000000000	SAMN40011412	Steroidobacteraceae bacterium
PRJNA1071982	MFD10751_ilm_asm_bin8	LIB-MJ383-H8_01.8	GCA_049674745.1	JBATZO000000000	SAMN40011420	Steroidobacteraceae bacterium
PRJNA1071982	MFD02960_ilm_asm_bin4	LIB-MJ137-C12_02.4	GCA_049694695.1	JBAVRE000000000	SAMN40008528	Steroidobacteraceae bacterium
PRJNA1071982	MFD04396_ilm_asm_bin7	LIB-MJ172-H8_04.7	GCA_049687855.1	JBAVJR000000000	SAMN40008723	Steroidobacteraceae bacterium
PRJNA1071982	MFD02971_ilm_asm_bin18	LIB-MJ145-A2_01.18	GCA_049691655.1	JBAVOB000000000	SAMN40008609	Steroidobacteraceae bacterium
PRJNA1071982	MFD01138_ilm_asm_bin10	LIB-MJ110-D7_04_v_LIB-MJ415-C2_04.10	GCA_049698495.1	JBAVXX000000000	SAMN40008353	Steroidobacteraceae bacterium
PRJNA1071982	MFD06104_ilm_asm_bin2	LIB-MJ341-F9_02_v_LIB-MJ367-F9_04.2	GCA_049799135.1	JBARHK000000000	SAMN40010959	Steroidobacteraceae bacterium
PRJNA1071982	MFD06091_ilm_asm_bin60	LIB-MJ339-C7_03.60	GCA_049801335.1	JBARKI000000000	SAMN40010883	Steroidobacteraceae bacterium
PRJNA1071982	MFD06536_ilm_asm_bin31	LIB-MJ347-B1_04_v_LIB-MJ402-G6_04.31	GCA_049794715.1	JBARDB000000000	SAMN40011072	Steroidobacteraceae bacterium
PRJNA1071982	MFD05764_ilm_asm_bin42	LIB-MJ352-E7_03_v_LIB-MJ368-E7_01.42	GCA_049792615.1	JBARBC000000000	SAMN40011123	Steroidobacteraceae bacterium
PRJNA1071982	MFD05764_ilm_asm_bin316	LIB-MJ352-E7_03_v_LIB-MJ368-E7_01.316	GCA_049792815.1	JBARBG000000000	SAMN40011119	Steroidobacteraceae bacterium
PRJNA1071982	MFD05826_ilm_asm_bin41	LIB-MJ352-C12_03_v_LIB-MJ368-C12_01.41	GCA_049793535.1	JBARBX000000000	SAMN40011102	Steroidobacteraceae bacterium
PRJNA1071982	MFD10581_ilm_asm_bin24	LIB-MJ334-E5_01.24	GCA_049297095.1	JBAQTR000000000	SAMN40010517	Streptococcus alactolyticus
PRJNA1071982	MFD10584_ilm_asm_bin8	LIB-MJ334-H5_01.8	GCA_049305075.1	JBAQOT000000000	SAMN40010645	Streptococcus alactolyticus
PRJNA1071982	MFD10557_ilm_asm_bin22	LIB-MJ334-C2_01.22	GCA_049299655.1	JBAQXT000000000	SAMN40010411	Streptococcus infantarius
PRJNA1071982	MFD10582_ilm_asm_bin4	LIB-MJ334-F5_01.4	GCA_049296315.1	JBAQSG000000000	SAMN40010554	Streptococcus infantarius
PRJNA1071982	MFD10595_ilm_asm_bin28	LIB-MJ334-C7_01.28	GCA_049299115.1	JBAQWW000000000	SAMN40010434	Streptococcus parauberis
PRJNA1071982	MFD10577_ilm_asm_bin12	LIB-MJ334-A5_01.12	GCA_049286465.1	JBAQDY000000000	SAMN40010327	Streptococcus parauberis
PRJNA1071982	MFD10530_ilm_asm_bin38	LIB-MJ305-B10_04.38	GCA_049662625.1	JBATCB000000000	SAMN40009925	Streptococcus suis
PRJNA1071982	MFD10544_ilm_asm_bin16	LIB-MJ305-B12_04.16	GCA_049662465.1	JBATBQ000000000	SAMN40009936	Streptococcus suis
PRJNA1071982	MFD10554_ilm_asm_bin18	LIB-MJ334-H1_01.18	GCA_049305475.1	JBAQPE000000000	SAMN40010634	Streptococcus suis
PRJNA1071982	MFD10562_ilm_asm_bin13	LIB-MJ334-H2_01.13	GCA_049305385.1	JBAQPC000000000	SAMN40010636	Streptococcus suis
PRJNA1071982	MFD10534_ilm_asm_bin41	LIB-MJ305-H10_04.41	GCA_049289695.1	JBATMF000000000	SAMN40010167	Streptococcus suis
PRJNA1071982	MFD10579_ilm_asm_bin33	LIB-MJ334-C5_01.33	GCA_049299375.1	JBAQXJ000000000	SAMN40010421	Streptococcus suis
PRJNA1071982	MFD10558_ilm_asm_bin8	LIB-MJ334-D2_01.8	GCA_049298655.1	JBAQWA000000000	SAMN40010456	Streptococcus suis
PRJNA1071982	MFD10572_ilm_asm_bin43	LIB-MJ334-D4_01.43	GCA_049298395.1	JBAQVR000000000	SAMN40010465	Streptococcus suis
PRJNA1071982	MFD10580_ilm_asm_bin20	LIB-MJ334-D5_01.20	GCA_049298155.1	JBAQVM000000000	SAMN40010470	Streptococcus suis
PRJNA1071982	MFD10552_ilm_asm_bin19	LIB-MJ334-F1_01.19	GCA_049296735.1	JBAQSZ000000000	SAMN40010535	Streptococcus suis
PRJNA1071982	MFD10548_ilm_asm_bin27	LIB-MJ334-B1_01.27	GCA_049294515.1	JBAQCX000000000	SAMN40010354	Streptococcus suis
PRJNA1071982	MFD10538_ilm_asm_bin21	LIB-MJ305-D11_04.21	GCA_049293135.1	JBATSE000000000	SAMN40010012	Streptococcus suis
PRJNA1071982	MFD03725_ilm_asm_bin12	LIB-MJ131-G2_01.12	GCA_049697195.1	JBAVVH000000000	SAMN40008421	Streptomyces sp.
PRJNA1071982	MFD10072_ilm_asm_bin14	LIB-MJ252-H3_02.14	GCA_049584275.1	JBAUXM000000000	SAMN40009399	Streptosporangiaceae bacterium
PRJNA1071982	MFD10863_ilm_asm_bin12	LIB-MJ353-A10_03_v_LIB-MJ407-G4_04.12	GCA_049791595.1	JBARAB000000000	SAMN40011150	Streptosporangiaceae bacterium
PRJNA1071982	MFD10888_ilm_asm_bin49	LIB-MJ383-G7_01.49	GCA_049675875.1	JBAUAR000000000	SAMN40011391	Streptosporangiaceae bacterium
PRJNA1071982	MFD10888_ilm_asm_bin15	LIB-MJ383-G7_01.15	GCA_049676235.1	JBAUAY000000000	SAMN40011384	Streptosporangiaceae bacterium
PRJNA1071982	MFD00297_ilm_asm_bin3	LIB-MJ055-B6_04.3	GCA_049284055.1	JBAPXE000000000	SAMN40007710	Streptosporangiaceae bacterium
PRJNA1071982	MFD00126_ilm_asm_bin11	LIB-MJ051-D9_02.11	GCA_049284795.1	JBAPYP000000000	SAMN40007673	Streptosporangiaceae bacterium
PRJNA1071982	MFD00259_ilm_asm_bin16	LIB-MJ054-A12_03.16	GCA_049284535.1	JBAPYC000000000	SAMN40007686	Streptosporangiaceae bacterium
PRJNA1071982	MFD02346_ilm_asm_bin10	LIB-MJ088-G5_04.10	GCA_049283355.1	JBAPVV000000000	SAMN40007745	Streptosporangiaceae bacterium
PRJNA1071982	MFD03264_ilm_asm_bin27	LIB-MJ354-C4_04_v_LIB-MJ403-A2_03.27	GCA_049680295.1	JBAUHN000000000	SAMN40011213	Sulfitobacter sp.
PRJNA1071982	MFD12142_ilm_asm_bin4	LIB-MJ387-D3_01.4	GCA_049670485.1	JBATTJ000000000	SAMN40011581	Sulfitobacter sp.
PRJNA1071982	MFD12129_ilm_asm_bin17	LIB-MJ390-B2_03.17	GCA_049645905.1	JBARUV000000000	SAMN40011810	Sulfitobacter sp.
PRJNA1071982	MFD03261_ilm_asm_bin14	LIB-MJ352-A5_03.14	GCA_049794055.1	JBARCL000000000	SAMN40011088	Sulfitobacter sp.
PRJNA1071982	MFD03261_ilm_asm_bin17	LIB-MJ352-A5_03.17	GCA_049794015.1	JBARCK000000000	SAMN40011089	Sulfitobacter sp.
PRJNA1071982	MFD05944_ilm_asm_bin16	LIB-MJ227-B10_02.16	GCA_049587675.1	JBAVEJ000000000	SAMN40009225	Sulfuricaulis sp.
PRJNA1071982	MFD04418_ilm_asm_bin7	LIB-MJ227-D6_02.7	GCA_049587615.1	JBAVEF000000000	SAMN40009229	Sulfuricurvum sp.
PRJNA1071982	MFD03279_ilm_asm_bin1	LIB-MJ334-H7_01.1	GCA_049304835.1	JBAQON000000000	SAMN40010651	Sulfuricurvum sp.
PRJNA1071982	MFD12105_ilm_asm_bin4	LIB-MJ335-B12_02.4	GCA_049303035.1	JBAQMS000000000	SAMN40010699	Sulfuricurvum sp.
PRJNA1071982	MFD03286_ilm_asm_bin32	LIB-MJ334-G8_01.32	GCA_049305995.1	JBAQPS000000000	SAMN40010620	Sulfuricurvum sp.
PRJNA1071982	MFD12113_ilm_asm_bin19	LIB-MJ413-G1_01.19	GCA_049277495.1	JBASYM000000000	SAMN40012418	Sulfuricurvum sp.
PRJNA1071982	MFD12961_ilm_asm_bin9	LIB-MJ386-H9_04.9	GCA_049671065.1	JBATUI000000000	SAMN40011556	Sulfurimonadaceae bacterium
PRJNA1071982	MFD12962_ilm_asm_bin7	LIB-MJ386-B8_04.7	GCA_049672605.1	JBATWM000000000	SAMN40011500	Sulfurimonadaceae bacterium
PRJNA1071982	MFD12901_ilm_asm_bin21	LIB-MJ413-F6_01.21	GCA_049651665.1	JBASCN000000000	SAMN40012374	Sulfurimonas sp.
PRJNA1071982	MFD10247_ilm_asm_bin6	LIB-MJ283-F7_04.6	GCA_049668085.1	JBATIY000000000	SAMN40009746	Sulfurovum sp.
PRJNA1071982	MFD06881_ilm_asm_bin11	LIB-MJ413-B3_01.11	GCA_049657185.1	JBASNC000000000	SAMN40012097	Synechococcus sp.
PRJNA1071982	MFD13483_ilm_asm_bin7	LIB-MJ413-B8_01.7	GCA_049656845.1	JBASML000000000	SAMN40012114	Syntrophaceticus sp.
PRJNA1071982	MFD13491_ilm_asm_bin11	LIB-MJ413-B7_01.11	GCA_049657065.1	JBASMW000000000	SAMN40012103	Syntrophales bacterium
PRJNA1071982	MFD13481_ilm_asm_bin7	LIB-MJ413-D8_01.7	GCA_049654025.1	JBASHK000000000	SAMN40012245	Syntrophales bacterium
PRJNA1071982	MFD12070_ilm_asm_bin7	LIB-MJ335-E7_02.7	GCA_049301595.1	JBAQLC000000000	SAMN40010741	Syntrophales bacterium
PRJNA1071982	MFD12068_ilm_asm_bin3	LIB-MJ335-C7_02.3	GCA_049302035.1	JBAQLR000000000	SAMN40010726	Syntrophales bacterium
PRJNA1071982	MFD12011_ilm_asm_bin22	LIB-MJ334-C11_01.22	GCA_049300095.1	JBAQYM000000000	SAMN40010392	Syntrophobacteraceae bacterium
PRJNA1071982	MFD03323_ilm_asm_bin6	LIB-MJ105-G3_01_v_LIB-MJ367-G3_04.6	GCA_049279795.1	JBAPOT000000000	SAMN40007929	Syntrophobacteraceae bacterium
PRJNA1071982	MFD03323_ilm_asm_bin30	LIB-MJ105-G3_01_v_LIB-MJ367-G3_04.30	GCA_049279855.1	JBAPOY000000000	SAMN40007924	Syntrophobacteraceae bacterium
PRJNA1071982	MFD09680_ilm_asm_bin12	LIB-MJ196-E11_02.12	GCA_049579925.1	JBAUOW000000000	SAMN40008999	Syntrophobacteraceae bacterium
PRJNA1071982	MFD09440_ilm_asm_bin23	LIB-MJ195-F6_01.23	GCA_049580445.1	JBAUPY000000000	SAMN40008971	Syntrophobacteraceae bacterium
PRJNA1071982	MFD09567_ilm_asm_bin35	LIB-MJ231-B7_04.35	GCA_049586195.1	JBAVBM000000000	SAMN40009300	Syntrophobacteraceae bacterium
PRJNA1071982	MFD09357_ilm_asm_bin5	LIB-MJ255-C4_02_v_LIB-MJ405-B9_01.5	GCA_049582905.1	JBAUUW000000000	SAMN40009467	Syntrophobacteraceae bacterium
PRJNA1071982	MFD05580_ilm_asm_bin4	LIB-MJ173-A9_01.4	GCA_049687775.1	JBAVJM000000000	SAMN40008728	Syntrophobacteraceae bacterium
PRJNA1071982	MFD12941_ilm_asm_bin8	LIB-MJ385-C1_04.8	GCA_049674025.1	JBATYK000000000	SAMN40011450	Syntrophobacteria bacterium
PRJNA1071982	MFD12938_ilm_asm_bin29	LIB-MJ385-A5_04.29	GCA_049674305.1	JBATYW000000000	SAMN40011438	Syntrophobacteria bacterium
PRJNA1071982	MFD13001_ilm_asm_bin5	LIB-MJ384-G5_01.5	GCA_049674465.1	JBATZE000000000	SAMN40011430	Syntrophobacteria bacterium
PRJNA1071982	MFD12949_ilm_asm_bin14	LIB-MJ386-G9_04.14	GCA_049671425.1	JBATUW000000000	SAMN40011542	Syntrophobacteria bacterium
PRJNA1071982	MFD13088_ilm_asm_bin27	LIB-MJ380-A3_03.27	GCA_049679235.1	JBAUFQ000000000	SAMN40011262	Syntrophobacteria bacterium
PRJNA1071982	MFD13100_ilm_asm_bin1	LIB-MJ381-D10_02.1	GCA_049678245.1	JBAUDU000000000	SAMN40011310	Syntrophobacteria bacterium
PRJNA1071982	MFD12942_ilm_asm_bin24	LIB-MJ380-A7_03.24	GCA_049679145.1	JBAUFM000000000	SAMN40011266	Syntrophobacteria bacterium
PRJNA1071982	MFD13472_ilm_asm_bin8	LIB-MJ413-E9_01.8	GCA_049652305.1	JBASDT000000000	SAMN40012342	Syntrophomonadaceae bacterium
PRJNA1071982	MFD13483_ilm_asm_bin17	LIB-MJ413-B8_01.17	GCA_049656905.1	JBASMO000000000	SAMN40012111	Syntrophomonadaceae bacterium
PRJNA1071982	MFD13466_ilm_asm_bin26	LIB-MJ413-D10_01.26	GCA_049655245.1	JBASJJ000000000	SAMN40012194	Syntrophomonadaceae bacterium
PRJNA1071982	MFD13492_ilm_asm_bin36	LIB-MJ413-A7_01.36	GCA_049659505.1	JBASPS000000000	SAMN40012029	Syntrophomonadaceae bacterium
PRJNA1071982	MFD13471_ilm_asm_bin7	LIB-MJ413-F9_01.7	GCA_049277595.1	JBASYR000000000	SAMN40012413	Syntrophomonadaceae bacterium
PRJNA1071982	MFD13486_ilm_asm_bin11	LIB-MJ413-G7_01.11	GCA_049276395.1	JBASWI000000000	SAMN40012474	Syntrophomonadaceae bacterium
PRJNA1071982	MFD13481_ilm_asm_bin35	LIB-MJ413-D8_01.35	GCA_049654085.1	JBASHN000000000	SAMN40012242	Syntrophorhabdus sp.
PRJNA1071982	MFD10553_ilm_asm_bin9	LIB-MJ334-G1_01.9	GCA_049295675.1	JBAQRC000000000	SAMN40010584	Syntrophorhabdus sp.
PRJNA1071982	MFD10508_ilm_asm_bin7	LIB-MJ305-D7_04.7	GCA_049292285.1	JBATQY000000000	SAMN40010044	Tabrizicola sp.
PRJNA1071982	MFD10525_ilm_asm_bin21	LIB-MJ305-E9_04.21	GCA_049291375.1	JBATPH000000000	SAMN40010087	Tabrizicola sp.
PRJNA1071982	MFD10498_ilm_asm_bin25	LIB-MJ305-B6_04.25	GCA_049662165.1	JBATBD000000000	SAMN40009949	Tabrizicola sp.
PRJNA1071982	MFD13444_ilm_asm_bin76	LIB-MJ390-A7_03.76	GCA_049646085.1	JBARVD000000000	SAMN40011802	Tabrizicola sp.
PRJNA1071982	MFD01008_ilm_asm_bin9	LIB-MJ132-E6_03.9	GCA_049696875.1	JBAVUS000000000	SAMN40008436	Telluria sp.
PRJNA1071982	MFD12080_ilm_asm_bin4	LIB-MJ335-G8_02.4	GCA_049301315.1	JBAQKU000000000	SAMN40010749	Telluria sp.
PRJNA1071982	MFD13470_ilm_asm_bin6	LIB-MJ413-G9_01.6	GCA_049275675.1	JBASUZ000000000	SAMN40012509	Tenuifilaceae bacterium
PRJNA1071982	MFD13471_ilm_asm_bin40	LIB-MJ413-F9_01.40	GCA_049277735.1	JBASZA000000000	SAMN40012404	Tenuifilaceae bacterium
PRJNA1071982	MFD13488_ilm_asm_bin17	LIB-MJ413-E7_01.17	GCA_049654445.1	JBASFF000000000	SAMN40012304	Tenuifilaceae bacterium
PRJNA1071982	MFD13472_ilm_asm_bin26	LIB-MJ413-E9_01.26	GCA_049652485.1	JBASEB000000000	SAMN40012334	Tenuifilaceae bacterium
PRJNA1071982	MFD13491_ilm_asm_bin23	LIB-MJ413-B7_01.23	GCA_049657025.1	JBASMU000000000	SAMN40012105	Tenuifilaceae bacterium
PRJNA1071982	MFD13489_ilm_asm_bin30	LIB-MJ413-D7_01.30	GCA_049654805.1	JBASIN000000000	SAMN40012216	Tenuifilum sp.
PRJNA1071982	MFD13459_ilm_asm_bin9	LIB-MJ413-D11_01.9	GCA_049655025.1	JBASIY000000000	SAMN40012205	Tepidanaerobacteraceae bacterium
PRJNA1071982	MFD13474_ilm_asm_bin14	LIB-MJ413-C9_01.14	GCA_049655725.1	JBASKI000000000	SAMN40012169	Tepidanaerobacteraceae bacterium
PRJNA1071982	MFD13475_ilm_asm_bin9	LIB-MJ413-B9_01.9	GCA_049656565.1	JBASLX000000000	SAMN40012128	Tepidanaerobacteraceae bacterium
PRJNA1071982	MFD13482_ilm_asm_bin3	LIB-MJ413-C8_01.3	GCA_049655885.1	JBASKP000000000	SAMN40012162	Tepidanaerobacteraceae bacterium
PRJNA1071982	MFD13460_ilm_asm_bin6	LIB-MJ413-C11_01.6	GCA_049656085.1	JBASLA000000000	SAMN40012151	Tepidanaerobacteraceae bacterium
PRJNA1071982	MFD13457_ilm_asm_bin4	LIB-MJ413-F11_01.4	GCA_049651985.1	JBASDE000000000	SAMN40012357	Tepidanaerobacteraceae bacterium
PRJNA1071982	MFD13480_ilm_asm_bin23	LIB-MJ413-E8_01.23	GCA_049654385.1	JBASEU000000000	SAMN40012315	Tepidanaerobacteraceae bacterium
PRJNA1071982	MFD13473_ilm_asm_bin16	LIB-MJ413-D9_01.16	GCA_049653925.1	JBASHF000000000	SAMN40012250	Tepidanaerobacteraceae bacterium
PRJNA1071982	MFD13465_ilm_asm_bin3	LIB-MJ413-E10_01.3	GCA_049653585.1	JBASGO000000000	SAMN40012267	Tepidanaerobacteraceae bacterium
PRJNA1071982	MFD13458_ilm_asm_bin24	LIB-MJ413-E11_01.24	GCA_049653365.1	JBASGD000000000	SAMN40012280	Tepidanaerobacteraceae bacterium
PRJNA1071982	MFD13476_ilm_asm_bin3	LIB-MJ413-A9_01.3	GCA_049658265.1	JBASOM000000000	SAMN40012061	Tepidanaerobacteraceae bacterium
PRJNA1071982	MFD13461_ilm_asm_bin25	LIB-MJ413-B11_01.25	GCA_049657465.1	JBASNL000000000	SAMN40012088	Tepidanaerobacteraceae bacterium
PRJNA1071982	MFD13479_ilm_asm_bin12	LIB-MJ413-F8_01.12	GCA_049651465.1	JBASCC000000000	SAMN40012385	Tepidanaerobacteraceae bacterium
PRJNA1071982	MFD13463_ilm_asm_bin5	LIB-MJ413-H10_01.5	GCA_049275375.1	JBASUK000000000	SAMN40012524	Tepidanaerobacteraceae bacterium
PRJNA1071982	MFD13455_ilm_asm_bin18	LIB-MJ413-H11_01.18	GCA_049275255.1	JBASUE000000000	SAMN40012530	Tepidanaerobacteraceae bacterium
PRJNA1071982	MFD13478_ilm_asm_bin18	LIB-MJ413-G8_01.18	GCA_049276115.1	JBASVU000000000	SAMN40012488	Tepidanaerobacteraceae bacterium
PRJNA1071982	MFD13456_ilm_asm_bin5	LIB-MJ413-G11_01.5	GCA_049277155.1	JBASXV000000000	SAMN40012435	Tepidanaerobacteraceae bacterium
PRJNA1071982	MFD13477_ilm_asm_bin1	LIB-MJ413-H8_01.1	GCA_049274465.1	JBASSQ000000000	SAMN40012570	Tepidanaerobacteraceae bacterium
PRJNA1071982	MFD13485_ilm_asm_bin36	LIB-MJ413-H7_01.36	GCA_049274505.1	JBASSS000000000	SAMN40012568	Tepidanaerobacteraceae bacterium
PRJNA1071982	MFD10514_ilm_asm_bin29	LIB-MJ305-B8_04.29	GCA_049662005.1	JBATAT000000000	SAMN40009959	Tepidiformaceae bacterium
PRJNA1071982	MFD04987_ilm_asm_bin10	LIB-MJ354-G4_04_v_LIB-MJ403-E2_03.10	GCA_049679725.1	JBAUGM000000000	SAMN40011240	Tepidisphaeraceae bacterium
PRJNA1071982	MFD00764_ilm_asm_bin6	LIB-MJ106-C5_01.6	GCA_049279575.1	JBAPOJ000000000	SAMN40007939	Terracidiphilus sp.
PRJNA1071982	MFD01223_ilm_asm_bin15	LIB-MJ106-H9_01.15	GCA_049279215.1	JBAPNQ000000000	SAMN40007958	Terracidiphilus sp.
PRJNA1071982	MFD00949_ilm_asm_bin3	LIB-MJ093-G8_02.3	GCA_049280555.1	JBAPQJ000000000	SAMN40007887	Terracidiphilus sp.
PRJNA1071982	MFD00950_ilm_asm_bin42	LIB-MJ089-E10_02.42	GCA_049282915.1	JBAPUZ000000000	SAMN40007767	Terracidiphilus sp.
PRJNA1071982	MFD00950_ilm_asm_bin7	LIB-MJ089-E10_02.7	GCA_049282875.1	JBAPUW000000000	SAMN40007770	Terracidiphilus sp.
PRJNA1071982	MFD01295_ilm_asm_bin11	LIB-MJ090-G9_04.11	GCA_049282535.1	JBAPUF000000000	SAMN40007787	Terracidiphilus sp.
PRJNA1071982	MFD00328_ilm_asm_bin13	LIB-MJ051-C11_02.13	GCA_049284975.1	JBAPYY000000000	SAMN40007664	Terracidiphilus sp.
PRJNA1071982	MFD09592_ilm_asm_bin26	LIB-MJ306-H3_01.26	GCA_049288355.1	JBAQHO000000000	SAMN40010233	Terracidiphilus sp.
PRJNA1071982	MFD09196_ilm_asm_bin31	LIB-MJ307-F8_01.31	GCA_049287585.1	JBAQGD000000000	SAMN40010270	Terracidiphilus sp.
PRJNA1071982	MFD04658_ilm_asm_bin38	LIB-MJ174-A2_01.38	GCA_049593495.1	JBAWHB000000000	SAMN40008749	Terracidiphilus sp.
PRJNA1071982	MFD04429_ilm_asm_bin14	LIB-MJ175-F2_02.14	GCA_049592395.1	JBAWFZ000000000	SAMN40008777	Terracidiphilus sp.
PRJNA1071982	MFD04429_ilm_asm_bin3	LIB-MJ175-F2_02.3	GCA_049592335.1	JBAWFY000000000	SAMN40008778	Terracidiphilus sp.
PRJNA1071982	MFD05605_ilm_asm_bin25	LIB-MJ174-G5_01.25	GCA_049593035.1	JBAWGQ000000000	SAMN40008760	Terracidiphilus sp.
PRJNA1071982	MFD05931_ilm_asm_bin23	LIB-MJ255-D11_02.23	GCA_049582745.1	JBAUUO000000000	SAMN40009475	Terracidiphilus sp.
PRJNA1071982	MFD01873_ilm_asm_bin4	LIB-MJ255-H7_02.4	GCA_049582405.1	JBAUTX000000000	SAMN40009492	Terracidiphilus sp.
PRJNA1071982	MFD01947_ilm_asm_bin27	LIB-MJ259-A2_04.27	GCA_049581645.1	JBAUSJ000000000	SAMN40009532	Terracidiphilus sp.
PRJNA1071982	MFD04899_ilm_asm_bin18	LIB-MJ256-H8_03.18	GCA_049581745.1	JBAUSO000000000	SAMN40009527	Terracidiphilus sp.
PRJNA1071982	MFD09567_ilm_asm_bin7	LIB-MJ231-B7_04.7	GCA_049586175.1	JBAVBJ000000000	SAMN40009303	Terracidiphilus sp.
PRJNA1071982	MFD09281_ilm_asm_bin54	LIB-MJ250-D5_04_v_LIB-MJ365-D5_03.54	GCA_049585575.1	JBAVAF000000000	SAMN40009333	Terracidiphilus sp.
PRJNA1071982	MFD09235_ilm_asm_bin8	LIB-MJ250-C5_04_v_LIB-MJ365-C5_03.8	GCA_049585695.1	JBAVAL000000000	SAMN40009327	Terracidiphilus sp.
PRJNA1071982	MFD09235_ilm_asm_bin55	LIB-MJ250-C5_04_v_LIB-MJ365-C5_03.55	GCA_049585775.1	JBAVAP000000000	SAMN40009323	Terracidiphilus sp.
PRJNA1071982	MFD09286_ilm_asm_bin9	LIB-MJ250-H5_04.9	GCA_049585215.1	JBAUZI000000000	SAMN40009352	Terracidiphilus sp.
PRJNA1071982	MFD04928_ilm_asm_bin25	LIB-MJ226-G10_01.25	GCA_049587775.1	JBAVEO000000000	SAMN40009220	Terracidiphilus sp.
PRJNA1071982	MFD04492_ilm_asm_bin17	LIB-MJ227-E5_02.17	GCA_049587515.1	JBAVEB000000000	SAMN40009233	Terracidiphilus sp.
PRJNA1071982	MFD04579_ilm_asm_bin16	LIB-MJ227-F11_02.16	GCA_049587335.1	JBAVDS000000000	SAMN40009242	Terracidiphilus sp.
PRJNA1071982	MFD04579_ilm_asm_bin18	LIB-MJ227-F11_02.18	GCA_049587315.1	JBAVDR000000000	SAMN40009243	Terracidiphilus sp.
PRJNA1071982	MFD04918_ilm_asm_bin2	LIB-MJ190-B4_02_v_LIB-MJ410-B7_02.2	GCA_049590995.1	JBAWEC000000000	SAMN40008826	Terracidiphilus sp.
PRJNA1071982	MFD09568_ilm_asm_bin15	LIB-MJ191-H1_04_v_LIB-MJ405-H9_01.15	GCA_049590155.1	JBAWCG000000000	SAMN40008874	Terracidiphilus sp.
PRJNA1071982	MFD09390_ilm_asm_bin15	LIB-MJ191-D8_04.15	GCA_049590315.1	JBAWCO000000000	SAMN40008866	Terracidiphilus sp.
PRJNA1071982	MFD09455_ilm_asm_bin2	LIB-MJ192-E9_04.2	GCA_049589795.1	JBAWBK000000000	SAMN40008896	Terracidiphilus sp.
PRJNA1071982	MFD09399_ilm_asm_bin2	LIB-MJ192-G9_04.2	GCA_049589675.1	JBAWBF000000000	SAMN40008901	Terracidiphilus sp.
PRJNA1071982	MFD09440_ilm_asm_bin28	LIB-MJ195-F6_01.28	GCA_049580425.1	JBAUPX000000000	SAMN40008972	Terracidiphilus sp.
PRJNA1071982	MFD02125_ilm_asm_bin11	LIB-MJ199-G6_04.11	GCA_049578605.1	JBAUMH000000000	SAMN40009066	Terracidiphilus sp.
PRJNA1071982	MFD05564_ilm_asm_bin8	LIB-MJ198-D8_03.8	GCA_049579105.1	JBAUNF000000000	SAMN40009042	Terracidiphilus sp.
PRJNA1071982	MFD05564_ilm_asm_bin10	LIB-MJ198-D8_03.10	GCA_049579185.1	JBAUNJ000000000	SAMN40009038	Terracidiphilus sp.
PRJNA1071982	MFD01800_ilm_asm_bin27	LIB-MJ201-D9_03.27	GCA_049577985.1	JBAULC000000000	SAMN40009097	Terracidiphilus sp.
PRJNA1071982	MFD05762_ilm_asm_bin1	LIB-MJ354-C5_04_v_LIB-MJ403-G2_03.1	GCA_049680225.1	JBAUHK000000000	SAMN40011216	Terracidiphilus sp.
PRJNA1071982	MFD10935_ilm_asm_bin3	LIB-MJ381-B11_02.3	GCA_049678625.1	JBAUEO000000000	SAMN40011290	Terracidiphilus sp.
PRJNA1071982	MFD10743_ilm_asm_bin34	LIB-MJ381-C1_02.34	GCA_049678385.1	JBAUEB000000000	SAMN40011303	Terracidiphilus sp.
PRJNA1071982	MFD10722_ilm_asm_bin41	LIB-MJ383-D1_01.41	GCA_049677065.1	JBAUBT000000000	SAMN40011363	Terracidiphilus sp.
PRJNA1071982	MFD10722_ilm_asm_bin4	LIB-MJ383-D1_01.4	GCA_049677145.1	JBAUBV000000000	SAMN40011361	Terracidiphilus sp.
PRJNA1071982	MFD10722_ilm_asm_bin20	LIB-MJ383-D1_01.20	GCA_049677265.1	JBAUBX000000000	SAMN40011359	Terracidiphilus sp.
PRJNA1071982	MFD10722_ilm_asm_bin9	LIB-MJ383-D1_01.9	GCA_049676965.1	JBAUBR000000000	SAMN40011365	Terracidiphilus sp.
PRJNA1071982	MFD10721_ilm_asm_bin18	LIB-MJ382-E7_02.18	GCA_049677775.1	JBAUCX000000000	SAMN40011333	Terracidiphilus sp.
PRJNA1071982	MFD11088_ilm_asm_bin4	LIB-MJ382-E11_02.4	GCA_049677845.1	JBAUDA000000000	SAMN40011330	Terracidiphilus sp.
PRJNA1071982	MFD10812_ilm_asm_bin52	LIB-MJ383-A10_01.52	GCA_049677625.1	JBAUCP000000000	SAMN40011341	Terracidiphilus sp.
PRJNA1071982	MFD02448_ilm_asm_bin16	LIB-MJ262-C8_03.16	GCA_049687155.1	JBAVIS000000000	SAMN40009606	Terracidiphilus sp.
PRJNA1071982	MFD06949_ilm_asm_bin10	LIB-MJ282-F2_03.10	GCA_049684535.1	JBAVGA000000000	SAMN40009676	Terracidiphilus sp.
PRJNA1071982	MFD10746_ilm_asm_bin15	LIB-MJ385-E2_04.15	GCA_049673945.1	JBATYG000000000	SAMN40011454	Terracidiphilus sp.
PRJNA1071982	MFD03947_ilm_asm_bin11	LIB-MJ132-H6_03.11	GCA_049696535.1	JBAVUA000000000	SAMN40008454	Terracidiphilus sp.
PRJNA1071982	MFD01097_ilm_asm_bin20	LIB-MJ134-B8_03.20	GCA_049695835.1	JBAVSX000000000	SAMN40008483	Terracidiphilus sp.
PRJNA1071982	MFD05686_ilm_asm_bin57	LIB-MJ172-A10_04.57	GCA_049688195.1	JBAVKG000000000	SAMN40008708	Terracidiphilus sp.
PRJNA1071982	MFD03044_ilm_asm_bin15	LIB-MJ167-G7_02.15	GCA_049688995.1	JBAVLL000000000	SAMN40008677	Terracidiphilus sp.
PRJNA1071982	MFD03044_ilm_asm_bin18	LIB-MJ167-G7_02.18	GCA_049688915.1	JBAVLK000000000	SAMN40008678	Terracidiphilus sp.
PRJNA1071982	MFD01857_ilm_asm_bin19	LIB-MJ148-H10_02.19	GCA_049690595.1	JBAVMZ000000000	SAMN40008637	Terracidiphilus sp.
PRJNA1071982	MFD02755_ilm_asm_bin7	LIB-MJ110-B8_04_v_LIB-MJ415-E2_04.7	GCA_049698655.1	JBAVYF000000000	SAMN40008345	Terracidiphilus sp.
PRJNA1071982	MFD02359_ilm_asm_bin37	LIB-MJ131-E5_01.37	GCA_049697275.1	JBAVVL000000000	SAMN40008417	Terracidiphilus sp.
PRJNA1071982	MFD01618_ilm_asm_bin60	LIB-MJ130-H1_01_v_LIB-MJ402-D10_04.60	GCA_049697575.1	JBAVWA000000000	SAMN40008402	Terracidiphilus sp.
PRJNA1071982	MFD04577_ilm_asm_bin11	LIB-MJ389-B5_03.11	GCA_049649195.1	JBARZA000000000	SAMN40011701	Terracidiphilus sp.
PRJNA1071982	MFD06483_ilm_asm_bin22	LIB-MJ338-A11_04.22	GCA_049802275.1	JBARMD000000000	SAMN40010836	Terracidiphilus sp.
PRJNA1071982	MFD05764_ilm_asm_bin253	LIB-MJ352-E7_03_v_LIB-MJ368-E7_01.253	GCA_049792895.1	JBARBJ000000000	SAMN40011116	Terracidiphilus sp.
PRJNA1071982	MFD05764_ilm_asm_bin102	LIB-MJ352-E7_03_v_LIB-MJ368-E7_01.102	GCA_049793195.1	JBARBP000000000	SAMN40011110	Terracidiphilus sp.
PRJNA1071982	MFD10741_ilm_asm_bin4	LIB-MJ352-D3_03.4	GCA_049793305.1	JBARBT000000000	SAMN40011106	Terriglobales bacterium
PRJNA1071982	MFD05764_ilm_asm_bin54	LIB-MJ352-E7_03_v_LIB-MJ368-E7_01.54	GCA_049792655.1	JBARBB000000000	SAMN40011124	Terriglobales bacterium
PRJNA1071982	MFD05826_ilm_asm_bin31	LIB-MJ352-C12_03_v_LIB-MJ368-C12_01.31	GCA_049793575.1	JBARBZ000000000	SAMN40011100	Terriglobales bacterium
PRJNA1071982	MFD06398_ilm_asm_bin18	LIB-MJ338-F7_04.18	GCA_049801895.1	JBARLK000000000	SAMN40010855	Terriglobales bacterium
PRJNA1071982	MFD06333_ilm_asm_bin39	LIB-MJ338-A4_04.39	GCA_049802155.1	JBARLX000000000	SAMN40010842	Terriglobales bacterium
PRJNA1071982	MFD06069_ilm_asm_bin7	LIB-MJ339-G5_03.7	GCA_049800255.1	JBARJL000000000	SAMN40010906	Terriglobales bacterium
PRJNA1071982	MFD06128_ilm_asm_bin32	LIB-MJ341-B4_02_v_LIB-MJ367-B4_04.32	GCA_049799575.1	JBARID000000000	SAMN40010940	Terriglobales bacterium
PRJNA1071982	MFD06124_ilm_asm_bin8	LIB-MJ341-B2_02_v_LIB-MJ367-B2_04.8	GCA_049799615.1	JBARIF000000000	SAMN40010938	Terriglobales bacterium
PRJNA1071982	MFD06124_ilm_asm_bin7	LIB-MJ341-B2_02_v_LIB-MJ367-B2_04.7	GCA_049799635.1	JBARIG000000000	SAMN40010937	Terriglobales bacterium
PRJNA1071982	MFD06491_ilm_asm_bin3	LIB-MJ340-G7_01.3	GCA_049799715.1	JBARIL000000000	SAMN40010932	Terriglobales bacterium
PRJNA1071982	MFD06088_ilm_asm_bin22	LIB-MJ344-G5_04.22	GCA_049796155.1	JBAREL000000000	SAMN40011036	Terriglobales bacterium
PRJNA1071982	MFD01092_ilm_asm_bin10	LIB-MJ131-A2_01_v_LIB-MJ408-G5_04.10	GCA_049697535.1	JBAVVY000000000	SAMN40008404	Terriglobales bacterium
PRJNA1071982	MFD02889_ilm_asm_bin16	LIB-MJ131-C8_01.16	GCA_049697355.1	JBAVVP000000000	SAMN40008413	Terriglobales bacterium
PRJNA1071982	MFD02359_ilm_asm_bin9	LIB-MJ131-E5_01.9	GCA_049697235.1	JBAVVJ000000000	SAMN40008419	Terriglobales bacterium
PRJNA1071982	MFD01805_ilm_asm_bin22	LIB-MJ130-A5_01.22	GCA_049697955.1	JBAVWS000000000	SAMN40008384	Terriglobales bacterium
PRJNA1071982	MFD01805_ilm_asm_bin3	LIB-MJ130-A5_01.3	GCA_049697915.1	JBAVWR000000000	SAMN40008385	Terriglobales bacterium
PRJNA1071982	MFD01151_ilm_asm_bin3	LIB-MJ110-A3_04.3	GCA_049698855.1	JBAVYO000000000	SAMN40008336	Terriglobales bacterium
PRJNA1071982	MFD05686_ilm_asm_bin62	LIB-MJ172-A10_04.62	GCA_049688175.1	JBAVKF000000000	SAMN40008709	Terriglobales bacterium
PRJNA1071982	MFD01421_ilm_asm_bin7	LIB-MJ172-B10_04.7	GCA_049688155.1	JBAVKE000000000	SAMN40008710	Terriglobales bacterium
PRJNA1071982	MFD05686_ilm_asm_bin49	LIB-MJ172-A10_04.49	GCA_049688235.1	JBAVKI000000000	SAMN40008706	Terriglobales bacterium
PRJNA1071982	MFD05580_ilm_asm_bin15	LIB-MJ173-A9_01.15	GCA_049687795.1	JBAVJN000000000	SAMN40008727	Terriglobales bacterium
PRJNA1071982	MFD02541_ilm_asm_bin8	LIB-MJ134-D7_03.8	GCA_049695575.1	JBAVSK000000000	SAMN40008496	Terriglobales bacterium
PRJNA1071982	MFD02476_ilm_asm_bin29	LIB-MJ134-E8_03_v_LIB-MJ404-A8_03.29	GCA_049695395.1	JBAVSC000000000	SAMN40008504	Terriglobales bacterium
PRJNA1071982	MFD02476_ilm_asm_bin12	LIB-MJ134-E8_03_v_LIB-MJ404-A8_03.12	GCA_049695455.1	JBAVSF000000000	SAMN40008501	Terriglobales bacterium
PRJNA1071982	MFD02222_ilm_asm_bin20	LIB-MJ132-F11_03.20	GCA_049696815.1	JBAVUO000000000	SAMN40008440	Terriglobales bacterium
PRJNA1071982	MFD02578_ilm_asm_bin17	LIB-MJ132-D2_03.17	GCA_049697015.1	JBAVUY000000000	SAMN40008430	Terriglobales bacterium
PRJNA1071982	MFD01299_ilm_asm_bin6	LIB-MJ133-H11_03.6	GCA_049696215.1	JBAVTN000000000	SAMN40008467	Terriglobales bacterium
PRJNA1071982	MFD02508_ilm_asm_bin1	LIB-MJ133-G11_03.1	GCA_049696335.1	JBAVTQ000000000	SAMN40008464	Terriglobales bacterium
PRJNA1071982	MFD05670_ilm_asm_bin9	LIB-MJ386-A10_04.9	GCA_049673605.1	JBATXU000000000	SAMN40011466	Terriglobales bacterium
PRJNA1071982	MFD06932_ilm_asm_bin1	LIB-MJ282-C1_03.1	GCA_049684775.1	JBAVGK000000000	SAMN40009666	Terriglobales bacterium
PRJNA1071982	MFD03800_ilm_asm_bin17	LIB-MJ281-C1_01.17	GCA_049685475.1	JBAVHC000000000	SAMN40009648	Terriglobales bacterium
PRJNA1071982	MFD10929_ilm_asm_bin47	LIB-MJ383-B8_01.47	GCA_049677425.1	JBAUCF000000000	SAMN40011351	Terriglobales bacterium
PRJNA1071982	MFD10929_ilm_asm_bin32	LIB-MJ383-B8_01.32	GCA_049677445.1	JBAUCG000000000	SAMN40011350	Terriglobales bacterium
PRJNA1071982	MFD10812_ilm_asm_bin43	LIB-MJ383-A10_01.43	GCA_049677645.1	JBAUCQ000000000	SAMN40011340	Terriglobales bacterium
PRJNA1071982	MFD10751_ilm_asm_bin86	LIB-MJ383-H8_01.86	GCA_049674665.1	JBATZM000000000	SAMN40011422	Terriglobales bacterium
PRJNA1071982	MFD05797_ilm_asm_bin10	LIB-MJ354-D1_04_v_LIB-MJ403-B1_03.10	GCA_049680145.1	JBAUHG000000000	SAMN40011220	Terriglobales bacterium
PRJNA1071982	MFD06608_ilm_asm_bin33	LIB-MJ354-E8_04_v_LIB-MJ403-G4_03.33	GCA_049679905.1	JBAUGU000000000	SAMN40011232	Terriglobales bacterium
PRJNA1071982	MFD04780_ilm_asm_bin11	LIB-MJ201-D8_03.11	GCA_049578025.1	JBAULE000000000	SAMN40009095	Terriglobales bacterium
PRJNA1071982	MFD01716_ilm_asm_bin15	LIB-MJ201-H4_03.15	GCA_049577865.1	JBAUKW000000000	SAMN40009103	Terriglobales bacterium
PRJNA1071982	MFD04432_ilm_asm_bin24	LIB-MJ201-E6_03.24	GCA_049577905.1	JBAUKY000000000	SAMN40009101	Terriglobales bacterium
PRJNA1071982	MFD02439_ilm_asm_bin31	LIB-MJ217-G1_03_v_LIB-MJ406-G8_04.31	GCA_049577345.1	JBAUJV000000000	SAMN40009130	Terriglobales bacterium
PRJNA1071982	MFD05564_ilm_asm_bin14	LIB-MJ198-D8_03.14	GCA_049579165.1	JBAUNI000000000	SAMN40009039	Terriglobales bacterium
PRJNA1071982	MFD04549_ilm_asm_bin36	LIB-MJ197-G1_03_v_LIB-MJ415-F8_04.36	GCA_049579385.1	JBAUNV000000000	SAMN40009026	Terriglobales bacterium
PRJNA1071982	MFD04908_ilm_asm_bin34	LIB-MJ198-A10_03.34	GCA_049579305.1	JBAUNP000000000	SAMN40009032	Terriglobales bacterium
PRJNA1071982	MFD04799_ilm_asm_bin18	LIB-MJ199-A11_04.18	GCA_049578865.1	JBAUMS000000000	SAMN40009055	Terriglobales bacterium
PRJNA1071982	MFD09440_ilm_asm_bin7	LIB-MJ195-F6_01.7	GCA_049580365.1	JBAUPU000000000	SAMN40008975	Terriglobales bacterium
PRJNA1071982	MFD04956_ilm_asm_bin21	LIB-MJ195-H1_01_v_LIB-MJ415-F7_04.21	GCA_049580285.1	JBAUPP000000000	SAMN40008980	Terriglobales bacterium
PRJNA1071982	MFD09226_ilm_asm_bin11	LIB-MJ259-H5_04.11	GCA_049580645.1	JBAUQJ000000000	SAMN40009584	Terriglobales bacterium
PRJNA1071982	MFD02138_ilm_asm_bin36	LIB-MJ259-G6_04.36	GCA_049580825.1	JBAUQS000000000	SAMN40009575	Terriglobales bacterium
PRJNA1071982	MFD09680_ilm_asm_bin30	LIB-MJ196-E11_02.30	GCA_049579865.1	JBAUOS000000000	SAMN40009003	Terriglobales bacterium
PRJNA1071982	MFD09399_ilm_asm_bin21	LIB-MJ192-G9_04.21	GCA_049589635.1	JBAWBE000000000	SAMN40008902	Terriglobales bacterium
PRJNA1071982	MFD09463_ilm_asm_bin1	LIB-MJ193-H5_01.1	GCA_049589215.1	JBAWAI000000000	SAMN40008924	Terriglobales bacterium
PRJNA1071982	MFD04940_ilm_asm_bin15	LIB-MJ193-D6_01.15	GCA_049589515.1	JBAWAX000000000	SAMN40008909	Terriglobales bacterium
PRJNA1071982	MFD04813_ilm_asm_bin19	LIB-MJ193-E8_01.19	GCA_049589455.1	JBAWAU000000000	SAMN40008912	Terriglobales bacterium
PRJNA1071982	MFD05417_ilm_asm_bin13	LIB-MJ192-A10_04.13	GCA_049590055.1	JBAWCA000000000	SAMN40008880	Terriglobales bacterium
PRJNA1071982	MFD09530_ilm_asm_bin22	LIB-MJ192-E2_04.22	GCA_049589875.1	JBAWBR000000000	SAMN40008889	Terriglobales bacterium
PRJNA1071982	MFD05442_ilm_asm_bin9	LIB-MJ190-E2_02.9	GCA_049590875.1	JBAWDU000000000	SAMN40008834	Terriglobales bacterium
PRJNA1071982	MFD09671_ilm_asm_bin9	LIB-MJ190-D2_02.9	GCA_049590915.1	JBAWDV000000000	SAMN40008833	Terriglobales bacterium
PRJNA1071982	MFD01528_ilm_asm_bin48	LIB-MJ177-H5_03.48	GCA_049591095.1	JBAWEH000000000	SAMN40008821	Terriglobales bacterium
PRJNA1071982	MFD01528_ilm_asm_bin8	LIB-MJ177-H5_03.8	GCA_049591055.1	JBAWEF000000000	SAMN40008823	Terriglobales bacterium
PRJNA1071982	MFD05379_ilm_asm_bin13	LIB-MJ190-H7_02.13	GCA_049590655.1	JBAWDK000000000	SAMN40008844	Terriglobales bacterium
PRJNA1071982	MFD01509_ilm_asm_bin16	LIB-MJ177-B4_03.16	GCA_049591995.1	JBAWFO000000000	SAMN40008788	Terriglobales bacterium
PRJNA1071982	MFD01509_ilm_asm_bin21	LIB-MJ177-B4_03.21	GCA_049591935.1	JBAWFN000000000	SAMN40008789	Terriglobales bacterium
PRJNA1071982	MFD04494_ilm_asm_bin11	LIB-MJ176-H11_03.11	GCA_049592135.1	JBAWFR000000000	SAMN40008785	Terriglobales bacterium
PRJNA1071982	MFD04494_ilm_asm_bin13	LIB-MJ176-H11_03.13	GCA_049592035.1	JBAWFQ000000000	SAMN40008786	Terriglobales bacterium
PRJNA1071982	MFD04579_ilm_asm_bin14	LIB-MJ227-F11_02.14	GCA_049587355.1	JBAVDT000000000	SAMN40009241	Terriglobales bacterium
PRJNA1071982	MFD04928_ilm_asm_bin14	LIB-MJ226-G10_01.14	GCA_049587855.1	JBAVES000000000	SAMN40009216	Terriglobales bacterium
PRJNA1071982	MFD04926_ilm_asm_bin6	LIB-MJ194-C12_04.6	GCA_049588935.1	JBAVZV000000000	SAMN40008937	Terriglobales bacterium
PRJNA1071982	MFD09247_ilm_asm_bin3	LIB-MJ252-H4_02.3	GCA_049584215.1	JBAUXJ000000000	SAMN40009402	Terriglobales bacterium
PRJNA1071982	MFD10070_ilm_asm_bin12	LIB-MJ252-F4_02.12	GCA_049584365.1	JBAUXR000000000	SAMN40009394	Terriglobales bacterium
PRJNA1071982	MFD09235_ilm_asm_bin5	LIB-MJ250-C5_04_v_LIB-MJ365-C5_03.5	GCA_049585795.1	JBAVAQ000000000	SAMN40009322	Terriglobales bacterium
PRJNA1071982	MFD09233_ilm_asm_bin5	LIB-MJ250-D7_04.5	GCA_049585515.1	JBAVAA000000000	SAMN40009336	Terriglobales bacterium
PRJNA1071982	MFD04927_ilm_asm_bin15	LIB-MJ231-D4_04.15	GCA_049586095.1	JBAVBG000000000	SAMN40009306	Terriglobales bacterium
PRJNA1071982	MFD09222_ilm_asm_bin55	LIB-MJ259-B6_04.55	GCA_049581345.1	JBAURS000000000	SAMN40009549	Terriglobales bacterium
PRJNA1071982	MFD02167_ilm_asm_bin29	LIB-MJ259-E11_04.29	GCA_049581065.1	JBAURD000000000	SAMN40009564	Terriglobales bacterium
PRJNA1071982	MFD02244_ilm_asm_bin32	LIB-MJ255-G2_02.32	GCA_049582545.1	JBAUUD000000000	SAMN40009486	Terriglobales bacterium
PRJNA1071982	MFD05403_ilm_asm_bin5	LIB-MJ255-F11_02.5	GCA_049582645.1	JBAUUJ000000000	SAMN40009480	Terriglobales bacterium
PRJNA1071982	MFD05931_ilm_asm_bin20	LIB-MJ255-D11_02.20	GCA_049582765.1	JBAUUQ000000000	SAMN40009473	Terriglobales bacterium
PRJNA1071982	MFD04752_ilm_asm_bin25	LIB-MJ254-G11_02.25	GCA_049583285.1	JBAUVP000000000	SAMN40009448	Terriglobales bacterium
PRJNA1071982	MFD05705_ilm_asm_bin29	LIB-MJ175-G4_02.29	GCA_049592275.1	JBAWFW000000000	SAMN40008780	Terriglobales bacterium
PRJNA1071982	MFD02378_ilm_asm_bin11	LIB-MJ176-A1_03.11	GCA_049592215.1	JBAWFU000000000	SAMN40008782	Terriglobales bacterium
PRJNA1071982	MFD05515_ilm_asm_bin32	LIB-MJ175-D4_02.32	GCA_049592555.1	JBAWGE000000000	SAMN40008772	Terriglobales bacterium
PRJNA1071982	MFD04658_ilm_asm_bin31	LIB-MJ174-A2_01.31	GCA_049593475.1	JBAWHC000000000	SAMN40008748	Terriglobales bacterium
PRJNA1071982	MFD04658_ilm_asm_bin25	LIB-MJ174-A2_01.25	GCA_049593575.1	JBAWHE000000000	SAMN40008746	Terriglobales bacterium
PRJNA1071982	MFD05575_ilm_asm_bin40	LIB-MJ173-C6_01.40	GCA_049593935.1	JBAWHO000000000	SAMN40008736	Terriglobales bacterium
PRJNA1071982	MFD05575_ilm_asm_bin20	LIB-MJ173-C6_01.20	GCA_049593995.1	JBAWHQ000000000	SAMN40008734	Terriglobales bacterium
PRJNA1071982	MFD00329_ilm_asm_bin7	LIB-MJ048-D4_04.7	GCA_049285735.1	JBAQAN000000000	SAMN40007623	Terriglobales bacterium
PRJNA1071982	MFD00082_ilm_asm_bin11	LIB-MJ048-C9_04.11	GCA_049285795.1	JBAQAQ000000000	SAMN40007620	Terriglobales bacterium
PRJNA1071982	MFD00007_ilm_asm_bin1	LIB-MJ050-A12_02.1	GCA_049285655.1	JBAQAJ000000000	SAMN40007627	Terriglobales bacterium
PRJNA1071982	MFD00007_ilm_asm_bin12	LIB-MJ050-A12_02.12	GCA_049285635.1	JBAQAI000000000	SAMN40007628	Terriglobales bacterium
PRJNA1071982	MFD04995_ilm_asm_bin11	LIB-MJ306-C8_01.11	GCA_049288625.1	JBAQIB000000000	SAMN40010220	Terriglobales bacterium
PRJNA1071982	MFD00061_ilm_asm_bin1	LIB-MJ050-H7_02.1	GCA_049285135.1	JBAPZH000000000	SAMN40007655	Terriglobales bacterium
PRJNA1071982	MFD00328_ilm_asm_bin24	LIB-MJ051-C11_02.24	GCA_049284915.1	JBAPYV000000000	SAMN40007667	Terriglobales bacterium
PRJNA1071982	MFD00673_ilm_asm_bin22	LIB-MJ089-G9_02.22	GCA_049282755.1	JBAPUQ000000000	SAMN40007776	Terriglobales bacterium
PRJNA1071982	MFD00673_ilm_asm_bin26	LIB-MJ089-G9_02.26	GCA_049282735.1	JBAPUP000000000	SAMN40007777	Terriglobales bacterium
PRJNA1071982	MFD01093_ilm_asm_bin16	LIB-MJ088-H8_04.16	GCA_049283315.1	JBAPVT000000000	SAMN40007747	Terriglobales bacterium
PRJNA1071982	MFD03330_ilm_asm_bin6	LIB-MJ105-A1_01_v_LIB-MJ407-B11_04.6	GCA_049280495.1	JBAPQG000000000	SAMN40007890	Terriglobales bacterium
PRJNA1071982	MFD03334_ilm_asm_bin5	LIB-MJ105-B9_01.5	GCA_049280335.1	JBAPPX000000000	SAMN40007899	Terriglobales bacterium
PRJNA1071982	MFD00971_ilm_asm_bin16	LIB-MJ093-A5_02.16	GCA_049280935.1	JBAPRC000000000	SAMN40007868	Terriglobales bacterium
PRJNA1071982	MFD01159_ilm_asm_bin7	LIB-MJ093-A2_02.7	GCA_049280975.1	JBAPRD000000000	SAMN40007867	Terriglobales bacterium
PRJNA1071982	MFD00978_ilm_asm_bin19	LIB-MJ091-G3_03.19	GCA_049281535.1	JBAPSH000000000	SAMN40007837	Terriglobales bacterium
PRJNA1071982	MFD06600_ilm_asm_bin4	LIB-MJ336-H5_02.4	GCA_049300195.1	JBAQJF000000000	SAMN40010790	Terriglobales bacterium
PRJNA1071982	MFD06665_ilm_asm_bin27	LIB-MJ336-D3_02.27	GCA_049300475.1	JBAQJU000000000	SAMN40010775	Terriglobales bacterium
PRJNA1071982	MFD06544_ilm_asm_bin14	LIB-MJ336-F1_02.14	GCA_049300375.1	JBAQJP000000000	SAMN40010780	Terriglobales bacterium
PRJNA1071982	MFD01080_ilm_asm_bin1	LIB-MJ107-A7_02_v_LIB-MJ367-A7_03.1	GCA_049278955.1	JBAPND000000000	SAMN40007971	Terriglobales bacterium
PRJNA1071982	MFD13510_ilm_asm_bin1	LIB-MJ414-A12_03.1	GCA_049273945.1	JBASRS000000000	SAMN40012594	Terriglobales bacterium
PRJNA1071982	MFD03323_ilm_asm_bin39	LIB-MJ105-G3_01_v_LIB-MJ367-G3_04.39	GCA_049279815.1	JBAPOW000000000	SAMN40007926	Terriglobia bacterium
PRJNA1071982	MFD09702_ilm_asm_bin32	LIB-MJ254-E8_02.32	GCA_049583595.1	JBAUWE000000000	SAMN40009433	Terriglobia bacterium
PRJNA1071982	MFD04492_ilm_asm_bin29	LIB-MJ227-E5_02.29	GCA_049587455.1	JBAVDY000000000	SAMN40009236	Terriglobia bacterium
PRJNA1071982	MFD05911_ilm_asm_bin3	LIB-MJ280-G4_02.3	GCA_049685715.1	JBAVHJ000000000	SAMN40009641	Terriglobia bacterium
PRJNA1071982	MFD06947_ilm_asm_bin10	LIB-MJ282-B5_03.10	GCA_049684875.1	JBAVGN000000000	SAMN40009663	Terriglobia bacterium
PRJNA1071982	MFD02755_ilm_asm_bin12	LIB-MJ110-B8_04_v_LIB-MJ415-E2_04.12	GCA_049698675.1	JBAVYG000000000	SAMN40008344	Terriglobia bacterium
PRJNA1071982	MFD06646_ilm_asm_bin1	LIB-MJ338-F1_04.1	GCA_049801915.1	JBARLL000000000	SAMN40010854	Terrimicrobiaceae bacterium
PRJNA1071982	MFD00702_ilm_asm_bin14	LIB-MJ131-D9_01.14	GCA_049697315.1	JBAVVN000000000	SAMN40008415	Terrimicrobiaceae bacterium
PRJNA1071982	MFD01890_ilm_asm_bin7	LIB-MJ262-A8_03.7	GCA_049687255.1	JBAVIV000000000	SAMN40009603	Terrimicrobiaceae bacterium
PRJNA1071982	MFD01511_ilm_asm_bin14	LIB-MJ146-E6_01.14	GCA_049691315.1	JBAVNS000000000	SAMN40008618	Terrimicrobiaceae bacterium
PRJNA1071982	MFD01891_ilm_asm_bin12	LIB-MJ263-D10_04.12	GCA_049686715.1	JBAVII000000000	SAMN40009616	Terrimicrobiaceae bacterium
PRJNA1071982	MFD04785_ilm_asm_bin6	LIB-MJ191-F5_04.6	GCA_049590255.1	JBAWCM000000000	SAMN40008868	Terrimicrobiaceae bacterium
PRJNA1071982	MFD01900_ilm_asm_bin12	LIB-MJ259-D7_04.12	GCA_049581125.1	JBAURH000000000	SAMN40009560	Terrimicrobiaceae bacterium
PRJNA1071982	MFD01860_ilm_asm_bin13	LIB-MJ256-D9_03.13	GCA_049582125.1	JBAUTJ000000000	SAMN40009506	Terrimicrobiaceae bacterium
PRJNA1071982	MFD04791_ilm_asm_bin9	LIB-MJ197-F8_03_v_LIB-MJ415-B9_04.9	GCA_049579425.1	JBAUNW000000000	SAMN40009025	Terrimicrobiaceae bacterium
PRJNA1071982	MFD05063_ilm_asm_bin5	LIB-MJ200-A6_04.5	GCA_049578565.1	JBAUMD000000000	SAMN40009070	Terrimicrobiaceae bacterium
PRJNA1071982	MFD02315_ilm_asm_bin17	LIB-MJ093-A1_02.17	GCA_049281035.1	JBAPRI000000000	SAMN40007862	Terrimicrobiaceae bacterium
PRJNA1071982	MFD13456_ilm_asm_bin1	LIB-MJ413-G11_01.1	GCA_049277295.1	JBASYC000000000	SAMN40012428	Thermacetogeniaceae bacterium
PRJNA1071982	MFD13478_ilm_asm_bin11	LIB-MJ413-G8_01.11	GCA_049276195.1	JBASVZ000000000	SAMN40012483	Thermacetogeniaceae bacterium
PRJNA1071982	MFD13455_ilm_asm_bin13	LIB-MJ413-H11_01.13	GCA_049275295.1	JBASUG000000000	SAMN40012528	Thermacetogeniaceae bacterium
PRJNA1071982	MFD13473_ilm_asm_bin17	LIB-MJ413-D9_01.17	GCA_049653905.1	JBASHE000000000	SAMN40012251	Thermacetogeniaceae bacterium
PRJNA1071982	MFD13457_ilm_asm_bin32	LIB-MJ413-F11_01.32	GCA_049652045.1	JBASDG000000000	SAMN40012355	Thermacetogeniaceae bacterium
PRJNA1071982	MFD13480_ilm_asm_bin28	LIB-MJ413-E8_01.28	GCA_049652725.1	JBASES000000000	SAMN40012317	Thermacetogeniaceae bacterium
PRJNA1071982	MFD13460_ilm_asm_bin10	LIB-MJ413-C11_01.10	GCA_049656365.1	JBASLN000000000	SAMN40012138	Thermacetogeniaceae bacterium
PRJNA1071982	MFD13475_ilm_asm_bin12	LIB-MJ413-B9_01.12	GCA_049656765.1	JBASMH000000000	SAMN40012118	Thermacetogeniaceae bacterium
PRJNA1071982	MFD08296_ilm_asm_bin17	LIB-MJ228-A6_01.17	GCA_049587175.1	JBAVDL000000000	SAMN40009249	Thermoactinomyces sp.
PRJNA1071982	MFD08323_ilm_asm_bin6	LIB-MJ217-H3_03.6	GCA_049588315.1	JBAVFP000000000	SAMN40009193	Thermoactinomyces sp.
PRJNA1071982	MFD10196_ilm_asm_bin24	LIB-MJ283-A1_04_v_LIB-MJ415-A6_04.24	GCA_049684215.1	JBAVFS000000000	SAMN40009684	Thermoanaerobaculia bacterium
PRJNA1071982	MFD12939_ilm_asm_bin27	LIB-MJ381-C4_02.27	GCA_049678325.1	JBAUDX000000000	SAMN40011307	Thermoanaerobaculia bacterium
PRJNA1071982	MFD13100_ilm_asm_bin9	LIB-MJ381-D10_02.9	GCA_049678185.1	JBAUDS000000000	SAMN40011312	Thermoanaerobaculia bacterium
PRJNA1071982	MFD12934_ilm_asm_bin30	LIB-MJ380-C1_03.30	GCA_049679045.1	JBAUFH000000000	SAMN40011271	Thermoanaerobaculia bacterium
PRJNA1071982	MFD13117_ilm_asm_bin19	LIB-MJ383-C9_01.19	GCA_049677285.1	JBAUBZ000000000	SAMN40011357	Thermoanaerobaculia bacterium
PRJNA1071982	MFD13180_ilm_asm_bin7	LIB-MJ386-E9_04.7	GCA_049671925.1	JBATVR000000000	SAMN40011521	Thermoanaerobaculia bacterium
PRJNA1071982	MFD12941_ilm_asm_bin22	LIB-MJ385-C1_04.22	GCA_049674085.1	JBATYM000000000	SAMN40011448	Thermoanaerobaculia bacterium
PRJNA1071982	MFD13001_ilm_asm_bin13	LIB-MJ384-G5_01.13	GCA_049674505.1	JBATZF000000000	SAMN40011429	Thermoanaerobaculia bacterium
PRJNA1071982	MFD12938_ilm_asm_bin22	LIB-MJ385-A5_04.22	GCA_049674325.1	JBATYX000000000	SAMN40011437	Thermoanaerobaculia bacterium
PRJNA1071982	MFD12961_ilm_asm_bin18	LIB-MJ386-H9_04.18	GCA_049671105.1	JBATUK000000000	SAMN40011554	Thermoanaerobaculia bacterium
PRJNA1071982	MFD12956_ilm_asm_bin6	LIB-MJ387-E8_01.6	GCA_049670325.1	JBATTC000000000	SAMN40011588	Thermoanaerobaculia bacterium
PRJNA1071982	MFD13193_ilm_asm_bin25	LIB-MJ387-B3_01.25	GCA_049670785.1	JBATTV000000000	SAMN40011569	Thermoanaerobaculia bacterium
PRJNA1071982	MFD10197_ilm_asm_bin16	LIB-MJ283-B1_04_v_LIB-MJ415-B6_04.16	GCA_049669655.1	JBATKR000000000	SAMN40009701	Thermoanaerobaculia bacterium
PRJNA1071982	MFD10224_ilm_asm_bin14	LIB-MJ283-G4_04.14	GCA_049667925.1	JBATIT000000000	SAMN40009751	Thermoanaerobaculia bacterium
PRJNA1071982	MFD10248_ilm_asm_bin11	LIB-MJ283-G7_04.11	GCA_049667745.1	JBATIO000000000	SAMN40009756	Thermoanaerobaculia bacterium
PRJNA1071982	MFD10222_ilm_asm_bin24	LIB-MJ283-E4_04.24	GCA_049668425.1	JBATJJ000000000	SAMN40009735	Thermoanaerobaculia bacterium
PRJNA1071982	MFD10228_ilm_asm_bin5	LIB-MJ283-C5_04.5	GCA_049668665.1	JBATJT000000000	SAMN40009725	Thermoanaerobaculia bacterium
PRJNA1071982	MFD10257_ilm_asm_bin37	LIB-MJ283-H8_04.37	GCA_049667145.1	JBATHU000000000	SAMN40009776	Thermoanaerobaculia bacterium
PRJNA1071982	MFD10344_ilm_asm_bin9	LIB-MJ284-G8_03.9	GCA_049665085.1	JBATFV000000000	SAMN40009827	Thermoanaerobaculia bacterium
PRJNA1071982	MFD10296_ilm_asm_bin18	LIB-MJ284-E2_03.18	GCA_049665825.1	JBATGN000000000	SAMN40009809	Thermoanaerobaculia bacterium
PRJNA1071982	MFD10303_ilm_asm_bin18	LIB-MJ284-E3_03.18	GCA_049665705.1	JBATGK000000000	SAMN40009812	Thermoanaerobaculia bacterium
PRJNA1071982	MFD10348_ilm_asm_bin17	LIB-MJ284-C9_03.17	GCA_049666165.1	JBATGW000000000	SAMN40009800	Thermoanaerobaculia bacterium
PRJNA1071982	MFD10345_ilm_asm_bin8	LIB-MJ284-H8_03.8	GCA_049664225.1	JBATEX000000000	SAMN40009851	Thermoanaerobaculia bacterium
PRJNA1071982	MFD10337_ilm_asm_bin21	LIB-MJ284-H7_03.21	GCA_049664405.1	JBATFD000000000	SAMN40009845	Thermoanaerobaculia bacterium
PRJNA1071982	MFD13194_ilm_asm_bin12	LIB-MJ389-C4_03.12	GCA_049648285.1	JBARYU000000000	SAMN40011707	Thermoanaerobaculia bacterium
PRJNA1071982	MFD02237_ilm_asm_bin7	LIB-MJ256-G6_03.7	GCA_049581965.1	JBAUSZ000000000	SAMN40009516	Thermoanaerobaculia bacterium
PRJNA1071982	MFD01439_ilm_asm_bin18	LIB-MJ231-E10_04.18	GCA_049586115.1	JBAVBF000000000	SAMN40009307	Thermoanaerobaculia bacterium
PRJNA1071982	MFD01713_ilm_asm_bin4	LIB-MJ195-G4_01.4	GCA_049580305.1	JBAUPR000000000	SAMN40008978	Thermoanaerobaculia bacterium
PRJNA1071982	MFD13520_ilm_asm_bin14	LIB-MJ414-G10_03.14	GCA_049273755.1	JBASRI000000000	SAMN40012604	Thermoanaerobaculia bacterium
PRJNA1071982	MFD00413_ilm_asm_bin5	LIB-MJ054-A5_03.5	GCA_049284515.1	JBAPYB000000000	SAMN40007687	Thermoanaerobaculia bacterium
PRJNA1071982	MFD12012_ilm_asm_bin17	LIB-MJ334-D11_01.17	GCA_049298815.1	JBAQWH000000000	SAMN40010449	Thermoanaerobaculia bacterium
PRJNA1071982	MFD12058_ilm_asm_bin5	LIB-MJ335-A6_02.5	GCA_049303155.1	JBAQMW000000000	SAMN40010695	Thermodesulfobacteriota bacterium
PRJNA1071982	MFD12180_ilm_asm_bin10	LIB-MJ389-B4_03.10	GCA_049649095.1	JBARZB000000000	SAMN40011700	Thermodesulfobacteriota bacterium
PRJNA1071982	MFD12133_ilm_asm_bin14	LIB-MJ389-F9_03.14	GCA_049647045.1	JBARWX000000000	SAMN40011756	Thermodesulfobacteriota bacterium
PRJNA1071982	MFD12134_ilm_asm_bin4	LIB-MJ390-G1_03.4	GCA_049642505.1	JBAROX000000000	SAMN40011964	Thermodesulfobacteriota bacterium
PRJNA1071982	MFD06953_ilm_asm_bin13	LIB-MJ282-D4_03.13	GCA_049684675.1	JBAVGF000000000	SAMN40009671	Thermodesulfobacteriota bacterium
PRJNA1071982	MFD09513_ilm_asm_bin6	LIB-MJ354-A7_04_v_LIB-MJ403-A4_03.6	GCA_049682815.1	JBAUII000000000	SAMN40011192	Thermodesulfobacteriota bacterium
PRJNA1071982	MFD05764_ilm_asm_bin288	LIB-MJ352-E7_03_v_LIB-MJ368-E7_01.288	GCA_049792855.1	JBARBH000000000	SAMN40011118	Thermodesulfobacteriota bacterium
PRJNA1071982	MFD06487_ilm_asm_bin9	LIB-MJ341-E6_02_v_LIB-MJ367-E6_04.9	GCA_049799315.1	JBARHQ000000000	SAMN40010953	Thermodesulfovibrionales bacterium
PRJNA1071982	MFD12052_ilm_asm_bin4	LIB-MJ335-C5_02.4	GCA_049302065.1	JBAQLU000000000	SAMN40010723	Thermodesulfovibrionales bacterium
PRJNA1071982	MFD12052_ilm_asm_bin15	LIB-MJ335-C5_02.15	GCA_049302185.1	JBAQLV000000000	SAMN40010722	Thermodesulfovibrionales bacterium
PRJNA1071982	MFD12017_ilm_asm_bin14	LIB-MJ334-A12_01.14	GCA_049286805.1	JBAQEP000000000	SAMN40010310	Thermodesulfovibrionales bacterium
PRJNA1071982	MFD13492_ilm_asm_bin41	LIB-MJ413-A7_01.41	GCA_049659385.1	JBASPQ000000000	SAMN40012031	Thermogutta sp.
PRJNA1071982	MFD02961_ilm_asm_bin64	LIB-MJ263-D4_04.64	GCA_049686355.1	JBAVHZ000000000	SAMN40009625	Thermoguttaceae bacterium
PRJNA1071982	MFD02138_ilm_asm_bin63	LIB-MJ259-G6_04.63	GCA_049580785.1	JBAUQP000000000	SAMN40009578	Thermoguttaceae bacterium
PRJNA1071982	MFD01112_ilm_asm_bin8	LIB-MJ306-H8_01.8	GCA_049288135.1	JBAQHD000000000	SAMN40010244	Thermoguttaceae bacterium
PRJNA1071982	MFD12188_ilm_asm_bin23	LIB-MJ389-G10_03.23	GCA_049646985.1	JBARWT000000000	SAMN40011760	Thermomicrobiales bacterium
PRJNA1071982	MFD12187_ilm_asm_bin18	LIB-MJ389-G6_03.18	GCA_049646645.1	JBARWF000000000	SAMN40011774	Thermomicrobiales bacterium
PRJNA1071982	MFD13429_ilm_asm_bin24	LIB-MJ390-H8_03.24	GCA_049642045.1	JBAROJ000000000	SAMN40011978	Thermoplasmata archaeon
PRJNA1071982	MFD13432_ilm_asm_bin16	LIB-MJ390-E8_03.16	GCA_049643585.1	JBARQG000000000	SAMN40011929	Thermoplasmata archaeon
PRJNA1071982	MFD10988_ilm_asm_bin26	LIB-MJ383-H6_01.26	GCA_049675445.1	JBAUAF000000000	SAMN40011403	Thermoplasmata archaeon
PRJNA1071982	MFD10734_ilm_asm_bin74	LIB-MJ383-H10_01.74	GCA_049675585.1	JBAUAJ000000000	SAMN40011399	Thermoplasmata archaeon
PRJNA1071982	MFD10772_ilm_asm_bin53	LIB-MJ354-H3_04_v_LIB-MJ367-H3_04.53	GCA_049679405.1	JBAUFX000000000	SAMN40011255	Thermoplasmata archaeon
PRJNA1071982	MFD06470_ilm_asm_bin19	LIB-MJ341-D9_02_v_LIB-MJ406-B4_04.19	GCA_049799475.1	JBARHY000000000	SAMN40010945	Thermoplasmata archaeon
PRJNA1071982	MFD06650_ilm_asm_bin24	LIB-MJ339-H11_03_v_LIB-MJ405-E5_01.24	GCA_049800095.1	JBARJD000000000	SAMN40010914	Thermoplasmata archaeon
PRJNA1071982	MFD06228_ilm_asm_bin8	LIB-MJ341-E8_02_v_LIB-MJ406-D3_04.8	GCA_049799275.1	JBARHO000000000	SAMN40010955	Thermoplasmata archaeon
PRJNA1071982	MFD06118_ilm_asm_bin36	LIB-MJ337-C9_03.36	GCA_049802875.1	JBARNH000000000	SAMN40010806	Thermoplasmata archaeon
PRJNA1071982	MFD06650_ilm_asm_bin18	LIB-MJ339-H11_03_v_LIB-MJ405-E5_01.18	GCA_049800175.1	JBARJH000000000	SAMN40010910	Thermoplasmata archaeon
PRJNA1071982	MFD09440_ilm_asm_bin29	LIB-MJ195-F6_01.29	GCA_049580405.1	JBAUPW000000000	SAMN40008973	Thermoplasmata archaeon
PRJNA1071982	MFD09680_ilm_asm_bin5	LIB-MJ196-E11_02.5	GCA_049579845.1	JBAUOR000000000	SAMN40009004	Thermoplasmata archaeon
PRJNA1071982	MFD09265_ilm_asm_bin59	LIB-MJ250-F2_04_v_LIB-MJ365-F2_03.59	GCA_049585415.1	JBAUZT000000000	SAMN40009342	Thermoplasmata archaeon
PRJNA1071982	MFD09209_ilm_asm_bin22	LIB-MJ250-H10_04.22	GCA_049585255.1	JBAUZL000000000	SAMN40009349	Thermoplasmata archaeon
PRJNA1071982	MFD09281_ilm_asm_bin15	LIB-MJ250-D5_04_v_LIB-MJ365-D5_03.15	GCA_049585655.1	JBAVAJ000000000	SAMN40009329	Thermoplasmata archaeon
PRJNA1071982	MFD09281_ilm_asm_bin60	LIB-MJ250-D5_04_v_LIB-MJ365-D5_03.60	GCA_049585555.1	JBAVAD000000000	SAMN40009334	Thermoplasmata archaeon
PRJNA1071982	MFD09281_ilm_asm_bin22	LIB-MJ250-D5_04_v_LIB-MJ365-D5_03.22	GCA_049585615.1	JBAVAH000000000	SAMN40009331	Thermoplasmata archaeon
PRJNA1071982	MFD09282_ilm_asm_bin3	LIB-MJ252-G3_02.3	GCA_049584295.1	JBAUXN000000000	SAMN40009398	Thermoplasmata archaeon
PRJNA1071982	MFD09225_ilm_asm_bin3	LIB-MJ254-E10_02.3	GCA_049583835.1	JBAUWP000000000	SAMN40009422	Thermoplasmata archaeon
PRJNA1071982	MFD09290_ilm_asm_bin4	LIB-MJ251-G11_04_v_LIB-MJ409-D8_01.4	GCA_049584655.1	JBAUYF000000000	SAMN40009380	Thermoplasmata archaeon
PRJNA1071982	MFD09222_ilm_asm_bin62	LIB-MJ259-B6_04.62	GCA_049581265.1	JBAURQ000000000	SAMN40009551	Thermoplasmata archaeon
PRJNA1071982	MFD09222_ilm_asm_bin54	LIB-MJ259-B6_04.54	GCA_049581325.1	JBAURT000000000	SAMN40009548	Thermoplasmata archaeon
PRJNA1071982	MFD09361_ilm_asm_bin6	LIB-MJ254-F9_02.6	GCA_049583385.1	JBAUVU000000000	SAMN40009443	Thermoplasmata archaeon
PRJNA1071982	MFD09357_ilm_asm_bin24	LIB-MJ255-C4_02_v_LIB-MJ405-B9_01.24	GCA_049582925.1	JBAUUX000000000	SAMN40009466	Thermoplasmata archaeon
PRJNA1071982	MFD09264_ilm_asm_bin34	LIB-MJ256-B4_03.34	GCA_049582265.1	JBAUTP000000000	SAMN40009500	Thermoplasmata archaeon
PRJNA1071982	MFD04492_ilm_asm_bin13	LIB-MJ227-E5_02.13	GCA_049587535.1	JBAVED000000000	SAMN40009231	Thermoplasmata archaeon
PRJNA1071982	MFD05722_ilm_asm_bin29	LIB-MJ177-D8_03.29	GCA_049591535.1	JBAWFC000000000	SAMN40008800	Thermoplasmata archaeon
PRJNA1071982	MFD00144_ilm_asm_bin23	LIB-MJ050-C7_02.23	GCA_049285595.1	JBAQAF000000000	SAMN40007631	Thermoplasmata archaeon
PRJNA1071982	MFD03329_ilm_asm_bin13	LIB-MJ105-F11_01.13	GCA_049280115.1	JBAPPM000000000	SAMN40007910	Thermoplasmata archaeon
PRJNA1071982	MFD03335_ilm_asm_bin4	LIB-MJ105-C8_01_v_LIB-MJ367-C8_04.4	GCA_049280255.1	JBAPPT000000000	SAMN40007903	Thermoplasmata archaeon
PRJNA1071982	MFD03335_ilm_asm_bin13	LIB-MJ105-C8_01_v_LIB-MJ367-C8_04.13	GCA_049280295.1	JBAPPW000000000	SAMN40007900	Thermoplasmata archaeon
PRJNA1071982	MFD06594_ilm_asm_bin23	LIB-MJ336-F7_02.23	GCA_049300255.1	JBAQJJ000000000	SAMN40010786	Thermoplasmata archaeon
PRJNA1071982	MFD13565_ilm_asm_bin2	LIB-MJ414-B5_03.2	GCA_049273895.1	JBASRQ000000000	SAMN40012596	Thermoplasmata archaeon
PRJNA1071982	MFD03325_ilm_asm_bin5	LIB-MJ106-G1_01_v_LIB-MJ368-G1_04.5	GCA_049279275.1	JBAPNT000000000	SAMN40007955	Thermoplasmata archaeon
PRJNA1071982	MFD03026_ilm_asm_bin6	LIB-MJ137-G8_02.6	GCA_049694615.1	JBAVRC000000000	SAMN40008530	Thermosynechococcaceae cyanobacterium
PRJNA1071982	MFD12179_ilm_asm_bin10	LIB-MJ387-H10_01.10	GCA_049683515.1	JBAUJD000000000	SAMN40011606	Thermosynechococcaceae cyanobacterium
PRJNA1071982	MFD13481_ilm_asm_bin41	LIB-MJ413-D8_01.41	GCA_049654065.1	JBASHM000000000	SAMN40012243	Thermotogota bacterium
PRJNA1071982	MFD13481_ilm_asm_bin18	LIB-MJ413-D8_01.18	GCA_049654245.1	JBASHV000000000	SAMN40012234	Thermovirgaceae bacterium
PRJNA1071982	MFD10553_ilm_asm_bin27	LIB-MJ334-G1_01.27	GCA_049295795.1	JBAQRG000000000	SAMN40010580	Thermovirgaceae bacterium
PRJNA1071982	MFD04234_ilm_asm_bin18	LIB-MJ174-H2_01_v_LIB-MJ407-G8_04.18	GCA_049592895.1	JBAWGM000000000	SAMN40008764	Thiobacillaceae bacterium
PRJNA1071982	MFD01066_ilm_asm_bin15	LIB-MJ256-H4_03.15	GCA_049581945.1	JBAUSY000000000	SAMN40009517	Thiobacillaceae bacterium
PRJNA1071982	MFD05637_ilm_asm_bin14	LIB-MJ199-H7_04.14	GCA_049578545.1	JBAUMF000000000	SAMN40009068	Thiobacillaceae bacterium
PRJNA1071982	MFD04286_ilm_asm_bin32	LIB-MJ226-B8_01.32	GCA_049588075.1	JBAVFD000000000	SAMN40009205	Thiobacillus sp.
PRJNA1071982	MFD01637_ilm_asm_bin4	LIB-MJ130-F9_01.4	GCA_049697615.1	JBAVWB000000000	SAMN40008401	Thiobacillus sp.
PRJNA1071982	MFD12027_ilm_asm_bin3	LIB-MJ335-H1_02.3	GCA_049301235.1	JBAQKS000000000	SAMN40010751	Thiobacillus sp.
PRJNA1071982	MFD12053_ilm_asm_bin2	LIB-MJ335-D5_02.2	GCA_049301755.1	JBAQLJ000000000	SAMN40010734	Thiobacillus sp.
PRJNA1071982	MFD00116_ilm_asm_bin15	LIB-MJ055-G8_04.15	GCA_049283775.1	JBAPWR000000000	SAMN40007723	Thiobacillus sp.
PRJNA1071982	MFD12042_ilm_asm_bin11	LIB-MJ335-A4_02.11	GCA_049303455.1	JBAQND000000000	SAMN40010688	Thiobacillus sp.
PRJNA1071982	MFD10499_ilm_asm_bin7	LIB-MJ305-C6_04.7	GCA_049293595.1	JBATSY000000000	SAMN40009992	Thiofilum sp.
PRJNA1071982	MFD13447_ilm_asm_bin43	LIB-MJ390-F6_03.43	GCA_049643105.1	JBARPM000000000	SAMN40011949	Thiofilum sp.
PRJNA1071982	MFD10320_ilm_asm_bin3	LIB-MJ284-G5_03.3	GCA_049665245.1	JBATFY000000000	SAMN40009824	Thiogranum sp.
PRJNA1071982	MFD10351_ilm_asm_bin14	LIB-MJ284-F9_03.14	GCA_049666785.1	JBATGC000000000	SAMN40009820	Thiogranum sp.
PRJNA1071982	MFD10264_ilm_asm_bin6	LIB-MJ283-G9_04.6	GCA_049667665.1	JBATIJ000000000	SAMN40009761	Thiogranum sp.
PRJNA1071982	MFD10197_ilm_asm_bin19	LIB-MJ283-B1_04_v_LIB-MJ415-B6_04.19	GCA_049669545.1	JBATKQ000000000	SAMN40009702	Thiogranum sp.
PRJNA1071982	MFD01219_ilm_asm_bin20	LIB-MJ091-B7_03.20	GCA_049282235.1	JBAPTQ000000000	SAMN40007802	Thiogranum sp.
PRJNA1071982	MFD10280_ilm_asm_bin12	LIB-MJ283-A12_04_v_LIB-MJ415-C7_04.12	GCA_049670055.1	JBATLE000000000	SAMN40009688	Thiohalocapsa sp.
PRJNA1071982	MFD12163_ilm_asm_bin19	LIB-MJ387-C9_01.19	GCA_049670525.1	JBATTL000000000	SAMN40011579	Thiohalocapsa sp.
PRJNA1071982	MFD10545_ilm_asm_bin32	LIB-MJ305-C12_04.32	GCA_049661425.1	JBATAA000000000	SAMN40009978	Thiolinea sp.
PRJNA1071982	MFD10500_ilm_asm_bin8	LIB-MJ305-D6_04.8	GCA_049292455.1	JBATRF000000000	SAMN40010037	Thiolinea sp.
PRJNA1071982	MFD10494_ilm_asm_bin24	LIB-MJ305-F5_04.24	GCA_049290875.1	JBATOI000000000	SAMN40010112	Thiolinea sp.
PRJNA1071982	MFD01526_ilm_asm_bin24	LIB-MJ256-F9_03.24	GCA_049582025.1	JBAUTC000000000	SAMN40009513	Thiomonas sp.
PRJNA1071982	MFD10508_ilm_asm_bin32	LIB-MJ305-D7_04.32	GCA_049292355.1	JBATRB000000000	SAMN40010041	Thiothrix eikelboomii
PRJNA1071982	MFD12901_ilm_asm_bin16	LIB-MJ413-F6_01.16	GCA_049651685.1	JBASCO000000000	SAMN40012373	Thiothrix litoralis
PRJNA1071982	MFD10268_ilm_asm_bin13	LIB-MJ283-D10_04.13	GCA_049668645.1	JBATJQ000000000	SAMN40009728	Thiothrix litoralis
PRJNA1071982	MFD13486_ilm_asm_bin5	LIB-MJ413-G7_01.5	GCA_049276275.1	JBASWC000000000	SAMN40012480	Tissierellaceae bacterium
PRJNA1071982	MFD13456_ilm_asm_bin11	LIB-MJ413-G11_01.11	GCA_049277255.1	JBASYA000000000	SAMN40012430	Tissierellaceae bacterium
PRJNA1071982	MFD13469_ilm_asm_bin11	LIB-MJ413-H9_01.11	GCA_049274135.1	JBASSB000000000	SAMN40012585	Tissierellaceae bacterium
PRJNA1071982	MFD13485_ilm_asm_bin11	LIB-MJ413-H7_01.11	GCA_049274735.1	JBASTE000000000	SAMN40012556	Tissierellaceae bacterium
PRJNA1071982	MFD13474_ilm_asm_bin9	LIB-MJ413-C9_01.9	GCA_049655465.1	JBASJV000000000	SAMN40012182	Tissierellaceae bacterium
PRJNA1071982	MFD01100_ilm_asm_bin1	LIB-MJ093-F7_02.1	GCA_049280635.1	JBAPQO000000000	SAMN40007882	Trebonia sp.
PRJNA1071982	MFD00272_ilm_asm_bin13	LIB-MJ055-G5_04.13	GCA_049283835.1	JBAPWT000000000	SAMN40007721	Trebonia sp.
PRJNA1071982	MFD00137_ilm_asm_bin11	LIB-MJ051-D8_02.11	GCA_049284815.1	JBAPYQ000000000	SAMN40007672	Trebonia sp.
PRJNA1071982	MFD00312_ilm_asm_bin14	LIB-MJ055-B7_04.14	GCA_049284035.1	JBAPXD000000000	SAMN40007711	Trebonia sp.
PRJNA1071982	MFD00064_ilm_asm_bin26	LIB-MJ054-C9_03.26	GCA_049284455.1	JBAPXY000000000	SAMN40007690	Trebonia sp.
PRJNA1071982	MFD00046_ilm_asm_bin16	LIB-MJ050-C4_02.16	GCA_049285615.1	JBAQAH000000000	SAMN40007629	Trebonia sp.
PRJNA1071982	MFD00325_ilm_asm_bin9	LIB-MJ048-C1_04.9	GCA_049285815.1	JBAQAS000000000	SAMN40007618	Trebonia sp.
PRJNA1071982	MFD00054_ilm_asm_bin10	LIB-MJ050-F2_02.10	GCA_049285275.1	JBAPZN000000000	SAMN40007649	Trebonia sp.
PRJNA1071982	MFD00003_ilm_asm_bin12	LIB-MJ048-A2_04.12	GCA_049285935.1	JBAQAX000000000	SAMN40007613	Trebonia sp.
PRJNA1071982	MFD09329_ilm_asm_bin9	LIB-MJ307-D9_01.9	GCA_049287805.1	JBAQGN000000000	SAMN40010260	Trebonia sp.
PRJNA1071982	MFD10888_ilm_asm_bin30	LIB-MJ383-G7_01.30	GCA_049676095.1	JBAUAU000000000	SAMN40011388	Trebonia sp.
PRJNA1071982	MFD11004_ilm_asm_bin29	LIB-MJ383-E6_01.29	GCA_049676745.1	JBAUBK000000000	SAMN40011372	Trebonia sp.
PRJNA1071982	MFD10661_ilm_asm_bin10	LIB-MJ342-E6_02.10	GCA_049798275.1	JBARGM000000000	SAMN40010983	Trebonia sp.
PRJNA1071982	MFD10685_ilm_asm_bin2	LIB-MJ347-F2_04_v_LIB-MJ368-F2_03.2	GCA_049794275.1	JBARCR000000000	SAMN40011082	Trebonia sp.
PRJNA1071982	MFD06739_ilm_asm_bin18	LIB-MJ347-G8_04_v_LIB-MJ368-G8_03.18	GCA_049794175.1	JBARCO000000000	SAMN40011085	Trebonia sp.
PRJNA1071982	MFD10067_ilm_asm_bin3	LIB-MJ251-F6_04.3	GCA_049584735.1	JBAUYJ000000000	SAMN40009376	Trebonia sp.
PRJNA1071982	MFD05662_ilm_asm_bin12	LIB-MJ177-F5_03.12	GCA_049591275.1	JBAWER000000000	SAMN40008811	Trebonia sp.
PRJNA1071982	MFD12108_ilm_asm_bin27	LIB-MJ413-B1_01.27	GCA_049658025.1	JBASOF000000000	SAMN40012068	Trichlorobacter sp.
PRJNA1071982	MFD10545_ilm_asm_bin14	LIB-MJ305-C12_04.14	GCA_049661395.1	JBATAB000000000	SAMN40009977	Trichococcus flocculiformis
PRJNA1071982	MFD10530_ilm_asm_bin40	LIB-MJ305-B10_04.40	GCA_049662645.1	JBATCA000000000	SAMN40009926	Trichococcus flocculiformis
PRJNA1071982	MFD10535_ilm_asm_bin14	LIB-MJ305-A11_04.14	GCA_049663645.1	JBATDW000000000	SAMN40009878	Trichococcus flocculiformis
PRJNA1071982	MFD10555_ilm_asm_bin13	LIB-MJ334-A2_01.13	GCA_049286725.1	JBAQEL000000000	SAMN40010314	Trichococcus flocculiformis
PRJNA1071982	MFD10528_ilm_asm_bin40	LIB-MJ305-H9_04.40	GCA_049288855.1	JBAQIM000000000	SAMN40010209	Trichococcus flocculiformis
PRJNA1071982	MFD10534_ilm_asm_bin7	LIB-MJ305-H10_04.7	GCA_049289635.1	JBATMC000000000	SAMN40010170	Trichococcus flocculiformis
PRJNA1071982	MFD10503_ilm_asm_bin20	LIB-MJ305-G6_04.20	GCA_049290075.1	JBATMX000000000	SAMN40010149	Trichococcus flocculiformis
PRJNA1071982	MFD10549_ilm_asm_bin19	LIB-MJ334-C1_01.19	GCA_049293635.1	JBAQBO000000000	SAMN40010389	Trichococcus flocculiformis
PRJNA1071982	MFD10507_ilm_asm_bin10	LIB-MJ305-C7_04.10	GCA_049293535.1	JBATSW000000000	SAMN40009994	Trichococcus flocculiformis
PRJNA1071982	MFD10539_ilm_asm_bin15	LIB-MJ305-E11_04.15	GCA_049291935.1	JBATQH000000000	SAMN40010061	Trichococcus flocculiformis
PRJNA1071982	MFD10553_ilm_asm_bin45	LIB-MJ334-G1_01.45	GCA_049295775.1	JBAQRF000000000	SAMN40010581	Trichococcus flocculiformis
PRJNA1071982	MFD10567_ilm_asm_bin9	LIB-MJ334-G3_01.9	GCA_049295495.1	JBAQQT000000000	SAMN40010593	Trichococcus flocculiformis
PRJNA1071982	MFD10583_ilm_asm_bin24	LIB-MJ334-G5_01.24	GCA_049295275.1	JBAQQL000000000	SAMN40010601	Trichococcus flocculiformis
PRJNA1071982	MFD10552_ilm_asm_bin15	LIB-MJ334-F1_01.15	GCA_049296755.1	JBAQTA000000000	SAMN40010534	Trichococcus flocculiformis
PRJNA1071982	MFD10560_ilm_asm_bin27	LIB-MJ334-F2_01.27	GCA_049296575.1	JBAQST000000000	SAMN40010541	Trichococcus flocculiformis
PRJNA1071982	MFD10574_ilm_asm_bin15	LIB-MJ334-F4_01.15	GCA_049296555.1	JBAQSS000000000	SAMN40010542	Trichococcus flocculiformis
PRJNA1071982	MFD10582_ilm_asm_bin28	LIB-MJ334-F5_01.28	GCA_049296335.1	JBAQSH000000000	SAMN40010553	Trichococcus flocculiformis
PRJNA1071982	MFD10548_ilm_asm_bin26	LIB-MJ334-B1_01.26	GCA_049294495.1	JBAQCY000000000	SAMN40010353	Trichococcus flocculiformis
PRJNA1071982	MFD10564_ilm_asm_bin2	LIB-MJ334-B3_01.2	GCA_049294045.1	JBAQCJ000000000	SAMN40010368	Trichococcus flocculiformis
PRJNA1071982	MFD10570_ilm_asm_bin1	LIB-MJ334-B4_01.1	GCA_049294035.1	JBAQCI000000000	SAMN40010369	Trichococcus flocculiformis
PRJNA1071982	MFD10594_ilm_asm_bin1	LIB-MJ334-B7_01.1	GCA_049293735.1	JBAQBU000000000	SAMN40010383	Trichococcus flocculiformis
PRJNA1071982	MFD10578_ilm_asm_bin1	LIB-MJ334-B5_01.1	GCA_049293895.1	JBAQCB000000000	SAMN40010376	Trichococcus flocculiformis
PRJNA1071982	MFD10577_ilm_asm_bin9	LIB-MJ334-A5_01.9	GCA_049294795.1	JBAQDT000000000	SAMN40010332	Trichococcus flocculiformis
PRJNA1071982	MFD10585_ilm_asm_bin17	LIB-MJ334-A6_01.17	GCA_049294775.1	JBAQDS000000000	SAMN40010333	Trichococcus flocculiformis
PRJNA1071982	MFD10575_ilm_asm_bin5	LIB-MJ334-G4_01.5	GCA_049295395.1	JBAQQP000000000	SAMN40010597	Trichococcus flocculiformis
PRJNA1071982	MFD10557_ilm_asm_bin16	LIB-MJ334-C2_01.16	GCA_049299695.1	JBAQXV000000000	SAMN40010409	Trichococcus flocculiformis
PRJNA1071982	MFD10558_ilm_asm_bin6	LIB-MJ334-D2_01.6	GCA_049298675.1	JBAQWB000000000	SAMN40010455	Trichococcus flocculiformis
PRJNA1071982	MFD10550_ilm_asm_bin4	LIB-MJ334-D1_01.4	GCA_049298875.1	JBAQWK000000000	SAMN40010446	Trichococcus flocculiformis
PRJNA1071982	MFD10572_ilm_asm_bin30	LIB-MJ334-D4_01.30	GCA_049298455.1	JBAQVS000000000	SAMN40010464	Trichococcus flocculiformis
PRJNA1071982	MFD10565_ilm_asm_bin15	LIB-MJ334-D3_01.15	GCA_049298615.1	JBAQVY000000000	SAMN40010458	Trichococcus flocculiformis
PRJNA1071982	MFD10579_ilm_asm_bin36	LIB-MJ334-C5_01.36	GCA_049299355.1	JBAQXI000000000	SAMN40010422	Trichococcus flocculiformis
PRJNA1071982	MFD10571_ilm_asm_bin17	LIB-MJ334-C4_01.17	GCA_049299635.1	JBAQXS000000000	SAMN40010412	Trichococcus flocculiformis
PRJNA1071982	MFD10595_ilm_asm_bin20	LIB-MJ334-C7_01.20	GCA_049299175.1	JBAQWZ000000000	SAMN40010431	Trichococcus flocculiformis
PRJNA1071982	MFD10580_ilm_asm_bin7	LIB-MJ334-D5_01.7	GCA_049298115.1	JBAQVK000000000	SAMN40010472	Trichococcus flocculiformis
PRJNA1071982	MFD10588_ilm_asm_bin33	LIB-MJ334-D6_01.33	GCA_049297995.1	JBAQVG000000000	SAMN40010476	Trichococcus flocculiformis
PRJNA1071982	MFD10581_ilm_asm_bin36	LIB-MJ334-E5_01.36	GCA_049297035.1	JBAQTO000000000	SAMN40010520	Trichococcus flocculiformis
PRJNA1071982	MFD10589_ilm_asm_bin6	LIB-MJ334-E6_01.6	GCA_049296915.1	JBAQTI000000000	SAMN40010526	Trichococcus flocculiformis
PRJNA1071982	MFD10559_ilm_asm_bin6	LIB-MJ334-E2_01.6	GCA_049297295.1	JBAQUB000000000	SAMN40010507	Trichococcus flocculiformis
PRJNA1071982	MFD10566_ilm_asm_bin12	LIB-MJ334-E3_01.12	GCA_049297275.1	JBAQUA000000000	SAMN40010508	Trichococcus flocculiformis
PRJNA1071982	MFD10573_ilm_asm_bin12	LIB-MJ334-E4_01.12	GCA_049297215.1	JBAQTX000000000	SAMN40010511	Trichococcus flocculiformis
PRJNA1071982	MFD10551_ilm_asm_bin17	LIB-MJ334-E1_01.17	GCA_049297515.1	JBAQUN000000000	SAMN40010495	Trichococcus flocculiformis
PRJNA1071982	MFD10576_ilm_asm_bin20	LIB-MJ334-H4_01.20	GCA_049305215.1	JBAQOX000000000	SAMN40010641	Trichococcus flocculiformis
PRJNA1071982	MFD10584_ilm_asm_bin6	LIB-MJ334-H5_01.6	GCA_049305095.1	JBAQOU000000000	SAMN40010644	Trichococcus flocculiformis
PRJNA1071982	MFD06948_ilm_asm_bin11	LIB-MJ282-H2_03.11	GCA_049684335.1	JBAVFV000000000	SAMN40009681	Trichococcus sp.
PRJNA1071982	MFD02959_ilm_asm_bin2	LIB-MJ129-C1_02.2	GCA_049698355.1	JBAVXN000000000	SAMN40008363	Trichococcus sp.
PRJNA1071982	MFD05029_ilm_asm_bin2	LIB-MJ193-C5_01.2	GCA_049589555.1	JBAWAZ000000000	SAMN40008907	Trichococcus sp.
PRJNA1071982	MFD00656_ilm_asm_bin5	LIB-MJ132-E4_03.5	GCA_049696915.1	JBAVUT000000000	SAMN40008435	Tumebacillaceae bacterium
PRJNA1071982	MFD12120_ilm_asm_bin2	LIB-MJ388-F1_02.2	GCA_049650865.1	JBASAY000000000	SAMN40011651	Tunicatimonas sp.
PRJNA1071982	MFD12120_ilm_asm_bin26	LIB-MJ388-F1_02.26	GCA_049650805.1	JBASAW000000000	SAMN40011653	Tunicatimonas sp.
PRJNA1071982	MFD12159_ilm_asm_bin40	LIB-MJ389-C5_03.40	GCA_049647865.1	JBARYM000000000	SAMN40011715	Tunicatimonas sp.
PRJNA1071982	MFD03279_ilm_asm_bin7	LIB-MJ334-H7_01.7	GCA_049304475.1	JBAQOF000000000	SAMN40010660	Undibacterium umbellatum
PRJNA1071982	MFD06153_ilm_asm_bin19	LIB-MJ336-B6_02.19	GCA_049300695.1	JBAQKF000000000	SAMN40010764	Usitatibacter sp.
PRJNA1071982	MFD12031_ilm_asm_bin11	LIB-MJ335-D2_02.11	GCA_049301915.1	JBAQLO000000000	SAMN40010729	Variovorax sp.
PRJNA1071982	MFD13471_ilm_asm_bin28	LIB-MJ413-F9_01.28	GCA_049277875.1	JBASZG000000000	SAMN40012398	Venatoribacter sp.
PRJNA1071982	MFD13443_ilm_asm_bin17	LIB-MJ390-B7_03.17	GCA_049645685.1	JBARUJ000000000	SAMN40011822	Verrucomicrobiales bacterium
PRJNA1071982	MFD03092_ilm_asm_bin27	LIB-MJ140-E2_02.27	GCA_049692125.1	JBAVOO000000000	SAMN40008596	Verrucomicrobiia bacterium
PRJNA1071982	MFD02961_ilm_asm_bin62	LIB-MJ263-D4_04.62	GCA_049686435.1	JBAVIA000000000	SAMN40009624	Verrucomicrobiia bacterium
PRJNA1071982	MFD02961_ilm_asm_bin54	LIB-MJ263-D4_04.54	GCA_049686535.1	JBAVID000000000	SAMN40009621	Verrucomicrobiia bacterium
PRJNA1071982	MFD09455_ilm_asm_bin21	LIB-MJ192-E9_04.21	GCA_049589755.1	JBAWBJ000000000	SAMN40008897	Verrucomicrobiia bacterium
PRJNA1071982	MFD04918_ilm_asm_bin18	LIB-MJ190-B4_02_v_LIB-MJ410-B7_02.18	GCA_049591015.1	JBAWED000000000	SAMN40008825	Verrucomicrobiia bacterium
PRJNA1071982	MFD01223_ilm_asm_bin18	LIB-MJ106-H9_01.18	GCA_049279155.1	JBAPNP000000000	SAMN40007959	Verrucomicrobiia bacterium
PRJNA1071982	MFD12006_ilm_asm_bin18	LIB-MJ334-E10_01.18	GCA_049297475.1	JBAQUJ000000000	SAMN40010499	Verrucomicrobiia bacterium
PRJNA1071982	MFD01155_ilm_asm_bin21	LIB-MJ093-B9_02.21	GCA_049280815.1	JBAPQW000000000	SAMN40007874	Verrucomicrobiia bacterium
PRJNA1071982	MFD12161_ilm_asm_bin9	LIB-MJ387-E5_01.9	GCA_049670385.1	JBATTE000000000	SAMN40011586	Vibrio anguillarum
PRJNA1071982	MFD12162_ilm_asm_bin31	LIB-MJ386-B10_04.31	GCA_049672965.1	JBATWZ000000000	SAMN40011487	Vibrio anguillarum
PRJNA1071982	MFD10529_ilm_asm_bin26	LIB-MJ305-A10_04.26	GCA_049663725.1	JBATDZ000000000	SAMN40009875	Vibrio fluvialis
PRJNA1071982	MFD13504_ilm_asm_bin1	LIB-MJ390-G4_03.1	GCA_049642465.1	JBAROV000000000	SAMN40011966	Vicinamibacterales bacterium
PRJNA1071982	MFD03269_ilm_asm_bin14	LIB-MJ354-E2_04.14	GCA_049679965.1	JBAUGX000000000	SAMN40011229	Vicinamibacterales bacterium
PRJNA1071982	MFD12006_ilm_asm_bin38	LIB-MJ334-E10_01.38	GCA_049297395.1	JBAQUG000000000	SAMN40010502	Victivallales bacterium
PRJNA1071982	MFD09383_ilm_asm_bin7	LIB-MJ307-D8_01.7	GCA_049287825.1	JBAQGO000000000	SAMN40010259	Vitreimonas sp.
PRJNA1071982	MFD05764_ilm_asm_bin39	LIB-MJ352-E7_03_v_LIB-MJ368-E7_01.39	GCA_049792675.1	JBARBD000000000	SAMN40011122	Vulcanimicrobiaceae bacterium
PRJNA1071982	MFD01689_ilm_asm_bin10	LIB-MJ148-G5_02.10	GCA_049690795.1	JBAVNE000000000	SAMN40008632	Vulcanimicrobiaceae bacterium
PRJNA1071982	MFD00329_ilm_asm_bin1	LIB-MJ048-D4_04.1	GCA_049285775.1	JBAQAP000000000	SAMN40007621	Vulcanimicrobiaceae bacterium
PRJNA1071982	MFD01223_ilm_asm_bin5	LIB-MJ106-H9_01.5	GCA_049279075.1	JBAPNJ000000000	SAMN40007965	Vulcanimicrobiaceae bacterium
PRJNA1071982	MFD06880_ilm_asm_bin3	LIB-MJ413-G3_01.3	GCA_049276835.1	JBASXG000000000	SAMN40012450	Vulcanococcus sp.
PRJNA1071982	MFD09781_ilm_asm_bin19	LIB-MJ254-F5_02.19	GCA_049583465.1	JBAUVX000000000	SAMN40009440	Waddliaceae bacterium
PRJNA1071982	MFD10206_ilm_asm_bin19	LIB-MJ283-C2_04.19	GCA_049668845.1	JBATJW000000000	SAMN40009722	Waterburya sp.
PRJNA1071982	MFD10280_ilm_asm_bin17	LIB-MJ283-A12_04_v_LIB-MJ415-C7_04.17	GCA_049670045.1	JBATLD000000000	SAMN40009689	Waterburya sp.
PRJNA1071982	MFD10250_ilm_asm_bin22	LIB-MJ283-A8_04.22	GCA_049669625.1	JBATKT000000000	SAMN40009699	Woeseia sp.
PRJNA1071982	MFD10209_ilm_asm_bin17	LIB-MJ283-F2_04.17	GCA_049668285.1	JBATJD000000000	SAMN40009741	Woeseia sp.
PRJNA1071982	MFD10352_ilm_asm_bin13	LIB-MJ284-G9_03.13	GCA_049665065.1	JBATFU000000000	SAMN40009828	Woeseia sp.
PRJNA1071982	MFD10309_ilm_asm_bin19	LIB-MJ284-D4_03.19	GCA_049665925.1	JBATGQ000000000	SAMN40009806	Woeseia sp.
PRJNA1071982	MFD10309_ilm_asm_bin31	LIB-MJ284-D4_03.31	GCA_049665905.1	JBATGP000000000	SAMN40009807	Woeseia sp.
PRJNA1071982	MFD10301_ilm_asm_bin15	LIB-MJ284-B3_03.15	GCA_049666725.1	JBATHK000000000	SAMN40009786	Woeseiaceae bacterium
PRJNA1071982	MFD10336_ilm_asm_bin7	LIB-MJ284-G7_03.7	GCA_049665205.1	JBATFW000000000	SAMN40009826	Woeseiaceae bacterium
PRJNA1071982	MFD10337_ilm_asm_bin10	LIB-MJ284-H7_03.10	GCA_049664525.1	JBATFF000000000	SAMN40009843	Woeseiaceae bacterium
PRJNA1071982	MFD10246_ilm_asm_bin18	LIB-MJ283-E7_04.18	GCA_049668365.1	JBATJG000000000	SAMN40009738	Woeseiaceae bacterium
PRJNA1071982	MFD10215_ilm_asm_bin12	LIB-MJ283-E3_04.12	GCA_049668505.1	JBATJN000000000	SAMN40009731	Woeseiaceae bacterium
PRJNA1071982	MFD10240_ilm_asm_bin10	LIB-MJ283-G6_04.10	GCA_049667785.1	JBATIP000000000	SAMN40009755	Woeseiaceae bacterium
PRJNA1071982	MFD10278_ilm_asm_bin23	LIB-MJ283-G11_04_v_LIB-MJ415-A7_04.23	GCA_049667945.1	JBATIU000000000	SAMN40009750	Woeseiaceae bacterium
PRJNA1071982	MFD10279_ilm_asm_bin25	LIB-MJ283-H11_04_v_LIB-MJ415-B7_04.25	GCA_049667625.1	JBATIH000000000	SAMN40009763	Woeseiaceae bacterium
PRJNA1071982	MFD10279_ilm_asm_bin40	LIB-MJ283-H11_04_v_LIB-MJ415-B7_04.40	GCA_049667545.1	JBATID000000000	SAMN40009767	Woeseiaceae bacterium
PRJNA1071982	MFD10331_ilm_asm_bin40	LIB-MJ284-B7_03.40	GCA_049666385.1	JBATHD000000000	SAMN40009793	Woeseiaceae bacterium
PRJNA1071982	MFD10331_ilm_asm_bin28	LIB-MJ284-B7_03.28	GCA_049666805.1	JBATHE000000000	SAMN40009792	Woeseiaceae bacterium
PRJNA1071982	MFD10212_ilm_asm_bin20	LIB-MJ283-A3_04.20	GCA_049669865.1	JBATKY000000000	SAMN40009694	Woeseiaceae bacterium
PRJNA1071982	MFD10235_ilm_asm_bin11	LIB-MJ283-B6_04.11	GCA_049669225.1	JBATKG000000000	SAMN40009712	Woeseiaceae bacterium
PRJNA1071982	MFD10198_ilm_asm_bin1	LIB-MJ283-C1_04.1	GCA_049668995.1	JBATKB000000000	SAMN40009717	Woeseiaceae bacterium
PRJNA1071982	MFD01709_ilm_asm_bin9	LIB-MJ254-G10_02.9	GCA_049583345.1	JBAUVS000000000	SAMN40009445	Woeseiaceae bacterium
PRJNA1071982	MFD03388_ilm_asm_bin5	LIB-MJ106-H3_01.5	GCA_049279235.1	JBAPNR000000000	SAMN40007957	Xanthobacteraceae bacterium
PRJNA1071982	MFD03389_ilm_asm_bin18	LIB-MJ106-D3_01.18	GCA_049279535.1	JBAPOH000000000	SAMN40007941	Xanthobacteraceae bacterium
PRJNA1071982	MFD02362_ilm_asm_bin5	LIB-MJ108-D4_02.5	GCA_049278715.1	JBAPMR000000000	SAMN40007983	Xanthobacteraceae bacterium
PRJNA1071982	MFD00051_ilm_asm_bin14	LIB-MJ050-D10_02.14	GCA_049285535.1	JBAQAB000000000	SAMN40007635	Xanthobacteraceae bacterium
PRJNA1071982	MFD00002_ilm_asm_bin13	LIB-MJ050-D9_02.13	GCA_049285375.1	JBAPZT000000000	SAMN40007643	Xanthobacteraceae bacterium
PRJNA1071982	MFD00006_ilm_asm_bin3	LIB-MJ050-E10_02.3	GCA_049285335.1	JBAPZR000000000	SAMN40007645	Xanthobacteraceae bacterium
PRJNA1071982	MFD00375_ilm_asm_bin8	LIB-MJ044-F1_03.8	GCA_049286035.1	JBAQBC000000000	SAMN40007608	Xanthobacteraceae bacterium
PRJNA1071982	MFD09291_ilm_asm_bin11	LIB-MJ307-E4_01.11	GCA_049287765.1	JBAQGM000000000	SAMN40010261	Xanthobacteraceae bacterium
PRJNA1071982	MFD09201_ilm_asm_bin11	LIB-MJ307-E6_01.11	GCA_049287665.1	JBAQGG000000000	SAMN40010267	Xanthobacteraceae bacterium
PRJNA1071982	MFD09624_ilm_asm_bin11	LIB-MJ307-G6_01.11	GCA_049287605.1	JBAQGB000000000	SAMN40010272	Xanthobacteraceae bacterium
PRJNA1071982	MFD04870_ilm_asm_bin17	LIB-MJ306-F5_01_v_LIB-MJ367-F5_03.17	GCA_049288525.1	JBAQHW000000000	SAMN40010225	Xanthobacteraceae bacterium
PRJNA1071982	MFD01106_ilm_asm_bin24	LIB-MJ093-D4_02.24	GCA_049280755.1	JBAPQT000000000	SAMN40007877	Xanthobacteraceae bacterium
PRJNA1071982	MFD00617_ilm_asm_bin22	LIB-MJ093-G7_02.22	GCA_049280595.1	JBAPQL000000000	SAMN40007885	Xanthobacteraceae bacterium
PRJNA1071982	MFD01145_ilm_asm_bin19	LIB-MJ091-E5_03.19	GCA_049281815.1	JBAPSU000000000	SAMN40007824	Xanthobacteraceae bacterium
PRJNA1071982	MFD01183_ilm_asm_bin6	LIB-MJ092-E8_01.6	GCA_049281075.1	JBAPRJ000000000	SAMN40007861	Xanthobacteraceae bacterium
PRJNA1071982	MFD01230_ilm_asm_bin13	LIB-MJ092-B4_01.13	GCA_049281215.1	JBAPRQ000000000	SAMN40007854	Xanthobacteraceae bacterium
PRJNA1071982	MFD00298_ilm_asm_bin25	LIB-MJ055-C7_04.25	GCA_049284015.1	JBAPXB000000000	SAMN40007713	Xanthobacteraceae bacterium
PRJNA1071982	MFD00529_ilm_asm_bin10	LIB-MJ054-H2_03.10	GCA_049284195.1	JBAPXL000000000	SAMN40007703	Xanthobacteraceae bacterium
PRJNA1071982	MFD00554_ilm_asm_bin10	LIB-MJ055-E6_04.10	GCA_049283935.1	JBAPWZ000000000	SAMN40007715	Xanthobacteraceae bacterium
PRJNA1071982	MFD00328_ilm_asm_bin21	LIB-MJ051-C11_02.21	GCA_049284935.1	JBAPYW000000000	SAMN40007666	Xanthobacteraceae bacterium
PRJNA1071982	MFD00323_ilm_asm_bin4	LIB-MJ054-B5_03.4	GCA_049284495.1	JBAPYA000000000	SAMN40007688	Xanthobacteraceae bacterium
PRJNA1071982	MFD00661_ilm_asm_bin5	LIB-MJ088-E1_04_v_LIB-MJ365-E1_02.5	GCA_049283535.1	JBAPWE000000000	SAMN40007736	Xanthobacteraceae bacterium
PRJNA1071982	MFD00755_ilm_asm_bin12	LIB-MJ088-G3_04_v_LIB-MJ365-G3_02.12	GCA_049283375.1	JBAPVW000000000	SAMN40007744	Xanthobacteraceae bacterium
PRJNA1071982	MFD01318_ilm_asm_bin40	LIB-MJ089-B7_02.40	GCA_049283215.1	JBAPVO000000000	SAMN40007752	Xanthobacteraceae bacterium
PRJNA1071982	MFD00673_ilm_asm_bin4	LIB-MJ089-G9_02.4	GCA_049282655.1	JBAPUM000000000	SAMN40007780	Xanthobacteraceae bacterium
PRJNA1071982	MFD06542_ilm_asm_bin25	LIB-MJ336-A7_02.25	GCA_049300955.1	JBAQKL000000000	SAMN40010758	Xanthobacteraceae bacterium
PRJNA1071982	MFD06504_ilm_asm_bin6	LIB-MJ336-E2_02.6	GCA_049300455.1	JBAQJT000000000	SAMN40010776	Xanthobacteraceae bacterium
PRJNA1071982	MFD06408_ilm_asm_bin27	LIB-MJ336-D10_02.27	GCA_049300535.1	JBAQJY000000000	SAMN40010771	Xanthobacteraceae bacterium
PRJNA1071982	MFD06611_ilm_asm_bin15	LIB-MJ336-G4_02.15	GCA_049300215.1	JBAQJH000000000	SAMN40010788	Xanthobacteraceae bacterium
PRJNA1071982	MFD06121_ilm_asm_bin27	LIB-MJ336-F5_02.27	GCA_049300295.1	JBAQJL000000000	SAMN40010784	Xanthobacteraceae bacterium
PRJNA1071982	MFD02197_ilm_asm_bin26	LIB-MJ255-B9_02.26	GCA_049583005.1	JBAUVB000000000	SAMN40009462	Xanthobacteraceae bacterium
PRJNA1071982	MFD01862_ilm_asm_bin19	LIB-MJ255-B8_02.19	GCA_049583065.1	JBAUVE000000000	SAMN40009459	Xanthobacteraceae bacterium
PRJNA1071982	MFD01878_ilm_asm_bin31	LIB-MJ256-E4_03.31	GCA_049582145.1	JBAUTI000000000	SAMN40009507	Xanthobacteraceae bacterium
PRJNA1071982	MFD05420_ilm_asm_bin26	LIB-MJ259-C9_04.26	GCA_049581205.1	JBAURM000000000	SAMN40009555	Xanthobacteraceae bacterium
PRJNA1071982	MFD10067_ilm_asm_bin34	LIB-MJ251-F6_04.34	GCA_049584715.1	JBAUYI000000000	SAMN40009377	Xanthobacteraceae bacterium
PRJNA1071982	MFD09236_ilm_asm_bin10	LIB-MJ252-D2_02.10	GCA_049584455.1	JBAUXV000000000	SAMN40009390	Xanthobacteraceae bacterium
PRJNA1071982	MFD06940_ilm_asm_bin18	LIB-MJ251-C7_04.18	GCA_049584975.1	JBAUYV000000000	SAMN40009364	Xanthobacteraceae bacterium
PRJNA1071982	MFD09588_ilm_asm_bin8	LIB-MJ254-B3_02.8	GCA_049583975.1	JBAUWW000000000	SAMN40009415	Xanthobacteraceae bacterium
PRJNA1071982	MFD01742_ilm_asm_bin25	LIB-MJ254-B6_02.25	GCA_049583955.1	JBAUWV000000000	SAMN40009416	Xanthobacteraceae bacterium
PRJNA1071982	MFD10071_ilm_asm_bin39	LIB-MJ250-F11_04_v_LIB-MJ365-F11_03.39	GCA_049585475.1	JBAUZX000000000	SAMN40009339	Xanthobacteraceae bacterium
PRJNA1071982	MFD09265_ilm_asm_bin30	LIB-MJ250-F2_04_v_LIB-MJ365-F2_03.30	GCA_049585455.1	JBAUZV000000000	SAMN40009340	Xanthobacteraceae bacterium
PRJNA1071982	MFD05588_ilm_asm_bin6	LIB-MJ177-E1_03.6	GCA_049591415.1	JBAWEY000000000	SAMN40008804	Xanthobacteraceae bacterium
PRJNA1071982	MFD05066_ilm_asm_bin34	LIB-MJ193-F8_01.34	GCA_049589415.1	JBAWAR000000000	SAMN40008915	Xanthobacteraceae bacterium
PRJNA1071982	MFD01830_ilm_asm_bin21	LIB-MJ195-D11_01_v_LIB-MJ415-B8_04.21	GCA_049588555.1	JBAVZB000000000	SAMN40008957	Xanthobacteraceae bacterium
PRJNA1071982	MFD01732_ilm_asm_bin5	LIB-MJ228-C9_01.5	GCA_049587055.1	JBAVDE000000000	SAMN40009256	Xanthobacteraceae bacterium
PRJNA1071982	MFD01520_ilm_asm_bin9	LIB-MJ228-C8_01.9	GCA_049587095.1	JBAVDF000000000	SAMN40009255	Xanthobacteraceae bacterium
PRJNA1071982	MFD06055_ilm_asm_bin22	LIB-MJ230-C7_03.22	GCA_049586595.1	JBAVCH000000000	SAMN40009279	Xanthobacteraceae bacterium
PRJNA1071982	MFD04999_ilm_asm_bin7	LIB-MJ199-H10_04.7	GCA_049578585.1	JBAUMG000000000	SAMN40009067	Xanthobacteraceae bacterium
PRJNA1071982	MFD04944_ilm_asm_bin33	LIB-MJ196-F6_02.33	GCA_049579765.1	JBAUOM000000000	SAMN40009009	Xanthobacteraceae bacterium
PRJNA1071982	MFD01707_ilm_asm_bin1	LIB-MJ196-H1_02_v_LIB-MJ402-F9_04.1	GCA_049579685.1	JBAUOJ000000000	SAMN40009012	Xanthobacteraceae bacterium
PRJNA1071982	MFD08937_ilm_asm_bin4	LIB-MJ260-C1_01_v_LIB-MJ406-E7_04.4	GCA_049580525.1	JBAUQC000000000	SAMN40009591	Xanthobacteraceae bacterium
PRJNA1071982	MFD02424_ilm_asm_bin2	LIB-MJ215-C4_01.2	GCA_049577605.1	JBAUKI000000000	SAMN40009117	Xanthobacteraceae bacterium
PRJNA1071982	MFD01507_ilm_asm_bin11	LIB-MJ175-B8_02_v_LIB-MJ368-B8_01.11	GCA_049592735.1	JBAWGI000000000	SAMN40008768	Xanthobacteraceae bacterium
PRJNA1071982	MFD12217_ilm_asm_bin8	LIB-MJ387-A7_01.8	GCA_049670965.1	JBATUD000000000	SAMN40011561	Xanthobacteraceae bacterium
PRJNA1071982	MFD12226_ilm_asm_bin4	LIB-MJ386-C11_04.4	GCA_049672505.1	JBATWH000000000	SAMN40011505	Xanthobacteraceae bacterium
PRJNA1071982	MFD10801_ilm_asm_bin14	LIB-MJ385-A9_04.14	GCA_049674185.1	JBATYR000000000	SAMN40011443	Xanthobacteraceae bacterium
PRJNA1071982	MFD10796_ilm_asm_bin6	LIB-MJ385-F9_04.6	GCA_049673905.1	JBATYD000000000	SAMN40011457	Xanthobacteraceae bacterium
PRJNA1071982	MFD11014_ilm_asm_bin5	LIB-MJ385-F6_04.5	GCA_049673885.1	JBATYE000000000	SAMN40011456	Xanthobacteraceae bacterium
PRJNA1071982	MFD10847_ilm_asm_bin24	LIB-MJ385-H7_04.24	GCA_049673595.1	JBATXW000000000	SAMN40011464	Xanthobacteraceae bacterium
PRJNA1071982	MFD06335_ilm_asm_bin8	LIB-MJ301-C4_01.8	GCA_049664165.1	JBATET000000000	SAMN40009855	Xanthobacteraceae bacterium
PRJNA1071982	MFD05804_ilm_asm_bin1	LIB-MJ354-D2_04_v_LIB-MJ403-E1_03.1	GCA_049680045.1	JBAUHB000000000	SAMN40011225	Xanthobacteraceae bacterium
PRJNA1071982	MFD10772_ilm_asm_bin28	LIB-MJ354-H3_04_v_LIB-MJ367-H3_04.28	GCA_049679485.1	JBAUGC000000000	SAMN40011250	Xanthobacteraceae bacterium
PRJNA1071982	MFD10818_ilm_asm_bin35	LIB-MJ354-H2_04_v_LIB-MJ367-H2_04.35	GCA_049679545.1	JBAUGF000000000	SAMN40011247	Xanthobacteraceae bacterium
PRJNA1071982	MFD10864_ilm_asm_bin16	LIB-MJ380-B1_03.16	GCA_049679125.1	JBAUFL000000000	SAMN40011267	Xanthobacteraceae bacterium
PRJNA1071982	MFD10885_ilm_asm_bin6	LIB-MJ380-B7_03.6	GCA_049679065.1	JBAUFJ000000000	SAMN40011269	Xanthobacteraceae bacterium
PRJNA1071982	MFD10914_ilm_asm_bin20	LIB-MJ380-C6_03.20	GCA_049678985.1	JBAUFE000000000	SAMN40011274	Xanthobacteraceae bacterium
PRJNA1071982	MFD10744_ilm_asm_bin31	LIB-MJ381-B3_02.31	GCA_049678525.1	JBAUEI000000000	SAMN40011296	Xanthobacteraceae bacterium
PRJNA1071982	MFD13042_ilm_asm_bin1	LIB-MJ380-F7_03.1	GCA_049678825.1	JBAUEW000000000	SAMN40011282	Xanthobacteraceae bacterium
PRJNA1071982	MFD10820_ilm_asm_bin9	LIB-MJ382-C9_02.9	GCA_049677945.1	JBAUDG000000000	SAMN40011324	Xanthobacteraceae bacterium
PRJNA1071982	MFD10726_ilm_asm_bin8	LIB-MJ381-C11_02.8	GCA_049678345.1	JBAUDZ000000000	SAMN40011305	Xanthobacteraceae bacterium
PRJNA1071982	MFD11004_ilm_asm_bin24	LIB-MJ383-E6_01.24	GCA_049676725.1	JBAUBL000000000	SAMN40011371	Xanthobacteraceae bacterium
PRJNA1071982	MFD10807_ilm_asm_bin31	LIB-MJ383-C2_01.31	GCA_049677385.1	JBAUCD000000000	SAMN40011353	Xanthobacteraceae bacterium
PRJNA1071982	MFD11060_ilm_asm_bin26	LIB-MJ383-D10_01.26	GCA_049677005.1	JBAUBQ000000000	SAMN40011366	Xanthobacteraceae bacterium
PRJNA1071982	MFD10812_ilm_asm_bin55	LIB-MJ383-A10_01.55	GCA_049677605.1	JBAUCO000000000	SAMN40011342	Xanthobacteraceae bacterium
PRJNA1071982	MFD10941_ilm_asm_bin20	LIB-MJ383-B4_01.20	GCA_049677485.1	JBAUCI000000000	SAMN40011348	Xanthobacteraceae bacterium
PRJNA1071982	MFD11085_ilm_asm_bin1	LIB-MJ383-A6_01.1	GCA_049677525.1	JBAUCK000000000	SAMN40011346	Xanthobacteraceae bacterium
PRJNA1071982	MFD10921_ilm_asm_bin50	LIB-MJ383-A8_01.50	GCA_049677505.1	JBAUCJ000000000	SAMN40011347	Xanthobacteraceae bacterium
PRJNA1071982	MFD10888_ilm_asm_bin10	LIB-MJ383-G7_01.10	GCA_049676205.1	JBAUAZ000000000	SAMN40011383	Xanthobacteraceae bacterium
PRJNA1071982	MFD10734_ilm_asm_bin57	LIB-MJ383-H10_01.57	GCA_049675685.1	JBAUAL000000000	SAMN40011397	Xanthobacteraceae bacterium
PRJNA1071982	MFD10734_ilm_asm_bin19	LIB-MJ383-H10_01.19	GCA_049675805.1	JBAUAP000000000	SAMN40011393	Xanthobacteraceae bacterium
PRJNA1071982	MFD10919_ilm_asm_bin25	LIB-MJ383-H3_01.25	GCA_049675465.1	JBAUAH000000000	SAMN40011401	Xanthobacteraceae bacterium
PRJNA1071982	MFD10988_ilm_asm_bin34	LIB-MJ383-H6_01.34	GCA_049675385.1	JBAUAC000000000	SAMN40011406	Xanthobacteraceae bacterium
PRJNA1071982	MFD10988_ilm_asm_bin30	LIB-MJ383-H6_01.30	GCA_049675365.1	JBAUAE000000000	SAMN40011404	Xanthobacteraceae bacterium
PRJNA1071982	MFD11075_ilm_asm_bin29	LIB-MJ383-H7_01.29	GCA_049674995.1	JBATZV000000000	SAMN40011413	Xanthobacteraceae bacterium
PRJNA1071982	MFD11075_ilm_asm_bin60	LIB-MJ383-H7_01.60	GCA_049674965.1	JBATZT000000000	SAMN40011415	Xanthobacteraceae bacterium
PRJNA1071982	MFD02967_ilm_asm_bin8	LIB-MJ262-E4_03.8	GCA_049686955.1	JBAVIO000000000	SAMN40009610	Xanthobacteraceae bacterium
PRJNA1071982	MFD10825_ilm_asm_bin13	LIB-MJ354-C1_04_v_LIB-MJ367-C1_04.13	GCA_049680545.1	JBAUHZ000000000	SAMN40011201	Xanthobacteraceae bacterium
PRJNA1071982	MFD02678_ilm_asm_bin4	LIB-MJ261-A1_01_v_LIB-MJ409-E4_01.4	GCA_049687435.1	JBAVJA000000000	SAMN40009598	Xanthobacteraceae bacterium
PRJNA1071982	MFD01599_ilm_asm_bin5	LIB-MJ135-E5_04_v_LIB-MJ415-A11_04.5	GCA_049695075.1	JBAVRN000000000	SAMN40008519	Xanthobacteraceae bacterium
PRJNA1071982	MFD02192_ilm_asm_bin20	LIB-MJ138-E2_03.20	GCA_049694235.1	JBAVQR000000000	SAMN40008541	Xanthobacteraceae bacterium
PRJNA1071982	MFD02345_ilm_asm_bin49	LIB-MJ139-D5_01.49	GCA_049693405.1	JBAVPV000000000	SAMN40008563	Xanthobacteraceae bacterium
PRJNA1071982	MFD00859_ilm_asm_bin3	LIB-MJ139-H2_01_v_LIB-MJ406-E10_04.3	GCA_049693155.1	JBAVPO000000000	SAMN40008570	Xanthobacteraceae bacterium
PRJNA1071982	MFD02760_ilm_asm_bin4	LIB-MJ129-E11_02.4	GCA_049698215.1	JBAVXH000000000	SAMN40008369	Xanthobacteraceae bacterium
PRJNA1071982	MFD00721_ilm_asm_bin23	LIB-MJ110-F6_04_v_LIB-MJ415-B2_04.23	GCA_049698435.1	JBAVXT000000000	SAMN40008357	Xanthobacteraceae bacterium
PRJNA1071982	MFD12218_ilm_asm_bin45	LIB-MJ390-C2_03.45	GCA_049645125.1	JBARTF000000000	SAMN40011852	Xanthobacteraceae bacterium
PRJNA1071982	MFD12187_ilm_asm_bin3	LIB-MJ389-G6_03.3	GCA_049646625.1	JBARWE000000000	SAMN40011775	Xanthobacteraceae bacterium
PRJNA1071982	MFD12216_ilm_asm_bin7	LIB-MJ389-D2_03.7	GCA_049647705.1	JBARYE000000000	SAMN40011723	Xanthobacteraceae bacterium
PRJNA1071982	MFD12210_ilm_asm_bin5	LIB-MJ389-E10_03.5	GCA_049647325.1	JBARXM000000000	SAMN40011741	Xanthobacteraceae bacterium
PRJNA1071982	MFD12220_ilm_asm_bin9	LIB-MJ389-D6_03.9	GCA_049647485.1	JBARXT000000000	SAMN40011734	Xanthobacteraceae bacterium
PRJNA1071982	MFD11090_ilm_asm_bin5	LIB-MJ388-G8_02.5	GCA_049650505.1	JBASAH000000000	SAMN40011668	Xanthobacteraceae bacterium
PRJNA1071982	MFD12209_ilm_asm_bin20	LIB-MJ388-C4_02.20	GCA_049651165.1	JBASBO000000000	SAMN40011634	Xanthobacteraceae bacterium
PRJNA1071982	MFD05826_ilm_asm_bin5	LIB-MJ352-C12_03_v_LIB-MJ368-C12_01.5	GCA_049793435.1	JBARBW000000000	SAMN40011103	Xanthobacteraceae bacterium
PRJNA1071982	MFD05764_ilm_asm_bin116	LIB-MJ352-E7_03_v_LIB-MJ368-E7_01.116	GCA_049793095.1	JBARBO000000000	SAMN40011111	Xanthobacteraceae bacterium
PRJNA1071982	MFD06536_ilm_asm_bin12	LIB-MJ347-B1_04_v_LIB-MJ402-G6_04.12	GCA_049794835.1	JBARDE000000000	SAMN40011069	Xanthobacteraceae bacterium
PRJNA1071982	MFD03268_ilm_asm_bin3	LIB-MJ353-B11_03_v_LIB-MJ407-A5_04.3	GCA_049791205.1	JBAQZR000000000	SAMN40011161	Xanthobacteraceae bacterium
PRJNA1071982	MFD10902_ilm_asm_bin47	LIB-MJ352-G5_03_v_LIB-MJ368-G5_01.47	GCA_049791855.1	JBARAI000000000	SAMN40011143	Xanthobacteraceae bacterium
PRJNA1071982	MFD10791_ilm_asm_bin61	LIB-MJ352-G2_03_v_LIB-MJ368-G2_01.61	GCA_049792035.1	JBARAN000000000	SAMN40011138	Xanthobacteraceae bacterium
PRJNA1071982	MFD10791_ilm_asm_bin32	LIB-MJ352-G2_03_v_LIB-MJ368-G2_01.32	GCA_049792195.1	JBARAQ000000000	SAMN40011135	Xanthobacteraceae bacterium
PRJNA1071982	MFD10727_ilm_asm_bin53	LIB-MJ352-F4_03_v_LIB-MJ368-F4_01.53	GCA_049792395.1	JBARAV000000000	SAMN40011130	Xanthobacteraceae bacterium
PRJNA1071982	MFD05790_ilm_asm_bin21	LIB-MJ353-C8_03_v_LIB-MJ367-C8_03.21	GCA_049790735.1	JBAQZH000000000	SAMN40011171	Xanthobacteraceae bacterium
PRJNA1071982	MFD06157_ilm_asm_bin17	LIB-MJ342-B3_02.17	GCA_049798695.1	JBARGY000000000	SAMN40010971	Xanthobacteraceae bacterium
PRJNA1071982	MFD06089_ilm_asm_bin22	LIB-MJ341-G9_02_v_LIB-MJ367-G9_04.22	GCA_049799095.1	JBARHI000000000	SAMN40010961	Xanthobacteraceae bacterium
PRJNA1071982	MFD06507_ilm_asm_bin15	LIB-MJ341-H7_02_v_LIB-MJ367-H7_04.15	GCA_049798915.1	JBARHE000000000	SAMN40010965	Xanthobacteraceae bacterium
PRJNA1071982	MFD06171_ilm_asm_bin18	LIB-MJ344-E9_04.18	GCA_049796395.1	JBARER000000000	SAMN40011030	Xanthobacteraceae bacterium
PRJNA1071982	MFD06574_ilm_asm_bin2	LIB-MJ338-E7_04.2	GCA_049801935.1	JBARLM000000000	SAMN40010853	Xanthobacteraceae bacterium
PRJNA1071982	MFD09979_ilm_asm_bin4	LIB-MJ413-E2_01.4	GCA_049653145.1	JBASFS000000000	SAMN40012291	Yoonia sp.
PRJNA1071982	MFD09852_ilm_asm_bin5	LIB-MJ413-G2_01.5	GCA_049277055.1	JBASXQ000000000	SAMN40012440	Yoonia sp.
PRJNA1071982	MFD12000_ilm_asm_bin28	LIB-MJ334-F9_01.28	GCA_049306435.1	JBAQRT000000000	SAMN40010567	Zavarzinia sp.
PRJNA1071982	MFD12112_ilm_asm_bin24	LIB-MJ413-F1_01.24	GCA_049652265.1	JBASDR000000000	SAMN40012344	Zwartia sp.
PRJNA1071982	MFD12111_ilm_asm_bin3	LIB-MJ413-E1_01.3	GCA_049653765.1	JBASGX000000000	SAMN40012258	Zwartia sp.
PRJNA1071982	MFD12110_ilm_asm_bin36	LIB-MJ413-D1_01.36	GCA_049655405.1	JBASJR000000000	SAMN40012186	Zwartia sp.
PRJNA1071982	MFD12113_ilm_asm_bin1	LIB-MJ413-G1_01.1	GCA_049277575.1	JBASYP000000000	SAMN40012415	Zwartia sp.
PRJNA1071982	MFD13471_ilm_asm_bin37	LIB-MJ413-F9_01.37	GCA_049277835.1	JBASZC000000000	SAMN40012402	bacterium
PRJNA1071982	MFD13455_ilm_asm_bin27	LIB-MJ413-H11_01.27	GCA_049275195.1	JBASUB000000000	SAMN40012533	bacterium
PRJNA1071982	MFD13463_ilm_asm_bin39	LIB-MJ413-H10_01.39	GCA_049275415.1	JBASUM000000000	SAMN40012522	bacterium
PRJNA1071982	MFD13478_ilm_asm_bin24	LIB-MJ413-G8_01.24	GCA_049276015.1	JBASVP000000000	SAMN40012493	bacterium
PRJNA1071982	MFD13485_ilm_asm_bin21	LIB-MJ413-H7_01.21	GCA_049274625.1	JBASSZ000000000	SAMN40012561	bacterium
PRJNA1071982	MFD13477_ilm_asm_bin26	LIB-MJ413-H8_01.26	GCA_049274305.1	JBASSJ000000000	SAMN40012577	bacterium
PRJNA1071982	MFD09338_ilm_asm_bin4	LIB-MJ306-H5_01.4	GCA_049288275.1	JBAQHK000000000	SAMN40010237	bacterium
PRJNA1071982	MFD13088_ilm_asm_bin29	LIB-MJ380-A3_03.29	GCA_049679205.1	JBAUFP000000000	SAMN40011263	bacterium
PRJNA1071982	MFD13474_ilm_asm_bin20	LIB-MJ413-C9_01.20	GCA_049655665.1	JBASKE000000000	SAMN40012173	bacterium
PRJNA1071982	MFD13459_ilm_asm_bin10	LIB-MJ413-D11_01.10	GCA_049655125.1	JBASJD000000000	SAMN40012200	bacterium
PRJNA1071982	MFD13475_ilm_asm_bin10	LIB-MJ413-B9_01.10	GCA_049656785.1	JBASMI000000000	SAMN40012117	bacterium
PRJNA1071982	MFD13460_ilm_asm_bin21	LIB-MJ413-C11_01.21	GCA_049656225.1	JBASLG000000000	SAMN40012145	bacterium
PRJNA1071982	MFD13465_ilm_asm_bin37	LIB-MJ413-E10_01.37	GCA_049653525.1	JBASGL000000000	SAMN40012270	bacterium
PRJNA1071982	MFD13458_ilm_asm_bin7	LIB-MJ413-E11_01.7	GCA_049653225.1	JBASFW000000000	SAMN40012287	bacterium
PRJNA1071982	MFD13473_ilm_asm_bin3	LIB-MJ413-D9_01.3	GCA_049653865.1	JBASHC000000000	SAMN40012253	bacterium
PRJNA1071982	MFD13457_ilm_asm_bin6	LIB-MJ413-F11_01.6	GCA_049651965.1	JBASDC000000000	SAMN40012359	bacterium
PRJNA1071982	MFD13480_ilm_asm_bin33	LIB-MJ413-E8_01.33	GCA_049652685.1	JBASER000000000	SAMN40012318	bacterium
PRJNA1071982	MFD13488_ilm_asm_bin9	LIB-MJ413-E7_01.9	GCA_049652745.1	JBASEY000000000	SAMN40012311	bacterium
PRJNA1071982	MFD13461_ilm_asm_bin38	LIB-MJ413-B11_01.38	GCA_049657245.1	JBASNH000000000	SAMN40012092	bacterium
PRJNA1071982	MFD13476_ilm_asm_bin8	LIB-MJ413-A9_01.8	GCA_049658245.1	JBASOL000000000	SAMN40012062	bacterium
PRJNA1071982	MFD13487_ilm_asm_bin15	LIB-MJ413-F7_01.15	GCA_049651585.1	JBASCJ000000000	SAMN40012378	bacterium
PRJNA1071982	MFD13479_ilm_asm_bin1	LIB-MJ413-F8_01.1	GCA_049651505.1	JBASCE000000000	SAMN40012383	bacterium
PRJNA1071982	MFD12922_ilm_asm_bin33	LIB-MJ389-F5_03.33	GCA_049647125.1	JBARXC000000000	SAMN40011751	bacterium
PRJNA1071982	MFD12922_ilm_asm_bin34	LIB-MJ389-F5_03.34	GCA_049647165.1	JBARXB000000000	SAMN40011752	bacterium
